{
"type": "FeatureCollection",
"name": "AED-Buffer-300",
"crs": { "type": "name", "properties": { "name": "urn:ogc:def:crs:OGC:1.3:CRS84" } },
"features": [
{ "type": "Feature", "properties": { "AEDID": 625 }, "geometry": { "type": "MultiPolygon", "coordinates": [ [ [ [ 120.281028417569374, 23.100165522433578 ], [ 120.281673088458575, 23.100767782570014 ], [ 120.282487396830362, 23.101156276564474 ], [ 120.283391629632277, 23.101292973932569 ], [ 120.28429726941404, 23.1011644929144 ], [ 120.285115660882667, 23.100783410706487 ], [ 120.285766690995601, 23.100187032096787 ], [ 120.286186632199701, 23.099433737121934 ], [ 120.286334380600138, 23.098597265527356 ], [ 120.28619547839719, 23.097759497849069 ], [ 120.285783527266162, 23.097002440044935 ], [ 120.285138855036308, 23.096400196401731 ], [ 120.284324566906974, 23.096011716381049 ], [ 120.283420368198577, 23.095875025129757 ], [ 120.282514763338895, 23.096003502071362 ], [ 120.281696394281852, 23.09638457156645 ], [ 120.281045365509499, 23.096980933682914 ], [ 120.280625404063017, 23.097734214683982 ], [ 120.280477621569005, 23.09857068016175 ], [ 120.280616488849901, 23.099408451916599 ], [ 120.281028417569374, 23.100165522433578 ] ] ], [ [ [ 120.43968139608539, 23.359868829393399 ], [ 120.440328014271245, 23.360470461554883 ], [ 120.441144360732238, 23.360858164906631 ], [ 120.442050522835913, 23.360993986353346 ], [ 120.442957794193845, 23.360864629899002 ], [ 120.443777359743876, 23.360482758475055 ], [ 120.444428991505134, 23.359885754167376 ], [ 120.444848903072042, 23.359132058290232 ], [ 120.444995993528636, 23.358295449836689 ], [ 120.444855869563852, 23.357457822716853 ], [ 120.444442252506704, 23.35670116908863 ], [ 120.443795633270042, 23.356099553631303 ], [ 120.442979307598534, 23.355711864285297 ], [ 120.44207318018384, 23.355576048796195 ], [ 120.441165944164283, 23.355705400884418 ], [ 120.440346401104009, 23.356087259286213 ], [ 120.439694770393601, 23.356684246889742 ], [ 120.439274838037178, 23.35743792876114 ], [ 120.439127712891633, 23.358274531257077 ], [ 120.439267801518014, 23.359112162743031 ], [ 120.43968139608539, 23.359868829393399 ] ] ], [ [ [ 121.356987212986098, 24.859854929903022 ], [ 121.356987244219198, 24.85985510682065 ], [ 121.357411079621954, 24.860609145862774 ], [ 121.358069567938557, 24.861206781830351 ], [ 121.358898251645158, 24.861589511404329 ], [ 121.359816009989331, 24.861719868332472 ], [ 121.36073300095984, 24.861585091657009 ], [ 121.361559457723303, 24.861198375118775 ], [ 121.362214477678108, 24.86059757533295 ], [ 121.362633943008134, 24.859841505315138 ], [ 121.362776796942669, 24.859004176480781 ], [ 121.362629061372843, 24.858167553122755 ], [ 121.362596919284158, 24.858110374213521 ], [ 121.362596888043555, 24.858110197297112 ], [ 121.362173030117134, 24.857356172976267 ], [ 121.361514542965892, 24.856758554782687 ], [ 121.360685883799249, 24.856375839203302 ], [ 121.359768164132944, 24.856245487091833 ], [ 121.358851211333885, 24.856380257508324 ], [ 121.35802477776447, 24.856766959045601 ], [ 121.357369757245522, 24.857367740767735 ], [ 121.356950267848688, 24.858123796519575 ], [ 121.356807375535098, 24.858961120310791 ], [ 121.356955073028644, 24.85979774976839 ], [ 121.356987212986098, 24.859854929903022 ] ] ], [ [ [ 121.40250988880085, 24.871380996036326 ], [ 121.402367290047664, 24.872218358418969 ], [ 121.402515310568319, 24.873054937451858 ], [ 121.402939466450476, 24.873808842080706 ], [ 121.403598241609345, 24.874406272755387 ], [ 121.404427150430294, 24.874788746250896 ], [ 121.405345050112516, 24.874918821386306 ], [ 121.406058286161624, 24.874813779820542 ], [ 121.406438975627552, 24.874989429201985 ], [ 121.407356878712434, 24.875119491919957 ], [ 121.408273912503503, 24.874984422986195 ], [ 121.409100305976111, 24.874597444760013 ], [ 121.409755162732424, 24.873996439479647 ], [ 121.410174380944611, 24.873240240277447 ], [ 121.410316928044622, 24.872402871209466 ], [ 121.41016885596656, 24.871566300497658 ], [ 121.409744664403561, 24.870812416640792 ], [ 121.409399698691928, 24.870499593668054 ], [ 121.409319827686716, 24.870048316732159 ], [ 121.408895646559756, 24.869294430178066 ], [ 121.40823687376519, 24.868697022445879 ], [ 121.407407994460172, 24.868314569419802 ], [ 121.40649014169648, 24.868184506257837 ], [ 121.405573155862101, 24.868319563744819 ], [ 121.404746792553894, 24.868706522383118 ], [ 121.404091938723511, 24.869307506076911 ], [ 121.403733634349294, 24.869953776021884 ], [ 121.403584009206739, 24.870023837815626 ], [ 121.402929142832051, 24.870624816463415 ], [ 121.40250988880085, 24.871380996036326 ] ] ], [ [ [ 121.382205163260309, 24.875960365901861 ], [ 121.382863851630233, 24.876557888971277 ], [ 121.383692712773907, 24.876940478078385 ], [ 121.384610608561772, 24.877070680722522 ], [ 121.385527683522142, 24.876935751052883 ], [ 121.386354162597854, 24.876548897792052 ], [ 121.387009141006118, 24.875947990943143 ], [ 121.38742850500465, 24.875191854003589 ], [ 121.387571207750057, 24.874354504937862 ], [ 121.387423285939491, 24.873517910014691 ], [ 121.386999224559418, 24.872763960107388 ], [ 121.386340536943621, 24.872166454975904 ], [ 121.38551169991743, 24.871783880038091 ], [ 121.384593842398374, 24.871653682382412 ], [ 121.383676805240739, 24.871788605954254 ], [ 121.382850349062338, 24.872175444360195 ], [ 121.382195369899975, 24.872776333271172 ], [ 121.381775981783946, 24.873532456041438 ], [ 121.381633240769744, 24.874369800118707 ], [ 121.381781124777561, 24.875206401139671 ], [ 121.382205163260309, 24.875960365901861 ] ] ], [ [ [ 121.334897551044421, 24.89956920343576 ], [ 121.335556141315422, 24.900166934539026 ], [ 121.336385018781925, 24.900549785036834 ], [ 121.337303043722883, 24.900680276833544 ], [ 121.338220348021281, 24.900545635763503 ], [ 121.339047134159728, 24.900159042290372 ], [ 121.339702467283047, 24.899558340983724 ], [ 121.340122198913889, 24.898802335223937 ], [ 121.340265246216134, 24.897965030142956 ], [ 121.34011761216226, 24.897128387714531 ], [ 121.339693753582097, 24.896374303470928 ], [ 121.339035163972866, 24.895776590325543 ], [ 121.33820631057948, 24.895393754055259 ], [ 121.337288323927893, 24.895263267321312 ], [ 121.336371057509837, 24.895397902355526 ], [ 121.335544294373719, 24.895784480999748 ], [ 121.334888960588628, 24.896385164348512 ], [ 121.33446920488467, 24.897141155880764 ], [ 121.334326119293053, 24.89797845589899 ], [ 121.334473715466572, 24.898815104363237 ], [ 121.334897551044421, 24.89956920343576 ] ] ], [ [ [ 121.373311348500323, 24.900718042741939 ], [ 121.373970127660144, 24.901315602040725 ], [ 121.374799128461973, 24.901698237643956 ], [ 121.375717199103079, 24.901828492496133 ], [ 121.376634466989373, 24.901693615633256 ], [ 121.377461138170901, 24.901306810607906 ], [ 121.378116289053679, 24.900705942702814 ], [ 121.378535789010115, 24.899949831606218 ], [ 121.378678577890796, 24.899112492756377 ], [ 121.378530683967824, 24.898275891424717 ], [ 121.378106589505762, 24.897521919112776 ], [ 121.37744781108313, 24.896924377772379 ], [ 121.376618834416448, 24.896541756362865 ], [ 121.37570080208971, 24.896411506518195 ], [ 121.374783572062157, 24.896546377289674 ], [ 121.373956923823073, 24.896933167451436 ], [ 121.373301772203106, 24.897534017398144 ], [ 121.37288224811148, 24.89829011430103 ], [ 121.37273942091646, 24.899127448143368 ], [ 121.372887276980663, 24.899964055566414 ], [ 121.373311348500323, 24.900718042741939 ] ] ], [ [ [ 121.344691543449855, 24.903178737285277 ], [ 121.345350199715753, 24.903776424157069 ], [ 121.346179130948357, 24.904159219473897 ], [ 121.347097192160845, 24.904289650542516 ], [ 121.348014511683758, 24.90415494914366 ], [ 121.34884129050927, 24.903768301648508 ], [ 121.349496594499612, 24.903167557916284 ], [ 121.349916278031955, 24.902411525480659 ], [ 121.350059262981205, 24.90157421208389 ], [ 121.349911558425262, 24.900737580511858 ], [ 121.349487628095375, 24.899983525231988 ], [ 121.348828972510532, 24.89938585632094 ], [ 121.348000065371096, 24.899003075225217 ], [ 121.347082042461167, 24.898872649206101 ], [ 121.34616476081986, 24.899007344554107 ], [ 121.34533800498555, 24.899393977209282 ], [ 121.344682700314152, 24.899994702980774 ], [ 121.344262992688613, 24.900750721195283 ], [ 121.344119969436818, 24.901588029542548 ], [ 121.344267636111184, 24.902424667165427 ], [ 121.344691543449855, 24.903178737285277 ] ] ], [ [ [ 121.361490109597128, 24.903547504767058 ], [ 121.360572810291373, 24.903682288826797 ], [ 121.359746069457586, 24.904069000931678 ], [ 121.359090810985762, 24.90466978911601 ], [ 121.358671176240634, 24.905425846597598 ], [ 121.35852824541999, 24.906263167221059 ], [ 121.358676015031065, 24.907099788924768 ], [ 121.359100025735941, 24.907853816485247 ], [ 121.35975877567688, 24.908451438321226 ], [ 121.360587781719801, 24.908834152491441 ], [ 121.361505891550749, 24.908964494247233 ], [ 121.362423228738692, 24.908829704114702 ], [ 121.3632499925465, 24.90844297715401 ], [ 121.363905250308889, 24.90784217100526 ], [ 121.364246527888668, 24.907227243798562 ], [ 121.364699875093407, 24.90763849504733 ], [ 121.365528890537178, 24.908021181686092 ], [ 121.366446999115155, 24.90815149305184 ], [ 121.367364324518732, 24.908016672646493 ], [ 121.368191067164972, 24.907629918494521 ], [ 121.368846296461385, 24.907029090898227 ], [ 121.369265874101998, 24.906273005600934 ], [ 121.369408732332246, 24.905435675517243 ], [ 121.369260892636873, 24.904599065062619 ], [ 121.368836831974974, 24.903845066633295 ], [ 121.368178063619624, 24.903247484738195 ], [ 121.367349072304478, 24.902864812305673 ], [ 121.366431002048373, 24.902734505962421 ], [ 121.365513714522251, 24.902869320288072 ], [ 121.364686994841108, 24.903256059580428 ], [ 121.364031764825612, 24.903856869213016 ], [ 121.363690495216218, 24.904471796112247 ], [ 121.363237163028472, 24.90406054145199 ], [ 121.362408181107469, 24.903677841493014 ], [ 121.361490109597128, 24.903547504767058 ] ] ], [ [ [ 121.368151477960097, 24.913833956833479 ], [ 121.368810303111403, 24.914431537353465 ], [ 121.369639376608191, 24.914814200129697 ], [ 121.370557539530594, 24.914944485444906 ], [ 121.371474910248068, 24.914809639351621 ], [ 121.372301684740449, 24.914422862389923 ], [ 121.372956929297587, 24.913822017096049 ], [ 121.373376504120913, 24.913065920946465 ], [ 121.373519341733783, 24.912228587918186 ], [ 121.373371465641426, 24.91139198271431 ], [ 121.37294735636732, 24.910637997216 ], [ 121.372288531943312, 24.910040434665252 ], [ 121.371459482590339, 24.909657786096076 ], [ 121.370541358006193, 24.909527505799112 ], [ 121.369624025177473, 24.909662345805035 ], [ 121.368797273652106, 24.910049107898942 ], [ 121.368142028367657, 24.910649935223582 ], [ 121.367722429400516, 24.911406017166112 ], [ 121.367579553449389, 24.912243345176144 ], [ 121.36772739165302, 24.913079956467371 ], [ 121.368151477960097, 24.913833956833479 ] ] ], [ [ [ 121.368817857528398, 24.923280971427033 ], [ 121.369209732433021, 24.923636386859663 ], [ 121.368714963671692, 24.924090019479358 ], [ 121.368295323876296, 24.9248461021573 ], [ 121.368152437569876, 24.925683429343866 ], [ 121.368172342597447, 24.92579605549507 ], [ 121.367828526193605, 24.925637376746138 ], [ 121.366910286570217, 24.925507075690991 ], [ 121.365992831515598, 24.925641894475156 ], [ 121.365165962537034, 24.926028636960918 ], [ 121.364510616065587, 24.926629448211454 ], [ 121.364090942081489, 24.927385519189283 ], [ 121.36394802462884, 24.928222842419242 ], [ 121.364095858913089, 24.929059455584266 ], [ 121.364519979271606, 24.92981346429476 ], [ 121.36517887311561, 24.930411058811888 ], [ 121.36600804322326, 24.930793739865976 ], [ 121.366926321215558, 24.930924045948618 ], [ 121.36784381419379, 24.930789221078189 ], [ 121.368670706165133, 24.930402463717165 ], [ 121.369326051916104, 24.929801634484189 ], [ 121.369745701741621, 24.929045549285448 ], [ 121.369888580825361, 24.92820822102799 ], [ 121.369868673823945, 24.928095595164748 ], [ 121.370212499635883, 24.928254269047596 ], [ 121.370469952127948, 24.928290796224424 ], [ 121.371039162733766, 24.928807012995186 ], [ 121.370754648860654, 24.928940095196399 ], [ 121.370099314619395, 24.929540930646702 ], [ 121.369679665329514, 24.93029701678525 ], [ 121.369536782619576, 24.931134344652424 ], [ 121.369626828379666, 24.931643780081618 ], [ 121.369032934655962, 24.931559517224258 ], [ 121.368115437381547, 24.931694349450716 ], [ 121.367288535071125, 24.932081103783439 ], [ 121.366633167417888, 24.932681924126793 ], [ 121.36621348647617, 24.933438000553917 ], [ 121.36607057697266, 24.934275325056564 ], [ 121.366218433336641, 24.93511193519284 ], [ 121.366555859684112, 24.93571176485818 ], [ 121.365924105568666, 24.93629091413856 ], [ 121.365504408352393, 24.937046988392794 ], [ 121.365459557623566, 24.937309759394306 ], [ 121.365219845921146, 24.937344979742278 ], [ 121.365186990123007, 24.937360345517028 ], [ 121.364738165745621, 24.937426289162602 ], [ 121.363911214632154, 24.937813025018009 ], [ 121.363255800464088, 24.938413830581222 ], [ 121.362836079848009, 24.939169897372814 ], [ 121.362693141394473, 24.940007218328702 ], [ 121.362840982368041, 24.940843831355085 ], [ 121.3632651364548, 24.941597842075783 ], [ 121.363924087766748, 24.942195440554201 ], [ 121.364354825746872, 24.94239422165543 ], [ 121.364457484927385, 24.942487321032253 ], [ 121.365286734191201, 24.942870004585281 ], [ 121.366205101164624, 24.94300031388762 ], [ 121.366581451453115, 24.942945017143767 ], [ 121.366915260077235, 24.943538372557075 ], [ 121.367574239228887, 24.944135954419718 ], [ 121.367591006214269, 24.944143691601784 ], [ 121.367631499210177, 24.944372776467315 ], [ 121.368055694649271, 24.945126772724517 ], [ 121.36821058009852, 24.945267224005761 ], [ 121.368286633471683, 24.945697470451528 ], [ 121.368710837521689, 24.946451464611879 ], [ 121.369369840920498, 24.947049038022396 ], [ 121.370199135721023, 24.94743169347754 ], [ 121.371117541334527, 24.947561971973673 ], [ 121.372035152364631, 24.947427120229808 ], [ 121.372862141258338, 24.947040339340425 ], [ 121.373517553312652, 24.946439492229427 ], [ 121.373801385563581, 24.945928139859245 ], [ 121.374024799877944, 24.94603122162129 ], [ 121.374794266252763, 24.946140354181598 ], [ 121.374729393947987, 24.946520572097619 ], [ 121.374877324436426, 24.947357171423793 ], [ 121.375301574175154, 24.948111146119459 ], [ 121.375960617911559, 24.948708689772264 ], [ 121.376789943748207, 24.949091308089386 ], [ 121.377708368056545, 24.949221545703214 ], [ 121.37862598360914, 24.949086653335886 ], [ 121.379452962410426, 24.948699836059806 ], [ 121.380060801861532, 24.948142554608669 ], [ 121.379927230389129, 24.948925605372043 ], [ 121.380075199021675, 24.94976219881999 ], [ 121.38009873802902, 24.94980402772104 ], [ 121.38009932736766, 24.949807359728354 ], [ 121.380393392737773, 24.950329912179335 ], [ 121.380409186476598, 24.950419205225263 ], [ 121.380833480428379, 24.951173163337415 ], [ 121.381492567018071, 24.951770681765158 ], [ 121.382321930151946, 24.952153268684508 ], [ 121.382453909839995, 24.952171978966174 ], [ 121.382390011607001, 24.952201868255621 ], [ 121.381734613054732, 24.952802753787839 ], [ 121.381314958443468, 24.953558870429774 ], [ 121.381172129929539, 24.954396206236634 ], [ 121.381320114021577, 24.955232797657615 ], [ 121.381744430398768, 24.955986752427119 ], [ 121.382403547285392, 24.956584266081762 ], [ 121.383232945621742, 24.956966847264226 ], [ 121.384151434679623, 24.957097044241998 ], [ 121.385069100890632, 24.956962111715988 ], [ 121.385896111298663, 24.95657525869122 ], [ 121.386100054340673, 24.956388273801654 ], [ 121.38614358604913, 24.956427734500025 ], [ 121.386444845699231, 24.956566689711607 ], [ 121.386493083883195, 24.956839321049085 ], [ 121.386917437201319, 24.957593260476138 ], [ 121.387576587392587, 24.958190750708091 ], [ 121.388175303377281, 24.958466894588458 ], [ 121.387825931448418, 24.959096425247157 ], [ 121.38782110783977, 24.959124711712743 ], [ 121.387812525420571, 24.95914017621449 ], [ 121.387669735052569, 24.959977517175673 ], [ 121.387817770181954, 24.960814100908173 ], [ 121.38782713753946, 24.960830742845229 ], [ 121.387828493796121, 24.960838407332531 ], [ 121.388252869257641, 24.96159234228703 ], [ 121.388912047387706, 24.962189825953022 ], [ 121.389741503129855, 24.962572369908063 ], [ 121.390660040134094, 24.962702526063993 ], [ 121.391577740136583, 24.962567553118816 ], [ 121.392404766872332, 24.962180664035593 ], [ 121.393060161936006, 24.961579732332858 ], [ 121.393479770802074, 24.960823583950933 ], [ 121.393622522674832, 24.959986237981621 ], [ 121.393619567224647, 24.959969540524835 ], [ 121.393622521858035, 24.959952209284577 ], [ 121.393620932064877, 24.959943227401283 ], [ 121.393625202060292, 24.959918180524053 ], [ 121.393477128923521, 24.959081602929043 ], [ 121.393052730690698, 24.958327682890097 ], [ 121.392393553682894, 24.957730217234545 ], [ 121.391794832123338, 24.957454090354506 ], [ 121.392131100057739, 24.956848119937625 ], [ 121.392357515303004, 24.957250347214366 ], [ 121.393016689549697, 24.957847813101221 ], [ 121.393846128347548, 24.958230334619028 ], [ 121.394764637005039, 24.958360465876886 ], [ 121.395682300034025, 24.958225468010966 ], [ 121.396509284790397, 24.957838556424452 ], [ 121.397164636979696, 24.95723760683876 ], [ 121.397584206274431, 24.956481446944185 ], [ 121.397726925752522, 24.955644096958551 ], [ 121.397578830497707, 24.954807523241417 ], [ 121.397154422497053, 24.954053614585273 ], [ 121.396495249026074, 24.953456166703099 ], [ 121.395665834465944, 24.953073659399315 ], [ 121.394747364250151, 24.952943533135553 ], [ 121.393829739183431, 24.953078524868058 ], [ 121.39300277740962, 24.953465421536407 ], [ 121.392347424444566, 24.954066353117426 ], [ 121.391940909903184, 24.954798929423497 ], [ 121.39171450060276, 24.95439670131012 ], [ 121.391055351176519, 24.953799229083202 ], [ 121.390754093267262, 24.953660283125899 ], [ 121.390705847060744, 24.953387653151026 ], [ 121.390281485617876, 24.952633724196946 ], [ 121.38962235252437, 24.952036245289584 ], [ 121.389005825858931, 24.951751878608484 ], [ 121.389022961820203, 24.951720999147685 ], [ 121.389165734307426, 24.950883656189539 ], [ 121.389017702940464, 24.950047072650541 ], [ 121.388593363451946, 24.949293138286528 ], [ 121.38793425641208, 24.948695651328482 ], [ 121.387814766852301, 24.948640535021834 ], [ 121.388111009329151, 24.948106694150688 ], [ 121.388253784184812, 24.947269351637022 ], [ 121.388105763641576, 24.946432766660042 ], [ 121.387681442371672, 24.945678829116659 ], [ 121.387022359161406, 24.945081337549539 ], [ 121.386193029559308, 24.944698776040248 ], [ 121.385274630686197, 24.944568590355992 ], [ 121.384357056366582, 24.944703523267872 ], [ 121.383530119778342, 24.945090367470986 ], [ 121.382874763971401, 24.945691258075851 ], [ 121.382560264369587, 24.946257955497043 ], [ 121.381972036964598, 24.946344445237152 ], [ 121.381145081854527, 24.946731276337793 ], [ 121.380537254181888, 24.947288562177864 ], [ 121.380670820171432, 24.946505510762631 ], [ 121.38057904544084, 24.94598663047562 ], [ 121.380619931416064, 24.945949144054918 ], [ 121.381039565175811, 24.945193028856284 ], [ 121.381182384863223, 24.944355692260032 ], [ 121.381034415748246, 24.943519099318092 ], [ 121.380610147468659, 24.942765140708595 ], [ 121.380436206548652, 24.942607435221106 ], [ 121.380424232607098, 24.942586156321433 ], [ 121.379765200612965, 24.941988631791798 ], [ 121.378935913688707, 24.941606029218701 ], [ 121.37801754477978, 24.941475798388311 ], [ 121.377901792860015, 24.94149281510304 ], [ 121.37789973712934, 24.941492523578475 ], [ 121.377087554971894, 24.941611919985739 ], [ 121.376682982510985, 24.941245086295556 ], [ 121.375853709873439, 24.940862466360734 ], [ 121.37543555978624, 24.94080316137951 ], [ 121.375571699672236, 24.94055787267536 ], [ 121.375591694889934, 24.940440670492968 ], [ 121.375745531211692, 24.940163495740155 ], [ 121.375757917127743, 24.940090894759415 ], [ 121.376065221054674, 24.940134478475144 ], [ 121.376982771361128, 24.939999596834046 ], [ 121.377351122378954, 24.939827295108959 ], [ 121.378184822918783, 24.939945525201313 ], [ 121.379102369335868, 24.939810630549747 ], [ 121.379929285094065, 24.939423810899751 ], [ 121.380584622652407, 24.93882293296954 ], [ 121.3810042331109, 24.938066817433157 ], [ 121.381147045510971, 24.937229480166714 ], [ 121.380999085833793, 24.936392886287479 ], [ 121.380574842791248, 24.935638926565616 ], [ 121.379915847512109, 24.935041401716596 ], [ 121.379585533651394, 24.934888999315064 ], [ 121.37957928566874, 24.934877895125378 ], [ 121.378920299227076, 24.934280365708808 ], [ 121.378091066775767, 24.933897757398803 ], [ 121.377172755929607, 24.933767520543714 ], [ 121.376457861879985, 24.933872617714968 ], [ 121.376229338874197, 24.933665396472531 ], [ 121.37595940699704, 24.933540843758273 ], [ 121.37577034300142, 24.933369401695433 ], [ 121.37542843297669, 24.933211634781472 ], [ 121.376149700606959, 24.933105605191042 ], [ 121.376976581366165, 24.932718801995257 ], [ 121.377418051175326, 24.93231401589841 ], [ 121.377467185589396, 24.932291031032616 ], [ 121.377545159855615, 24.932327009600748 ], [ 121.378463460364685, 24.932457244307866 ], [ 121.379380951120481, 24.932322348464922 ], [ 121.380207816348303, 24.931935527484086 ], [ 121.380863113454851, 24.931334648213145 ], [ 121.381282697499927, 24.930578531456522 ], [ 121.38142550010916, 24.929741193209026 ], [ 121.381277548219941, 24.928904598683658 ], [ 121.380853329779626, 24.928150638714012 ], [ 121.380194373507351, 24.927553114040514 ], [ 121.379365182528034, 24.927170511987455 ], [ 121.378728074870864, 24.927080156789291 ], [ 121.378523143079747, 24.926715912073057 ], [ 121.377864205618437, 24.92611837676165 ], [ 121.377035031306875, 24.925735761476258 ], [ 121.376116782070483, 24.925605517248663 ], [ 121.375595596936805, 24.925682138393675 ], [ 121.375263927746076, 24.925092589616479 ], [ 121.374605014530047, 24.924495039483958 ], [ 121.373775860950118, 24.924112405743568 ], [ 121.373518416258605, 24.924075884165791 ], [ 121.373128923626879, 24.923722653067056 ], [ 121.373623674585986, 24.923269005981695 ], [ 121.374043276473415, 24.922512908586178 ], [ 121.374186119560704, 24.921675575903119 ], [ 121.374038226819948, 24.920838972602048 ], [ 121.373614080407009, 24.92008499037734 ], [ 121.372955201990678, 24.919487432149598 ], [ 121.372126087076779, 24.919104788528561 ], [ 121.371207891778809, 24.918974513319711 ], [ 121.370290490002517, 24.919109358055458 ], [ 121.369463678042266, 24.919496124058384 ], [ 121.368808386749834, 24.92009695408958 ], [ 121.3683887607054, 24.920853037272394 ], [ 121.368245879260087, 24.921690364935799 ], [ 121.368393734093232, 24.922526974327642 ], [ 121.368817857528398, 24.923280971427033 ] ] ], [ [ [ 121.417285857844078, 24.904250742458789 ], [ 121.4179448648391, 24.904848104402976 ], [ 121.418774021311265, 24.905230493461922 ], [ 121.419692160209223, 24.905360476718894 ], [ 121.420609402252808, 24.905225329804438 ], [ 121.42143595602451, 24.904838282714767 ], [ 121.422090909432669, 24.904237224433409 ], [ 121.422510151192128, 24.903480993284294 ], [ 121.422652646438053, 24.902643616451947 ], [ 121.42250445219031, 24.901807062916888 ], [ 121.422080080108444, 24.901053219492873 ], [ 121.421421073936926, 24.900455875509433 ], [ 121.420591941673749, 24.900073500606897 ], [ 121.419673841123242, 24.899943522294716 ], [ 121.418756636918161, 24.900078663053616 ], [ 121.417930106022993, 24.900465695238569 ], [ 121.417275151791273, 24.90106673555918 ], [ 121.416855885822841, 24.901822952551893 ], [ 121.416713352229451, 24.902660324439445 ], [ 121.416861508638718, 24.903496884130067 ], [ 121.417285857844078, 24.904250742458789 ] ] ], [ [ [ 121.384139473574606, 24.913889157053358 ], [ 121.384798375048106, 24.914486666025432 ], [ 121.38562749697715, 24.914869239327512 ], [ 121.386545675697405, 24.914999426002723 ], [ 121.387463028030538, 24.914864481762461 ], [ 121.388289751757384, 24.914477616757363 ], [ 121.388944918140723, 24.913876702143998 ], [ 121.389364395038612, 24.913120562184272 ], [ 121.389507124563636, 24.912283215141606 ], [ 121.389359140802796, 24.911446627087649 ], [ 121.388934934817428, 24.910692688221527 ], [ 121.388276034102631, 24.910095197218549 ], [ 121.387446936342656, 24.909712638109152 ], [ 121.386528795970193, 24.909582456429078 ], [ 121.385611481515937, 24.909717394558967 ], [ 121.384784780730627, 24.910104244682135 ], [ 121.384129613588584, 24.910705141326403 ], [ 121.383710112521584, 24.911461267093451 ], [ 121.383567344648782, 24.912298609140969 ], [ 121.383715290530787, 24.913135203305309 ], [ 121.384139473574606, 24.913889157053358 ] ] ], [ [ [ 121.418202350382032, 24.931409758108359 ], [ 121.418861508127762, 24.932007111888701 ], [ 121.419690850280659, 24.932389492047299 ], [ 121.420609191608435, 24.932519466536245 ], [ 121.421526633007687, 24.93238431184357 ], [ 121.422353363538846, 24.931997258728071 ], [ 121.423008453803192, 24.931396196765796 ], [ 121.423427779119407, 24.930639964644183 ], [ 121.423570296448787, 24.929802589645373 ], [ 121.42342206065743, 24.928966040571204 ], [ 121.422997587479315, 24.92821220379755 ], [ 121.422338430559506, 24.927614868000301 ], [ 121.421509112651933, 24.927232502015276 ], [ 121.420590809727926, 24.927102532476578 ], [ 121.419673406221975, 24.927237681005337 ], [ 121.418846698599751, 24.927624719197173 ], [ 121.418191607509485, 24.928225763176368 ], [ 121.417772257947973, 24.928981981124402 ], [ 121.417629702214811, 24.929819351172956 ], [ 121.417777900112824, 24.930655906411051 ], [ 121.418202350382032, 24.931409758108359 ] ] ], [ [ [ 121.403133731920107, 24.931508518930041 ], [ 121.402714279033134, 24.932264695498745 ], [ 121.402571617904144, 24.933102052124219 ], [ 121.402719718652406, 24.933938623212647 ], [ 121.403144089530016, 24.934692518485122 ], [ 121.403803193417673, 24.935289939301601 ], [ 121.404632512522213, 24.935672403394914 ], [ 121.405550863870275, 24.935802470498817 ], [ 121.406468347377896, 24.935667408032327 ], [ 121.40729514798133, 24.935280437723538 ], [ 121.407757739821434, 24.93485610401174 ], [ 121.40840292585689, 24.934947469847472 ], [ 121.409320399670605, 24.934812389928602 ], [ 121.410147185460588, 24.934425403940327 ], [ 121.410802348415785, 24.933824394886539 ], [ 121.41122175673604, 24.933068196275904 ], [ 121.411364359255316, 24.932230832112101 ], [ 121.411216202500427, 24.93139427013891 ], [ 121.410791794470484, 24.930640397997298 ], [ 121.410132682436597, 24.930043007826495 ], [ 121.409303384762381, 24.929660573784481 ], [ 121.408385075440833, 24.929530529165454 ], [ 121.407467639533024, 24.929665602937341 ], [ 121.40664087667453, 24.930052574011071 ], [ 121.406178298636277, 24.93047690435025 ], [ 121.405533137418416, 24.930385528514119 ], [ 121.404615691820226, 24.930520584837513 ], [ 121.403788914153907, 24.930907540233715 ], [ 121.403133731920107, 24.931508518930041 ] ] ], [ [ [ 121.343945240611234, 24.938449574844341 ], [ 121.344604082909115, 24.939047260212398 ], [ 121.345433249138466, 24.939430055350389 ], [ 121.346351571302975, 24.939560487579136 ], [ 121.347269152179265, 24.939425788564414 ], [ 121.348096167166076, 24.939039144445164 ], [ 121.348751659002104, 24.938438404753388 ], [ 121.349171463676726, 24.937682376631404 ], [ 121.349314491212894, 24.936845067402633 ], [ 121.349166746530017, 24.936008439446343 ], [ 121.348742697297524, 24.935254386874917 ], [ 121.348083855679903, 24.934656719496623 ], [ 121.347254713587716, 24.934273938603805 ], [ 121.346336429797717, 24.93414351143447 ], [ 121.345418886875521, 24.934278204390317 ], [ 121.344591894925216, 24.934664833646696 ], [ 121.343936402408914, 24.935265555348696 ], [ 121.3435165735971, 24.936021569225503 ], [ 121.343373507686437, 24.936858873394872 ], [ 121.343521214415219, 24.93769550741003 ], [ 121.343945240611234, 24.938449574844341 ] ] ], [ [ [ 121.332484663983422, 24.941919680892116 ], [ 121.333143470297628, 24.942517417039255 ], [ 121.333972625285696, 24.942900275897124 ], [ 121.334890962053635, 24.943030778547406 ], [ 121.335558808845462, 24.942932795858965 ], [ 121.336294495531632, 24.943272480296329 ], [ 121.336611041122708, 24.943835457749937 ], [ 121.337269877424987, 24.94443317518494 ], [ 121.33809905777656, 24.944816010714696 ], [ 121.338910997438305, 24.944931368849996 ], [ 121.33889283399678, 24.944964071669105 ], [ 121.338749727222805, 24.945801370838385 ], [ 121.338897414217499, 24.946638008653178 ], [ 121.339321443743273, 24.947392088315532 ], [ 121.339980312111507, 24.94798979314281 ], [ 121.340809524601099, 24.948372613065327 ], [ 121.341533959022641, 24.948475522193149 ], [ 121.342082090523704, 24.948972749882117 ], [ 121.342454700517592, 24.949144764404828 ], [ 121.34232427749987, 24.949264272759287 ], [ 121.341904392441961, 24.950020281288868 ], [ 121.341761300660252, 24.950857582629421 ], [ 121.341909014429518, 24.951694216611898 ], [ 121.342333079892526, 24.9524482868127 ], [ 121.342991989843071, 24.953045977474474 ], [ 121.343821245488797, 24.953428779913569 ], [ 121.344167663002551, 24.953477981151565 ], [ 121.344338296283723, 24.953632756227446 ], [ 121.34516755994882, 24.954015551054905 ], [ 121.346085990210312, 24.954145983502901 ], [ 121.347003679259245, 24.954011285215174 ], [ 121.347830791901458, 24.953624642259989 ], [ 121.348486361313789, 24.953023904056753 ], [ 121.348795016174165, 24.95246811443775 ], [ 121.349105586613874, 24.952611466830593 ], [ 121.35002401027225, 24.952741875091363 ], [ 121.350230711279934, 24.952711530130781 ], [ 121.350450995885524, 24.952911325403921 ], [ 121.350563770364772, 24.952963377934154 ], [ 121.350323131459902, 24.953396705139564 ], [ 121.35018009310906, 24.954234013614339 ], [ 121.350273022322042, 24.95476013195951 ], [ 121.349508284711419, 24.95465154945834 ], [ 121.348590593852038, 24.954786263186502 ], [ 121.347763475924509, 24.955172910358797 ], [ 121.347107891719546, 24.955773645368964 ], [ 121.346688014483732, 24.956529666645864 ], [ 121.346544948158169, 24.957366971584406 ], [ 121.346692702528102, 24.958203599662603 ], [ 121.3471168197635, 24.958957655033576 ], [ 121.347775787590365, 24.959555323390422 ], [ 121.348605101549708, 24.959938098232094 ], [ 121.349523579179959, 24.960068508864651 ], [ 121.350441308033353, 24.959933789067755 ], [ 121.351268449017965, 24.959547127016066 ], [ 121.351529872191023, 24.959307569321027 ], [ 121.351575927027682, 24.959349337425277 ], [ 121.352405251072256, 24.959732091004078 ], [ 121.353323730865995, 24.95986247817773 ], [ 121.354241453749111, 24.959727735023002 ], [ 121.355068581214482, 24.959341052001758 ], [ 121.355724144988628, 24.958740282456791 ], [ 121.356042036542263, 24.958167810760283 ], [ 121.356257583698493, 24.958067038351697 ], [ 121.356913134967314, 24.957466263609749 ], [ 121.357136621912005, 24.957063787259067 ], [ 121.357728591031616, 24.956787021331255 ], [ 121.358384128379328, 24.956186240167114 ], [ 121.358803932612759, 24.955430186686669 ], [ 121.35894691380345, 24.954592870696047 ], [ 121.358799081413409, 24.953756255235078 ], [ 121.358780926517198, 24.953723982539948 ], [ 121.359315571131688, 24.953474003840689 ], [ 121.359971083358417, 24.952873215708376 ], [ 121.360390866879612, 24.952117157654502 ], [ 121.360533833794037, 24.951279839932354 ], [ 121.360385994960282, 24.950443225750824 ], [ 121.359961827267171, 24.949689207871074 ], [ 121.35930285447489, 24.949091592702739 ], [ 121.358473581331225, 24.948708876425837 ], [ 121.357555179435906, 24.948578519953369 ], [ 121.356637542910477, 24.948713282768537 ], [ 121.355810491018261, 24.949099974211187 ], [ 121.355523650840937, 24.949362861034878 ], [ 121.355442994994121, 24.948906319257713 ], [ 121.355018862599735, 24.948152286755604 ], [ 121.35435992164625, 24.9475546492448 ], [ 121.353530673766102, 24.947171905092517 ], [ 121.352612288087556, 24.947041517939919 ], [ 121.351694657145515, 24.947176250272424 ], [ 121.3510407811916, 24.947481949532186 ], [ 121.350910730290437, 24.947421920575579 ], [ 121.349992345299853, 24.947291517267939 ], [ 121.349339641359776, 24.947387340008191 ], [ 121.34932728633207, 24.947317384729697 ], [ 121.348903196513518, 24.946563334189385 ], [ 121.348244293270895, 24.945965669088199 ], [ 121.347415074546944, 24.945582890494251 ], [ 121.346496706617572, 24.945452465419475 ], [ 121.346383698255366, 24.945469053778194 ], [ 121.346221110718133, 24.945179947224066 ], [ 121.34556222770992, 24.944582269931647 ], [ 121.345036263669286, 24.944339463891417 ], [ 121.345143744557973, 24.943710409878847 ], [ 121.344996019195861, 24.942873778340729 ], [ 121.344571971151481, 24.942119714574549 ], [ 121.343913112475164, 24.941522029484272 ], [ 121.343083936748528, 24.941139226095217 ], [ 121.342165606040268, 24.941008773846281 ], [ 121.341657879085872, 24.941083289133086 ], [ 121.341408896775178, 24.940640503942596 ], [ 121.340750061138834, 24.940042804501871 ], [ 121.339961140462762, 24.939678560132659 ], [ 121.339644590599136, 24.939115589530598 ], [ 121.33898577157828, 24.938517881991505 ], [ 121.338156630951417, 24.938135050657007 ], [ 121.337238327353106, 24.938004567701157 ], [ 121.33657050850249, 24.938102557688623 ], [ 121.335794617643785, 24.93774429602767 ], [ 121.334876319250696, 24.937613798454244 ], [ 121.333958737324167, 24.937748421198336 ], [ 121.333131685784181, 24.93813498730589 ], [ 121.33247611892277, 24.938735659102338 ], [ 121.332056208284627, 24.939491641202384 ], [ 121.331913061074147, 24.940328934836121 ], [ 121.332060694987959, 24.941165580590546 ], [ 121.332484663983422, 24.941919680892116 ] ] ], [ [ [ 121.356687456789373, 24.943310120527052 ], [ 121.357457307530197, 24.943419401985 ], [ 121.358026255327843, 24.943935413620796 ], [ 121.35885549496264, 24.944318133005165 ], [ 121.359773866466099, 24.94444848187511 ], [ 121.360691467782587, 24.944313700058718 ], [ 121.361518472309854, 24.943926981803063 ], [ 121.362173923812648, 24.943326183899288 ], [ 121.362593662232129, 24.942570119188453 ], [ 121.362736604080709, 24.941732798574282 ], [ 121.362588762668025, 24.940896185547963 ], [ 121.362164615132315, 24.94014217275749 ], [ 121.361505683258514, 24.939544566114947 ], [ 121.360676467788352, 24.939161860966909 ], [ 121.359906640940409, 24.939052595813049 ], [ 121.359337708105826, 24.938536590855847 ], [ 121.358508505958071, 24.938153873442207 ], [ 121.357590182433682, 24.93802351612738 ], [ 121.35667262398573, 24.93815827847741 ], [ 121.355845642237895, 24.938544969877277 ], [ 121.355190184655541, 24.939145740390845 ], [ 121.354770412092677, 24.939901784969692 ], [ 121.354627418243126, 24.940739098725185 ], [ 121.354775205793501, 24.94157572027002 ], [ 121.35519931366025, 24.942329754395789 ], [ 121.355858230481687, 24.942927388875805 ], [ 121.356687456789373, 24.943310120527052 ] ] ], [ [ [ 121.442212559575637, 24.832169134709606 ], [ 121.442871296862734, 24.832766395959474 ], [ 121.443700043413202, 24.833148655785369 ], [ 121.444617672309221, 24.833278493930766 ], [ 121.445534354212086, 24.83314320023841 ], [ 121.446360352557861, 24.832756019074619 ], [ 121.447014809642255, 24.832154852543283 ], [ 121.447433662770408, 24.831398549556134 ], [ 121.447575915111869, 24.830561144319741 ], [ 121.447427647444783, 24.829724608587338 ], [ 121.447003378592399, 24.828970827427582 ], [ 121.446344642176044, 24.828373584078879 ], [ 121.4455159197814, 24.827991338339181 ], [ 121.444598329099648, 24.827861505084563 ], [ 121.443681684872885, 24.827996792604164 ], [ 121.442855709274099, 24.828383958889457 ], [ 121.442201251318991, 24.828985107519632 ], [ 121.441782374035014, 24.82974139642058 ], [ 121.441640083479285, 24.83057879676619 ], [ 121.441788313470283, 24.831415338671352 ], [ 121.442212559575637, 24.832169134709606 ] ] ], [ [ [ 121.434566023570781, 24.855054014688747 ], [ 121.435224847688858, 24.855651306660203 ], [ 121.436053725050414, 24.856033605948557 ], [ 121.436971515930409, 24.856163488431307 ], [ 121.437888375128054, 24.856028239608758 ], [ 121.438714548717186, 24.855641099454338 ], [ 121.439369161833767, 24.855039966058861 ], [ 121.439788136507332, 24.854283685093197 ], [ 121.439930464012221, 24.85344628861143 ], [ 121.439782217775033, 24.852609747512172 ], [ 121.439357914528628, 24.851855947390185 ], [ 121.438699091266827, 24.851258673338805 ], [ 121.437870238078418, 24.850876388158685 ], [ 121.436952485455066, 24.850746510583477 ], [ 121.436035663984882, 24.850881753238344 ], [ 121.435209513183409, 24.85126887850571 ], [ 121.434554899210539, 24.851869993981108 ], [ 121.434135900363856, 24.852626260838527 ], [ 121.433993534602308, 24.853463652412774 ], [ 121.434141743112036, 24.854300199679702 ], [ 121.434566023570781, 24.855054014688747 ] ] ], [ [ [ 121.444728766680925, 24.927899179936439 ], [ 121.445388031413643, 24.928496415216234 ], [ 121.446217429325145, 24.928878647174162 ], [ 121.447135769719907, 24.92900845827295 ], [ 121.448053153584596, 24.928873140999976 ], [ 121.448879775614898, 24.928485942033813 ], [ 121.449534717039612, 24.927884765230381 ], [ 121.44995386775426, 24.927128460518109 ], [ 121.450096201816621, 24.926291062281084 ], [ 121.449947792033484, 24.925454541590277 ], [ 121.449523171166916, 24.924700782037931 ], [ 121.448863907312159, 24.924103564737969 ], [ 121.448034533683227, 24.923721346927355 ], [ 121.447116231700605, 24.923591540739558 ], [ 121.446198885705428, 24.92372685181137 ], [ 121.445372286537193, 24.924114035832851 ], [ 121.444717344234562, 24.92471519465645 ], [ 121.444298169237314, 24.925471485221419 ], [ 121.444155796762814, 24.926308878547445 ], [ 121.444304168676439, 24.927145405439418 ], [ 121.444728766680925, 24.927899179936439 ] ] ], [ [ [ 121.434933333489525, 24.954000338044189 ], [ 121.435592692708042, 24.954597613319031 ], [ 121.436422237402994, 24.954979896479138 ], [ 121.437340762507986, 24.955109764971503 ], [ 121.43825835092224, 24.954974505662488 ], [ 121.439085177310247, 24.954587359555706 ], [ 121.439740302889945, 24.953986225334081 ], [ 121.440159599527917, 24.953229948760917 ], [ 121.44030202700047, 24.952392561469566 ], [ 121.440153648977571, 24.951556033462484 ], [ 121.439728995120831, 24.950802249049133 ], [ 121.439069636761616, 24.950204991775745 ], [ 121.438240116367382, 24.949822722789087 ], [ 121.437321629722419, 24.949692859228396 ], [ 121.436404079237121, 24.949828112343582 ], [ 121.435577275759428, 24.950215243496853 ], [ 121.4349221493204, 24.95081635971702 ], [ 121.434502828381738, 24.951572622116736 ], [ 121.434360362449127, 24.952410004476416 ], [ 121.434508702543098, 24.953246538677327 ], [ 121.434933333489525, 24.954000338044189 ] ] ], [ [ [ 121.426550676498437, 24.962554127566932 ], [ 121.426520726489187, 24.962730085430586 ], [ 121.426669027219731, 24.963566626827713 ], [ 121.426710983765631, 24.963641112064234 ], [ 121.426686038806352, 24.963644786991857 ], [ 121.425859112474939, 24.964031865127996 ], [ 121.425203866108134, 24.964632939100891 ], [ 121.424784439904371, 24.965389174160261 ], [ 121.424641893673709, 24.966226546765352 ], [ 121.424790186300058, 24.96706308975476 ], [ 121.425214807260687, 24.967816915594394 ], [ 121.425874194957288, 24.968414232434856 ], [ 121.426703803809289, 24.968796568183066 ], [ 121.42762242246981, 24.968926495135779 ], [ 121.428540124676942, 24.968791294434357 ], [ 121.429367073951482, 24.968404201344025 ], [ 121.429629033908853, 24.968163892418946 ], [ 121.429713123583412, 24.968638138638457 ], [ 121.430137779872609, 24.96939194980801 ], [ 121.430486998949959, 24.969708269406592 ], [ 121.430484242060373, 24.969713240456073 ], [ 121.430341729981066, 24.97055061758493 ], [ 121.43049006670789, 24.971387153830022 ], [ 121.430914737402034, 24.972140962316104 ], [ 121.43157417559641, 24.97273825289134 ], [ 121.432403830765736, 24.973120556033169 ], [ 121.433322487027198, 24.97325044723042 ], [ 121.434240214436556, 24.973115211125464 ], [ 121.435067174046836, 24.972728086450399 ], [ 121.435722414031176, 24.972126969791471 ], [ 121.436141795056315, 24.97137070519495 ], [ 121.436239634571209, 24.970795659039741 ], [ 121.436290115096497, 24.971080263203827 ], [ 121.436714819780448, 24.971834054713117 ], [ 121.437374283901505, 24.972431319265169 ], [ 121.437625527040353, 24.972547080267336 ], [ 121.437564875359911, 24.97290357706855 ], [ 121.437345423671189, 24.972872555072286 ], [ 121.436427701765083, 24.973007810252966 ], [ 121.435600744680272, 24.97339494243851 ], [ 121.434945497479802, 24.973996058558903 ], [ 121.434526100446462, 24.974752319739256 ], [ 121.434383610538831, 24.975589699881539 ], [ 121.43453198113103, 24.976426231084883 ], [ 121.434956694070351, 24.977180026966575 ], [ 121.435616178754444, 24.977777298607588 ], [ 121.436445880106135, 24.978159578338207 ], [ 121.43736457772016, 24.978289443938941 ], [ 121.438282337602573, 24.978154182558388 ], [ 121.439109317626588, 24.977767035403801 ], [ 121.439764563967145, 24.977165901262875 ], [ 121.439779710010527, 24.977138587839651 ], [ 121.439935135602624, 24.977279342064577 ], [ 121.439803553526318, 24.978052808871197 ], [ 121.439951963918816, 24.978889333856507 ], [ 121.440376718345973, 24.979643113459243 ], [ 121.441036242143568, 24.980240360352973 ], [ 121.441865976404131, 24.98062260929014 ], [ 121.442226192543984, 24.980673515004458 ], [ 121.442768260521945, 24.981164380068734 ], [ 121.44359800622432, 24.981546619144058 ], [ 121.444516735842086, 24.981676440092951 ], [ 121.445434512246862, 24.981541134436188 ], [ 121.445801546051484, 24.981369292316888 ], [ 121.446062631261057, 24.981330799331332 ], [ 121.446889607287602, 24.980943609157816 ], [ 121.447544831812621, 24.980342441313308 ], [ 121.447964167019421, 24.979586144855428 ], [ 121.448106568915549, 24.978748753365476 ], [ 121.447958103682922, 24.977912237256209 ], [ 121.447533309526762, 24.977158479669892 ], [ 121.446873771514859, 24.976561261523258 ], [ 121.446044049698031, 24.976179040130003 ], [ 121.445125359570682, 24.976049227969114 ], [ 121.445053623275342, 24.976059804378934 ], [ 121.445101365559623, 24.975779090512361 ], [ 121.445115632678963, 24.975776987039563 ], [ 121.445942574910816, 24.975389802313686 ], [ 121.446597775136624, 24.974788638535831 ], [ 121.447017097918078, 24.974032344364883 ], [ 121.447159500477724, 24.973194953157879 ], [ 121.44701104893079, 24.972358435299892 ], [ 121.446586280141389, 24.971604674104746 ], [ 121.445926776693412, 24.9710074508431 ], [ 121.445097095254638, 24.970625223329957 ], [ 121.444982628660455, 24.970609047813031 ], [ 121.444921354259847, 24.970263727587263 ], [ 121.444496605508803, 24.969509959942375 ], [ 121.443837123329601, 24.968912726962401 ], [ 121.443007462308671, 24.968530487413911 ], [ 121.442088831991285, 24.968400655553378 ], [ 121.441368596395847, 24.968506832499891 ], [ 121.440851654671008, 24.968038660628984 ], [ 121.440022008504101, 24.967656404193004 ], [ 121.439455277066273, 24.96757629534083 ], [ 121.439482176286759, 24.967527783559014 ], [ 121.439624623211671, 24.966690398229851 ], [ 121.439476231021459, 24.965853871321073 ], [ 121.439051530768793, 24.965100087034234 ], [ 121.438392098329302, 24.964502828901924 ], [ 121.437562483421999, 24.964120558153294 ], [ 121.436643891080422, 24.963990692098637 ], [ 121.435726234057071, 24.964125942231334 ], [ 121.434899333624415, 24.964513070205943 ], [ 121.434244129301419, 24.965114183363681 ], [ 121.434037229865694, 24.965487289365829 ], [ 121.433445129119264, 24.965214441885319 ], [ 121.432526532546035, 24.965084550502393 ], [ 121.431608862517805, 24.965219775412773 ], [ 121.430781941579284, 24.965606880739124 ], [ 121.430519989227236, 24.965847191672228 ], [ 121.430435898536643, 24.965372945747163 ], [ 121.43039393916159, 24.965298461615234 ], [ 121.430418884333307, 24.965294786064309 ], [ 121.431245804370334, 24.964907682750663 ], [ 121.431901022395138, 24.964306582587163 ], [ 121.432320401222967, 24.96355032800448 ], [ 121.432462892584937, 24.962712948485379 ], [ 121.432314553899445, 24.961876413273476 ], [ 121.432115107912168, 24.961522367578336 ], [ 121.432145049684806, 24.961346408671599 ], [ 121.431996714930108, 24.960509872939078 ], [ 121.431572078756275, 24.95975606591702 ], [ 121.430912710767203, 24.959158773364916 ], [ 121.430083154375239, 24.958776459881804 ], [ 121.429164608888598, 24.958646546960647 ], [ 121.428246982475514, 24.958781750681112 ], [ 121.427420093413005, 24.959168837239172 ], [ 121.426764880106276, 24.959769918028758 ], [ 121.426345479518005, 24.960526157631779 ], [ 121.42620294895039, 24.961363532062023 ], [ 121.426351245752741, 24.96220007397897 ], [ 121.426550676498437, 24.962554127566932 ] ], [ [ 121.435913232092176, 24.969301589362331 ], [ 121.436311112916144, 24.969357839829048 ], [ 121.436284212056776, 24.969406351048459 ], [ 121.436186373742743, 24.969981397322201 ], [ 121.436135893945263, 24.969696793071734 ], [ 121.435913232092176, 24.969301589362331 ] ] ], [ [ [ 121.460033314710955, 24.880119917882926 ], [ 121.46069239422404, 24.880717091898521 ], [ 121.461521516003259, 24.881099245078474 ], [ 121.462439516388045, 24.881228967603306 ], [ 121.463356529660388, 24.881093560635463 ], [ 121.464182786807271, 24.880706279634861 ], [ 121.464837404786721, 24.880105036484881 ], [ 121.465256305159514, 24.879348687602803 ], [ 121.465398486483295, 24.878511271689916 ], [ 121.465250036503306, 24.877674761542576 ], [ 121.46482549190118, 24.876921039719605 ], [ 121.464166413294905, 24.876323883644336 ], [ 121.463337315761009, 24.875941744566223 ], [ 121.462419353699175, 24.875812026918336 ], [ 121.461502378189365, 24.875947427675388 ], [ 121.460676143820592, 24.876334693749786 ], [ 121.460021524934319, 24.876935918959447 ], [ 121.459602600316217, 24.877692253739681 ], [ 121.459460380669469, 24.87852966477562 ], [ 121.459608792886911, 24.879366181133751 ], [ 121.460033314710955, 24.880119917882926 ] ] ], [ [ [ 121.460589587810162, 24.980897132470574 ], [ 121.460268719447342, 24.981047401252297 ], [ 121.459827685815611, 24.980844292249529 ], [ 121.458908947925295, 24.980714565934441 ], [ 121.457991193794712, 24.980849954398145 ], [ 121.457164254198915, 24.981237205759541 ], [ 121.457015313395374, 24.981373877966746 ], [ 121.45656137863493, 24.981309774388379 ], [ 121.455643617279634, 24.981445148465387 ], [ 121.454816666160141, 24.98183238691373 ], [ 121.45432960638793, 24.982279307197832 ], [ 121.454274239932047, 24.981967451176896 ], [ 121.453849393233, 24.981213712762418 ], [ 121.453189803232434, 24.980616523657826 ], [ 121.452360035068438, 24.980234338333524 ], [ 121.451441308770001, 24.980104565738234 ], [ 121.450523550196408, 24.98023990821936 ], [ 121.449696590557139, 24.980627118395361 ], [ 121.449583943338553, 24.98073047576802 ], [ 121.449385570390106, 24.98063910129385 ], [ 121.448466843889335, 24.980509310344221 ], [ 121.447549078755088, 24.980644634565067 ], [ 121.44672210683872, 24.981031828361683 ], [ 121.446066874656267, 24.981632992635248 ], [ 121.445647521023602, 24.982389283798195 ], [ 121.44550509865482, 24.983226672816869 ], [ 121.44565355431601, 24.984063190919507 ], [ 121.446078361528606, 24.984816953003214 ], [ 121.446737940460906, 24.985414173455244 ], [ 121.44675737331616, 24.985423124697093 ], [ 121.446813655195839, 24.985740238467205 ], [ 121.447238475359867, 24.98649399689176 ], [ 121.44732771520583, 24.986574797733784 ], [ 121.447312601669282, 24.986577026049556 ], [ 121.446485589620153, 24.986964218786593 ], [ 121.44583032531115, 24.987565381993608 ], [ 121.445410950702851, 24.988321672188132 ], [ 121.445268520563644, 24.989159060431881 ], [ 121.44541698242196, 24.989995578029223 ], [ 121.445841809194306, 24.990749339926545 ], [ 121.446501419135487, 24.991346560528815 ], [ 121.447330691937722, 24.991728522467518 ], [ 121.446537914361258, 24.991616525029826 ], [ 121.445620064657533, 24.991751838328977 ], [ 121.444793012795955, 24.992139021944539 ], [ 121.444137713115808, 24.99274017777508 ], [ 121.443718311039547, 24.993496463060801 ], [ 121.443575864024865, 24.994333849344635 ], [ 121.443724321253498, 24.995170368123333 ], [ 121.444149156096785, 24.995924134227796 ], [ 121.444808786020815, 24.996521361650895 ], [ 121.44541499009442, 24.996800575456106 ], [ 121.445474452887439, 24.99690607365801 ], [ 121.446134094440239, 24.997503294965107 ], [ 121.446963960769907, 24.997885512771937 ], [ 121.447882815316063, 24.998015310920046 ], [ 121.448800708716419, 24.997879983162232 ], [ 121.449472022979663, 24.997565699943216 ], [ 121.449466578852665, 24.997597711893611 ], [ 121.449615080153492, 24.998434223819203 ], [ 121.450039962206475, 24.999187972115884 ], [ 121.450699637855607, 24.999785172518628 ], [ 121.45120131148299, 25.000016209147507 ], [ 121.451075703375849, 25.000242728860982 ], [ 121.450933299330813, 25.001080120846243 ], [ 121.451081815121313, 25.001916630719638 ], [ 121.45150671838762, 25.002670374182035 ], [ 121.452166419897537, 25.003267567441089 ], [ 121.452996343344793, 25.003649750496713 ], [ 121.453494698924175, 25.003720124988607 ], [ 121.45379642335277, 25.004255328737589 ], [ 121.454456144355163, 25.004852511439235 ], [ 121.454644740136615, 25.00493935634805 ], [ 121.454600074538874, 25.004945943122753 ], [ 121.453772964033178, 25.005333176820987 ], [ 121.453117639809477, 25.00593437151316 ], [ 121.45269824969526, 25.006690680636954 ], [ 121.452565243713607, 25.007472833158602 ], [ 121.452523954558941, 25.007492162835423 ], [ 121.452417683856268, 25.007589652732705 ], [ 121.452454966726577, 25.007370410509029 ], [ 121.452306434478061, 25.006533902840754 ], [ 121.451881512681425, 25.005780162308245 ], [ 121.451584103442812, 25.005510938984006 ], [ 121.451558408157766, 25.005366220171368 ], [ 121.451133495027406, 25.004612477263411 ], [ 121.450473791141391, 25.004015279561433 ], [ 121.44964387278641, 25.003633082374645 ], [ 121.449304199543647, 25.003585107104449 ], [ 121.449519103684636, 25.003197574583613 ], [ 121.44966151953777, 25.002360184021555 ], [ 121.44951301275691, 25.001523672652727 ], [ 121.449088125621074, 25.000769923154188 ], [ 121.449067197711244, 25.000750977086518 ], [ 121.449058634115403, 25.000735785155335 ], [ 121.448807301023081, 25.000508252183213 ], [ 121.448782500479965, 25.000368548214613 ], [ 121.448357621857141, 24.999614796395253 ], [ 121.448155265059697, 24.999431598347165 ], [ 121.447906617320697, 24.998990479971877 ], [ 121.447246959271709, 24.99839326687259 ], [ 121.446417088656389, 24.998011050729918 ], [ 121.445498235530494, 24.997881243506878 ], [ 121.444580338163334, 24.998016550938623 ], [ 121.443753241344822, 24.998403729073932 ], [ 121.443097903813552, 24.999004880348284 ], [ 121.442678474696848, 24.999761162448614 ], [ 121.442536014100298, 25.000598547230378 ], [ 121.442592929822538, 25.00091925181847 ], [ 121.442543997979854, 25.001206871240267 ], [ 121.442692457269558, 25.002043390260724 ], [ 121.443117310196129, 25.002797158378783 ], [ 121.443776972457002, 25.003394389389676 ], [ 121.444020189244526, 25.003506409521453 ], [ 121.444261303479763, 25.003934176683753 ], [ 121.444282231211218, 25.003953123422239 ], [ 121.444290794453906, 25.00396831562691 ], [ 121.444950468650518, 25.004565541175044 ], [ 121.44578037923489, 25.004947764616624 ], [ 121.445808842854163, 25.004951785475509 ], [ 121.445607749861225, 25.005136248071125 ], [ 121.445302022476341, 25.005687511605622 ], [ 121.445210742319759, 25.005771241873628 ], [ 121.444791303951078, 25.006527529384421 ], [ 121.44464885066931, 25.007364915340446 ], [ 121.444797332273481, 25.008201431270802 ], [ 121.44498071475104, 25.008526757679988 ], [ 121.444905247264657, 25.008537881429774 ], [ 121.444078081591627, 25.008925061784453 ], [ 121.443422690692742, 25.009526214389975 ], [ 121.443003228919423, 25.010282496804184 ], [ 121.442860759575879, 25.011119880852796 ], [ 121.443009234034392, 25.011956398252075 ], [ 121.44343412398463, 25.012710163967505 ], [ 121.444093841501569, 25.013307392028501 ], [ 121.44492380871425, 25.013689619027129 ], [ 121.445842779184673, 25.01381942790341 ], [ 121.446760792198688, 25.013684111359009 ], [ 121.447058054911793, 25.01354496767549 ], [ 121.447519862717328, 25.013757634130339 ], [ 121.448438836156285, 25.013887426916583 ], [ 121.449356846560889, 25.013752094378727 ], [ 121.450184027272186, 25.01336488469299 ], [ 121.450839404816591, 25.012763702772798 ], [ 121.451258826399922, 25.012007399057381 ], [ 121.451401239581202, 25.011170007841095 ], [ 121.451284609038481, 25.010513156155579 ], [ 121.451429826852973, 25.010379942499767 ], [ 121.451455327156893, 25.010523557525644 ], [ 121.451880263183554, 25.011277298604043 ], [ 121.452540013151591, 25.011874488846054 ], [ 121.453369996011176, 25.012256668545906 ], [ 121.45371176326978, 25.01230492621395 ], [ 121.453702757774948, 25.012357884479467 ], [ 121.453695287675984, 25.012371355266968 ], [ 121.453552888842083, 25.01320874834612 ], [ 121.453701438308457, 25.014045253789174 ], [ 121.454126400422169, 25.014798987729709 ], [ 121.454786180192229, 25.015396167305934 ], [ 121.455616193650911, 25.015778333855732 ], [ 121.456516884533016, 25.015905491983659 ], [ 121.456621532857056, 25.01600020758714 ], [ 121.457451555915355, 25.016382363722538 ], [ 121.458370558337151, 25.01651209465863 ], [ 121.459288576278865, 25.01637670072887 ], [ 121.459570412948437, 25.016244750542349 ], [ 121.459908919412044, 25.016400596531547 ], [ 121.460827924291237, 25.016530312239968 ], [ 121.461206662955078, 25.01647444825139 ], [ 121.461694108375397, 25.016915593105704 ], [ 121.461843039652493, 25.016984157096861 ], [ 121.461822623346919, 25.017104261889259 ], [ 121.461914534757568, 25.017621612481907 ], [ 121.461239783392287, 25.017937525967369 ], [ 121.460584430240857, 25.018538752983439 ], [ 121.46016504472999, 25.019295081846685 ], [ 121.460022682704292, 25.020132479834704 ], [ 121.460075342014918, 25.020428905778086 ], [ 121.460070041075156, 25.020460086619245 ], [ 121.460090896647344, 25.020577484856734 ], [ 121.46005688142391, 25.020638827483182 ], [ 121.460017227828217, 25.020872074328313 ], [ 121.459717967275921, 25.020734302481436 ], [ 121.459699385134769, 25.020731679666365 ], [ 121.459456043022442, 25.02051145293786 ], [ 121.458625985966819, 25.020129308687661 ], [ 121.457706956308613, 25.019999579780059 ], [ 121.45692323765708, 25.020115155274794 ], [ 121.456902326913536, 25.020078070757684 ], [ 121.456483345388406, 25.019698870321886 ], [ 121.456437284606395, 25.019439543112334 ], [ 121.45601229203875, 25.018685816670846 ], [ 121.456002353415414, 25.018676821507981 ], [ 121.455998886815109, 25.018670673429597 ], [ 121.455825425161137, 25.018513677923405 ], [ 121.455748706820913, 25.018081726755685 ], [ 121.455323723240184, 25.017327998083058 ], [ 121.454663930427117, 25.016730821229253 ], [ 121.453833913371938, 25.016348649461239 ], [ 121.452914916459932, 25.016218890397564 ], [ 121.451996892029214, 25.016354245060086 ], [ 121.451995479439901, 25.016354906316135 ], [ 121.451983487178083, 25.016356674430593 ], [ 121.451156292392284, 25.016743894173107 ], [ 121.450500895612279, 25.017345077443334 ], [ 121.450452333090652, 25.017432641305774 ], [ 121.449989146899881, 25.017219358252813 ], [ 121.449070147131096, 25.017089575474564 ], [ 121.448152111626626, 25.017224906531915 ], [ 121.447324898692955, 25.017612105162431 ], [ 121.446669478432284, 25.018213271797656 ], [ 121.446250008071061, 25.018969562623123 ], [ 121.446107551756526, 25.019806948641584 ], [ 121.446256059588336, 25.020643461376142 ], [ 121.446512427737403, 25.021098205811757 ], [ 121.446549046641124, 25.021304467048939 ], [ 121.446973991162935, 25.022058220960041 ], [ 121.447633776257888, 25.022655431636629 ], [ 121.44846381743892, 25.023037637371374 ], [ 121.449382861025057, 25.023167423185328 ], [ 121.449644848394328, 25.023128802735652 ], [ 121.449481884803532, 25.023422626369491 ], [ 121.449339445834539, 25.024260014751331 ], [ 121.449487981381765, 25.025096523378522 ], [ 121.449912957158404, 25.025850268073391 ], [ 121.450572776838953, 25.026447464920945 ], [ 121.451402852550103, 25.02682965356712 ], [ 121.45232192722942, 25.026959420705712 ], [ 121.452443824782634, 25.026941449467184 ], [ 121.452325383426484, 25.027155004098869 ], [ 121.452182959918233, 25.027992394576515 ], [ 121.452331519613637, 25.028828899610748 ], [ 121.452756525862895, 25.02958263537489 ], [ 121.453416379357705, 25.030179818827438 ], [ 121.454246488913952, 25.030561990925069 ], [ 121.455165594154863, 25.030691739981521 ], [ 121.456083721168341, 25.030556364555334 ], [ 121.456910991876612, 25.030169117022943 ], [ 121.457566423995189, 25.029567906004914 ], [ 121.457985859389638, 25.028811584790727 ], [ 121.45812824427172, 25.027974189388345 ], [ 121.457979646504, 25.027137690593204 ], [ 121.457803780178153, 25.026825821338612 ], [ 121.458018308064709, 25.027019965333274 ], [ 121.458848410010418, 25.027402111990433 ], [ 121.459767496008595, 25.027531832910032 ], [ 121.459976337742049, 25.027501032906791 ], [ 121.459988318660848, 25.027522278141614 ], [ 121.460648195419935, 25.02811942931308 ], [ 121.461478312713382, 25.028501561004681 ], [ 121.462397409405796, 25.028631265486492 ], [ 121.463315512421786, 25.02849584568192 ], [ 121.464142746033971, 25.028108558312823 ], [ 121.464670565524116, 25.027624344077047 ], [ 121.465261017651486, 25.028158632886235 ], [ 121.465876113347804, 25.02844175932383 ], [ 121.465737302557713, 25.029258440895983 ], [ 121.46588595558859, 25.030094930905513 ], [ 121.466311048471923, 25.030848626536017 ], [ 121.466488754049294, 25.031009421350053 ], [ 121.465797333512356, 25.031111419384114 ], [ 121.464970085283426, 25.031498716021769 ], [ 121.464314679712288, 25.03209995916454 ], [ 121.463895272592495, 25.03285629751047 ], [ 121.463752921887234, 25.03369369740971 ], [ 121.463901567363962, 25.034530189023481 ], [ 121.464326663976621, 25.035283889836215 ], [ 121.464986603569884, 25.035881020225688 ], [ 121.465816786528421, 25.036263126342146 ], [ 121.4667359452868, 25.03639280295895 ], [ 121.46765410069149, 25.036257355727738 ], [ 121.468481371885062, 25.035870044056274 ], [ 121.469136776537098, 25.035268782845502 ], [ 121.469556159205084, 25.034512430298761 ], [ 121.46963480393245, 25.034049663621534 ], [ 121.469833507626888, 25.034141114722157 ], [ 121.470752654320961, 25.034270766699805 ], [ 121.470922532565979, 25.034245701428425 ], [ 121.470735491814139, 25.034583038048357 ], [ 121.470593185872005, 25.035420443660719 ], [ 121.470741879902718, 25.036256927535103 ], [ 121.471167024107316, 25.037010607912059 ], [ 121.471827005670576, 25.037607707168746 ], [ 121.472657220866978, 25.037989774502709 ], [ 121.473576398973478, 25.038119408484324 ], [ 121.474494558941657, 25.037983918940014 ], [ 121.475321819467396, 25.037596569420892 ], [ 121.475977199265813, 25.03699527853373 ], [ 121.47639654532918, 25.036238907386974 ], [ 121.476538812618998, 25.035401496874684 ], [ 121.47639008051236, 25.034565019267816 ], [ 121.476199486070925, 25.034227166594121 ], [ 121.476548145367858, 25.033907270706919 ], [ 121.476967477740345, 25.033150897842756 ], [ 121.477109737956511, 25.032313486547164 ], [ 121.477020851659134, 25.031813585895666 ], [ 121.477707486721897, 25.031910409118399 ], [ 121.478625595602537, 25.031774894687597 ], [ 121.479452801452453, 25.031387522658211 ], [ 121.480108128340873, 25.030786213840383 ], [ 121.480527428440354, 25.030029831096996 ], [ 121.480669661211522, 25.029192416456173 ], [ 121.480569992059003, 25.02863194969532 ], [ 121.480667917969896, 25.028617493661947 ], [ 121.481495096211788, 25.028230110512759 ], [ 121.482150396490951, 25.027628792834495 ], [ 121.482569673585175, 25.026872404357007 ], [ 121.482711889206897, 25.026034987669114 ], [ 121.482563127788566, 25.0251985156447 ], [ 121.482137956538821, 25.024444867101874 ], [ 121.481477997438418, 25.023847812274603 ], [ 121.480647851747491, 25.023465792484291 ], [ 121.479728776435735, 25.023336200475605 ], [ 121.478810731511246, 25.023471720923162 ], [ 121.477983576203528, 25.023859089032204 ], [ 121.477638371183218, 25.024175847722152 ], [ 121.477324523871147, 25.024131588886821 ], [ 121.476923811384196, 25.024190735210468 ], [ 121.47659537135273, 25.023608486438274 ], [ 121.475935443172091, 25.023011406472762 ], [ 121.475105319757532, 25.022629355350279 ], [ 121.47418625589961, 25.022499728881865 ], [ 121.473268210485926, 25.0226352151142 ], [ 121.472749949374361, 25.022877901858465 ], [ 121.472397838266957, 25.022559305061225 ], [ 121.471567728519545, 25.02217723395572 ], [ 121.470648671366078, 25.022047585505018 ], [ 121.470094176288853, 25.022129405992075 ], [ 121.470106363243858, 25.022057686459654 ], [ 121.470047122629396, 25.02172437481234 ], [ 121.470776156958451, 25.021827221164155 ], [ 121.471694199385084, 25.021691750354712 ], [ 121.472521360649324, 25.021304417051233 ], [ 121.473165808133402, 25.020713103907177 ], [ 121.473193352889922, 25.020725781716486 ], [ 121.474112402571222, 25.020855414563822 ], [ 121.475030433761873, 25.020719923294557 ], [ 121.47512044813088, 25.020677769891282 ], [ 121.475559401501087, 25.02087979541146 ], [ 121.476478454557181, 25.021009413575708 ], [ 121.477396484032823, 25.020873907720038 ], [ 121.477589275476177, 25.020783620314504 ], [ 121.477756342154137, 25.020934776416347 ], [ 121.478468281311763, 25.021262424362348 ], [ 121.478682164571012, 25.021641585721635 ], [ 121.479342098379135, 25.022238653514972 ], [ 121.480172231836633, 25.022620680843207 ], [ 121.481091302222779, 25.022750270195171 ], [ 121.481477537835858, 25.022693248999879 ], [ 121.481776571632167, 25.022735410843161 ], [ 121.482694607507739, 25.022599872196785 ], [ 121.48352173918849, 25.022212478156248 ], [ 121.484176998006376, 25.021611151685917 ], [ 121.48459624279829, 25.020854757375563 ], [ 121.484738438437944, 25.020017338384154 ], [ 121.484589671312193, 25.019180867810412 ], [ 121.484211802725753, 25.018511057507961 ], [ 121.484582720217176, 25.018170656660352 ], [ 121.485001951198726, 25.017414261070392 ], [ 121.485144140538978, 25.016576841405968 ], [ 121.48508132375666, 25.016223639619849 ], [ 121.485396314570082, 25.015655305902712 ], [ 121.485538499419107, 25.014817885734637 ], [ 121.485409946155471, 25.014095064936445 ], [ 121.486264613327975, 25.01396885273321 ], [ 121.487091676105592, 25.013581439424105 ], [ 121.487746872198954, 25.012980097478849 ], [ 121.487780972410093, 25.012918566620293 ], [ 121.488219708256736, 25.012980411806232 ], [ 121.489137663985446, 25.012844834400859 ], [ 121.489964709991469, 25.012457405304506 ], [ 121.490619885996381, 25.011856050912971 ], [ 121.491039058945134, 25.011099638547968 ], [ 121.491064265381922, 25.010951136155601 ], [ 121.491763702617149, 25.010847818085701 ], [ 121.492590726854672, 25.010460374610435 ], [ 121.493245879440963, 25.009859008845659 ], [ 121.493665029614164, 25.009102589226135 ], [ 121.493807151509756, 25.008265161386003 ], [ 121.493711037155734, 25.007724913381711 ], [ 121.493955351953758, 25.007500648804868 ], [ 121.494374490007189, 25.006744227136334 ], [ 121.49447052208977, 25.006178347080844 ], [ 121.494734919398482, 25.00664698119456 ], [ 121.495394848065573, 25.007243978980203 ], [ 121.496224927888647, 25.007625918232375 ], [ 121.4971439013962, 25.007755410064874 ], [ 121.498061807574274, 25.007619778224594 ], [ 121.49888878997254, 25.00723230019528 ], [ 121.499543894541844, 25.00663090716322 ], [ 121.499962995222248, 25.005874470231912 ], [ 121.500002248105488, 25.00564310408534 ], [ 121.500348921302802, 25.005480664875225 ], [ 121.500837964223095, 25.005923041187526 ], [ 121.501157072735239, 25.006069858362714 ], [ 121.501026034125402, 25.006190157310215 ], [ 121.500606938976773, 25.006946597120521 ], [ 121.500464864661737, 25.007784030869963 ], [ 121.500613723888222, 25.008620485397813 ], [ 121.500732400185456, 25.008830807258022 ], [ 121.500630093172305, 25.008878744021445 ], [ 121.499974982262657, 25.009480141760097 ], [ 121.499555869832875, 25.010236578548717 ], [ 121.499413785003668, 25.011074011094493 ], [ 121.499562641512995, 25.011910466354838 ], [ 121.49998787364774, 25.012664065366248 ], [ 121.500647859974521, 25.013261038469238 ], [ 121.501477996293602, 25.013642947213054 ], [ 121.502397019600977, 25.013772405697996 ], [ 121.502442553928105, 25.01376567623285 ], [ 121.502474897983873, 25.01394739499101 ], [ 121.502900154986179, 25.01470098508241 ], [ 121.503560166225128, 25.015297944706862 ], [ 121.504390325061522, 25.015679836732769 ], [ 121.505093780862595, 25.015778913819371 ], [ 121.5050896737676, 25.015803126316943 ], [ 121.505238574927773, 25.016639574675651 ], [ 121.505623828848854, 25.017322226496372 ], [ 121.505342984263152, 25.017193037107845 ], [ 121.504423932678122, 25.017063597337366 ], [ 121.503505964211456, 25.017199269262612 ], [ 121.502678930612518, 25.017586773265947 ], [ 121.502023784441562, 25.018188179893812 ], [ 121.501604656110757, 25.018944621839466 ], [ 121.501546444542527, 25.019287728316275 ], [ 121.501407920787003, 25.019308198846627 ], [ 121.501309271527575, 25.019218974434896 ], [ 121.50047909789356, 25.018837065609393 ], [ 121.499560038571957, 25.018707595912527 ], [ 121.498642052005252, 25.018843238050408 ], [ 121.497814991713668, 25.019230715320276 ], [ 121.497159812868972, 25.019832100884976 ], [ 121.497065261109469, 25.020002731165491 ], [ 121.496932568125104, 25.020064895875187 ], [ 121.496791596976308, 25.019937385298892 ], [ 121.495961431977065, 25.019555451142271 ], [ 121.495042371511857, 25.019425953540132 ], [ 121.494124374135367, 25.019561567929209 ], [ 121.493297294425233, 25.019949020322073 ], [ 121.492642089452914, 25.020550386316206 ], [ 121.492222895383861, 25.021306802582682 ], [ 121.49208074933054, 25.02214422783954 ], [ 121.49222957102667, 25.022980689759571 ], [ 121.492654798170719, 25.023734308728461 ], [ 121.493314809821484, 25.024331313133018 ], [ 121.494144999302321, 25.024713261457165 ], [ 121.495064098405038, 25.024842763924799 ], [ 121.495283739960087, 25.024810316984187 ], [ 121.495903607996112, 25.025370983389731 ], [ 121.496208826903526, 25.025511399472492 ], [ 121.495621121672613, 25.025428596736464 ], [ 121.494703080470373, 25.02556421526641 ], [ 121.49460268364426, 25.02561124563454 ], [ 121.494334614689578, 25.025368775891494 ], [ 121.493504420194014, 25.024986828736459 ], [ 121.492585321474351, 25.024857316619109 ], [ 121.49166728082848, 25.024992916396332 ], [ 121.491362284333334, 25.025135782859561 ], [ 121.490662166831896, 25.025239188574904 ], [ 121.489835038176409, 25.025626622156835 ], [ 121.489179786417751, 25.026227973149634 ], [ 121.488760552300178, 25.02698437969347 ], [ 121.488728807917454, 25.027171356935153 ], [ 121.488188770386941, 25.02766695761272 ], [ 121.488167501531422, 25.027705331231871 ], [ 121.488058038262338, 25.027756601769823 ], [ 121.487402766578896, 25.028357945059973 ], [ 121.486983514477245, 25.029114346650175 ], [ 121.486841324750799, 25.029951766696477 ], [ 121.486932881461115, 25.030466458040948 ], [ 121.486360280708539, 25.030991914557315 ], [ 121.485941013504771, 25.031748313171327 ], [ 121.48579881397292, 25.032585732077123 ], [ 121.4859476070841, 25.03342219957085 ], [ 121.486372833338436, 25.034175835493514 ], [ 121.48703287188512, 25.034772866572133 ], [ 121.487863113416466, 25.035154848678367 ], [ 121.488661507516611, 25.035267367785771 ], [ 121.488886971025508, 25.035666936016167 ], [ 121.489547029648506, 25.036263955503468 ], [ 121.490018714753404, 25.036480959066996 ], [ 121.490008148396569, 25.036543195396973 ], [ 121.490156975239984, 25.037379657727438 ], [ 121.490582241079366, 25.038133280608299 ], [ 121.491242321188849, 25.038730292042306 ], [ 121.49207260219103, 25.03911224982361 ], [ 121.49299180691682, 25.03924176324875 ], [ 121.493464174184098, 25.039171995700585 ], [ 121.493112549115935, 25.039806403758206 ], [ 121.492970390112831, 25.040643828022919 ], [ 121.493119242453417, 25.04148028654453 ], [ 121.493544540841796, 25.042233900040532 ], [ 121.494204657365898, 25.042830897431561 ], [ 121.495034975083115, 25.043212837885921 ], [ 121.495954213228927, 25.043342332396229 ], [ 121.496872384874436, 25.043206704445744 ], [ 121.497224302231331, 25.043041866278717 ], [ 121.497443017806802, 25.043429389676085 ], [ 121.498103159393125, 25.044026369260948 ], [ 121.4984776279247, 25.0441986089936 ], [ 121.498407976675097, 25.044609003488024 ], [ 121.498556871088269, 25.045445455475694 ], [ 121.498982216550985, 25.046199052282439 ], [ 121.49964238054271, 25.046796024461518 ], [ 121.500472741472791, 25.047177933648697 ], [ 121.501113232326318, 25.047268133945487 ], [ 121.501126400649923, 25.047280041382002 ], [ 121.501956769310453, 25.047661942127089 ], [ 121.501960859870707, 25.047662518165314 ], [ 121.502097225162018, 25.04790410210305 ], [ 121.502757413264575, 25.048501059926231 ], [ 121.50293903501283, 25.048584588099853 ], [ 121.503054222438337, 25.04923152308584 ], [ 121.503479608649968, 25.049985106002172 ], [ 121.504139814666615, 25.050582057236575 ], [ 121.504970214782659, 25.050963940474585 ], [ 121.505102715703785, 25.050982596056084 ], [ 121.505019407054021, 25.051059054049805 ], [ 121.504600189337879, 25.051815502569543 ], [ 121.504458096247092, 25.052652935483962 ], [ 121.504607042340965, 25.053489379714858 ], [ 121.505032453148843, 25.054242957375777 ], [ 121.505406367904968, 25.054581028162243 ], [ 121.505186020372875, 25.054783250827935 ], [ 121.504766791450919, 25.055539699622305 ], [ 121.504765353565006, 25.055548173769527 ], [ 121.504599066409057, 25.055848216296585 ], [ 121.504456969176999, 25.056685648829838 ], [ 121.504605920653063, 25.057522092533432 ], [ 121.505031345840919, 25.058275669572392 ], [ 121.505691604416711, 25.058872612433081 ], [ 121.506522065529509, 25.059254485619757 ], [ 121.507441434372765, 25.05938390670962 ], [ 121.508359711218304, 25.05924820637464 ], [ 121.509140288808041, 25.058882551987633 ], [ 121.509080628800902, 25.059234222619548 ], [ 121.509096684020989, 25.059324360423922 ], [ 121.508672878918517, 25.059713310735084 ], [ 121.508253655387904, 25.060469768799859 ], [ 121.508111578325028, 25.06130720400483 ], [ 121.508260560723045, 25.062143643047097 ], [ 121.50839295469919, 25.062378135411851 ], [ 121.508332543987365, 25.062734208971353 ], [ 121.508481529791069, 25.063570647581038 ], [ 121.508907000061839, 25.064324212204685 ], [ 121.509113913545377, 25.064511264231918 ], [ 121.509207501621589, 25.065036661677055 ], [ 121.509574261965867, 25.065686227062645 ], [ 121.509504592564682, 25.066096886947978 ], [ 121.509653590805897, 25.066933323814737 ], [ 121.510079080190053, 25.067686884443443 ], [ 121.510619081842705, 25.068175027477576 ], [ 121.510506397625889, 25.068839254829967 ], [ 121.510655406323892, 25.06967569022374 ], [ 121.510794604624834, 25.069922207481738 ], [ 121.510460039283529, 25.069875123144612 ], [ 121.509541685996254, 25.070010837488212 ], [ 121.508714320826471, 25.070398377614492 ], [ 121.50805892878293, 25.07099981053971 ], [ 121.507639664347423, 25.071756266389137 ], [ 121.50749757153315, 25.072593700008916 ], [ 121.507646564878442, 25.073430138251826 ], [ 121.508072065292851, 25.074183703816246 ], [ 121.508732425091026, 25.074780630309832 ], [ 121.508868127949157, 25.074843019382286 ], [ 121.508934887906534, 25.075217774893822 ], [ 121.50904585849635, 25.075414298344036 ], [ 121.508875991457444, 25.075720776247074 ], [ 121.508733903010395, 25.076558210544587 ], [ 121.508882910039674, 25.077394646893982 ], [ 121.509308432116399, 25.078148208178558 ], [ 121.509690188323489, 25.078493276469992 ], [ 121.509408368251897, 25.078363716166788 ], [ 121.508488855498072, 25.078234309848042 ], [ 121.507570437631301, 25.078370012859434 ], [ 121.506743010373924, 25.078757542543478 ], [ 121.506087564810301, 25.07935896693915 ], [ 121.505668260660642, 25.080115417007629 ], [ 121.505553064001276, 25.080794229968497 ], [ 121.505235982132447, 25.081085169504426 ], [ 121.504816667023618, 25.08184161716531 ], [ 121.504674544608491, 25.082679047431768 ], [ 121.504823532325688, 25.083515487485776 ], [ 121.504845088880273, 25.083553663269967 ], [ 121.504662485600122, 25.083639179282006 ], [ 121.504007004150765, 25.084240594659537 ], [ 121.503587671037224, 25.084997038812812 ], [ 121.503445536996949, 25.085834467734646 ], [ 121.50359452060728, 25.086670908739006 ], [ 121.503647206209521, 25.086764212309888 ], [ 121.502951912021246, 25.087089812402144 ], [ 121.50229640400687, 25.087691220360803 ], [ 121.502271466161105, 25.087736203930575 ], [ 121.501660948428764, 25.087650261587047 ], [ 121.50074245216868, 25.087785923381301 ], [ 121.499914939948724, 25.088173415822748 ], [ 121.499477036783205, 25.088575157617022 ], [ 121.499061335126015, 25.088636550745584 ], [ 121.498233811766667, 25.089024033936791 ], [ 121.49757827017541, 25.089625421410304 ], [ 121.497158879469922, 25.090381847742709 ], [ 121.497016696024659, 25.091219270672593 ], [ 121.497165643254164, 25.092055718101964 ], [ 121.497591146588476, 25.092809311831399 ], [ 121.498251558062137, 25.093406282711111 ], [ 121.499082231859362, 25.093788192498593 ], [ 121.500001852349953, 25.093917655184107 ], [ 121.500920395163206, 25.093781997365198 ], [ 121.501747941505641, 25.093394499072321 ], [ 121.502185853990312, 25.092992750684434 ], [ 121.502601568603083, 25.092931348633272 ], [ 121.503429103802361, 25.092543841089245 ], [ 121.503961706129459, 25.092055206631048 ], [ 121.504107807000082, 25.092313929859554 ], [ 121.503949225201282, 25.092599982494651 ], [ 121.503807085816931, 25.093437411006562 ], [ 121.503956082055453, 25.094273850612499 ], [ 121.504381634549603, 25.095027423877379 ], [ 121.505042090520661, 25.09562436365356 ], [ 121.505872799795213, 25.096006234742934 ], [ 121.506792443268324, 25.09613565492446 ], [ 121.507710994318415, 25.095999954957577 ], [ 121.508538533345686, 25.095612418999981 ], [ 121.509194051800847, 25.095010983917994 ], [ 121.509613383112978, 25.094254524941594 ], [ 121.509755483705675, 25.09341709156341 ], [ 121.509606449293315, 25.092580658287904 ], [ 121.509285469389354, 25.092012306446701 ], [ 121.509444037941051, 25.091726248291426 ], [ 121.50958613709615, 25.090888814819053 ], [ 121.509455186624365, 25.090153852766033 ], [ 121.509931468005988, 25.090584316544465 ], [ 121.510762157609449, 25.090966160810108 ], [ 121.511681767872972, 25.091095551281725 ], [ 121.51260027542682, 25.090959821628136 ], [ 121.513427764930839, 25.090572258913795 ], [ 121.514083232685422, 25.089970802624308 ], [ 121.514502517083926, 25.089214330064983 ], [ 121.514644579142356, 25.088376892056917 ], [ 121.514495518345981, 25.087540463556618 ], [ 121.514069931223929, 25.0867869191129 ], [ 121.513409480469207, 25.086190018759876 ], [ 121.512578815459278, 25.085808188690685 ], [ 121.512231090789669, 25.085759263812868 ], [ 121.512167813083636, 25.085404144942476 ], [ 121.511833779650914, 25.084812670415054 ], [ 121.512654285646903, 25.084428365189634 ], [ 121.513309725096164, 25.08382691228045 ], [ 121.513728994081816, 25.083070441540094 ], [ 121.513871055127268, 25.082233003611154 ], [ 121.513722007815119, 25.081396573442298 ], [ 121.513296447352758, 25.080643025746085 ], [ 121.512636033822744, 25.080046120875657 ], [ 121.511805412958907, 25.0796642854671 ], [ 121.511018568808524, 25.079553564780372 ], [ 121.510899368095281, 25.079342481249331 ], [ 121.510517605879031, 25.078997416202562 ], [ 121.510799428541432, 25.079126974347123 ], [ 121.511718950137436, 25.07925636619143 ], [ 121.51263736953635, 25.079120637492185 ], [ 121.513464780030631, 25.078733075220011 ], [ 121.514120185656822, 25.078131618816094 ], [ 121.514213391086955, 25.077963442696184 ], [ 121.514482705749316, 25.077923637596903 ], [ 121.51531010226357, 25.077536065195254 ], [ 121.515437638704455, 25.077419023191116 ], [ 121.515724277336545, 25.077926574955185 ], [ 121.51638469400919, 25.078523466195726 ], [ 121.517215320819403, 25.078905275930143 ], [ 121.517994828800653, 25.07901493165884 ], [ 121.518426314975756, 25.079404897487034 ], [ 121.519256953898108, 25.079786695553064 ], [ 121.519922319227177, 25.079880284630001 ], [ 121.519913134095475, 25.079934447544662 ], [ 121.520062221396927, 25.080770871014558 ], [ 121.520487823362515, 25.081524398626257 ], [ 121.521148282364848, 25.082121267700256 ], [ 121.521978947929313, 25.082503049960874 ], [ 121.52230753674678, 25.082549261731053 ], [ 121.521778816913539, 25.083034502766111 ], [ 121.521146513038587, 25.083127985778976 ], [ 121.521115532082277, 25.083123628515608 ], [ 121.520197093260364, 25.083259409938517 ], [ 121.519619673892691, 25.083529899583944 ], [ 121.519278884084301, 25.083373264600752 ], [ 121.518359324602727, 25.083243920287249 ], [ 121.517440881514929, 25.083379684712547 ], [ 121.516613453011402, 25.083767269209755 ], [ 121.515958030299942, 25.084368736454074 ], [ 121.515538770866542, 25.085125213212891 ], [ 121.515396718239032, 25.085962652285865 ], [ 121.515396721555121, 25.08596267089322 ], [ 121.515125010838531, 25.086452912992371 ], [ 121.514982954028554, 25.087290351589274 ], [ 121.515132017793249, 25.088126779580055 ], [ 121.51544893242972, 25.088687892252473 ], [ 121.51505529571277, 25.089049104795549 ], [ 121.514636015286385, 25.089805578870784 ], [ 121.514493951706442, 25.090643016737218 ], [ 121.514533264400313, 25.090863607956166 ], [ 121.514396067319822, 25.091111136865166 ], [ 121.514276376174365, 25.091816679151307 ], [ 121.513991684404004, 25.091776628618035 ], [ 121.51307317246895, 25.091912366943397 ], [ 121.512245672877228, 25.092299927770782 ], [ 121.511590183792606, 25.09290137609262 ], [ 121.511170869197059, 25.093657840529595 ], [ 121.51102877801857, 25.09449527508885 ], [ 121.511177824642132, 25.095331706531269 ], [ 121.511603424768069, 25.096085258219372 ], [ 121.51184949954073, 25.09630764317474 ], [ 121.511726717027912, 25.097031290050527 ], [ 121.511738534006781, 25.097097602232182 ], [ 121.511735208484509, 25.09711720184762 ], [ 121.511884263415368, 25.097953632159669 ], [ 121.512309877209589, 25.098707181343674 ], [ 121.512326488110546, 25.098722192645123 ], [ 121.512336193630077, 25.098739376134013 ], [ 121.512996707808725, 25.099336279273686 ], [ 121.513827466223404, 25.099718104839798 ], [ 121.514747144956516, 25.099847475068124 ], [ 121.514751067395324, 25.099846895408582 ], [ 121.514755188203623, 25.099847475064703 ], [ 121.515673757170546, 25.099711725556283 ], [ 121.51650129500976, 25.099324145370048 ], [ 121.517156793289388, 25.098722675703097 ], [ 121.517343286253592, 25.098386210793976 ], [ 121.51739074028589, 25.098408019806037 ], [ 121.51773716222776, 25.098456743382428 ], [ 121.517455364669686, 25.098965156539066 ], [ 121.517009488769332, 25.099173989140013 ], [ 121.516353987393771, 25.099775458169432 ], [ 121.515934679729597, 25.100531935281261 ], [ 121.515927318926529, 25.100575325446311 ], [ 121.515055106095602, 25.100704225127508 ], [ 121.514227554340579, 25.101091797393448 ], [ 121.513572029080649, 25.101693254352313 ], [ 121.513504889932364, 25.10181437341155 ], [ 121.513368189968261, 25.101690842658996 ], [ 121.512537419486691, 25.10130901481017 ], [ 121.511617731856958, 25.101179631041912 ], [ 121.510699146999585, 25.101315355648623 ], [ 121.509871576976693, 25.101702903860414 ], [ 121.509216026844186, 25.102304341905207 ], [ 121.508796666559178, 25.103060799410787 ], [ 121.508654549523257, 25.103898231063997 ], [ 121.50880359265507, 25.104734663910996 ], [ 121.509229211999724, 25.10548822117693 ], [ 121.509889748235423, 25.106085137278654 ], [ 121.510720543330535, 25.106466979334261 ], [ 121.510748984950595, 25.106470980637997 ], [ 121.510848555040496, 25.107029703221631 ], [ 121.511149543562126, 25.107562572871505 ], [ 121.510749473087117, 25.107749917650189 ], [ 121.51009389564291, 25.108351359527369 ], [ 121.509818876031417, 25.108847435451494 ], [ 121.509720769735409, 25.108833633034035 ], [ 121.508802125536235, 25.10896934668482 ], [ 121.507974498270912, 25.109356884816037 ], [ 121.507318898596878, 25.109958314642881 ], [ 121.506899501320177, 25.110714766598459 ], [ 121.50675736346443, 25.111552195913841 ], [ 121.50690640398831, 25.112388629864693 ], [ 121.507332039194665, 25.113142191568233 ], [ 121.507992608210799, 25.113739115006435 ], [ 121.508590030125021, 25.114013688519144 ], [ 121.50800442557302, 25.114287887734449 ], [ 121.507348800202308, 25.114889317705067 ], [ 121.506971408212721, 25.1155699804685 ], [ 121.506908073942313, 25.115457853214949 ], [ 121.506247500706976, 25.114860925144637 ], [ 121.505416661806294, 25.114479059128438 ], [ 121.504496882043938, 25.114349632853159 ], [ 121.503578190355739, 25.114485314772139 ], [ 121.502750509256686, 25.114872824293101 ], [ 121.502094854671611, 25.115474231431659 ], [ 121.501675406780251, 25.116230668842483 ], [ 121.501533227560529, 25.117068093181565 ], [ 121.501682240021339, 25.117904532212972 ], [ 121.502107863214562, 25.118658108557455 ], [ 121.502236478870742, 25.118774336355685 ], [ 121.502231074943637, 25.118806165540292 ], [ 121.501783192810166, 25.118872304962132 ], [ 121.500955476573807, 25.119259804778665 ], [ 121.500753284112491, 25.119445257765197 ], [ 121.50060279768249, 25.119376088205971 ], [ 121.499682985681872, 25.119246632638809 ], [ 121.498764251612769, 25.11938228528561 ], [ 121.49793652213684, 25.119769768418664 ], [ 121.49728081791244, 25.120371154636484 ], [ 121.49686132397693, 25.121127578642184 ], [ 121.496719106815249, 25.121964998405026 ], [ 121.496868093151349, 25.122801442138204 ], [ 121.496892217326518, 25.122844156816722 ], [ 121.496886773606619, 25.122849149419167 ], [ 121.496467269045453, 25.123605572224662 ], [ 121.496325046634354, 25.124442991415634 ], [ 121.496334792608337, 25.124497707712617 ], [ 121.496308724782793, 25.124509909856684 ], [ 121.49631064500683, 25.124506447494635 ], [ 121.496452867581851, 25.123669028321999 ], [ 121.496303882903774, 25.122832584241802 ], [ 121.495878280062655, 25.122078991330362 ], [ 121.495217723300641, 25.121482014365046 ], [ 121.494386872376907, 25.121100087034183 ], [ 121.493467053273221, 25.12097059302441 ], [ 121.492548298775446, 25.121106207416908 ], [ 121.49172053754387, 25.121493656227344 ], [ 121.491064793343568, 25.12209501541335 ], [ 121.49064525512334, 25.122851422324342 ], [ 121.490502993701867, 25.123688836603879 ], [ 121.490651940135578, 25.12452528700323 ], [ 121.491077519942479, 25.125278895032384 ], [ 121.49173807767869, 25.125875890139515 ], [ 121.492568953212924, 25.126257831706752 ], [ 121.493488811163047, 25.126387330609628 ], [ 121.494407603905174, 25.126251709897968 ], [ 121.494913143317973, 25.12601508110188 ], [ 121.494911223031409, 25.126018543446083 ], [ 121.494768987494538, 25.12685596107713 ], [ 121.494917967134526, 25.127692406333036 ], [ 121.495343584219455, 25.128446001226248 ], [ 121.495663670979027, 25.128735262400017 ], [ 121.495752937853865, 25.129236422535541 ], [ 121.495956638305756, 25.1295970843099 ], [ 121.495611974454775, 25.130218516145831 ], [ 121.495470862454837, 25.131049321801132 ], [ 121.495132403981501, 25.131207740271542 ], [ 121.494476625774482, 25.131809114302929 ], [ 121.494057076658379, 25.132565530069318 ], [ 121.493914828521014, 25.133402946347935 ], [ 121.494063811121634, 25.13423939169401 ], [ 121.494489446440426, 25.134992988111122 ], [ 121.494655673951783, 25.135143201027674 ], [ 121.494255554936416, 25.135510112558585 ], [ 121.493835992220397, 25.136266527536019 ], [ 121.493693738747325, 25.137103943273928 ], [ 121.493842724799833, 25.137940388380677 ], [ 121.494268372021367, 25.138693984883137 ], [ 121.494929018370655, 25.139290963356153 ], [ 121.495759995041439, 25.139672884808522 ], [ 121.496679956748451, 25.13980236208392 ], [ 121.497453323105944, 25.139688202057702 ], [ 121.496815427905673, 25.140273157213667 ], [ 121.496395865358309, 25.141029578963533 ], [ 121.496253624471649, 25.141866996440733 ], [ 121.496402634297837, 25.142703438083 ], [ 121.496828314154328, 25.143457026255657 ], [ 121.497488998805665, 25.144053992348134 ], [ 121.498320015695526, 25.144435898580578 ], [ 121.499169462971921, 25.144555431461995 ], [ 121.499171611689604, 25.144567491067775 ], [ 121.499597315077182, 25.14532107073433 ], [ 121.500258023170488, 25.145918023965883 ], [ 121.501089061117852, 25.146299914241286 ], [ 121.502009077633318, 25.146429357456093 ], [ 121.50292800956494, 25.146293682112315 ], [ 121.503755900014497, 25.145906169958234 ], [ 121.50441170602295, 25.145304755534344 ], [ 121.504831232870544, 25.144548312054347 ], [ 121.504973417848717, 25.14371088749936 ], [ 121.504855466716137, 25.143049061973105 ], [ 121.505194186215803, 25.142438306064687 ], [ 121.505336366537279, 25.141600881000333 ], [ 121.505241817594083, 25.1410703648877 ], [ 121.505718900292351, 25.140999913467628 ], [ 121.505902520093642, 25.141165806887706 ], [ 121.506733542556702, 25.141547665968655 ], [ 121.506787038993039, 25.141555191142942 ], [ 121.506746631068054, 25.14179320714474 ], [ 121.506895712102136, 25.142629637134661 ], [ 121.507321455554276, 25.143383194168219 ], [ 121.507391471843192, 25.143446448476187 ], [ 121.507474582735355, 25.143593551500523 ], [ 121.508135319026053, 25.144190469284712 ], [ 121.508966368855397, 25.144572315255925 ], [ 121.509886379772936, 25.144701709647681 ], [ 121.510805289174556, 25.144565985742815 ], [ 121.511633142368595, 25.144178430044672 ], [ 121.512063932289649, 25.143783318563866 ], [ 121.512775852207412, 25.14388343213135 ], [ 121.5136947519632, 25.143747690434502 ], [ 121.514522590255169, 25.143360118777338 ], [ 121.515178329232825, 25.14275865752602 ], [ 121.515597780740777, 25.142002184477739 ], [ 121.515739889447275, 25.141164750506299 ], [ 121.515636244189679, 25.140583475900133 ], [ 121.515773955669516, 25.140563130043383 ], [ 121.516601765889135, 25.140175547046852 ], [ 121.517257477789812, 25.139574076767538 ], [ 121.517676905867262, 25.138817597885971 ], [ 121.517786730124314, 25.138170333005533 ], [ 121.517922162649981, 25.137926063453119 ], [ 121.518064251273586, 25.137088627121159 ], [ 121.517915101807674, 25.136252208844525 ], [ 121.517489319474848, 25.135498682168784 ], [ 121.5168285860846, 25.134901805383691 ], [ 121.515997578679574, 25.134520002369729 ], [ 121.515077638551745, 25.134390644646057 ], [ 121.514158810327856, 25.13452639395717 ], [ 121.513331029883062, 25.134913963116887 ], [ 121.512675322865732, 25.135515416306212 ], [ 121.51251871590182, 25.135797854597854 ], [ 121.512207678319129, 25.135516858372881 ], [ 121.511376680588668, 25.13513502931313 ], [ 121.510864952083551, 25.135063057228024 ], [ 121.510501698413691, 25.134734877866563 ], [ 121.510455918265819, 25.134713842063395 ], [ 121.510482003765702, 25.13456015396822 ], [ 121.510332909205715, 25.133723726909139 ], [ 121.510326619570876, 25.133712594148548 ], [ 121.510324865714111, 25.133702754857858 ], [ 121.509899138683991, 25.13294920523678 ], [ 121.50923845549832, 25.132352293602427 ], [ 121.50840748828746, 25.131970447246836 ], [ 121.507487574411115, 25.131841041931011 ], [ 121.507110941977729, 25.131896668246316 ], [ 121.507236198770983, 25.131158794642779 ], [ 121.507087130825127, 25.130322363524325 ], [ 121.506999732663076, 25.130167653392149 ], [ 121.50713530143544, 25.130229953073588 ], [ 121.508055202881721, 25.130359360798995 ], [ 121.508974007481342, 25.130223649642733 ], [ 121.509801770805439, 25.129836104859312 ], [ 121.510457462343169, 25.12923466418243 ], [ 121.510876898581557, 25.128478203393716 ], [ 121.511019025679929, 25.127640772166284 ], [ 121.510869936768216, 25.126804344795005 ], [ 121.510444231139402, 25.126050795717497 ], [ 121.510244185250968, 25.125870050717399 ], [ 121.509878535537069, 25.125222795736008 ], [ 121.509782740857062, 25.125136242310276 ], [ 121.510062615641104, 25.12517561123714 ], [ 121.510606512054494, 25.125095265621564 ], [ 121.511165473076233, 25.125600295387443 ], [ 121.511920483397319, 25.12594723973416 ], [ 121.512009922764847, 25.126448998432448 ], [ 121.512435639339813, 25.127202542799104 ], [ 121.513096309614255, 25.127799440784646 ], [ 121.513927262434905, 25.128181261277966 ], [ 121.514847154849079, 25.128310627008716 ], [ 121.515765935857019, 25.128174874066886 ], [ 121.516593663340359, 25.127787291798544 ], [ 121.517249310298567, 25.127185821607338 ], [ 121.517668697584298, 25.126429342163707 ], [ 121.517687355286952, 25.126319370859161 ], [ 121.518133414921138, 25.126253455074199 ], [ 121.518961121848179, 25.125865859809554 ], [ 121.519616746937245, 25.125264379339217 ], [ 121.520036113182343, 25.124507893339633 ], [ 121.520178173595582, 25.123670453950144 ], [ 121.520029027834056, 25.122834036262571 ], [ 121.519603280753671, 25.122080513764882 ], [ 121.518942610710297, 25.121483644338891 ], [ 121.518448074589145, 25.121256415097029 ], [ 121.519228549694049, 25.121366157399454 ], [ 121.520147273545888, 25.121230378078383 ], [ 121.520974940365477, 25.120842771950862 ], [ 121.521231147516474, 25.120607708190491 ], [ 121.521674377987011, 25.121008126491372 ], [ 121.52250531019655, 25.121389899550199 ], [ 121.523425159621254, 25.121519212830389 ], [ 121.524343879470791, 25.121383407558138 ], [ 121.524648738313175, 25.121240628645293 ], [ 121.524535121107803, 25.121910556602277 ], [ 121.524684296216378, 25.122746969382792 ], [ 121.525110076566378, 25.123500476678771 ], [ 121.525770787075317, 25.124097317794799 ], [ 121.526179747405038, 25.124285196932167 ], [ 121.526384683695468, 25.124647861165215 ], [ 121.527045406566174, 25.125244696306719 ], [ 121.527876383791138, 25.125626438303403 ], [ 121.528796270026191, 25.125755717570751 ], [ 121.529715014875975, 25.125619878665347 ], [ 121.530069900491384, 25.125453659216586 ], [ 121.530140264972715, 25.125848073594828 ], [ 121.53016421925895, 25.125890460646666 ], [ 121.529421874502944, 25.126238154078067 ], [ 121.528766293169639, 25.126839677150134 ], [ 121.528346973492262, 25.127596186873191 ], [ 121.528204964906422, 25.128433632822457 ], [ 121.528354173723685, 25.12927004064154 ], [ 121.52877999977612, 25.1300235360006 ], [ 121.52879966720873, 25.130041300396201 ], [ 121.528802788321286, 25.130046823134233 ], [ 121.529463552289286, 25.130643646397882 ], [ 121.530294573621504, 25.131025373840441 ], [ 121.531214502654692, 25.131154637301869 ], [ 121.532133284802342, 25.131018782886244 ], [ 121.532960977835174, 25.130631109876063 ], [ 121.533616558128159, 25.130029568559728 ], [ 121.534035853064196, 25.129273044570201 ], [ 121.534177822639649, 25.128435593764209 ], [ 121.53414490695107, 25.128251130908481 ], [ 121.534461883264086, 25.128537416949715 ], [ 121.535292905194652, 25.128919116450334 ], [ 121.536212823051528, 25.129048349093665 ], [ 121.537131583342457, 25.128912464001584 ], [ 121.537959245978669, 25.128524763460359 ], [ 121.538614790312124, 25.127923200453722 ], [ 121.539034047247085, 25.127166662737601 ], [ 121.539175980500403, 25.126329207511528 ], [ 121.539026702178887, 25.125492811413697 ], [ 121.538600830113381, 25.124739345814746 ], [ 121.537940054890285, 25.124142563024204 ], [ 121.53710905764126, 25.123760877723004 ], [ 121.536189178661346, 25.123631649911502 ], [ 121.535750168415802, 25.12369658013758 ], [ 121.535641759246786, 25.123089060128827 ], [ 121.535215916375591, 25.122335584079163 ], [ 121.534555170456599, 25.121738785520233 ], [ 121.534541076511971, 25.121732311552243 ], [ 121.534247820269329, 25.121213415736907 ], [ 121.534213619682902, 25.121182524580444 ], [ 121.534118671534529, 25.120650389270068 ], [ 121.534781915802142, 25.120552299292505 ], [ 121.535609530317174, 25.120164612245727 ], [ 121.53585183734117, 25.119942252119277 ], [ 121.536318022968942, 25.120156388716239 ], [ 121.537237875975208, 25.120285616217132 ], [ 121.538156569663514, 25.120149725716125 ], [ 121.538984170467373, 25.119762020028819 ], [ 121.539208959358547, 25.11955572498988 ], [ 121.539852970968411, 25.119254018637147 ], [ 121.540508457303275, 25.118652447483584 ], [ 121.540927671979532, 25.117895904190465 ], [ 121.541069582849317, 25.117058446502142 ], [ 121.540920304207916, 25.116222051297104 ], [ 121.540494453914576, 25.115468589858551 ], [ 121.540235557255883, 25.115234754955019 ], [ 121.540605765004614, 25.114566638746574 ], [ 121.540747674686585, 25.113729181019579 ], [ 121.540598402729543, 25.112892785012491 ], [ 121.540594340507894, 25.112885597482649 ], [ 121.540736720906636, 25.112628637188017 ], [ 121.540878627722066, 25.111791179170019 ], [ 121.540729357495692, 25.110954783052748 ], [ 121.540303527261614, 25.110201320208905 ], [ 121.539642823508515, 25.109604542679531 ], [ 121.539127095526112, 25.109367642196091 ], [ 121.538772286699654, 25.108739818264013 ], [ 121.538111598240718, 25.108143033540387 ], [ 121.537280709655292, 25.107761346594963 ], [ 121.536360950604646, 25.107632117590573 ], [ 121.535442347996565, 25.107767995677111 ], [ 121.534614815631031, 25.108155681066329 ], [ 121.533959354882356, 25.108757226561959 ], [ 121.533760235739976, 25.109116551615127 ], [ 121.533414733389506, 25.108957826989009 ], [ 121.532779590462539, 25.10838407266046 ], [ 121.531948716193241, 25.10800235560464 ], [ 121.531598376743702, 25.107953119742863 ], [ 121.53122344936591, 25.10761441926396 ], [ 121.531410689005185, 25.10752670620856 ], [ 121.532142307831023, 25.107418507143869 ], [ 121.532969843351893, 25.107030835467459 ], [ 121.533625299992778, 25.106429294278094 ], [ 121.53404451724046, 25.105672769193546 ], [ 121.534134973981494, 25.105139091710491 ], [ 121.534357050486776, 25.105241116352715 ], [ 121.535276789741701, 25.105370358158034 ], [ 121.536195374691843, 25.105234481346709 ], [ 121.53643667565261, 25.105121430652805 ], [ 121.536448261890456, 25.105186368030967 ], [ 121.536874050730816, 25.105939843134365 ], [ 121.537534721238472, 25.106536633844577 ], [ 121.538365602230598, 25.106918319553884 ], [ 121.539285357783996, 25.107047536190695 ], [ 121.540203950300025, 25.106911634445137 ], [ 121.54103145611964, 25.106523918233439 ], [ 121.541686869949615, 25.105922342071569 ], [ 121.542106035469629, 25.10516579500058 ], [ 121.542247925341528, 25.104328335133264 ], [ 121.542161577476335, 25.103844507004691 ], [ 121.542859274858372, 25.104164992155354 ], [ 121.543779013917046, 25.104294181235318 ], [ 121.543809238077941, 25.104289708767755 ], [ 121.543999287870363, 25.104316402898913 ], [ 121.544917854241618, 25.104180472333596 ], [ 121.545745326456426, 25.103792730234321 ], [ 121.545865627628785, 25.103682301503873 ], [ 121.546011732312252, 25.103940808319944 ], [ 121.546672435412404, 25.104537557918704 ], [ 121.546692636739991, 25.104546836580493 ], [ 121.546693435655001, 25.104547558157979 ], [ 121.546705573316572, 25.104553133099181 ], [ 121.54675080982453, 25.104593990537627 ], [ 121.547581705131591, 25.104975624450567 ], [ 121.548501454637361, 25.105104784042883 ], [ 121.549420021334925, 25.104968825590557 ], [ 121.550247484093916, 25.104581058562509 ], [ 121.55027848327164, 25.104552601622537 ], [ 121.550826200716614, 25.105047268914188 ], [ 121.551657111297871, 25.10542887970357 ], [ 121.552576867966863, 25.105558013881925 ], [ 121.553495433015058, 25.105422030213763 ], [ 121.553761980741911, 25.105297112106104 ], [ 121.553927041434079, 25.10544617754994 ], [ 121.554757964003144, 25.105827770734482 ], [ 121.555677726524792, 25.105956885567249 ], [ 121.556596290717195, 25.105820882707061 ], [ 121.557423735695664, 25.10543307597128 ], [ 121.558079062126467, 25.10483142873893 ], [ 121.558498122249134, 25.104074837007769 ], [ 121.558639899045957, 25.103237363260032 ], [ 121.558490519933628, 25.102400985942108 ], [ 121.558064612600575, 25.101647574583197 ], [ 121.558035837364415, 25.101621588604722 ], [ 121.558334139037441, 25.101083007972328 ], [ 121.558475913928817, 25.100245534085403 ], [ 121.558326539985941, 25.099409156184645 ], [ 121.557900644390372, 25.098655743856472 ], [ 121.557239920022766, 25.098059044195971 ], [ 121.556409043031394, 25.097677463749836 ], [ 121.555489341940103, 25.09754835225942 ], [ 121.554570837984613, 25.097684347375832 ], [ 121.553743435312782, 25.09807213785863 ], [ 121.553088122609765, 25.098673766225723 ], [ 121.552691367814688, 25.09939004622311 ], [ 121.552469557919608, 25.099288173313088 ], [ 121.552353735206708, 25.09927191105924 ], [ 121.552146460704648, 25.098905202051235 ], [ 121.551485762360244, 25.098308476323883 ], [ 121.550654900855747, 25.097926863381982 ], [ 121.549735203200285, 25.097797716147049 ], [ 121.548816690293663, 25.097933675767905 ], [ 121.547989267159352, 25.098321434477523 ], [ 121.547596378523949, 25.09868210660213 ], [ 121.546890414540286, 25.098786593828301 ], [ 121.54606297943036, 25.099174341947766 ], [ 121.545766109985465, 25.099446859032849 ], [ 121.545725879450359, 25.099410520839339 ], [ 121.544895027644984, 25.09902887551327 ], [ 121.543975327046169, 25.098899692620829 ], [ 121.543945104212725, 25.098904165103107 ], [ 121.543755062818846, 25.098877470742423 ], [ 121.542836534508993, 25.099013393559321 ], [ 121.542009084648271, 25.099401119292779 ], [ 121.541353706538018, 25.100002696797468 ], [ 121.540934553305547, 25.10075924204952 ], [ 121.54079265809159, 25.101596701142178 ], [ 121.540878998829697, 25.102080530330184 ], [ 121.540692793031624, 25.101994993098856 ], [ 121.540718473280648, 25.101948642819071 ], [ 121.540860369359081, 25.101111183821725 ], [ 121.540711113686015, 25.100274786268436 ], [ 121.540285321867813, 25.099521321672899 ], [ 121.539624676630879, 25.098924542248628 ], [ 121.538793846382561, 25.098542862350001 ], [ 121.537874155074931, 25.098413641451117 ], [ 121.53695562298725, 25.098549527909086 ], [ 121.536449193762905, 25.098786806380932 ], [ 121.536687532526841, 25.098356649980019 ], [ 121.537238174804671, 25.0978512393256 ], [ 121.537657341433373, 25.09709470401026 ], [ 121.537799253478582, 25.096257247142013 ], [ 121.537650025114033, 25.095420845519005 ], [ 121.53722426927186, 25.094667371054108 ], [ 121.536563665156692, 25.09407057692777 ], [ 121.535732877151432, 25.093688878934056 ], [ 121.534813225074771, 25.093559638318414 ], [ 121.533894725367375, 25.093695505367517 ], [ 121.533117073569414, 25.094059852985094 ], [ 121.533066305348498, 25.09377523835801 ], [ 121.53264058321659, 25.093021750013527 ], [ 121.532520388243299, 25.092913156842496 ], [ 121.533256360667565, 25.093016597317689 ], [ 121.534174856104627, 25.092880734280602 ], [ 121.535002288085622, 25.092493052226427 ], [ 121.535657658546313, 25.091891502325463 ], [ 121.536076815409899, 25.091134971046539 ], [ 121.536218732181652, 25.090297514956053 ], [ 121.536069522570813, 25.089461110776142 ], [ 121.535643797672094, 25.08870763067052 ], [ 121.535084141552318, 25.088201996586928 ], [ 121.535119820668911, 25.087991459602936 ], [ 121.534970621615301, 25.08715505388918 ], [ 121.534544911642925, 25.08640157015407 ], [ 121.533884365465596, 25.085804762486603 ], [ 121.53305364179559, 25.085423048007314 ], [ 121.532134054156131, 25.085293789575818 ], [ 121.531900442586448, 25.085328344384244 ], [ 121.531848830294791, 25.085038958067209 ], [ 121.531623848871675, 25.084640724516436 ], [ 121.531648427756693, 25.084495709240418 ], [ 121.532134880953691, 25.084049199273803 ], [ 121.53255403392005, 25.08329267723402 ], [ 121.532695966751703, 25.082455223385256 ], [ 121.532546791583258, 25.081618814230652 ], [ 121.532255250258359, 25.081102755555175 ], [ 121.532319804517172, 25.08113241979548 ], [ 121.533239361149541, 25.081261677657132 ], [ 121.53415776912847, 25.081125815958618 ], [ 121.534985122865635, 25.080738134693899 ], [ 121.535640431957901, 25.080136584954879 ], [ 121.536059550335636, 25.079380053193137 ], [ 121.536201455269165, 25.078542596021251 ], [ 121.53605226162307, 25.077706190266792 ], [ 121.535626578925999, 25.076952708248033 ], [ 121.534966079219771, 25.076355903886729 ], [ 121.534147604529082, 25.075979794654721 ], [ 121.534319839418046, 25.075668900784795 ], [ 121.534869793988619, 25.07592161905896 ], [ 121.535257370080657, 25.075976095387741 ], [ 121.535353254069719, 25.076020155894671 ], [ 121.536272775217725, 25.076149395629013 ], [ 121.537191141446343, 25.076013515753523 ], [ 121.538018451255851, 25.075625818041885 ], [ 121.538181039845739, 25.075476555711816 ], [ 121.538302682513859, 25.07558646402444 ], [ 121.538304863949193, 25.075587466383503 ], [ 121.538702166653565, 25.076290688600917 ], [ 121.539115381450443, 25.076664035603272 ], [ 121.538860880705755, 25.077123460371599 ], [ 121.538718995357485, 25.077960919917519 ], [ 121.538868207412136, 25.07879732265615 ], [ 121.539092631748616, 25.079194537800849 ], [ 121.539087160459317, 25.079226831447681 ], [ 121.539236376715436, 25.08006323360685 ], [ 121.539662092438832, 25.080816704410722 ], [ 121.540322638862108, 25.081413486738203 ], [ 121.541153356948001, 25.081795160805093 ], [ 121.542072926723733, 25.081924363682177 ], [ 121.542275252999147, 25.081894421498962 ], [ 121.542737027483867, 25.081959299597898 ], [ 121.542741451521238, 25.081958644869349 ], [ 121.542750432889122, 25.081959906712648 ], [ 121.542807010910124, 25.081951533520559 ], [ 121.542869588090937, 25.081960325303896 ], [ 121.542918133305506, 25.081953140878152 ], [ 121.543216398381105, 25.082090172631183 ], [ 121.543372822808834, 25.082112148964978 ], [ 121.543473212596894, 25.082289812497297 ], [ 121.543558212114462, 25.082366602010797 ], [ 121.542991275576611, 25.082632295796977 ], [ 121.542335990021684, 25.083233877416603 ], [ 121.541916897932481, 25.08399042608853 ], [ 121.541775026461693, 25.084827887569531 ], [ 121.541924268487492, 25.085664285978531 ], [ 121.541976448415738, 25.085756630410792 ], [ 121.541997264250057, 25.085873287416561 ], [ 121.542423017531505, 25.086626749093483 ], [ 121.543083608848448, 25.087223517919188 ], [ 121.543914374768278, 25.087605175430447 ], [ 121.544833990634203, 25.087734360318418 ], [ 121.545752432526399, 25.087598426382851 ], [ 121.546579791536004, 25.087210680691381 ], [ 121.547235076745309, 25.086609080644507 ], [ 121.547582782170764, 25.085981352059008 ], [ 121.548175646999283, 25.086516900201222 ], [ 121.549006423316214, 25.086898529052011 ], [ 121.549407618866724, 25.086954874813134 ], [ 121.548983548689719, 25.087344214888073 ], [ 121.54856448436685, 25.088100781464412 ], [ 121.548422654096257, 25.088938248156076 ], [ 121.54857194672492, 25.089774638570731 ], [ 121.548997753867482, 25.090528080079515 ], [ 121.549658397807463, 25.091124818426866 ], [ 121.550489209959281, 25.091506438132544 ], [ 121.551408861138455, 25.091635581588868 ], [ 121.552327323966736, 25.091499606652416 ], [ 121.55315468748536, 25.091111824405768 ], [ 121.55380996033611, 25.090510195828891 ], [ 121.554229000001982, 25.089753615091752 ], [ 121.554370791464166, 25.088916143599597 ], [ 121.554221460699196, 25.088079759578413 ], [ 121.553795630659181, 25.087326333214957 ], [ 121.553684591749402, 25.087226038852126 ], [ 121.553808656758449, 25.087112126747346 ], [ 121.553817571682586, 25.087120179031878 ], [ 121.554648368958397, 25.087501775894047 ], [ 121.555567993952039, 25.087630894076629 ], [ 121.5564864218493, 25.087494893911153 ], [ 121.557282349829507, 25.087121805510499 ], [ 121.557527486590331, 25.087555503591041 ], [ 121.558188154855543, 25.088152203759936 ], [ 121.559018972211831, 25.088533775743461 ], [ 121.559938608963918, 25.088662866606718 ], [ 121.560857039145915, 25.088526839356295 ], [ 121.561414348851542, 25.088265584460917 ], [ 121.561554236537447, 25.088513054358611 ], [ 121.562214929194084, 25.089109736093203 ], [ 121.56273320970638, 25.089347749559504 ], [ 121.563328938695633, 25.089885748758611 ], [ 121.564159783209959, 25.090267291386297 ], [ 121.56507943768257, 25.090396350035466 ], [ 121.565952327149887, 25.090267038475961 ], [ 121.566233826060824, 25.090396303279675 ], [ 121.567153483405008, 25.090525349015291 ], [ 121.568071918529483, 25.090389277033175 ], [ 121.568694833981993, 25.090097233319916 ], [ 121.568801127396284, 25.090692158045691 ], [ 121.56922706049977, 25.091445539199093 ], [ 121.569887805693952, 25.092042185602697 ], [ 121.570718684476162, 25.092423690776307 ], [ 121.571638361134944, 25.092552708325947 ], [ 121.572556805795998, 25.09241660843696 ], [ 121.573384109280468, 25.092028714427318 ], [ 121.574039286111102, 25.091426998219742 ], [ 121.574458203175752, 25.090670362562147 ], [ 121.574599857461365, 25.089832874233274 ], [ 121.574450388374203, 25.088996513103059 ], [ 121.574024432404755, 25.088243147113371 ], [ 121.573363688337963, 25.087646518822361 ], [ 121.572532834245919, 25.087265027791833 ], [ 121.571613196409217, 25.08713601501357 ], [ 121.5706947898735, 25.087272108479748 ], [ 121.570071893506224, 25.087564160364948 ], [ 121.569965596990201, 25.086969236360616 ], [ 121.569539675486737, 25.086215856682003 ], [ 121.568878963834436, 25.085619207681596 ], [ 121.568589350485084, 25.085486217681378 ], [ 121.568662216994511, 25.085055525960446 ], [ 121.568705957904314, 25.084976526761196 ], [ 121.568835890900971, 25.084957274554839 ], [ 121.569547101715443, 25.084623815787157 ], [ 121.569747311792227, 25.084715751100489 ], [ 121.570066412326909, 25.085280189610241 ], [ 121.570727127769032, 25.085876833280949 ], [ 121.571557967013831, 25.086258334758426 ], [ 121.572477598220985, 25.086387348011225 ], [ 121.573395995967019, 25.08625124364567 ], [ 121.574223255667363, 25.085863345417867 ], [ 121.57487839613195, 25.085261625662959 ], [ 121.575085483929314, 25.084887567157672 ], [ 121.575144520680539, 25.085217914254876 ], [ 121.575570472569652, 25.085971277398862 ], [ 121.576231217956092, 25.086567895966386 ], [ 121.57706207831653, 25.086949366202706 ], [ 121.577981719742425, 25.08707834513509 ], [ 121.578900115809361, 25.086942206730502 ], [ 121.579727362097387, 25.086554278078179 ], [ 121.580382478730456, 25.085952534492186 ], [ 121.580611425486964, 25.085538952784699 ], [ 121.58101700444746, 25.085595826445363 ], [ 121.581935385721067, 25.085459669485576 ], [ 121.582160669642235, 25.085354018536886 ], [ 121.582911827293415, 25.085459343354277 ], [ 121.583830205200513, 25.08532317472055 ], [ 121.584657424577173, 25.084935218973825 ], [ 121.585312508183051, 25.084333454080824 ], [ 121.585473359443853, 25.084042853981337 ], [ 121.585666279275614, 25.084131416140178 ], [ 121.586585907437978, 25.084260342011294 ], [ 121.587504271864546, 25.084124150851963 ], [ 121.587941782575697, 25.083918948925788 ], [ 121.587994587347609, 25.0839111177566 ], [ 121.587996667338317, 25.08391299558134 ], [ 121.587657467610072, 25.084224601594489 ], [ 121.587238653602654, 25.084981273317027 ], [ 121.587097090470337, 25.085818772608377 ], [ 121.587246640913008, 25.086655119877022 ], [ 121.587672671304304, 25.087408446709759 ], [ 121.588333482065195, 25.088005010071782 ], [ 121.589164388269694, 25.088386411612106 ], [ 121.590084051518645, 25.08851531508386 ], [ 121.591002443250076, 25.088379101843071 ], [ 121.591829659469113, 25.087991106306987 ], [ 121.59248472324559, 25.087389310338359 ], [ 121.592752924043609, 25.086904715214331 ], [ 121.592793045586987, 25.08691033801075 ], [ 121.593711422009591, 25.086774108246903 ], [ 121.59396263583271, 25.086656272962639 ], [ 121.594277078120186, 25.086700337357396 ], [ 121.595195451134231, 25.086564098463278 ], [ 121.596022641539619, 25.086176079922872 ], [ 121.596677674934327, 25.085574265851097 ], [ 121.597096432252997, 25.08481756857476 ], [ 121.597106897793765, 25.084755623007521 ], [ 121.597213832189752, 25.084562390051673 ], [ 121.597319763509233, 25.083935374739951 ], [ 121.597562148780639, 25.083969336731581 ], [ 121.598480497392146, 25.08383307789882 ], [ 121.598502977153771, 25.083822532327282 ], [ 121.598429069667247, 25.084260022685687 ], [ 121.59857869474331, 25.085096357328052 ], [ 121.598816821719581, 25.08551734483969 ], [ 121.598157004595905, 25.08561524533291 ], [ 121.597329824915903, 25.08600327560746 ], [ 121.596674792537641, 25.086605092506893 ], [ 121.596256026761267, 25.087361788572021 ], [ 121.596114522810495, 25.088199295125055 ], [ 121.596264137593522, 25.089035631861883 ], [ 121.596690231185775, 25.089788931398285 ], [ 121.597351097820052, 25.090385453370079 ], [ 121.598182047098518, 25.090766803477567 ], [ 121.59910173640327, 25.090895650509445 ], [ 121.600020134620252, 25.090759381348217 ], [ 121.600847337119902, 25.090371335886964 ], [ 121.601502368316659, 25.089769500876798 ], [ 121.601921109361697, 25.089012790694618 ], [ 121.601968608372673, 25.088731585069315 ], [ 121.602669730134579, 25.088627539740525 ], [ 121.60349690976436, 25.088239479817947 ], [ 121.604151916623181, 25.087637633391108 ], [ 121.604570634245292, 25.086880915954193 ], [ 121.60471083189789, 25.08605078745558 ], [ 121.605307320509041, 25.086134332080999 ], [ 121.606225675569945, 25.085998025211627 ], [ 121.60705282604907, 25.085609945868786 ], [ 121.607707801455263, 25.085008084120467 ], [ 121.608126488402505, 25.084251356960301 ], [ 121.608267906409679, 25.083413840118986 ], [ 121.608118218012478, 25.082577516250289 ], [ 121.607692081164117, 25.081824249642029 ], [ 121.607031212346328, 25.081227773120627 ], [ 121.606200301833326, 25.080846471392451 ], [ 121.606043668605082, 25.080824533351159 ], [ 121.605643971643829, 25.080463770354545 ], [ 121.604813070463777, 25.080082460643009 ], [ 121.603893457036619, 25.079953647431115 ], [ 121.602975144018032, 25.080089939182979 ], [ 121.602148016875148, 25.080477995630677 ], [ 121.601493037336596, 25.081079833261931 ], [ 121.601360028238517, 25.081320209219857 ], [ 121.601177193749791, 25.081347341669499 ], [ 121.600479231643973, 25.081674785347385 ], [ 121.600471438608537, 25.081675941780194 ], [ 121.600448959410201, 25.081686487642575 ], [ 121.60052285835333, 25.081248996289094 ], [ 121.600373225371712, 25.080412663334101 ], [ 121.599947143215076, 25.079659373243377 ], [ 121.599286323012976, 25.079062861143147 ], [ 121.598455450282927, 25.078681515222719 ], [ 121.597535853125777, 25.078552662273655 ], [ 121.597294454301633, 25.078588479890076 ], [ 121.597235119711655, 25.078483572677026 ], [ 121.596574318821425, 25.077887048047366 ], [ 121.595743462172024, 25.077505686582249 ], [ 121.595679925023987, 25.077496782732627 ], [ 121.595666158480711, 25.077472441709592 ], [ 121.595005370574455, 25.076875909773339 ], [ 121.594174525484206, 25.076494539258324 ], [ 121.593254948606571, 25.07636565936323 ], [ 121.592336649021462, 25.076501885077541 ], [ 121.59163739782592, 25.076829893295379 ], [ 121.591530280864205, 25.076230920694371 ], [ 121.591518284903984, 25.07620970845889 ], [ 121.591514193847047, 25.0761868320979 ], [ 121.591088180536545, 25.075433514880967 ], [ 121.590427425524126, 25.07483696179305 ], [ 121.58959660794855, 25.074455565036072 ], [ 121.588677050514519, 25.074326656377096 ], [ 121.587758760399637, 25.074462853620318 ], [ 121.586931620829333, 25.074850825745663 ], [ 121.586705806756385, 25.07505828187092 ], [ 121.586499497140636, 25.074872006500765 ], [ 121.585668691012131, 25.074490587542464 ], [ 121.584749136895795, 25.074361654479851 ], [ 121.583830841644769, 25.074497827505141 ], [ 121.583003688986906, 25.074885777968053 ], [ 121.582348643144996, 25.075487532727934 ], [ 121.582288682120065, 25.075595861860645 ], [ 121.582240292437618, 25.075603036776521 ], [ 121.581413127225659, 25.075990978542229 ], [ 121.580986520664155, 25.076382866968203 ], [ 121.580642725790455, 25.075774821743639 ], [ 121.581133056287058, 25.075544859657068 ], [ 121.581788108485711, 25.074943110154027 ], [ 121.58220692352495, 25.074186452806956 ], [ 121.582348508377464, 25.073348956515137 ], [ 121.58231813744554, 25.073179051055842 ], [ 121.582840818622003, 25.073252347842409 ], [ 121.583759105842347, 25.073116181067288 ], [ 121.584586244261772, 25.072728226560574 ], [ 121.58497471912132, 25.07237133739428 ], [ 121.585142150911182, 25.072448207458233 ], [ 121.586061691052009, 25.072577138370615 ], [ 121.586979969256134, 25.072440951813363 ], [ 121.587432196578348, 25.072228829991076 ], [ 121.588044317302135, 25.072314648069622 ], [ 121.588291896330844, 25.072752478177975 ], [ 121.588952629796751, 25.073349041331788 ], [ 121.589783437914775, 25.073730441922482 ], [ 121.590110160484201, 25.073776242151208 ], [ 121.590312646057882, 25.073959056783753 ], [ 121.591023876984053, 25.07428555339559 ], [ 121.591098654888171, 25.074353065712341 ], [ 121.591929476232707, 25.074734453994555 ], [ 121.592849039682847, 25.074863342378869 ], [ 121.592996947969553, 25.074841400452662 ], [ 121.593593078310036, 25.07492495182861 ], [ 121.594019694666557, 25.07531009890992 ], [ 121.594850531221653, 25.07569147050803 ], [ 121.595770104498897, 25.075820340590994 ], [ 121.596688394746508, 25.075684093784751 ], [ 121.597515507907829, 25.07529606779288 ], [ 121.598170477144251, 25.074694247458854 ], [ 121.59847934933201, 25.074136051350614 ], [ 121.598772129125607, 25.074653709841726 ], [ 121.59943292274238, 25.075250225068775 ], [ 121.600263774982039, 25.075631566065773 ], [ 121.60118335272783, 25.075760402514916 ], [ 121.602101635790191, 25.075624122335576 ], [ 121.602799738608979, 25.075296587429865 ], [ 121.603066918489944, 25.075768941562309 ], [ 121.603727738593619, 25.076365437080788 ], [ 121.60455861120009, 25.07674675359068 ], [ 121.605478201197769, 25.076875563171587 ], [ 121.606396487197102, 25.076739256373784 ], [ 121.607223575557782, 25.076351176775251 ], [ 121.607643738084562, 25.075965058020593 ], [ 121.607557262708141, 25.076477202082348 ], [ 121.607706938948951, 25.077313527411459 ], [ 121.608133059645724, 25.078066794724176 ], [ 121.608793916373273, 25.078663266810263 ], [ 121.609624819700443, 25.079044554254626 ], [ 121.610544431506909, 25.079173331982403 ], [ 121.611462728267199, 25.079036993662879 ], [ 121.612289815287539, 25.078648885960686 ], [ 121.612944728290927, 25.07804700171987 ], [ 121.613363360001287, 25.077290260134927 ], [ 121.613504735344279, 25.076452738347218 ], [ 121.613355021030344, 25.075616419493382 ], [ 121.612928877546992, 25.074863167369543 ], [ 121.612268022023102, 25.074266713384279 ], [ 121.611515347188742, 25.073921326460951 ], [ 121.611692691677248, 25.073894994635509 ], [ 121.612519743768971, 25.0735068860524 ], [ 121.613174628846878, 25.072905000922383 ], [ 121.613485404943475, 25.07234320102156 ], [ 121.613530027312265, 25.072349449052478 ], [ 121.61444826961943, 25.072213093164233 ], [ 121.615230026662786, 25.071846217049178 ], [ 121.615943424197198, 25.071946097275397 ], [ 121.615990280566109, 25.072028918777725 ], [ 121.616651141481967, 25.072625356254907 ], [ 121.61684834042326, 25.072715839798192 ], [ 121.616982627432137, 25.073465879031971 ], [ 121.617408790416633, 25.07421911927802 ], [ 121.61806967005846, 25.074815549908951 ], [ 121.618900574680779, 25.075196785568028 ], [ 121.619182419188135, 25.075236237660004 ], [ 121.619306920804746, 25.075348594622255 ], [ 121.620137832733946, 25.075729823185473 ], [ 121.621057429198984, 25.07585853609244 ], [ 121.621975688176278, 25.075722133359807 ], [ 121.622802718672332, 25.075333967959466 ], [ 121.623457561946225, 25.074732038384319 ], [ 121.623876117550381, 25.073975268266103 ], [ 121.624017417862007, 25.073137737537557 ], [ 121.623904447083717, 25.072506962172543 ], [ 121.624492934094988, 25.072230740848582 ], [ 121.625147752781231, 25.071628804044906 ], [ 121.625444898648311, 25.071091520287158 ], [ 121.626157647478607, 25.071418510311204 ], [ 121.627077217063402, 25.071547186497732 ], [ 121.62799543646139, 25.071410747196609 ], [ 121.628822418555188, 25.071022548960375 ], [ 121.628872762389378, 25.070976267698459 ], [ 121.629730848494987, 25.071096325068186 ], [ 121.630649061217113, 25.070959869466932 ], [ 121.63147603160327, 25.070571656645974 ], [ 121.631611302050359, 25.070447296611743 ], [ 121.632115067736919, 25.070901855080372 ], [ 121.632945987314415, 25.071283011984743 ], [ 121.633865561988046, 25.071411646002204 ], [ 121.634783771867589, 25.071275164874432 ], [ 121.635610730768022, 25.070886929249653 ], [ 121.63626548696044, 25.070284944495995 ], [ 121.636683948524919, 25.06952813964589 ], [ 121.636727248746553, 25.069271316791252 ], [ 121.637577330384318, 25.069390210125942 ], [ 121.638495520585352, 25.069253706380135 ], [ 121.639322453868928, 25.068865450471794 ], [ 121.639578442716626, 25.068630077930528 ], [ 121.639915113472867, 25.068677159343462 ], [ 121.639928979336943, 25.068675097769351 ], [ 121.639994126017896, 25.068684208048456 ], [ 121.640025618728046, 25.068712621647926 ], [ 121.640856546804415, 25.069093734193757 ], [ 121.641776112171669, 25.069222319405242 ], [ 121.642694295850475, 25.06908578980326 ], [ 121.643521214221977, 25.068697510782542 ], [ 121.644175919526617, 25.068095491959888 ], [ 121.644594324828006, 25.067338665702373 ], [ 121.644662765494047, 25.066932564392058 ], [ 121.644675902360305, 25.066920484409593 ], [ 121.645094300737355, 25.066163656764935 ], [ 121.645235448563128, 25.065326107985005 ], [ 121.645085534818378, 25.064489823841701 ], [ 121.64465923950624, 25.063736664727362 ], [ 121.643998294608366, 25.063140352943275 ], [ 121.64316739783591, 25.0627592570724 ], [ 121.642466740446736, 25.062661283621377 ], [ 121.642577009544638, 25.062461823800099 ], [ 121.642718170906832, 25.061624276741849 ], [ 121.642568279299255, 25.060787989212351 ], [ 121.642142012557301, 25.060034821936053 ], [ 121.641481099865828, 25.059438498013858 ], [ 121.640650235784179, 25.059057387217319 ], [ 121.63973074756079, 25.058928793329713 ], [ 121.63917381836805, 25.05901160139009 ], [ 121.639313532678656, 25.058182758943417 ], [ 121.639163668844461, 25.057346467050618 ], [ 121.638737435090476, 25.056593289005583 ], [ 121.638076557372685, 25.055996948964101 ], [ 121.637245726827899, 25.055615818275967 ], [ 121.637209750377863, 25.055610785939095 ], [ 121.637209183658911, 25.055609784472665 ], [ 121.636548318563172, 25.055013437301643 ], [ 121.635717499245231, 25.054632297789741 ], [ 121.635697557415511, 25.054629508118985 ], [ 121.635636372101175, 25.054288005688303 ], [ 121.635210170689106, 25.05353481657756 ], [ 121.634549326421492, 25.052938459936161 ], [ 121.63371852716179, 25.052557308739171 ], [ 121.632799093815976, 25.052428670724268 ], [ 121.631881021417783, 25.052565137213001 ], [ 121.631054171891435, 25.052953350837836 ], [ 121.630856071855746, 25.053135496412644 ], [ 121.630234348735755, 25.053427395182524 ], [ 121.629579650092893, 25.054029353521841 ], [ 121.629161194809726, 25.054786139743534 ], [ 121.629019947718021, 25.055623676337333 ], [ 121.629169740576017, 25.056459980050619 ], [ 121.629595916015489, 25.057213186726234 ], [ 121.629853965916723, 25.057446064717226 ], [ 121.629023434129095, 25.057569497686195 ], [ 121.628196542017264, 25.057957695971655 ], [ 121.627541809657714, 25.058559645624822 ], [ 121.627123326991168, 25.059316426188285 ], [ 121.626982061530271, 25.060153960706334 ], [ 121.627131846832526, 25.060990266130112 ], [ 121.627558026270805, 25.061743478135273 ], [ 121.628218885662619, 25.062339864924624 ], [ 121.628624363939778, 25.062525892748969 ], [ 121.6287664120306, 25.063318920659601 ], [ 121.629192609743455, 25.064072127387114 ], [ 121.629414327210668, 25.064272206527487 ], [ 121.629136794277358, 25.064774090796135 ], [ 121.629016806532661, 25.065485517717189 ], [ 121.628327030560826, 25.065809324931934 ], [ 121.627855044917538, 25.066243235182203 ], [ 121.627049638216548, 25.066130532931219 ], [ 121.626131456865522, 25.066266965735284 ], [ 121.625304497522151, 25.066655148773272 ], [ 121.624649705497418, 25.067257086142938 ], [ 121.624352564985927, 25.067794368472992 ], [ 121.623639841946115, 25.067467369125438 ], [ 121.62272030602044, 25.067338670917714 ], [ 121.621802110274842, 25.067475077190799 ], [ 121.62097512870227, 25.067863236470018 ], [ 121.620353290512639, 25.068434838170333 ], [ 121.620124796942534, 25.06822862396368 ], [ 121.619388213245159, 25.067890652163079 ], [ 121.61926478606641, 25.067201310555195 ], [ 121.61883863712805, 25.066448074682071 ], [ 121.618177799679827, 25.065851646018544 ], [ 121.617346960922163, 25.065470404588154 ], [ 121.616427445628617, 25.065341666957917 ], [ 121.615509256852178, 25.065478034196598 ], [ 121.615145649151629, 25.065648684305113 ], [ 121.614726854248161, 25.065270685202112 ], [ 121.613896029688377, 25.064889424152035 ], [ 121.613321691282849, 25.064808999944859 ], [ 121.613431066876942, 25.064611265755804 ], [ 121.613482844605429, 25.064304501783958 ], [ 121.613967786928214, 25.064742216090401 ], [ 121.61479861069752, 25.065123476761105 ], [ 121.615718122886406, 25.065252224546576 ], [ 121.616636309724342, 25.065115856048578 ], [ 121.617463287282007, 25.064727720886399 ], [ 121.618118102001034, 25.064125814591343 ], [ 121.618536656227462, 25.063369058515104 ], [ 121.618677982470246, 25.062531531215573 ], [ 121.618555875098281, 25.061849504142096 ], [ 121.618925454832436, 25.06218307334267 ], [ 121.619756275864063, 25.062564306438993 ], [ 121.620675773361, 25.062693023831883 ], [ 121.621593934991282, 25.062556625099255 ], [ 121.622420879294239, 25.062168462820903 ], [ 121.623075655968293, 25.061566535182806 ], [ 121.623494171084999, 25.060809765625557 ], [ 121.623635460982257, 25.059972234025789 ], [ 121.623485700730498, 25.059135924477935 ], [ 121.623059555308259, 25.058382699865728 ], [ 121.622398742028992, 25.057786288905035 ], [ 121.622372806789514, 25.057774388373666 ], [ 121.622290682167574, 25.057315743174673 ], [ 121.621864550524734, 25.056562514687442 ], [ 121.621203752872276, 25.055966097964422 ], [ 121.621166015652861, 25.055948781371299 ], [ 121.621261077597993, 25.055861390030902 ], [ 121.621679585414086, 25.055104625168511 ], [ 121.621820882044872, 25.054267094544009 ], [ 121.621671141899796, 25.053430782156557 ], [ 121.621245027987769, 25.052677551168397 ], [ 121.62058425453715, 25.052081130920307 ], [ 121.620139019059067, 25.051876814211205 ], [ 121.620268119912978, 25.051111614519776 ], [ 121.620118394598364, 25.050275299937294 ], [ 121.620099757920769, 25.050242354739819 ], [ 121.620122676210627, 25.050238949942326 ], [ 121.620949543578533, 25.04985079671788 ], [ 121.621604263538799, 25.049248875696957 ], [ 121.622022747714027, 25.048492109670967 ], [ 121.622164035468302, 25.047654578169897 ], [ 121.622014302078028, 25.046818265278418 ], [ 121.621588209888984, 25.046065034208286 ], [ 121.620927471001892, 25.045468614308884 ], [ 121.620096762968672, 25.045087384748275 ], [ 121.620084981593436, 25.045085735230987 ], [ 121.619389303399572, 25.044766468207307 ], [ 121.618766644699377, 25.044679284752686 ], [ 121.618993432015714, 25.044572823524682 ], [ 121.619648134292717, 25.043970911055386 ], [ 121.619718640746626, 25.043843410727938 ], [ 121.620026592596773, 25.044121395253704 ], [ 121.620857293844068, 25.044502625385352 ], [ 121.621776657144139, 25.044631338843029 ], [ 121.622694683306307, 25.044494935590727 ], [ 121.623521504135795, 25.044106768650202 ], [ 121.624176181420992, 25.043504836662226 ], [ 121.624594630962477, 25.042748063491064 ], [ 121.624669949983655, 25.042301510835156 ], [ 121.625453632304655, 25.04218505157953 ], [ 121.626280428769803, 25.041796869632595 ], [ 121.626935080300981, 25.041194925800038 ], [ 121.62735350522054, 25.040438145105288 ], [ 121.627494748692598, 25.039600608512778 ], [ 121.627344990326407, 25.03876430060415 ], [ 121.626918894909608, 25.038011084102646 ], [ 121.626258174856318, 25.037414686931672 ], [ 121.625427505873361, 25.037033486035405 ], [ 121.625154013184769, 25.036995201059341 ], [ 121.625059986709914, 25.036828980543767 ], [ 121.62495348509556, 25.036732844133166 ], [ 121.625794672085533, 25.036607832584551 ], [ 121.626621430451394, 25.036219649197072 ], [ 121.627276051314396, 25.035617704020869 ], [ 121.627694455998935, 25.034860922210214 ], [ 121.627835691648968, 25.034023384838225 ], [ 121.62768593863774, 25.033187076562569 ], [ 121.627259861227159, 25.032433860142547 ], [ 121.626599170067593, 25.031837463494082 ], [ 121.625768538037548, 25.031456263510869 ], [ 121.624849269679061, 25.031327572707074 ], [ 121.624006661866559, 25.031452794632489 ], [ 121.624679039562125, 25.031137094815286 ], [ 121.625333643711528, 25.030535158125922 ], [ 121.625752043931541, 25.029778381373117 ], [ 121.625893287801688, 25.028940845134613 ], [ 121.625743554888942, 25.0281045339574 ], [ 121.625317507486557, 25.027351310885358 ], [ 121.625133959477708, 25.027185613577519 ], [ 121.625385265728454, 25.026731057199296 ], [ 121.625526509091785, 25.025893520987459 ], [ 121.62537678283735, 25.025057208979927 ], [ 121.624950748605755, 25.024303984302083 ], [ 121.624290112819835, 25.023707575679229 ], [ 121.623459542938406, 25.023326361178132 ], [ 121.622540337421981, 25.023197654734563 ], [ 121.621622469012195, 25.02333405436724 ], [ 121.620795779673017, 25.023722209249804 ], [ 121.620141188292052, 25.024324126231413 ], [ 121.619722771007844, 25.025080888048773 ], [ 121.619581488925007, 25.025918419578925 ], [ 121.619731177217446, 25.026754738065801 ], [ 121.620091874739984, 25.027392495555262 ], [ 121.619942001409484, 25.027530304049098 ], [ 121.61952357247398, 25.028287065213881 ], [ 121.61938228586736, 25.029124596292149 ], [ 121.619531977207274, 25.029960914572229 ], [ 121.61995799905597, 25.030714154474023 ], [ 121.620618652653121, 25.031310581473512 ], [ 121.62144926844833, 25.03169181057455 ], [ 121.622368536472948, 25.031820522419352 ], [ 121.623286466866276, 25.031684117130336 ], [ 121.623519434578995, 25.031574734533727 ], [ 121.623776990479527, 25.031536459979225 ], [ 121.62310460822745, 25.031852155785192 ], [ 121.622449986133958, 25.032454082895818 ], [ 121.622031556747729, 25.033210850648704 ], [ 121.621890282360056, 25.034048383340355 ], [ 121.621900328003306, 25.034104499131274 ], [ 121.621425913765165, 25.033886763671919 ], [ 121.620506631140429, 25.033758046309551 ], [ 121.619588681894811, 25.033894434746635 ], [ 121.618761915901786, 25.034282579252686 ], [ 121.618107259550072, 25.034884487693347 ], [ 121.617688795337457, 25.035641243642615 ], [ 121.617547488963737, 25.036478772553195 ], [ 121.617697177983501, 25.037315091926221 ], [ 121.618048136750659, 25.037935596348618 ], [ 121.61778062195782, 25.038061180670201 ], [ 121.617125941085831, 25.038663084959332 ], [ 121.616707458501637, 25.03941983812312 ], [ 121.616649104514963, 25.039765680018419 ], [ 121.616303446711868, 25.03981702695647 ], [ 121.616120204426608, 25.039903045795981 ], [ 121.616068181752709, 25.03961237983372 ], [ 121.615642151412558, 25.038859129810373 ], [ 121.614981480094215, 25.038262681601619 ], [ 121.614150838737189, 25.037881417147435 ], [ 121.61323153279794, 25.037752655270769 ], [ 121.612313544844667, 25.037888999414072 ], [ 121.611486728538026, 25.038277104181333 ], [ 121.610832015189388, 25.038878981327578 ], [ 121.610825630282662, 25.038890526045776 ], [ 121.610204011434234, 25.03946197131544 ], [ 121.609785483327499, 25.040218705760793 ], [ 121.609644118574266, 25.041056227761892 ], [ 121.609793760444461, 25.041892555497977 ], [ 121.610179810576028, 25.042575172814491 ], [ 121.610122073974523, 25.042917238172841 ], [ 121.610271721621871, 25.043753565115221 ], [ 121.610601577187353, 25.044336804785996 ], [ 121.609785544461374, 25.044457985766424 ], [ 121.608958676299892, 25.044846077107934 ], [ 121.608303916207049, 25.045447943476905 ], [ 121.607885356832867, 25.046204672566851 ], [ 121.607743973191972, 25.047042192461923 ], [ 121.607845542829466, 25.047609871060963 ], [ 121.60776387849495, 25.047684935873999 ], [ 121.607345308487467, 25.048441663421233 ], [ 121.607224457304795, 25.049157524614014 ], [ 121.606379576296206, 25.049282965417426 ], [ 121.605552664962289, 25.049671038360284 ], [ 121.605496762959575, 25.049722420202322 ], [ 121.605059894865107, 25.049927441105009 ], [ 121.604504717137715, 25.049849655276358 ], [ 121.603586628539944, 25.049985947151722 ], [ 121.60279522823997, 25.050357333885682 ], [ 121.602555327119461, 25.049933111321806 ], [ 121.601894657231938, 25.049336605722807 ], [ 121.601063979300591, 25.048955269304258 ], [ 121.600144602362988, 25.04882642793072 ], [ 121.59922651593493, 25.048962692823292 ], [ 121.599166815829733, 25.048990706999096 ], [ 121.598532306997413, 25.048699410398896 ], [ 121.597858943009172, 25.048605033862593 ], [ 121.597766291552105, 25.048521374494047 ], [ 121.59769310559048, 25.048112145965003 ], [ 121.597267155775853, 25.047358842550839 ], [ 121.596606525027838, 25.046762312495044 ], [ 121.595775880319707, 25.046380945748311 ], [ 121.594856527438495, 25.046252071143524 ], [ 121.594378764895538, 25.046322966563601 ], [ 121.594449008623585, 25.045907133591719 ], [ 121.594299465008973, 25.045070789002295 ], [ 121.593873546636246, 25.044317474974097 ], [ 121.593212948597738, 25.043720928980647 ], [ 121.592382334665928, 25.043339542533083 ], [ 121.591463007616539, 25.043210646392573 ], [ 121.59119201031487, 25.043250854541821 ], [ 121.590542370743236, 25.042952552971965 ], [ 121.590068578072788, 25.042886118395661 ], [ 121.590175106117528, 25.042255604402531 ], [ 121.590025596375312, 25.041419254489131 ], [ 121.589599716950062, 25.040665927130103 ], [ 121.589075526880606, 25.040192518909151 ], [ 121.589090716191308, 25.040165065970442 ], [ 121.589516472587903, 25.040360575258816 ], [ 121.59043577655342, 25.04048948391981 ], [ 121.591353811016631, 25.040353274182898 ], [ 121.592180706968591, 25.039965280120668 ], [ 121.592835518837632, 25.039363483447055 ], [ 121.593254149241631, 25.038606794780403 ], [ 121.593395623222492, 25.037769286081026 ], [ 121.593246097822259, 25.036932939207151 ], [ 121.592820215026876, 25.036179620703241 ], [ 121.592159666444957, 25.035583068481827 ], [ 121.591329111008164, 25.035201674664627 ], [ 121.59040984576805, 25.035072770734843 ], [ 121.590006952848142, 25.035132548763691 ], [ 121.589939980438203, 25.035014077193303 ], [ 121.589930677935584, 25.035005675571327 ], [ 121.589881419859609, 25.034918539773642 ], [ 121.589220892091276, 25.034321974003994 ], [ 121.588390353957081, 25.033940563375538 ], [ 121.587471100815691, 25.033811641016815 ], [ 121.586553110070483, 25.03394782607424 ], [ 121.585972727264988, 25.034220137624004 ], [ 121.585277478022761, 25.034323271752104 ], [ 121.584450596947903, 25.034711227397693 ], [ 121.584407379477852, 25.034750942684479 ], [ 121.583751566015366, 25.034848219487547 ], [ 121.583046258366508, 25.035179125287645 ], [ 121.583084750588739, 25.034951365749535 ], [ 121.582935298713437, 25.034115006849785 ], [ 121.58250948835078, 25.033361657188259 ], [ 121.581849004021009, 25.03276505772898 ], [ 121.581505984033967, 25.032607508984334 ], [ 121.581449133123314, 25.032289332474562 ], [ 121.58157562746355, 25.03154090215369 ], [ 121.581426190422007, 25.030704541095133 ], [ 121.581000401406058, 25.029951186387034 ], [ 121.580339942846166, 25.029354579487904 ], [ 121.579854995004808, 25.02913183032739 ], [ 121.579929601393985, 25.028690431558879 ], [ 121.579780179346912, 25.027854068263078 ], [ 121.57935441049392, 25.027100708194066 ], [ 121.578693975291614, 25.026504093335596 ], [ 121.577863521577044, 25.026122621941777 ], [ 121.577235837358046, 25.026034539932489 ], [ 121.576870335252124, 25.025387777146541 ], [ 121.576851975014975, 25.025371190396527 ], [ 121.57680226591701, 25.025283228569535 ], [ 121.576141852726664, 25.024686601830894 ], [ 121.57531141894691, 25.024305115725682 ], [ 121.574392249726245, 25.024176110769858 ], [ 121.573474314257112, 25.024312214192651 ], [ 121.572648421445891, 25.024699653626254 ], [ 121.572711500048285, 25.024326577766708 ], [ 121.572562132689811, 25.023490205758318 ], [ 121.572136423088594, 25.022736823518848 ], [ 121.571476045902173, 25.022140175203571 ], [ 121.570645643290646, 25.021758662342076 ], [ 121.569726497353059, 25.021629628069043 ], [ 121.568808575003899, 25.021765702482611 ], [ 121.568766877697371, 25.021785262254014 ], [ 121.568500091477603, 25.021544209015619 ], [ 121.567669701760607, 25.021162679266762 ], [ 121.56675056299504, 25.021033626450379 ], [ 121.565832641393769, 25.021169682479183 ], [ 121.565005784123031, 25.021557530149682 ], [ 121.564350926496445, 25.022159206375953 ], [ 121.563932170698862, 25.022915817461392 ], [ 121.56390160522777, 25.023096519978097 ], [ 121.563516197960254, 25.022748265757894 ], [ 121.562685814882329, 25.022366708102762 ], [ 121.562585351069004, 25.022352599356765 ], [ 121.562421210275275, 25.022204278187854 ], [ 121.561590834149541, 25.021822714265443 ], [ 121.560671696018517, 25.021693623850677 ], [ 121.559753762033282, 25.021829642535376 ], [ 121.559039750920732, 25.022164520056872 ], [ 121.559183000025698, 25.021905719394905 ], [ 121.559317207554031, 25.021112459883781 ], [ 121.559792686527146, 25.021042005619467 ], [ 121.560619557369719, 25.020654186691853 ], [ 121.561274425701114, 25.020052526602981 ], [ 121.5616931886033, 25.019295922599156 ], [ 121.5618348581378, 25.018458438355538 ], [ 121.561685572196154, 25.017622053342286 ], [ 121.561259949321723, 25.016868637844357 ], [ 121.560599655684044, 25.016271939274514 ], [ 121.559769325267951, 25.015890364082264 ], [ 121.558850233109013, 25.015761261502799 ], [ 121.557932340860106, 25.015897268318557 ], [ 121.557105492815111, 25.016285072141553 ], [ 121.55645062338364, 25.016886714176444 ], [ 121.556031835903923, 25.017643304072951 ], [ 121.555897610506761, 25.01843656128662 ], [ 121.555422139056461, 25.018507002982847 ], [ 121.555262446319418, 25.018581896810566 ], [ 121.554692908592742, 25.018666271768677 ], [ 121.554807356605011, 25.01798993837772 ], [ 121.554658118764266, 25.017153545421714 ], [ 121.554232540035557, 25.016400108989199 ], [ 121.554088099101378, 25.016269566331975 ], [ 121.554795893064536, 25.015937619174338 ], [ 121.555450765773386, 25.015335984298904 ], [ 121.555869549315176, 25.01457939587905 ], [ 121.556011253728855, 25.013741916064788 ], [ 121.555862013489943, 25.012905523893718 ], [ 121.555436442667229, 25.012152090352824 ], [ 121.554776202335546, 25.011555364622204 ], [ 121.553945921263406, 25.011173755810606 ], [ 121.553929079248874, 25.011171389330055 ], [ 121.553459929969875, 25.010955758552527 ], [ 121.552540880438315, 25.01082661614177 ], [ 121.551623017003962, 25.010962583587833 ], [ 121.550796181141024, 25.011350352355034 ], [ 121.550141306066067, 25.011951967078307 ], [ 121.549722495667936, 25.012708540080233 ], [ 121.549580749514064, 25.013546014728277 ], [ 121.549721770961781, 25.014336573069929 ], [ 121.549653395780894, 25.014215509904979 ], [ 121.549642108606051, 25.014152234765323 ], [ 121.549216570917125, 25.013398782971851 ], [ 121.548556353285264, 25.012802029323392 ], [ 121.547949237456322, 25.012522962218728 ], [ 121.548011133459383, 25.012157291739499 ], [ 121.547861949384128, 25.011320890401521 ], [ 121.54743643256586, 25.010567432877039 ], [ 121.546776238794592, 25.009970670694983 ], [ 121.545945992283407, 25.009589016532381 ], [ 121.545026959859015, 25.009459827353414 ], [ 121.544132877963648, 25.009592226950602 ], [ 121.543963300338504, 25.009568387610937 ], [ 121.543059562327343, 25.009702210357151 ], [ 121.542546232907938, 25.009466223298485 ], [ 121.542321015655517, 25.009434559560418 ], [ 121.542178463857297, 25.008635110404004 ], [ 121.541752990973691, 25.007881635603649 ], [ 121.541092838776194, 25.007284847270206 ], [ 121.540664956993211, 25.007088131073054 ], [ 121.541471285653714, 25.006968743733474 ], [ 121.542298122799821, 25.006581026585145 ], [ 121.542953008842346, 25.005979445802488 ], [ 121.543371839124418, 25.005222890867152 ], [ 121.543513619105212, 25.00438542065217 ], [ 121.54344463882326, 25.003998575168236 ], [ 121.543465022604948, 25.003878170813859 ], [ 121.543315880369548, 25.003041763298036 ], [ 121.542890420573599, 25.002288290979589 ], [ 121.542230293425035, 25.001691506836945 ], [ 121.541864780511418, 25.001523459908711 ], [ 121.541773607929784, 25.001012105428075 ], [ 121.541687399091629, 25.000859426946604 ], [ 121.542395942056487, 25.001185185836121 ], [ 121.543314910315303, 25.001314392502902 ], [ 121.54339063047064, 25.001303179498084 ], [ 121.543510664950688, 25.001515756726953 ], [ 121.5441707972128, 25.002112535112801 ], [ 121.5450009877122, 25.00249420051157 ], [ 121.545919968133688, 25.002623390850538 ], [ 121.546029031891749, 25.00260723834516 ], [ 121.546897989631944, 25.002729390369044 ], [ 121.547815797867671, 25.002593452889577 ], [ 121.547957617981297, 25.002526941730611 ], [ 121.548002217528094, 25.002777009703379 ], [ 121.54744808562468, 25.003286088774118 ], [ 121.547029286869929, 25.004042654849499 ], [ 121.546887531140783, 25.004880128043411 ], [ 121.54703669996276, 25.00571653132436 ], [ 121.547462197045292, 25.006469990807474 ], [ 121.548122375008191, 25.007066750485944 ], [ 121.548952610879724, 25.007448392801319 ], [ 121.549871631901553, 25.007577557940454 ], [ 121.550789472404418, 25.007441601640117 ], [ 121.551616282371398, 25.007053833155222 ], [ 121.552271124644307, 25.006452212110432 ], [ 121.552689898853316, 25.005695631928596 ], [ 121.552805886774181, 25.005010201462497 ], [ 121.552817920604724, 25.005008418697454 ], [ 121.553644707839439, 25.004620639198659 ], [ 121.554020594083994, 25.004275286554972 ], [ 121.553890089452906, 25.005046552967947 ], [ 121.554039305774751, 25.005882948391388 ], [ 121.554464845757906, 25.006636387081848 ], [ 121.555125057821115, 25.007233115066942 ], [ 121.55595531565281, 25.007614717890608 ], [ 121.55654602732568, 25.007697712399068 ], [ 121.556794119902705, 25.008136946527362 ], [ 121.557454351178308, 25.008733663719159 ], [ 121.558284626121377, 25.009115253163152 ], [ 121.55920366814658, 25.009244360222652 ], [ 121.560121509527391, 25.009108346321529 ], [ 121.560948300161385, 25.008720526355027 ], [ 121.561603104784623, 25.008118864988528 ], [ 121.562021826715267, 25.007362259591996 ], [ 121.562052436559881, 25.007181290911227 ], [ 121.562193728914394, 25.00716035024907 ], [ 121.56302049988598, 25.006772519002389 ], [ 121.56367528409325, 25.006170848712362 ], [ 121.563880447555746, 25.005800112173873 ], [ 121.564304563519016, 25.005601155639802 ], [ 121.564959335262103, 25.004999479820821 ], [ 121.565042680444719, 25.004848867938421 ], [ 121.56505733531462, 25.00487481031217 ], [ 121.565717587972941, 25.005471490688652 ], [ 121.566547865332879, 25.005853034104693 ], [ 121.567466890571239, 25.005982090430511 ], [ 121.568384697605069, 25.005846026057934 ], [ 121.569211439695664, 25.005458160824297 ], [ 121.569866186333329, 25.004856463826751 ], [ 121.56988623832207, 25.004820224899408 ], [ 121.57010827664655, 25.004787304404722 ], [ 121.570152291729372, 25.004766654131682 ], [ 121.570507949686998, 25.005396186230797 ], [ 121.571168231003085, 25.005992841854201 ], [ 121.571998528091953, 25.006374354455147 ], [ 121.572917562197901, 25.006503376920922 ], [ 121.573835366369309, 25.006367278958916 ], [ 121.574662094148067, 25.005979383695543 ], [ 121.575316816426522, 25.005377663168218 ], [ 121.575735444587252, 25.004621020537627 ], [ 121.575780722129778, 25.004353149381796 ], [ 121.576056395924425, 25.004312265223465 ], [ 121.576883102845912, 25.003924357878557 ], [ 121.577537803416377, 25.003322627797839 ], [ 121.577956411143902, 25.002565979076895 ], [ 121.578097953280079, 25.001728479764456 ], [ 121.578026377343349, 25.001327713732231 ], [ 121.578045675125679, 25.001292831656102 ], [ 121.578415421481395, 25.001626924348503 ], [ 121.57924571044461, 25.002008396840338 ], [ 121.580164718571041, 25.002137375047536 ], [ 121.581082481452796, 25.002001233011502 ], [ 121.581909156675408, 25.001613298174227 ], [ 121.582099334151266, 25.001438492306438 ], [ 121.582923514064447, 25.001316221131177 ], [ 121.583750178745305, 25.000928276214296 ], [ 121.58440482964609, 25.000326516558143 ], [ 121.584452470949117, 25.000240390812582 ], [ 121.584668827290798, 25.000041512377692 ], [ 121.584766174705749, 24.99986552674654 ], [ 121.585095823124007, 24.999562505626454 ], [ 121.585259756349316, 24.999266141746794 ], [ 121.585487817986618, 24.99905649946626 ], [ 121.585645459938917, 24.998771506007415 ], [ 121.585887272911023, 24.999199429622227 ], [ 121.586547593257492, 24.999796016727196 ], [ 121.587152198192229, 25.00007376335088 ], [ 121.586355678614325, 25.000447587165105 ], [ 121.585701036775703, 25.00104935523612 ], [ 121.585282481898446, 25.001806024954558 ], [ 121.585140988543742, 25.002643530215007 ], [ 121.585290412556589, 25.003479890839117 ], [ 121.585465666650236, 25.003790018475005 ], [ 121.585290097620714, 25.003951401704992 ], [ 121.584871530756601, 25.004708070198028 ], [ 121.584730031713278, 25.005545574853603 ], [ 121.584879456893418, 25.006381935552767 ], [ 121.58530518490906, 25.00713528257111 ], [ 121.585965545766157, 25.007731870905864 ], [ 121.586429950252437, 25.007945199501652 ], [ 121.586493257931735, 25.008299510045564 ], [ 121.586919002557451, 25.009052851951338 ], [ 121.587579381510835, 25.009649432638064 ], [ 121.588409752134808, 25.010030852068056 ], [ 121.589134023835356, 25.010132447217828 ], [ 121.588742379692277, 25.010840461903001 ], [ 121.588600900867903, 25.011677969203994 ], [ 121.588750360511838, 25.012514324714211 ], [ 121.589176133864044, 25.013267659216154 ], [ 121.589836546492791, 25.013864228931169 ], [ 121.590666952443954, 25.014245634895076 ], [ 121.591586062300024, 25.014374540435195 ], [ 121.592503901690606, 25.014238326707996 ], [ 121.593330620709423, 25.013850328175888 ], [ 121.593985291109277, 25.013248526988026 ], [ 121.594403829356125, 25.01249183420159 ], [ 121.594545269508345, 25.011654322177538 ], [ 121.594395771911792, 25.010817973098405 ], [ 121.593969975823114, 25.010064653725234 ], [ 121.59330956435862, 25.009468102058001 ], [ 121.592479183027692, 25.009086710167239 ], [ 121.591775831042014, 25.008988064758171 ], [ 121.592187985944619, 25.008242918151758 ], [ 121.592329436944894, 25.00740540757214 ], [ 121.592179960088174, 25.006569055418996 ], [ 121.591754192599893, 25.005815728754882 ], [ 121.591093814796494, 25.00521916629414 ], [ 121.590577600591558, 25.004982052996311 ], [ 121.590524646232922, 25.004685733653055 ], [ 121.59034937824805, 25.004375612270831 ], [ 121.590524941126588, 25.004214223187773 ], [ 121.590943471400749, 25.003457539399026 ], [ 121.591084926103946, 25.00262002941275 ], [ 121.590935464154725, 25.001783675212383 ], [ 121.590509721318071, 25.001030344061327 ], [ 121.589849375496726, 25.000433775113731 ], [ 121.589244762959808, 25.000156039609301 ], [ 121.590041271594458, 24.999782200504669 ], [ 121.590695885292149, 24.999180413740493 ], [ 121.590865905665908, 24.998873012773366 ], [ 121.590839716530269, 24.999028073927239 ], [ 121.590989174086914, 24.999864428605086 ], [ 121.591414915641636, 25.000617758521408 ], [ 121.59207526987251, 25.001214320347351 ], [ 121.592905596541257, 25.001595715892471 ], [ 121.593733837321068, 25.001711878202993 ], [ 121.593780550352548, 25.001973240913387 ], [ 121.594206316305588, 25.002726562180182 ], [ 121.59486669524118, 25.003323110988749 ], [ 121.595697044501989, 25.003704490422617 ], [ 121.596616080220556, 25.00383336640768 ], [ 121.597464023079951, 25.00370748702921 ], [ 121.597377999029078, 25.004216965902149 ], [ 121.597527507767452, 25.005053312495523 ], [ 121.597953307369636, 25.005806622105908 ], [ 121.598613720831068, 25.006403153390828 ], [ 121.599444102113679, 25.006784511148812 ], [ 121.600363164214102, 25.006913363427746 ], [ 121.601280937438048, 25.00677709659972 ], [ 121.602107578359067, 25.006389050326572 ], [ 121.602204700814795, 25.006299754905562 ], [ 121.602417956880927, 25.006268089287019 ], [ 121.602723742371438, 25.006124543085548 ], [ 121.603006800484721, 25.00638020321367 ], [ 121.603837194624319, 25.006761536193718 ], [ 121.604756260524496, 25.00689036124226 ], [ 121.605674028118656, 25.006754067397797 ], [ 121.606500654531914, 25.006365996967624 ], [ 121.607155220586137, 25.005764139139689 ], [ 121.607573652965144, 25.005007410514583 ], [ 121.607714996091872, 25.004169886959012 ], [ 121.607565419808651, 25.003333551781314 ], [ 121.607438823982648, 25.003109618266382 ], [ 121.607359406152824, 25.002665555875542 ], [ 121.607281855767397, 25.00252837693542 ], [ 121.607267401877181, 25.002447557678504 ], [ 121.606848295174231, 25.001706192627143 ], [ 121.606841387286039, 25.001667565954033 ], [ 121.606415548890595, 25.000914282119833 ], [ 121.605755128476801, 25.000317785194532 ], [ 121.604924772426614, 24.99993646189127 ], [ 121.60400575827768, 24.999807636795907 ], [ 121.603088040047709, 24.999943919538648 ], [ 121.602261445005041, 25.000331970730482 ], [ 121.60160688280682, 25.000933807366007 ], [ 121.601569683654702, 25.00100107665882 ], [ 121.601473813075643, 25.000987635960623 ], [ 121.600556082964061, 25.001123903277126 ], [ 121.599729471839396, 25.001511940633726 ], [ 121.59963235124475, 25.001601234458711 ], [ 121.59948891325817, 25.001622531035959 ], [ 121.59957492700822, 25.00111305096107 ], [ 121.599425409820313, 25.00027670615431 ], [ 121.598999621152004, 24.999523400013622 ], [ 121.598339243390186, 24.998926869244066 ], [ 121.597508918743898, 24.998545503871799 ], [ 121.596720631333824, 24.998434962423385 ], [ 121.596670066203103, 24.998152076286448 ], [ 121.59624430177054, 24.997398761597122 ], [ 121.595583948624082, 24.996802217969059 ], [ 121.594753646563902, 24.99642083668736 ], [ 121.593834667845741, 24.996291948012257 ], [ 121.592916963020869, 24.996428167795596 ], [ 121.592884040704504, 24.996443621132361 ], [ 121.59288087534982, 24.996444090971643 ], [ 121.592819810469251, 24.996472754056267 ], [ 121.592976358290869, 24.996189694826086 ], [ 121.593117791941026, 24.99535218249979 ], [ 121.593036733222974, 24.994898610698616 ], [ 121.593431827365777, 24.994535371389198 ], [ 121.593850308182212, 24.993778679374525 ], [ 121.593991733494278, 24.992941166107748 ], [ 121.593842265094949, 24.992104813892496 ], [ 121.593416539377486, 24.991351489797609 ], [ 121.592756232566586, 24.9907549322871 ], [ 121.59192597992768, 24.990373534005673 ], [ 121.591486662734127, 24.990311907582207 ], [ 121.591228993332535, 24.990193537944496 ], [ 121.590567613889903, 24.990100757284786 ], [ 121.59042522644188, 24.989303879132965 ], [ 121.589999531360931, 24.988550544418672 ], [ 121.589339255969492, 24.987953970943227 ], [ 121.588722808124217, 24.987670765567565 ], [ 121.588801598355403, 24.987204272274003 ], [ 121.588652172756767, 24.986367913431174 ], [ 121.588226498875116, 24.985614572965758 ], [ 121.587566247861275, 24.985017990945426 ], [ 121.58673604952034, 24.984636562414735 ], [ 121.585817165959142, 24.984507622259045 ], [ 121.584899538418526, 24.984643791368256 ], [ 121.584072985292366, 24.985031741472309 ], [ 121.583418412133241, 24.985633499457283 ], [ 121.582999893285546, 24.986390163619138 ], [ 121.582858399780349, 24.987227668395199 ], [ 121.583007787472667, 24.988064033654474 ], [ 121.583433438638977, 24.988817389227229 ], [ 121.584093690804991, 24.989413989275302 ], [ 121.584692085256933, 24.989688919918486 ], [ 121.58460298835368, 24.990216320029464 ], [ 121.584752391867084, 24.991052682923069 ], [ 121.584970944451896, 24.99143947601587 ], [ 121.584537491131584, 24.991503792265888 ], [ 121.583710891422342, 24.99189174085739 ], [ 121.583546959350443, 24.992042437675185 ], [ 121.582902419980485, 24.991460044109157 ], [ 121.582072191758542, 24.991078590411526 ], [ 121.581487682229564, 24.990996557346786 ], [ 121.581346312945001, 24.990205049933984 ], [ 121.581208390752195, 24.989960937740719 ], [ 121.581290484178268, 24.989885473656127 ], [ 121.581709024962834, 24.989128814251707 ], [ 121.58185052817467, 24.988291310600918 ], [ 121.581701147979018, 24.987454944068428 ], [ 121.581510808755425, 24.987118051450722 ], [ 121.581716940250502, 24.987021308513448 ], [ 121.58237152905653, 24.986419557840851 ], [ 121.58279005188453, 24.985662895377622 ], [ 121.58293154429461, 24.984825390515461 ], [ 121.582782161508419, 24.98398902473728 ], [ 121.582356531537457, 24.983235666442123 ], [ 121.581696321235171, 24.982639057443887 ], [ 121.58118506436486, 24.982404134956234 ], [ 121.581219482112886, 24.982200425831707 ], [ 121.58107011442938, 24.981364057774556 ], [ 121.580644504168134, 24.980610693966639 ], [ 121.579984316253189, 24.980014076761957 ], [ 121.579154174315221, 24.97963260464973 ], [ 121.578235334942605, 24.979503616780885 ], [ 121.577317735052716, 24.979639738714415 ], [ 121.576491190333584, 24.980027646796447 ], [ 121.576250366440149, 24.980249024481594 ], [ 121.57619655459051, 24.980153764614492 ], [ 121.575536390196945, 24.979557127214537 ], [ 121.574706264542641, 24.979175629969912 ], [ 121.573787432623121, 24.979046614491143 ], [ 121.572869830626729, 24.979182709038991 ], [ 121.572505463928579, 24.979353698721045 ], [ 121.572305464921556, 24.979325613888779 ], [ 121.571387859034516, 24.979461699361298 ], [ 121.571114681001532, 24.979589892513474 ], [ 121.571096782945546, 24.979489625437221 ], [ 121.571104646314325, 24.979475411233295 ], [ 121.571246211939879, 24.978637915496602 ], [ 121.571096916320101, 24.977801535748291 ], [ 121.570671378933199, 24.977048141757514 ], [ 121.57001125757148, 24.976451478834374 ], [ 121.569181169353683, 24.976069949943714 ], [ 121.568262365612611, 24.975940899793368 ], [ 121.567344779779617, 24.976076960036981 ], [ 121.566518226166892, 24.97646481305712 ], [ 121.565863610372134, 24.977066495240081 ], [ 121.565445010908277, 24.977823112300928 ], [ 121.56530340669218, 24.978660603289004 ], [ 121.565381035521739, 24.979095608628029 ], [ 121.565373171511837, 24.979109822541496 ], [ 121.565231565518872, 24.979947313351666 ], [ 121.565316951858009, 24.980425784863243 ], [ 121.564886738084766, 24.980821192233183 ], [ 121.564802978670443, 24.980972580740499 ], [ 121.56458963300345, 24.980942610841847 ], [ 121.564149534934685, 24.981007856112896 ], [ 121.564149548445087, 24.981007776214543 ], [ 121.564000297471978, 24.980171388816583 ], [ 121.563574794428064, 24.979417974157268 ], [ 121.562914693745967, 24.97882127957055 ], [ 121.562084610522163, 24.978439711120426 ], [ 121.56116579560171, 24.978310617385951 ], [ 121.560248183510183, 24.978446634285532 ], [ 121.55942159112881, 24.978834448443209 ], [ 121.559184533790997, 24.979052310950109 ], [ 121.559136215093801, 24.978781471761287 ], [ 121.558710746353398, 24.978028042456234 ], [ 121.558050676248357, 24.977431325649157 ], [ 121.557220616883455, 24.977049729579278 ], [ 121.556301816769604, 24.976920605528782 ], [ 121.555384208983824, 24.97705659238267 ], [ 121.554557609985835, 24.977444379705002 ], [ 121.553902929813049, 24.978046010311651 ], [ 121.553484253276892, 24.978802594966453 ], [ 121.553342566836022, 24.979640075892512 ], [ 121.553393425959456, 24.979925229429192 ], [ 121.553375356563265, 24.979957881814972 ], [ 121.553233668221168, 24.98079536254351 ], [ 121.553307387936627, 24.981208686566266 ], [ 121.553100528345468, 24.981305725684873 ], [ 121.552445820896423, 24.98190735004604 ], [ 121.552027122774703, 24.98266393058972 ], [ 121.551885422552388, 24.983501409942022 ], [ 121.552034596315707, 24.984337810466837 ], [ 121.552460047283788, 24.985091258548852 ], [ 121.55287571891715, 24.985467041621497 ], [ 121.552089209304356, 24.985583574654228 ], [ 121.551332915693578, 24.985938334548635 ], [ 121.551029915356793, 24.985664405857939 ], [ 121.55019982104929, 24.985282771631464 ], [ 121.549416532207132, 24.985172662646146 ], [ 121.549414006329471, 24.985168189256697 ], [ 121.548753941405508, 24.984571431672897 ], [ 121.547923861270959, 24.984189784450127 ], [ 121.54700501647055, 24.984060603875893 ], [ 121.546087344454293, 24.984196534365974 ], [ 121.545260667966261, 24.984584271000084 ], [ 121.544605904625797, 24.985185861555316 ], [ 121.544187147382701, 24.985942420716874 ], [ 121.544045390595102, 24.986779893205217 ], [ 121.544107615237778, 24.987128898146665 ], [ 121.543743879847213, 24.987463083540998 ], [ 121.543541077202548, 24.98782947140058 ], [ 121.542921989444011, 24.98754481390543 ], [ 121.542791741929577, 24.987526498828647 ], [ 121.542518065929897, 24.987041761541825 ], [ 121.541858023482021, 24.986444973126218 ], [ 121.541027951154504, 24.986063287387367 ], [ 121.540109098729076, 24.985934064381937 ], [ 121.539191404402061, 24.986069952677685 ], [ 121.538364693100405, 24.986457651483253 ], [ 121.538248351405031, 24.98656453334457 ], [ 121.538073483648787, 24.986646539094107 ], [ 121.537942698999657, 24.986628143971668 ], [ 121.537024996884796, 24.986764019021312 ], [ 121.5361982739486, 24.987151705946815 ], [ 121.535543452354602, 24.987753257390221 ], [ 121.535124630752293, 24.988509791865578 ], [ 121.534982809798208, 24.989347256511209 ], [ 121.53513187739695, 24.99018367513429 ], [ 121.535557247162998, 24.990937172351156 ], [ 121.53621728417869, 24.991533988464308 ], [ 121.53704737927265, 24.991915700392884 ], [ 121.537059826362707, 24.991917451097621 ], [ 121.537000704754604, 24.991945174959401 ], [ 121.536345862209444, 24.992546729906771 ], [ 121.53592702990899, 24.993303266344363 ], [ 121.53579797585941, 24.994065345241868 ], [ 121.535079352639528, 24.9941717287603 ], [ 121.534252574297994, 24.99455940541797 ], [ 121.533597704535168, 24.995160948512396 ], [ 121.533178846715174, 24.995917477375787 ], [ 121.533037005040669, 24.996754939696721 ], [ 121.533186069446543, 24.997591359510594 ], [ 121.533258599992081, 24.997719836757557 ], [ 121.532904392699933, 24.998045188763353 ], [ 121.532485521170784, 24.998801715615031 ], [ 121.532343671862307, 24.999639177084312 ], [ 121.532492735457481, 25.000475597290194 ], [ 121.53291812596585, 25.001229100694239 ], [ 121.533087058079971, 25.001381845227893 ], [ 121.533130560264993, 25.001458900649098 ], [ 121.53276384670356, 25.002121210156666 ], [ 121.53262199592406, 25.00295867155117 ], [ 121.532771065851776, 25.003795091009021 ], [ 121.532935600433504, 25.004086526156623 ], [ 121.532860569977572, 25.004529491189508 ], [ 121.532890387526948, 25.004696791787175 ], [ 121.532266661575449, 25.005269669746067 ], [ 121.531847762488596, 25.006026194540237 ], [ 121.531705901523054, 25.006863654800185 ], [ 121.531791729520506, 25.007345233677899 ], [ 121.531740258286902, 25.007438188099428 ], [ 121.531211467052373, 25.007516447187761 ], [ 121.530384587663292, 25.007904103332933 ], [ 121.529729629273319, 25.008505629803814 ], [ 121.529553839814184, 25.008823081046739 ], [ 121.529142424828763, 25.008633897854267 ], [ 121.528223415032301, 25.008504604404965 ], [ 121.52730553901425, 25.008640421961861 ], [ 121.526478639479137, 25.009028056656408 ], [ 121.525823655871008, 25.009629566244246 ], [ 121.525404702695894, 25.010386073339138 ], [ 121.525262793491393, 25.011223527762901 ], [ 121.52529768894469, 25.01141937685221 ], [ 121.525078118369706, 25.011621014921065 ], [ 121.524659154068686, 25.01237751989855 ], [ 121.52451723777007, 25.013214973507267 ], [ 121.52466211474831, 25.01402809781516 ], [ 121.524556591544624, 25.014125000058396 ], [ 121.52413761582342, 25.014881503503265 ], [ 121.523995693432241, 25.015718956437883 ], [ 121.524090536857415, 25.016251268710501 ], [ 121.523812076225383, 25.01638179107475 ], [ 121.523157041087387, 25.016983289171726 ], [ 121.522738047354977, 25.017739788680384 ], [ 121.522736114698461, 25.017751191918155 ], [ 121.522581216311281, 25.017729395020588 ], [ 121.521663265022113, 25.017865178799344 ], [ 121.520836285941627, 25.018252782930638 ], [ 121.520309024108471, 25.018736923047655 ], [ 121.520186395505306, 25.018680529489398 ], [ 121.519267319014119, 25.018551181924149 ], [ 121.519263655997733, 25.018551723683998 ], [ 121.519144392541747, 25.01788221555746 ], [ 121.518719025941081, 25.017128673999732 ], [ 121.518650232682788, 25.01706646794403 ], [ 121.518696549054297, 25.016793240540693 ], [ 121.519117279709576, 25.016596050836259 ], [ 121.519772332859787, 25.015994570220307 ], [ 121.519847740473338, 25.015858426935431 ], [ 121.520671519693707, 25.015736581939549 ], [ 121.521498482607569, 25.015348978858519 ], [ 121.522153517453404, 25.014747487946245 ], [ 121.522572505002714, 25.013990989888331 ], [ 121.522714435317141, 25.013153537993745 ], [ 121.522565420756578, 25.012317108573956 ], [ 121.52220909746103, 25.011685887727314 ], [ 121.522794274815368, 25.01114852314641 ], [ 121.523213246622248, 25.01039202318054 ], [ 121.523264272631152, 25.010090930998778 ], [ 121.523618261139475, 25.009924999874737 ], [ 121.524273257219363, 25.009323499823275 ], [ 121.524692213911337, 25.008566995753998 ], [ 121.524758565624893, 25.008175436478595 ], [ 121.524894386158337, 25.008111768448369 ], [ 121.525549366468582, 25.007510262888555 ], [ 121.525968309339945, 25.006753755268679 ], [ 121.526103321114562, 25.005956951781556 ], [ 121.526774550225142, 25.00605139811293 ], [ 121.527692407706297, 25.005915584091884 ], [ 121.528519282652269, 25.005527942891405 ], [ 121.529174231539201, 25.004926421673652 ], [ 121.529593143554735, 25.004169904089579 ], [ 121.529735016154049, 25.003332445357675 ], [ 121.529585967344318, 25.002496022456903 ], [ 121.529160592455213, 25.001742509388041 ], [ 121.528500533386421, 25.001145663120209 ], [ 121.527670401170539, 25.000763904562312 ], [ 121.527326927300834, 25.000715575705893 ], [ 121.527008550421783, 25.000427680068128 ], [ 121.526178427520463, 25.000045912992746 ], [ 121.525259484537415, 24.999916599984132 ], [ 121.524816353492525, 24.999982165612018 ], [ 121.524991412329641, 24.999821389813501 ], [ 121.525410333498243, 24.999064883356564 ], [ 121.525552229351831, 24.998227427673367 ], [ 121.525403215619377, 24.99739099944512 ], [ 121.524977884195891, 24.996637473195129 ], [ 121.524317872726385, 24.99604060718379 ], [ 121.523943998566025, 24.995868651272385 ], [ 121.523906853119925, 24.995660131366517 ], [ 121.523508742197322, 24.994954800243679 ], [ 121.523631800094762, 24.994228570838814 ], [ 121.523482804677585, 24.993392139948877 ], [ 121.523057499099082, 24.992638607390411 ], [ 121.522397518474108, 24.992041732041933 ], [ 121.521567466158388, 24.991659937660021 ], [ 121.520648589978094, 24.991530594933064 ], [ 121.51973083045489, 24.991666364143782 ], [ 121.519707555508845, 24.991677275048549 ], [ 121.519656786893179, 24.991392212624774 ], [ 121.519231511549236, 24.990638668438812 ], [ 121.518969928460265, 24.9904020807842 ], [ 121.51895051008664, 24.990367672934628 ], [ 121.51829056128129, 24.989770778670916 ], [ 121.517893039594739, 24.989587916461158 ], [ 121.51795057929553, 24.989248425388833 ], [ 121.5178016288762, 24.988411987533507 ], [ 121.517376375345862, 24.987658437397329 ], [ 121.516716448724964, 24.987061535580633 ], [ 121.515886447084526, 24.986679708431481 ], [ 121.514967613292512, 24.986550329845453 ], [ 121.514049883723203, 24.986686063614442 ], [ 121.51322308675077, 24.987073624068131 ], [ 121.512568151780698, 24.987675076225614 ], [ 121.512565618311442, 24.987679650640874 ], [ 121.512562497082158, 24.987682516965666 ], [ 121.512663979601399, 24.987083904475181 ], [ 121.51251506774291, 24.986247460471485 ], [ 121.512490489507996, 24.986203903096875 ], [ 121.512487720468116, 24.986188349146985 ], [ 121.512062506948567, 24.985434782960589 ], [ 121.51140261760932, 24.984837856801867 ], [ 121.511047922980495, 24.984674667853039 ], [ 121.511030505480292, 24.984643799448655 ], [ 121.51037062533139, 24.984046868504407 ], [ 121.509815729808679, 24.983791563410385 ], [ 121.510281644874269, 24.983573174780854 ], [ 121.510936569813168, 24.982971732524682 ], [ 121.511355522662697, 24.982215263468046 ], [ 121.511497496872806, 24.981377818079494 ], [ 121.511348600496348, 24.980541372034835 ], [ 121.510923413937007, 24.979787801604875 ], [ 121.510263560659752, 24.979190869377991 ], [ 121.509433631558053, 24.978809004679892 ], [ 121.508636152261673, 24.978696670547055 ], [ 121.508422418931303, 24.978317841512599 ], [ 121.507762585493936, 24.977720897765693 ], [ 121.506932673800847, 24.97733901876979 ], [ 121.506013917919006, 24.977209583495373 ], [ 121.505096246599805, 24.977345261281833 ], [ 121.504269482517401, 24.977732771936655 ], [ 121.503614551857368, 24.978334185351592 ], [ 121.503195563936472, 24.979090633550879 ], [ 121.503053535682696, 24.979928072121343 ], [ 121.503202375287245, 24.980764527428814 ], [ 121.503627518682322, 24.98151812050558 ], [ 121.504287353114748, 24.982115082275588 ], [ 121.505117289252269, 24.982496975401087 ], [ 121.505914790285431, 24.982609327994535 ], [ 121.506128523669346, 24.982988160416582 ], [ 121.506788377946577, 24.983585110667732 ], [ 121.507343266497998, 24.983840427169795 ], [ 121.507061687594302, 24.983972404764884 ], [ 121.506988154973286, 24.98398327678029 ], [ 121.506161353028546, 24.984370798205248 ], [ 121.505506397178067, 24.984972219818776 ], [ 121.505087399204939, 24.985728672843347 ], [ 121.504945377022807, 24.986566112393835 ], [ 121.505063255524945, 24.987228473666605 ], [ 121.504731437830912, 24.987383987796665 ], [ 121.504172741787315, 24.987896995054328 ], [ 121.503659792549158, 24.987432945237003 ], [ 121.502829827336512, 24.987051044684492 ], [ 121.501911002910276, 24.986921585315429 ], [ 121.500993254728925, 24.987057238826583 ], [ 121.500166412987255, 24.987444727401186 ], [ 121.49951141147001, 24.988046123092786 ], [ 121.499092366428798, 24.988802559661632 ], [ 121.498950300383868, 24.989639993834473 ], [ 121.499099125228156, 24.990476452408771 ], [ 121.499492367360247, 24.991173492767356 ], [ 121.499533107324211, 24.991402460820353 ], [ 121.499958266352024, 24.992156063085055 ], [ 121.500618141121564, 24.992753039664837 ], [ 121.501448138353084, 24.993134951771015 ], [ 121.501962214231526, 24.993207381645544 ], [ 121.501853200484149, 24.993850053384598 ], [ 121.502002050525405, 24.994686508198935 ], [ 121.502427236150851, 24.995440102666354 ], [ 121.502654536116111, 24.995645724536363 ], [ 121.501948903329733, 24.995321051679792 ], [ 121.501030018077998, 24.995191587959216 ], [ 121.500112207586753, 24.99532723685795 ], [ 121.49977787335196, 24.995483906349062 ], [ 121.499877518383002, 24.995304040884552 ], [ 121.500019583921699, 24.994466606457845 ], [ 121.499870747554766, 24.993630149422462 ], [ 121.499445583816637, 24.992876547126897 ], [ 121.498785713943235, 24.992279565278956 ], [ 121.497955730455757, 24.991897638060063 ], [ 121.49771177205966, 24.991863259038531 ], [ 121.497393065658343, 24.991574917775907 ], [ 121.497421696936584, 24.991406161593588 ], [ 121.497272882176404, 24.99056970128715 ], [ 121.496847745016609, 24.989816090851175 ], [ 121.496237719589772, 24.989264167896543 ], [ 121.49623378840937, 24.989257199212588 ], [ 121.495573953432796, 24.988660202293364 ], [ 121.494744004049025, 24.988278256446073 ], [ 121.493825178015229, 24.98814874718245 ], [ 121.492907410947524, 24.988284351081592 ], [ 121.492490492988566, 24.988479704574228 ], [ 121.492483915756068, 24.988442725927246 ], [ 121.492058815096598, 24.987689101033208 ], [ 121.49139900845212, 24.987092085038327 ], [ 121.490569082156611, 24.986710115467126 ], [ 121.489650271708342, 24.98658058015322 ], [ 121.489522063116198, 24.986599520390161 ], [ 121.489532630834944, 24.986537254702412 ], [ 121.489383875783972, 24.985700785053545 ], [ 121.488958803596631, 24.984947150595225 ], [ 121.488299026548262, 24.984350120185638 ], [ 121.487469128076626, 24.98396813276063 ], [ 121.486550340957649, 24.983838577901341 ], [ 121.485632597000091, 24.983974136648751 ], [ 121.484805725984799, 24.984361540458966 ], [ 121.484150664559081, 24.984962869680647 ], [ 121.483731534834519, 24.985719264580251 ], [ 121.483589367616702, 24.986556685965091 ], [ 121.483738084699894, 24.987393161887475 ], [ 121.484163134013286, 24.988146811365496 ], [ 121.484822912018601, 24.988743859803947 ], [ 121.485652834912514, 24.989125861380554 ], [ 121.486571660590684, 24.989255421108769 ], [ 121.486699872428588, 24.989236483371872 ], [ 121.486689303073305, 24.989298748861106 ], [ 121.486838044714219, 24.990135221011652 ], [ 121.486839014961888, 24.990136941220459 ], [ 121.486796132540562, 24.990098137802896 ], [ 121.485966199646327, 24.989716142804642 ], [ 121.485047371101174, 24.989586579387961 ], [ 121.484129582767451, 24.989722129430962 ], [ 121.483302668768033, 24.990109525241746 ], [ 121.482647569956427, 24.990710847952336 ], [ 121.482228412103439, 24.991467238467244 ], [ 121.48208622876875, 24.992304658023695 ], [ 121.482234943325864, 24.993141134853492 ], [ 121.482660003953001, 24.993894787886013 ], [ 121.483319806005753, 24.994491842177744 ], [ 121.484149763327338, 24.99487385133278 ], [ 121.484544927605469, 24.994929573678498 ], [ 121.484506462707486, 24.994964880582042 ], [ 121.484087302369304, 24.995721275948796 ], [ 121.483945127290454, 24.996558696688886 ], [ 121.484093860037689, 24.997395170918029 ], [ 121.484518947009676, 24.998148817819619 ], [ 121.48517878098356, 24.998745863049653 ], [ 121.485383347679317, 24.998840014139958 ], [ 121.485478152805413, 24.999373153520146 ], [ 121.485164285471711, 24.999089157169312 ], [ 121.484334296565592, 24.998707154363242 ], [ 121.484311536528296, 24.998703945064488 ], [ 121.484237198706438, 24.998285879261175 ], [ 121.483812112951739, 24.997532231549567 ], [ 121.483807583448723, 24.997528132972079 ], [ 121.483798674740356, 24.997478030053539 ], [ 121.483373594506233, 24.99672438092535 ], [ 121.482713780082165, 24.99612732723357 ], [ 121.481883818566047, 24.995745310191694 ], [ 121.48098869261824, 24.995619070922103 ], [ 121.481293627818189, 24.995068832242861 ], [ 121.481435819379811, 24.994231413625727 ], [ 121.48128710877215, 24.993394936057946 ], [ 121.48086205822095, 24.992641278901679 ], [ 121.48020227788686, 24.992044213237229 ], [ 121.479372351531524, 24.991662181450529 ], [ 121.478453514660728, 24.991532577463385 ], [ 121.477535703951716, 24.991668087123799 ], [ 121.477130085925182, 24.991858087827065 ], [ 121.477258745911215, 24.991100498164641 ], [ 121.477110067647416, 24.990264015594246 ], [ 121.476685053463214, 24.989510345650405 ], [ 121.476025309959823, 24.988913260665967 ], [ 121.475195417294813, 24.988531204918406 ], [ 121.474276607677581, 24.988401574674722 ], [ 121.473358815118885, 24.988537058352367 ], [ 121.472531874154569, 24.988924394753457 ], [ 121.471876728275433, 24.989525670824026 ], [ 121.471457507856528, 24.99028203203391 ], [ 121.471315252579302, 24.991119442490191 ], [ 121.471463892858296, 24.991955931317623 ], [ 121.471888884143141, 24.992709616273416 ], [ 121.47254862857946, 24.993306719290651 ], [ 121.47337854565329, 24.993688789203944 ], [ 121.474297393831918, 24.993818424335466 ], [ 121.475215224375447, 24.993682934400773 ], [ 121.475620851378238, 24.993492938831828 ], [ 121.475492179097273, 24.994250527020782 ], [ 121.475640851716378, 24.995087010852437 ], [ 121.476065879371049, 24.995840683026429 ], [ 121.476725660646323, 24.996437766726196 ], [ 121.477555611421081, 24.996819812676918 ], [ 121.478450742952674, 24.996946072504795 ], [ 121.478145790505977, 24.997496305476442 ], [ 121.478072592056805, 24.997927319994627 ], [ 121.477808398550934, 24.997688241056537 ], [ 121.476978441138598, 24.997306196658634 ], [ 121.476059564441883, 24.997176578570834 ], [ 121.475141709035071, 24.997312074020737 ], [ 121.47511033085344, 24.997326771040488 ], [ 121.475066076557439, 24.997248298089261 ], [ 121.474406298772976, 24.99665120703974 ], [ 121.473807752434851, 24.996375666427692 ], [ 121.473566453794348, 24.996157289381209 ], [ 121.472736519444453, 24.995775220894785 ], [ 121.471817658146207, 24.99564557634725 ], [ 121.47089980896736, 24.995781045555471 ], [ 121.470072811983812, 24.996168368737681 ], [ 121.469417616168002, 24.996769634134257 ], [ 121.468998356782549, 24.997525988260737 ], [ 121.468856077323977, 24.998363395918563 ], [ 121.469004710575746, 24.999199886507206 ], [ 121.469429712677709, 24.999953577611688 ], [ 121.469738231120161, 25.000232796905852 ], [ 121.469809683736827, 25.000634902021748 ], [ 121.470234695799775, 25.001388590537701 ], [ 121.470894479454472, 25.001985699634769 ], [ 121.471528506894657, 25.002277575426646 ], [ 121.471432909316775, 25.002450035854231 ], [ 121.471418085210715, 25.002537293121847 ], [ 121.471321222594796, 25.002712034993753 ], [ 121.471178953566607, 25.003549444148678 ], [ 121.471327609364081, 25.004385931513948 ], [ 121.471752643921448, 25.005139614989456 ], [ 121.472268179427601, 25.005606153891026 ], [ 121.472217662284748, 25.005903511298605 ], [ 121.47197013468309, 25.006350049033429 ], [ 121.471827866310221, 25.007187458397826 ], [ 121.471893008777926, 25.007553993886461 ], [ 121.47185032387732, 25.007534344955157 ], [ 121.470931375725641, 25.007404696406187 ], [ 121.470013438333083, 25.00754016122476 ], [ 121.469292940878816, 25.007877569043735 ], [ 121.469109045690843, 25.007851621762022 ], [ 121.468191102788737, 25.007987075402429 ], [ 121.467675507852931, 25.008228519396564 ], [ 121.467415526351687, 25.007767492065497 ], [ 121.467352081114157, 25.007710073910083 ], [ 121.467290115225921, 25.007600188521952 ], [ 121.467363598414934, 25.00758934582846 ], [ 121.46819067998922, 25.007202037063006 ], [ 121.468845936313173, 25.00660077701729 ], [ 121.469265226463435, 25.005844423777248 ], [ 121.469407510867583, 25.005007016482139 ], [ 121.469258867217889, 25.004170527088412 ], [ 121.468833851190055, 25.003416836117896 ], [ 121.468174069569983, 25.002819717961351 ], [ 121.467344106248518, 25.002437620141716 ], [ 121.466425200350656, 25.002307943041984 ], [ 121.466033693900513, 25.002365710432411 ], [ 121.465698468216772, 25.001771203726602 ], [ 121.465833988237179, 25.000973722914203 ], [ 121.465685374053905, 25.00013722907563 ], [ 121.46537657658503, 24.999589577895218 ], [ 121.465731618085712, 24.998949128027132 ], [ 121.465873919378026, 24.998111723106014 ], [ 121.465725308705473, 24.99727522894068 ], [ 121.465300338514041, 24.996521526521018 ], [ 121.464805120999387, 24.996073294054469 ], [ 121.464833250613026, 24.996047481634722 ], [ 121.465252530840104, 24.995291138799093 ], [ 121.465394831606559, 24.994453733939871 ], [ 121.465246228999618, 24.993617238775492 ], [ 121.464821274674691, 24.992863534393869 ], [ 121.464417933739881, 24.992498447945849 ], [ 121.464610454492416, 24.992151152455428 ], [ 121.464725225659905, 24.991475758843283 ], [ 121.465488549925809, 24.991363125947718 ], [ 121.466315529831334, 24.990975828255898 ], [ 121.466970710756314, 24.99037457628058 ], [ 121.467389959157472, 24.989618227315802 ], [ 121.467532239545605, 24.988780820081065 ], [ 121.467383630001223, 24.987944326526694 ], [ 121.466958682857026, 24.987190627582802 ], [ 121.466298998153675, 24.986593498422376 ], [ 121.465469150295689, 24.986211387647419 ], [ 121.464550367109069, 24.986081696910365 ], [ 121.464030688013167, 24.986158378642369 ], [ 121.464258326463124, 24.985747715100523 ], [ 121.464315054209592, 24.985413880323676 ], [ 121.464966415759477, 24.985505825416432 ], [ 121.465884195978262, 24.985370393637226 ], [ 121.466711134842186, 24.98498309403525 ], [ 121.467170007863814, 24.984561969909986 ], [ 121.467178975178257, 24.984557769950804 ], [ 121.46783411836735, 24.983956514212615 ], [ 121.468038196094284, 24.983588322690565 ], [ 121.46817599897814, 24.983567985048492 ], [ 121.4690029184829, 24.983180672898719 ], [ 121.469658045481623, 24.982579409256424 ], [ 121.470077251710364, 24.981823052556763 ], [ 121.470219505807307, 24.980985642275314 ], [ 121.470070888424416, 24.980149150659795 ], [ 121.469645952659207, 24.979395458450277 ], [ 121.468986297436459, 24.978798340160953 ], [ 121.468156494274211, 24.978416243330578 ], [ 121.46723776662418, 24.978286568247693 ], [ 121.466320040477115, 24.978422007717811 ], [ 121.465684772936598, 24.978719551353993 ], [ 121.465495783584629, 24.978632523326528 ], [ 121.464577056827181, 24.97850283180793 ], [ 121.463659325879519, 24.978638254935145 ], [ 121.462832419248613, 24.979025537435049 ], [ 121.462177277063958, 24.979626771527741 ], [ 121.461758029336252, 24.980383106791013 ], [ 121.461689319153209, 24.980787420908658 ], [ 121.461507339168861, 24.980761728021704 ], [ 121.460589587810162, 24.980897132470574 ] ], [ [ 121.537999304083542, 25.071243586399014 ], [ 121.537168667273292, 25.070861892789452 ], [ 121.536781106578388, 25.070807421160765 ], [ 121.536685226193327, 25.070763361486495 ], [ 121.536197628102173, 25.070694827747953 ], [ 121.536977114483022, 25.070579492476977 ], [ 121.537045406704522, 25.070547488081335 ], [ 121.537640127292576, 25.070459488149353 ], [ 121.538467398672879, 25.070071788291244 ], [ 121.538741985882822, 25.069819693963023 ], [ 121.53899416962706, 25.069701506097321 ], [ 121.539649401118837, 25.069099939071513 ], [ 121.540068458430966, 25.068343395906169 ], [ 121.540210324810133, 25.067505934328555 ], [ 121.540085225103965, 25.066804664476383 ], [ 121.54010030578543, 25.066715640076747 ], [ 121.539951101677758, 25.065879237116796 ], [ 121.539932923743649, 25.06584706038344 ], [ 121.540013268967598, 25.065773292739014 ], [ 121.540453671560257, 25.066171232358062 ], [ 121.541284286252832, 25.066552908186004 ], [ 121.542203741994939, 25.06668211242194 ], [ 121.54312203054711, 25.066546196971895 ], [ 121.543124329538813, 25.066545119420965 ], [ 121.543144241026056, 25.066542172264839 ], [ 121.543971468396222, 25.066154442263329 ], [ 121.544132667294136, 25.066006431538593 ], [ 121.544857446063347, 25.065666713095805 ], [ 121.545283175191898, 25.0652758063843 ], [ 121.545724793787684, 25.06521043329818 ], [ 121.54604249277827, 25.065061516786155 ], [ 121.546408704600694, 25.065229780002319 ], [ 121.54706671307315, 25.065322223498239 ], [ 121.547318483669471, 25.065767824742142 ], [ 121.547978984300144, 25.066364574937808 ], [ 121.548809622771358, 25.066746208238676 ], [ 121.549729086904605, 25.066875365708391 ], [ 121.550116791324754, 25.066817962399902 ], [ 121.550330653632543, 25.066916216954475 ], [ 121.550621236363511, 25.066957032753727 ], [ 121.550880664108973, 25.06707622008404 ], [ 121.551800132621253, 25.067205364642675 ], [ 121.552718413258077, 25.06706938995978 ], [ 121.553015489920696, 25.066930124217578 ], [ 121.553074160485352, 25.066938364156762 ], [ 121.553323877104859, 25.066901385611772 ], [ 121.553409167837145, 25.066913364012283 ], [ 121.554327444321686, 25.066777379439532 ], [ 121.555154636772158, 25.066389587712376 ], [ 121.555809770580453, 25.065787950736691 ], [ 121.556049396095588, 25.065355205315097 ], [ 121.556079138045547, 25.06536886834045 ], [ 121.556139448655685, 25.065423351364078 ], [ 121.556970105060998, 25.065804938732949 ], [ 121.557889569659139, 25.065934045654224 ], [ 121.558807833342684, 25.06579803356302 ], [ 121.559635004654652, 25.065410217179259 ], [ 121.560290111057355, 25.06480856082284 ], [ 121.560409853446998, 25.064592296127572 ], [ 121.560554234261588, 25.064722718359079 ], [ 121.561384899057998, 25.065104280909186 ], [ 121.562304362466435, 25.065233360512465 ], [ 121.562378480869626, 25.0652223800885 ], [ 121.56254826135968, 25.065375741045436 ], [ 121.563378936545305, 25.065757292221786 ], [ 121.563774206035959, 25.0658127774063 ], [ 121.563356165666505, 25.066567828813884 ], [ 121.563214458077212, 25.06740530989595 ], [ 121.563363821744559, 25.068241686563546 ], [ 121.56378964132179, 25.068995087531253 ], [ 121.564450237868101, 25.069591762512154 ], [ 121.565280947433024, 25.069973302231315 ], [ 121.566200450874675, 25.070102356914635 ], [ 121.567118735281468, 25.069966293112213 ], [ 121.567628713499644, 25.069727164163993 ], [ 121.567347055638933, 25.070235907299388 ], [ 121.567205371574957, 25.07107339137794 ], [ 121.567354767236878, 25.071909763066426 ], [ 121.567780624146849, 25.07266315156587 ], [ 121.568441259709346, 25.073259807808988 ], [ 121.569272006153653, 25.073641324354622 ], [ 121.570191540726242, 25.07377035369721 ], [ 121.571109847466857, 25.07363426486808 ], [ 121.571202369126127, 25.073590879735971 ], [ 121.571208439405581, 25.073624856496608 ], [ 121.57103191560536, 25.073707631710739 ], [ 121.570376816262012, 25.07430933466199 ], [ 121.569957927401532, 25.075065959916522 ], [ 121.56981625628778, 25.075903445730216 ], [ 121.569818677040331, 25.075916995832404 ], [ 121.56963100930443, 25.0762559674389 ], [ 121.569563120009278, 25.076266027638074 ], [ 121.569121301695077, 25.076473193162634 ], [ 121.568868695328888, 25.076510624611601 ], [ 121.568853838933649, 25.076497207541774 ], [ 121.568023074277718, 25.076115689117895 ], [ 121.567103524124235, 25.075986646649994 ], [ 121.566185194939422, 25.076122711035925 ], [ 121.565357973770745, 25.076510564256246 ], [ 121.564702831542988, 25.077112242687068 ], [ 121.564524069236526, 25.077435095631802 ], [ 121.56447749976256, 25.077174362827233 ], [ 121.564051646678536, 25.07642096522585 ], [ 121.564043055581976, 25.076413205898188 ], [ 121.564035560359414, 25.07639994563279 ], [ 121.563374928563448, 25.075803269953155 ], [ 121.562544184967805, 25.075421720448421 ], [ 121.561624645041334, 25.075292643834072 ], [ 121.561512812878632, 25.075309209629168 ], [ 121.561373375919658, 25.074528402426854 ], [ 121.560947551135754, 25.073774995162452 ], [ 121.560286948368287, 25.073178305023799 ], [ 121.559456231861674, 25.072796737628448 ], [ 121.558536714434311, 25.07266764144298 ], [ 121.557618399350687, 25.072803652621861 ], [ 121.556791172278082, 25.073191458352049 ], [ 121.556136004717843, 25.073793099656932 ], [ 121.555717029191214, 25.074549686264305 ], [ 121.555575261442314, 25.075387160214905 ], [ 121.555724584194621, 25.076223544403863 ], [ 121.556121541889013, 25.076925929610201 ], [ 121.555934401145521, 25.07695364342889 ], [ 121.555107140961198, 25.077341440128986 ], [ 121.554530150938689, 25.077871260665564 ], [ 121.553884813924569, 25.077780641163979 ], [ 121.55372263752075, 25.077804655350128 ], [ 121.553187861376855, 25.07732158395827 ], [ 121.552357137826064, 25.076939977145415 ], [ 121.551437595898776, 25.076810837456193 ], [ 121.551406545087772, 25.0768154348102 ], [ 121.551144160532232, 25.076578409463632 ], [ 121.550313448143214, 25.076196790980426 ], [ 121.549393913666705, 25.076067638485725 ], [ 121.548475562035762, 25.07620359364395 ], [ 121.547648282493384, 25.076591349123991 ], [ 121.547306951709956, 25.076904743886029 ], [ 121.546853417311766, 25.076841034827805 ], [ 121.545935056802705, 25.076976974398004 ], [ 121.545536467056394, 25.077163789124675 ], [ 121.545031564570124, 25.076931821566522 ], [ 121.544368073262774, 25.076838608477136 ], [ 121.544091629883368, 25.07634935988634 ], [ 121.543678401351201, 25.075976026957466 ], [ 121.543932881665839, 25.075516594199073 ], [ 121.543978752456894, 25.075245774986278 ], [ 121.543998791292921, 25.075263879263673 ], [ 121.544829478475634, 25.075645533574498 ], [ 121.545749005579282, 25.075774714488844 ], [ 121.54666735737608, 25.075638776196023 ], [ 121.547494633779976, 25.075251026189939 ], [ 121.547566866971138, 25.075184704023314 ], [ 121.548325385953433, 25.075072415265179 ], [ 121.549152653177543, 25.074684656141621 ], [ 121.549646736065128, 25.074230990018528 ], [ 121.54979959120864, 25.074301212271717 ], [ 121.550719112828332, 25.074430362501094 ], [ 121.551637448510476, 25.074294393696711 ], [ 121.552464699747233, 25.073906616340121 ], [ 121.553119886174173, 25.073304990930893 ], [ 121.5535388737338, 25.072548411326895 ], [ 121.553680652504525, 25.071710938820949 ], [ 121.553531349700123, 25.070874551737781 ], [ 121.553105585530716, 25.070121120564675 ], [ 121.552445040008109, 25.069524394244723 ], [ 121.551614371775457, 25.069142781937558 ], [ 121.550694888928206, 25.069013636505389 ], [ 121.549776591347552, 25.069149598921783 ], [ 121.548949362987869, 25.069537361145198 ], [ 121.548455295962114, 25.069991024956352 ], [ 121.548302446957578, 25.069920801174415 ], [ 121.54738296133759, 25.069791635282108 ], [ 121.546464653897772, 25.069927577357912 ], [ 121.545884829300221, 25.070199352094654 ], [ 121.545598583040146, 25.070159137265971 ], [ 121.544680270673652, 25.070295068376559 ], [ 121.544328412439228, 25.070459985558479 ], [ 121.544269199996748, 25.070406487551463 ], [ 121.543438550159934, 25.070024829212954 ], [ 121.542519068250257, 25.069895633123245 ], [ 121.541600754057626, 25.070031545212906 ], [ 121.54141888408266, 25.070116783868386 ], [ 121.540763106798707, 25.070024632382037 ], [ 121.539844789489848, 25.070160533655557 ], [ 121.539017522009686, 25.070548241122502 ], [ 121.538362279811338, 25.071149805422483 ], [ 121.538349172803137, 25.071173466989325 ], [ 121.538283525260766, 25.071204232563453 ], [ 121.538120942334785, 25.071353494995286 ], [ 121.537999304083542, 25.071243586399014 ] ], [ [ 121.540260571865602, 25.060499326363132 ], [ 121.539954628780663, 25.060222868085436 ], [ 121.539885792913324, 25.059836966348371 ], [ 121.539967274703528, 25.059798775546827 ], [ 121.54009879760207, 25.059678014024335 ], [ 121.540657406633301, 25.060182787785173 ], [ 121.540945023406209, 25.060314957724611 ], [ 121.540704461136215, 25.060535838253262 ], [ 121.540494920161308, 25.060914161072422 ], [ 121.540260571865602, 25.060499326363132 ] ], [ [ 121.527434488951968, 25.047293532160392 ], [ 121.527047411613239, 25.04694365270457 ], [ 121.527141609907588, 25.046899507435651 ], [ 121.527591281576832, 25.047305965248285 ], [ 121.527900747538737, 25.047448225552266 ], [ 121.527713123947734, 25.047786932244918 ], [ 121.527434488951968, 25.047293532160392 ] ], [ [ 121.513867083805806, 25.022027831326096 ], [ 121.513036853591302, 25.021645993680103 ], [ 121.512692478335225, 25.02159751259078 ], [ 121.512597862176534, 25.021553996194189 ], [ 121.511776833939862, 25.021438408017104 ], [ 121.511659637701257, 25.021230773249474 ], [ 121.510999555709873, 25.020633851173063 ], [ 121.510169343519607, 25.020251997151878 ], [ 121.509250264603509, 25.020122587708027 ], [ 121.509075371034882, 25.020148441955381 ], [ 121.508837704080051, 25.019933506989727 ], [ 121.508747138681599, 25.019891850101654 ], [ 121.50842488185215, 25.019600413652398 ], [ 121.507594684365273, 25.019218544964904 ], [ 121.507303382693848, 25.019177523789292 ], [ 121.507258502111895, 25.018925439726267 ], [ 121.506873234059768, 25.018242792508719 ], [ 121.507154082601289, 25.018371978925789 ], [ 121.508073146496486, 25.01850140159895 ], [ 121.508991119065087, 25.018365701425331 ], [ 121.509818137355808, 25.017978162580238 ], [ 121.509922950800387, 25.017881935998147 ], [ 121.510230088866749, 25.017925182214469 ], [ 121.510356336255242, 25.018039354243122 ], [ 121.511186533991349, 25.018421207560106 ], [ 121.512105602006415, 25.018550605232299 ], [ 121.513023570031066, 25.018414880226327 ], [ 121.513436420516697, 25.018221406241295 ], [ 121.513348606912999, 25.01873929253323 ], [ 121.513497567798993, 25.019575731349022 ], [ 121.513922911533371, 25.020329287974164 ], [ 121.514583005756776, 25.020926196895765 ], [ 121.515413235703889, 25.02130802594473 ], [ 121.516332329201205, 25.021437397023515 ], [ 121.516335992317238, 25.021436855334517 ], [ 121.51645524439131, 25.022106365584794 ], [ 121.516504563979964, 25.022193736175552 ], [ 121.515746629916663, 25.022548933875598 ], [ 121.515577202892558, 25.022704488047602 ], [ 121.515260813204108, 25.022558981047553 ], [ 121.514341712327351, 25.022429603479132 ], [ 121.514315651559514, 25.022433456866839 ], [ 121.513867083805806, 25.022027831326096 ] ], [ [ 121.51195595848381, 25.010398852305702 ], [ 121.511596800419539, 25.010233647703185 ], [ 121.511529265021977, 25.009854361335577 ], [ 121.511407660593136, 25.009638894244009 ], [ 121.511831043667982, 25.010021800492535 ], [ 121.511883485427362, 25.010114719497132 ], [ 121.512543514402992, 25.01071163931659 ], [ 121.512663103552015, 25.010766646591609 ], [ 121.512562819365669, 25.010947686150594 ], [ 121.51195595848381, 25.010398852305702 ] ], [ [ 121.5104439596969, 25.00850386941509 ], [ 121.510353391197512, 25.008462208241422 ], [ 121.51046458107146, 25.007806505087736 ], [ 121.510315656398419, 25.006970061363152 ], [ 121.509890382061883, 25.006216491990621 ], [ 121.509230390123989, 25.005619559452626 ], [ 121.508400285051465, 25.005237693102245 ], [ 121.507481319835136, 25.005108270669666 ], [ 121.506563443709254, 25.005243960236555 ], [ 121.506497478968981, 25.005274872696482 ], [ 121.506187866666409, 25.005231265084934 ], [ 121.50608181763829, 25.005216328362458 ], [ 121.506460141713859, 25.00516040270605 ], [ 121.506469838189929, 25.005155858735893 ], [ 121.506749697067022, 25.005114488001006 ], [ 121.507576634672105, 25.004726962223423 ], [ 121.508231683159025, 25.004125531594429 ], [ 121.508262857539904, 25.004069255075635 ], [ 121.508612140932698, 25.004688201944514 ], [ 121.509272124872382, 25.005285137426448 ], [ 121.510102232869315, 25.00566699886075 ], [ 121.511021204691431, 25.005796404980554 ], [ 121.511582517114121, 25.005713409979052 ], [ 121.511634711913317, 25.005805895242425 ], [ 121.511613139829635, 25.005933118673497 ], [ 121.511218309586084, 25.006295644692827 ], [ 121.51079927706148, 25.007052112235421 ], [ 121.510657271935131, 25.007889554623549 ], [ 121.510806200143151, 25.008725997848764 ], [ 121.510927802602538, 25.008941465489425 ], [ 121.5104439596969, 25.00850386941509 ] ], [ [ 121.508218584317362, 25.00094160838238 ], [ 121.507693377095322, 25.000466550133726 ], [ 121.507764353589025, 25.000338419656014 ], [ 121.508166338417638, 25.000150028786766 ], [ 121.508149422559086, 25.00024977890979 ], [ 121.508297462560165, 25.001081388889919 ], [ 121.508218584317362, 25.00094160838238 ] ], [ [ 121.513674623386933, 24.998302764663983 ], [ 121.514311273027744, 24.998392406278036 ], [ 121.515229088964944, 24.998256669722412 ], [ 121.516055953574366, 24.997869097604315 ], [ 121.516710924342462, 24.997267630321378 ], [ 121.517031135515467, 24.996689455866505 ], [ 121.516970130573142, 24.997049356549343 ], [ 121.517050006002833, 24.997497884200442 ], [ 121.516988773326162, 24.997859126612752 ], [ 121.51713773088521, 24.998695564129573 ], [ 121.51756302225948, 24.999449113246929 ], [ 121.518223020210485, 25.000046009188356 ], [ 121.519053119395721, 25.000427821057805 ], [ 121.519972060444672, 25.000557172441813 ], [ 121.520836280814152, 25.000429330615972 ], [ 121.520842733838606, 25.000435166382889 ], [ 121.52167284347388, 25.000816963440215 ], [ 121.522414904736365, 25.000921403696445 ], [ 121.522368829011754, 25.000943002696228 ], [ 121.5217138671361, 25.001544494464433 ], [ 121.521646277241928, 25.001666541340235 ], [ 121.520809422058093, 25.0017903387436 ], [ 121.519982546867425, 25.002177937263344 ], [ 121.519752891525158, 25.002388835382074 ], [ 121.519493724333117, 25.001929663158421 ], [ 121.518833710111977, 25.001332773266668 ], [ 121.518003605446125, 25.00095096030612 ], [ 121.517084663285232, 25.000821596782437 ], [ 121.516166830607148, 25.000957345013013 ], [ 121.515779368991801, 25.001138954778295 ], [ 121.515643019859894, 25.000373286070772 ], [ 121.515217736800068, 24.99961973142058 ], [ 121.514557755428228, 24.999022821841979 ], [ 121.513913818267255, 24.99872660955922 ], [ 121.513674623386933, 24.998302764663983 ] ], [ [ 121.511233493544196, 24.997137557789848 ], [ 121.510315681034385, 24.99727326965219 ], [ 121.509610799601433, 24.997603632803383 ], [ 121.509501987363592, 24.996992402784514 ], [ 121.509076753454153, 24.996238829456431 ], [ 121.508416819600001, 24.99564189160558 ], [ 121.507751469667838, 24.995335785995483 ], [ 121.507863497586584, 24.995232920600809 ], [ 121.508282509537068, 24.994476460481255 ], [ 121.508424517120332, 24.993639018845542 ], [ 121.508275625125776, 24.992802571003182 ], [ 121.507927647320713, 24.992185871114657 ], [ 121.508407013518749, 24.992406417429915 ], [ 121.509325884871032, 24.992535835842421 ], [ 121.510243663498045, 24.992400130541103 ], [ 121.5110705054405, 24.992012586202506 ], [ 121.511725470403576, 24.991411140503821 ], [ 121.512144445996313, 24.990654669702113 ], [ 121.512216364001361, 24.990230467127002 ], [ 121.512575397491432, 24.990866721403393 ], [ 121.513235325138879, 24.99146364127634 ], [ 121.513552244240088, 24.99160943607664 ], [ 121.513412239857459, 24.992435283708438 ], [ 121.513528459207066, 24.993088029442312 ], [ 121.513370950641018, 24.99311132297116 ], [ 121.512544108872405, 24.993498880039038 ], [ 121.511889137092552, 24.994100329286027 ], [ 121.511470148645699, 24.994856799230689 ], [ 121.511328160516058, 24.995694243331688 ], [ 121.511477076972511, 24.996530687412331 ], [ 121.511870135594165, 24.997227209988754 ], [ 121.511233493544196, 24.997137557789848 ] ], [ [ 121.512013142521894, 24.988760379633852 ], [ 121.512102740772519, 24.988678099984096 ], [ 121.512071314051752, 24.988863469384434 ], [ 121.512013142521894, 24.988760379633852 ] ], [ [ 121.458702450413043, 24.999818328007088 ], [ 121.45912833174431, 25.000014431226365 ], [ 121.460038915360528, 25.000142982316675 ], [ 121.460032353386339, 25.000154818007015 ], [ 121.4598900102893, 25.000992217713662 ], [ 121.460038586460371, 25.001828717795412 ], [ 121.460063783773606, 25.001873408823261 ], [ 121.459832448224788, 25.001981728771256 ], [ 121.459361685558662, 25.002413657664224 ], [ 121.459304909237687, 25.002440242057467 ], [ 121.45915479652831, 25.002577970702319 ], [ 121.459018459917559, 25.001810354607869 ], [ 121.458593514232248, 25.001056633123337 ], [ 121.457992688825684, 25.000512779056315 ], [ 121.457668809225979, 24.999938301282242 ], [ 121.457783034744139, 24.999954428480613 ], [ 121.45870093063175, 24.999819039621261 ], [ 121.458702450413043, 24.999818328007088 ] ], [ [ 121.449570968145636, 24.992101361894729 ], [ 121.448836163505064, 24.991997566251289 ], [ 121.448518505829284, 24.992044402269144 ], [ 121.448446873256543, 24.992011409487255 ], [ 121.447848828824377, 24.991926927651985 ], [ 121.447457274747734, 24.991746581265456 ], [ 121.448250053911451, 24.991858573779595 ], [ 121.449167901254455, 24.991723244288046 ], [ 121.44950997671009, 24.991563089567844 ], [ 121.449493067570515, 24.991662521361953 ], [ 121.449570968145636, 24.992101361894729 ] ], [ [ 121.458832393371523, 24.987909729302224 ], [ 121.459457011401369, 24.987336573986322 ], [ 121.459469911035754, 24.987313305079454 ], [ 121.459620010271209, 24.987175571395746 ], [ 121.459665508861292, 24.987093498718913 ], [ 121.459690504119777, 24.987116126044683 ], [ 121.460520340795725, 24.987498269167027 ], [ 121.461439130739791, 24.987627984670315 ], [ 121.461958817762394, 24.987551311891384 ], [ 121.461731168395048, 24.98796197197429 ], [ 121.461616383756976, 24.988637363783475 ], [ 121.460853072408725, 24.988749976665023 ], [ 121.460026089632734, 24.989137244145816 ], [ 121.459370880850983, 24.989738466034424 ], [ 121.458951582592405, 24.990494793104432 ], [ 121.458809242155169, 24.991332192806404 ], [ 121.458957798288864, 24.992168695320391 ], [ 121.45938271468107, 24.992922417066392 ], [ 121.459786042382362, 24.993287517337045 ], [ 121.459593506249419, 24.993634806752173 ], [ 121.45945116692161, 24.994472206705545 ], [ 121.459510017099319, 24.99480356740186 ], [ 121.459109189637431, 24.994862694280222 ], [ 121.459107669919021, 24.994863405898112 ], [ 121.458681806513937, 24.994667302230624 ], [ 121.45776296671302, 24.994537570529658 ], [ 121.456845108833178, 24.99467295315414 ], [ 121.456301981192652, 24.994927264586362 ], [ 121.456052090181714, 24.994483989043641 ], [ 121.456028803042344, 24.994352847563423 ], [ 121.455763114135493, 24.99388154374935 ], [ 121.455943431571058, 24.993556317484266 ], [ 121.456085793776467, 24.992718920460849 ], [ 121.455937256307337, 24.991882414874119 ], [ 121.455512364443265, 24.991128682834177 ], [ 121.455312973898046, 24.990948176272095 ], [ 121.455288073758538, 24.990807941852989 ], [ 121.454972225949675, 24.990247636541909 ], [ 121.454992776054723, 24.990257100597951 ], [ 121.45591158133972, 24.990386849973593 ], [ 121.456829408589513, 24.99025147346784 ], [ 121.45765640908111, 24.989864223561447 ], [ 121.458311626988007, 24.989263009103635 ], [ 121.458730925144366, 24.988506683715862 ], [ 121.458832393371523, 24.987909729302224 ] ], [ [ 121.480396566037101, 25.01186482559503 ], [ 121.480469385862961, 25.011875094336023 ], [ 121.480503568101923, 25.011890826209164 ], [ 121.481422558715224, 25.012020414886994 ], [ 121.482340515550149, 25.011884879418872 ], [ 121.48244064251368, 25.011837980818921 ], [ 121.482490517191948, 25.012118458613347 ], [ 121.481626905010359, 25.01224597098388 ], [ 121.480799833406238, 25.012633354090429 ], [ 121.480144604734647, 25.013234665933769 ], [ 121.480047935522563, 25.013409072059094 ], [ 121.479810474463761, 25.013375585954918 ], [ 121.478892503517699, 25.013511105984353 ], [ 121.478065414658332, 25.013898474070359 ], [ 121.477410165850216, 25.014499774060507 ], [ 121.476990897545519, 25.015256149086124 ], [ 121.476922609207762, 25.015658176270012 ], [ 121.476457546960361, 25.015592585433655 ], [ 121.475539555523824, 25.015728085022079 ], [ 121.475449544881656, 25.015770238651687 ], [ 121.475010610003082, 25.01556821239808 ], [ 121.474728186440274, 25.015528376746776 ], [ 121.474700266248817, 25.015503113281063 ], [ 121.474821316904425, 25.014790538493589 ], [ 121.474672623730697, 25.01395405631898 ], [ 121.474247540209404, 25.013200382787037 ], [ 121.473587679733683, 25.012603290579893 ], [ 121.473305033256182, 25.012473190626718 ], [ 121.473695964011981, 25.011767970030508 ], [ 121.473838224412972, 25.010930559501592 ], [ 121.473805097800337, 25.010744189765006 ], [ 121.47391390815892, 25.010103674403826 ], [ 121.473848758229991, 25.00973714003354 ], [ 121.473891444205975, 25.009756788369604 ], [ 121.474810412687461, 25.009886418284168 ], [ 121.475728361687828, 25.009750923720762 ], [ 121.476555430562243, 25.009363568721021 ], [ 121.476624295368282, 25.00930037240353 ], [ 121.476871134779159, 25.009738015961119 ], [ 121.477530995314623, 25.010335093819396 ], [ 121.477535238148235, 25.010337046652833 ], [ 121.477539485337672, 25.0103408897129 ], [ 121.478369532736593, 25.010722928986773 ], [ 121.478853282255855, 25.010791152038049 ], [ 121.478906628382006, 25.010885729404421 ], [ 121.479566504830302, 25.01148279790149 ], [ 121.480396566037101, 25.01186482559503 ] ], [ [ 121.490504636966151, 24.99532674057042 ], [ 121.491062761999856, 24.99540541705105 ], [ 121.491980584039013, 24.995269823818528 ], [ 121.492249741716989, 24.995143713865389 ], [ 121.492633924341348, 24.995320514727688 ], [ 121.493305021234946, 24.995415106267629 ], [ 121.493830975895321, 24.995890962015171 ], [ 121.494344630023079, 24.996127336964605 ], [ 121.493667395661944, 24.996444653549602 ], [ 121.493012315100714, 24.997046021129751 ], [ 121.49259320044365, 24.997802439565795 ], [ 121.492451081025649, 24.998639867361106 ], [ 121.492599873966299, 24.999476331939118 ], [ 121.492832168184734, 24.999888102382144 ], [ 121.49239869622285, 24.999827005677226 ], [ 121.491863781475047, 24.999906030216913 ], [ 121.491838479065677, 24.999763784985554 ], [ 121.491413342091846, 24.999010159925163 ], [ 121.491282041572305, 24.998891365650909 ], [ 121.491310245742625, 24.998725185399561 ], [ 121.491161462507421, 24.997888719300228 ], [ 121.490788473762237, 24.997227517373986 ], [ 121.490872875315461, 24.99673022422667 ], [ 121.490724097683497, 24.995893757384614 ], [ 121.490411969249863, 24.995340430034339 ], [ 121.490504636966151, 24.99532674057042 ] ], [ [ 121.487624049425818, 24.993598379552385 ], [ 121.487836736575289, 24.993975447146422 ], [ 121.48782519029254, 24.993970133040154 ], [ 121.487430027769818, 24.993914419375706 ], [ 121.487468491497239, 24.99387911172893 ], [ 121.487624049425818, 24.993598379552385 ] ], [ [ 121.50503418975029, 25.005224522160482 ], [ 121.505203356032524, 25.005248349960198 ], [ 121.50500472371391, 25.005277711114605 ], [ 121.50503418975029, 25.005224522160482 ] ], [ [ 121.50415863062733, 24.996452980955791 ], [ 121.503924025051461, 24.996876487049533 ], [ 121.503597472725133, 24.996581087028346 ], [ 121.503438829354494, 24.996299919175083 ], [ 121.503211526882794, 24.996094298560582 ], [ 121.503917167327884, 24.996418965273943 ], [ 121.50415863062733, 24.996452980955791 ] ], [ [ 121.498211181613712, 24.997072546673209 ], [ 121.498159351226434, 24.997378039970474 ], [ 121.498088955265061, 24.997505103029631 ], [ 121.497842960948461, 24.997069080035129 ], [ 121.497976489389799, 24.997049347752224 ], [ 121.498310830182817, 24.996892682241054 ], [ 121.498211181613712, 24.997072546673209 ] ], [ [ 121.494227713602754, 25.004663358434787 ], [ 121.494207010303569, 25.004785355328526 ], [ 121.494168729811491, 25.0047175031447 ], [ 121.494227713602754, 25.004663358434787 ] ], [ [ 121.458028493400604, 25.006100337213919 ], [ 121.457926616406482, 25.005919643456917 ], [ 121.45726687309984, 25.00532247655272 ], [ 121.457078274941907, 25.005235635007644 ], [ 121.457122940499303, 25.005229047489376 ], [ 121.457950039492729, 25.004841795315464 ], [ 121.458100156274114, 25.004704067869916 ], [ 121.458236490695128, 25.005471684544247 ], [ 121.458409665305751, 25.005778834140294 ], [ 121.458346877113399, 25.005808232180552 ], [ 121.458028493400604, 25.006100337213919 ] ], [ [ 121.456330677236565, 25.025414339752793 ], [ 121.456484726296111, 25.02555375626239 ], [ 121.457002924466082, 25.025792325081227 ], [ 121.457109289324492, 25.025980949839365 ], [ 121.456894764679987, 25.025786804459774 ], [ 121.456280858500079, 25.025504172574234 ], [ 121.456330677236565, 25.025414339752793 ] ], [ [ 121.513491292556793, 25.071537379973556 ], [ 121.513574457287461, 25.071525087993958 ], [ 121.513503961747887, 25.071652292328615 ], [ 121.513267899319416, 25.071687182739826 ], [ 121.513156721900586, 25.071490301810169 ], [ 121.513491292556793, 25.071537379973556 ] ], [ [ 121.508827373328543, 25.089132366685551 ], [ 121.508503316445271, 25.088839475703821 ], [ 121.508782182140536, 25.088878718250729 ], [ 121.508827373328543, 25.089132366685551 ] ], [ [ 121.508525953605627, 25.119187255025754 ], [ 121.508036198188265, 25.118744712329061 ], [ 121.508031015371998, 25.118715629158007 ], [ 121.508043988409682, 25.118727351653764 ], [ 121.508874864168945, 25.119109202150049 ], [ 121.509794683748368, 25.11923860055029 ], [ 121.510483208073637, 25.11913688663628 ], [ 121.510473864850184, 25.119191940441834 ], [ 121.51054301295072, 25.119579914971716 ], [ 121.509842601848007, 25.119258034557078 ], [ 121.508922782077903, 25.119128636457571 ], [ 121.508525953605627, 25.119187255025754 ] ], [ [ 121.512985516639915, 25.112574331727302 ], [ 121.5124760496916, 25.112812902843707 ], [ 121.512372582048314, 25.112907825617082 ], [ 121.512273635392447, 25.112893907235431 ], [ 121.512420182611194, 25.112629564811694 ], [ 121.512518292214082, 25.112643365383455 ], [ 121.512985516639915, 25.112574331727302 ] ], [ [ 121.50530541807494, 25.128652313105 ], [ 121.505169851955799, 25.128590011694751 ], [ 121.504493988636568, 25.128494919752839 ], [ 121.504899333601415, 25.128123138675942 ], [ 121.504903902450309, 25.128114899502069 ], [ 121.505078027244252, 25.12842314782014 ], [ 121.505278069891276, 25.128603899785276 ], [ 121.50530541807494, 25.128652313105 ] ], [ [ 121.507194451516014, 25.124034105113665 ], [ 121.507393371949988, 25.12412552205063 ], [ 121.506548363591378, 25.124250329799704 ], [ 121.505720626969108, 25.124637856274713 ], [ 121.505064935955261, 25.125239276345447 ], [ 121.505060367220622, 25.125247515525626 ], [ 121.504982568753633, 25.125109787454729 ], [ 121.505410545299227, 25.124717235197917 ], [ 121.505829997988798, 25.123960787987862 ], [ 121.505897954892646, 25.123560464442047 ], [ 121.506265841030711, 25.123612224101304 ], [ 121.506662684948054, 25.123553611377897 ], [ 121.507194451516014, 25.124034105113665 ] ], [ [ 121.501439427368908, 25.129055004396761 ], [ 121.50157715520713, 25.129118303352023 ], [ 121.502253019956513, 25.129213408569996 ], [ 121.501847663309206, 25.12958518253447 ], [ 121.501672925867908, 25.12990027071994 ], [ 121.501221334249934, 25.130111667718037 ], [ 121.501067220383675, 25.12983882907692 ], [ 121.501411855366371, 25.129217384963081 ], [ 121.501439427368908, 25.129055004396761 ] ], [ [ 121.515997560754528, 25.109158363528362 ], [ 121.515893070712806, 25.109774267438482 ], [ 121.516042170841203, 25.110610691456994 ], [ 121.516467855191408, 25.111364226326025 ], [ 121.517071980416986, 25.111910079072938 ], [ 121.516717936962451, 25.111962400351349 ], [ 121.516643786139412, 25.111997126092458 ], [ 121.5164694106643, 25.111916994461996 ], [ 121.515549639793463, 25.111787636589419 ], [ 121.514630980704965, 25.111923386546081 ], [ 121.514320461314909, 25.112068800731347 ], [ 121.514920166172615, 25.111518599880334 ], [ 121.515339516306398, 25.110762126057086 ], [ 121.515481594726651, 25.109924689364714 ], [ 121.515332499323435, 25.109088264631495 ], [ 121.515031488971189, 25.108555403927866 ], [ 121.515431555297596, 25.108368047678827 ], [ 121.515701036909491, 25.108120800569761 ], [ 121.515834549157233, 25.1088697981392 ], [ 121.515997560754528, 25.109158363528362 ] ], [ [ 121.526428454412383, 25.11720528589948 ], [ 121.526636283574007, 25.117573090272934 ], [ 121.526491688629235, 25.1175944676048 ], [ 121.52612700586505, 25.117765275264698 ], [ 121.525813478124576, 25.117210406276538 ], [ 121.525152805099182, 25.116613564201753 ], [ 121.524321897541213, 25.116231805348939 ], [ 121.523402086970407, 25.116102496917247 ], [ 121.523189250651157, 25.116133958773226 ], [ 121.523078867626651, 25.115938594726547 ], [ 121.522932593074529, 25.115806446469101 ], [ 121.523554195350485, 25.115714560061019 ], [ 121.524381814240058, 25.115326935397579 ], [ 121.524833090934777, 25.114912860095838 ], [ 121.525074898230685, 25.115131310417514 ], [ 121.525905800537714, 25.115513065189187 ], [ 121.52623829697427, 25.115559803263999 ], [ 121.526161240059068, 25.116014213711377 ], [ 121.526310418261247, 25.116850625454504 ], [ 121.52639046465211, 25.116992288100864 ], [ 121.526428454412383, 25.11720528589948 ] ], [ [ 121.53468672082596, 25.070845299350754 ], [ 121.534677959742055, 25.070796176564471 ], [ 121.534728906357969, 25.070749406260692 ], [ 121.534861036192908, 25.070767979099319 ], [ 121.534847417023144, 25.070769994069618 ], [ 121.53468672082596, 25.070845299350754 ] ], [ [ 121.527756365501943, 25.072992406358466 ], [ 121.527958080061268, 25.073349516957538 ], [ 121.52861852999807, 25.073946353567827 ], [ 121.528683651736955, 25.073976282427083 ], [ 121.528544262279809, 25.074798618457763 ], [ 121.528688555845108, 25.075607859275792 ], [ 121.52793627657249, 25.075262126573719 ], [ 121.527016769798593, 25.075132834926016 ], [ 121.526098397645399, 25.075268651941833 ], [ 121.525271051363106, 25.075656283807806 ], [ 121.524720024759105, 25.076162047069733 ], [ 121.524357299787766, 25.076331987950113 ], [ 121.523701954463576, 25.076933488746722 ], [ 121.523497171623049, 25.077303057469905 ], [ 121.523340866434722, 25.077281075480926 ], [ 121.523524424775616, 25.076949811324468 ], [ 121.523666412743296, 25.07611236451632 ], [ 121.523538055861394, 25.075392336144827 ], [ 121.523872522893996, 25.075439374087559 ], [ 121.524790899042188, 25.075303570786382 ], [ 121.524809635249142, 25.075294792547368 ], [ 121.524863544619649, 25.075302373706855 ], [ 121.525781918535699, 25.075166564305778 ], [ 121.526609259893121, 25.074778929646502 ], [ 121.527264579499757, 25.074177416257236 ], [ 121.527683730254338, 25.073420907030734 ], [ 121.527756365501943, 25.072992406358466 ] ], [ [ 121.525559266442059, 25.082268989863739 ], [ 121.525101405809409, 25.082058566817281 ], [ 121.525093044362364, 25.082057391053162 ], [ 121.525083979499442, 25.082053225011791 ], [ 121.52475539108751, 25.082007019381642 ], [ 121.525270475257514, 25.081534268068889 ], [ 121.525895583657359, 25.081821554513422 ], [ 121.526050886450264, 25.082096487444517 ], [ 121.526393988889041, 25.082406529560458 ], [ 121.526280724998585, 25.082459594156632 ], [ 121.526001195564987, 25.082331130523301 ], [ 121.525559266442059, 25.082268989863739 ] ], [ [ 121.527863659399387, 25.102210240102625 ], [ 121.527610654624141, 25.102093989658808 ], [ 121.527548242885089, 25.101744035120532 ], [ 121.527122525698815, 25.100990531643134 ], [ 121.526461935140347, 25.100393692788018 ], [ 121.525631134268394, 25.100011938726858 ], [ 121.524711444162151, 25.099882636191477 ], [ 121.524174962456598, 25.099961953612205 ], [ 121.524270335979054, 25.099399517162215 ], [ 121.52412119511223, 25.098563100838742 ], [ 121.523695510123162, 25.097809586683987 ], [ 121.523581759640464, 25.097706806555344 ], [ 121.52355912400435, 25.097579855421596 ], [ 121.523717841771798, 25.097652791298341 ], [ 121.524363127120026, 25.097743521202286 ], [ 121.524434071965189, 25.098141396247463 ], [ 121.524859762625894, 25.09889490815717 ], [ 121.525520337355502, 25.099491754525125 ], [ 121.526351134349937, 25.099873509296248 ], [ 121.527195201017264, 25.099992170343363 ], [ 121.527722430189101, 25.100468515317292 ], [ 121.52855324043513, 25.100850257484883 ], [ 121.529023991916787, 25.100916429800179 ], [ 121.528860254319866, 25.100993133939376 ], [ 121.528204802403835, 25.101594654415045 ], [ 121.527863659399387, 25.102210240102625 ] ], [ [ 121.53272287625505, 25.101311310270635 ], [ 121.532356836537261, 25.100980625431141 ], [ 121.531526014016407, 25.100598904783929 ], [ 121.53105526256418, 25.10053274040914 ], [ 121.531160772458222, 25.10048331136295 ], [ 121.531280018342912, 25.100538099634825 ], [ 121.532199719467769, 25.100667361236287 ], [ 121.533118273168128, 25.100531503920976 ], [ 121.533945759585762, 25.100143827254332 ], [ 121.534033683870774, 25.100063130207175 ], [ 121.534876304989098, 25.099938492567485 ], [ 121.535382742053386, 25.099701219373923 ], [ 121.535241954386919, 25.099955306092966 ], [ 121.534334665191622, 25.100089511285319 ], [ 121.533507180405181, 25.100477190098267 ], [ 121.532851754325719, 25.101078730733306 ], [ 121.53272287625505, 25.101311310270635 ] ], [ [ 121.554094394350159, 25.045376713965418 ], [ 121.553323886292134, 25.045490832943582 ], [ 121.552663590420352, 25.045398079539979 ], [ 121.552321207588335, 25.045448786555504 ], [ 121.552134699925546, 25.045422586373768 ], [ 121.55183877534192, 25.045466411866059 ], [ 121.551092893195616, 25.045361628062249 ], [ 121.550532340182016, 25.045444639663323 ], [ 121.550175745783278, 25.045122418790928 ], [ 121.549345250356296, 25.04474078961778 ], [ 121.54848275382983, 25.044619607478893 ], [ 121.549215945302961, 25.044511039344918 ], [ 121.549246912090794, 25.044496520897471 ], [ 121.549441514811633, 25.04446770420267 ], [ 121.549817791538672, 25.044520569918785 ], [ 121.550735906100797, 25.044384609928166 ], [ 121.550873499285274, 25.044320098914472 ], [ 121.551693927959221, 25.04443535737748 ], [ 121.55196095842544, 25.044395811009874 ], [ 121.55225784934666, 25.044532232956993 ], [ 121.553177150441499, 25.044661372232021 ], [ 121.554095261916032, 25.044525391528399 ], [ 121.554431099627038, 25.044367923148879 ], [ 121.554726184325105, 25.044409371612712 ], [ 121.555151220609005, 25.044346415929247 ], [ 121.555525746686257, 25.044684817269111 ], [ 121.555499712089073, 25.044838645754233 ], [ 121.555621687192101, 25.045522046488315 ], [ 121.555338234153481, 25.0456549543614 ], [ 121.555013703448765, 25.045505841719891 ], [ 121.554094394350159, 25.045376713965418 ] ], [ [ 121.570914753225011, 25.000017180588454 ], [ 121.570869789933752, 24.999996519076394 ], [ 121.570909762838895, 24.999924273996474 ], [ 121.571501254697111, 25.000458791051923 ], [ 121.571866941654434, 25.000626828145691 ], [ 121.571902144400042, 25.000689139358137 ], [ 121.572276451899768, 25.001027385762075 ], [ 121.572250341644889, 25.001181836627605 ], [ 121.571974673403034, 25.001222713646882 ], [ 121.571930659886547, 25.001243364441169 ], [ 121.571575007160078, 25.000613835310734 ], [ 121.570914753225011, 25.000017180588454 ] ], [ [ 121.57409761124562, 24.993789050442711 ], [ 121.574239170844962, 24.992951553530684 ], [ 121.574089835675537, 24.99211517905453 ], [ 121.574075317372916, 24.992089479817992 ], [ 121.574072408209318, 24.992073186465294 ], [ 121.573646801879974, 24.991319803618403 ], [ 121.573034789105748, 24.990766716500005 ], [ 121.573120680038912, 24.990258584085556 ], [ 121.573046374650744, 24.989842394926157 ], [ 121.573078347857745, 24.989653239922614 ], [ 121.57293022108216, 24.988823563250381 ], [ 121.572993540173215, 24.988832453800143 ], [ 121.573264486244398, 24.989312083506697 ], [ 121.573739489295718, 24.989741356976825 ], [ 121.573621317673656, 24.990440485329628 ], [ 121.573770647415429, 24.991276860555995 ], [ 121.574196254338602, 24.992030243042123 ], [ 121.574856480302316, 24.992626884316234 ], [ 121.575686697628882, 24.99300837841189 ], [ 121.576605635371905, 24.993137380029516 ], [ 121.576653947098052, 24.993130214279734 ], [ 121.576787506602145, 24.993250906211095 ], [ 121.577034318343422, 24.99336431506158 ], [ 121.576269020441401, 24.993256884493931 ], [ 121.575351316356603, 24.993392995922324 ], [ 121.574524674196923, 24.993780894126285 ], [ 121.574125378385673, 24.994147896143009 ], [ 121.573974510903142, 24.994011559406925 ], [ 121.57409761124562, 24.993789050442711 ] ], [ [ 121.569203890421932, 24.994865396672111 ], [ 121.569080780150244, 24.99508790173066 ], [ 121.568939183347709, 24.995925394159471 ], [ 121.568953260193268, 24.996004250336618 ], [ 121.568328837159726, 24.995916563159746 ], [ 121.567411103592462, 24.996052626067616 ], [ 121.566584417951987, 24.99644048077225 ], [ 121.565929698756392, 24.997042163496964 ], [ 121.565511034640238, 24.997798779906116 ], [ 121.565369410852682, 24.998636269114716 ], [ 121.565518696003593, 24.999472652519632 ], [ 121.565711267969036, 24.999813559488782 ], [ 121.56514009543416, 25.000081520127239 ], [ 121.564485350150335, 25.00068319666487 ], [ 121.564435585574373, 25.000773127582264 ], [ 121.564499356594354, 25.000396043426989 ], [ 121.564577273830139, 25.000255236427552 ], [ 121.564718904627071, 24.999417748027557 ], [ 121.564611977432861, 24.998818657501033 ], [ 121.564629887715355, 24.998712750101468 ], [ 121.564480609589467, 24.997876365597808 ], [ 121.564396433005044, 24.997727343640467 ], [ 121.564300595323729, 24.997190369188157 ], [ 121.563875029687139, 24.996436958161926 ], [ 121.563214834960675, 24.995840267883089 ], [ 121.562384635446335, 24.995458703991972 ], [ 121.562068100268945, 24.995414239047513 ], [ 121.561952062846132, 24.995309360249983 ], [ 121.562629456080558, 24.995208955676937 ], [ 121.562903433500082, 24.995080422900621 ], [ 121.56306278281177, 24.995056803034785 ], [ 121.563889470754688, 24.994668967795558 ], [ 121.564544187744829, 24.994067293904916 ], [ 121.564760154249228, 24.993676992616795 ], [ 121.564789152784556, 24.993663387696245 ], [ 121.565226976657243, 24.993261027348083 ], [ 121.565786443536211, 24.993766675538556 ], [ 121.566616641675068, 24.994148220548393 ], [ 121.567535579648379, 24.994277278184963 ], [ 121.568453299918602, 24.99414121471224 ], [ 121.568594283732097, 24.994075066636231 ], [ 121.568870561697722, 24.994564151742402 ], [ 121.569203890421932, 24.994865396672111 ] ], [ [ 121.552112218289949, 24.990735243910031 ], [ 121.553031117536705, 24.990864391892245 ], [ 121.553559852374534, 24.990786052054393 ], [ 121.553634249655943, 24.99082025261982 ], [ 121.554553150932207, 24.990949391162729 ], [ 121.555470862539863, 24.990813407887678 ], [ 121.556006903870497, 24.99056195462877 ], [ 121.556002305022147, 24.990589138748543 ], [ 121.556151516105402, 24.991425533725518 ], [ 121.556577017217251, 24.992178968468458 ], [ 121.557237160578481, 24.992775689392509 ], [ 121.558067326601986, 24.993157282734483 ], [ 121.558621058414872, 24.993235084030562 ], [ 121.558851341262454, 24.993340933232556 ], [ 121.55887689964824, 24.993484177680106 ], [ 121.559302424563299, 24.994237604010053 ], [ 121.55942039259061, 24.994344232898008 ], [ 121.558743001167812, 24.994444622834266 ], [ 121.557916297958684, 24.994832429743497 ], [ 121.557261544109508, 24.995434075037895 ], [ 121.556842831644573, 24.996190668045585 ], [ 121.556829659504174, 24.996268529503475 ], [ 121.556667842169887, 24.99598201223198 ], [ 121.556660169879223, 24.995975077229257 ], [ 121.556652202735208, 24.995960970389021 ], [ 121.556650372943224, 24.995959316434913 ], [ 121.556636116304432, 24.995934073234874 ], [ 121.555975958599802, 24.99533735013776 ], [ 121.555145784005489, 24.994955745379155 ], [ 121.554226852309029, 24.994826611089795 ], [ 121.553309109462631, 24.994962587155879 ], [ 121.552482385141289, 24.995350364197694 ], [ 121.551827601646281, 24.995951986038879 ], [ 121.551408853902444, 24.99670856430339 ], [ 121.551267135341547, 24.997546041841829 ], [ 121.551339548042321, 24.997952012551277 ], [ 121.551188279239867, 24.997930752306786 ], [ 121.550756156663567, 24.997994767372756 ], [ 121.551142466471688, 24.997296812566592 ], [ 121.551284185629044, 24.996459335109407 ], [ 121.55113500060385, 24.995622935352142 ], [ 121.550709520055648, 24.994869485025987 ], [ 121.550191266780161, 24.994400986285207 ], [ 121.550414284596087, 24.994196078614269 ], [ 121.550833030290306, 24.993439502936365 ], [ 121.550974747666373, 24.992602025381675 ], [ 121.550825569924328, 24.991765624766895 ], [ 121.550491619371712, 24.991174235742253 ], [ 121.550633466327483, 24.991107702800711 ], [ 121.551288230564538, 24.990506086165468 ], [ 121.551354253488768, 24.990386793478095 ], [ 121.552112218289949, 24.990735243910031 ] ], [ [ 121.557342722077863, 24.987356846332592 ], [ 121.557298417315664, 24.987108504047146 ], [ 121.556872929948483, 24.986355070630054 ], [ 121.556845657264262, 24.986330416826714 ], [ 121.557669983868166, 24.986446251109882 ], [ 121.558153098619627, 24.986374652882265 ], [ 121.558170470356828, 24.986472023907407 ], [ 121.558045042773074, 24.986698686223491 ], [ 121.558019425018458, 24.98685013377407 ], [ 121.557936222635476, 24.987000489453997 ], [ 121.557811189941859, 24.987739651308555 ], [ 121.557644031738135, 24.987893260147185 ], [ 121.557499256116486, 24.988154881107864 ], [ 121.557363423311074, 24.987393502741696 ], [ 121.557342722077863, 24.987356846332592 ] ], [ [ 121.562057468632432, 25.028663302557344 ], [ 121.561892981381234, 25.028640203208553 ], [ 121.561114630161924, 25.028755539767502 ], [ 121.561090332715693, 25.028619420795632 ], [ 121.560843249716314, 25.028182085336425 ], [ 121.561022146272663, 25.028264286835295 ], [ 121.561725135651571, 25.028363012583181 ], [ 121.562057468632432, 25.028663302557344 ] ], [ [ 121.558946728242219, 25.026599701939197 ], [ 121.559212698387398, 25.026721918842885 ], [ 121.559352813577704, 25.026969932809966 ], [ 121.559173919986137, 25.026887729235707 ], [ 121.55825474623407, 25.026758624575162 ], [ 121.558163001122111, 25.026772217525057 ], [ 121.558207560050263, 25.026508866874362 ], [ 121.55805828773461, 25.025672478861939 ], [ 121.557632657994745, 25.024919053888357 ], [ 121.556972337674537, 25.024322340293597 ], [ 121.556867201147185, 25.024274025727145 ], [ 121.556643188421759, 25.024071589081604 ], [ 121.556760836297784, 25.024016414773335 ], [ 121.556793409019065, 25.023986491303177 ], [ 121.556824648380683, 25.023971840682595 ], [ 121.557152023864674, 25.023671090402068 ], [ 121.557282422349886, 25.023651771028085 ], [ 121.557996446927405, 25.023316901782188 ], [ 121.557853193734104, 25.023575701323374 ], [ 121.557711491954365, 25.024413181770015 ], [ 121.557860760225324, 25.025249570338786 ], [ 121.558286392526412, 25.026002994582015 ], [ 121.558946728242219, 25.026599701939197 ] ], [ [ 121.549914467076405, 25.014729012025665 ], [ 121.550170773584895, 25.01518281551558 ], [ 121.550600225336112, 25.015570969717611 ], [ 121.55004977542734, 25.015493615130634 ], [ 121.550050304511359, 25.015490489151464 ], [ 121.549914467076405, 25.014729012025665 ] ], [ [ 121.517155596085459, 24.995020955084353 ], [ 121.517313106287787, 24.994997657527215 ], [ 121.517685381947416, 24.994823152408767 ], [ 121.51776311412813, 24.994811654652949 ], [ 121.517786389836715, 24.994800744044646 ], [ 121.517831534383774, 24.995054241984796 ], [ 121.517595042614559, 24.995271423539442 ], [ 121.517227549230341, 24.995934984683441 ], [ 121.51727183784692, 24.995673697312114 ], [ 121.517155596085459, 24.995020955084353 ] ], [ [ 121.547298446027909, 25.036843047139207 ], [ 121.547199023994963, 25.036667039571235 ], [ 121.546818492013927, 25.036323145727582 ], [ 121.547425019589355, 25.036408377863225 ], [ 121.547549310017544, 25.036389973495623 ], [ 121.547298446027909, 25.036843047139207 ] ], [ [ 121.548241026295315, 25.044639009008471 ], [ 121.547507833106437, 25.04474757235656 ], [ 121.546865842788634, 25.045048550544564 ], [ 121.546650025769267, 25.044666511324099 ], [ 121.546659274381966, 25.044611888497641 ], [ 121.546649792563471, 25.044558741501778 ], [ 121.546660946823366, 25.044538597859653 ], [ 121.546989776344574, 25.044489910646742 ], [ 121.547152147829721, 25.044413787467175 ], [ 121.547378531436991, 25.044517820426595 ], [ 121.548241026295315, 25.044639009008471 ] ], [ [ 121.525487548621939, 25.037503050405824 ], [ 121.525099368823462, 25.037448443714414 ], [ 121.524968936799098, 25.037467737123841 ], [ 121.524931044893606, 25.037400630027062 ], [ 121.525379332458414, 25.037463692753199 ], [ 121.52549717347334, 25.037446261467345 ], [ 121.525487548621939, 25.037503050405824 ] ], [ [ 121.577771376538905, 24.993653956111558 ], [ 121.578202253685788, 24.993714437378323 ], [ 121.57824894380407, 24.993975879974506 ], [ 121.578018189960758, 24.99376736329312 ], [ 121.577771376538905, 24.993653956111558 ] ], [ [ 121.570255533785613, 25.065096924481796 ], [ 121.570276940671789, 25.065058254930882 ], [ 121.570425681401161, 25.065321396738266 ], [ 121.570459420003132, 25.065351868861633 ], [ 121.570476644101575, 25.06538234043364 ], [ 121.571137252664926, 25.065978985719745 ], [ 121.571303013087942, 25.066055112026262 ], [ 121.571356965997822, 25.066357117882895 ], [ 121.571782827224538, 25.067110495368897 ], [ 121.572443451438986, 25.067707134428844 ], [ 121.573274171980216, 25.068088629304238 ], [ 121.573837668980872, 25.068167688599072 ], [ 121.573091829106161, 25.068517456004873 ], [ 121.57243676709227, 25.069119167798537 ], [ 121.572357524205572, 25.069262313693379 ], [ 121.571916678663342, 25.068864172296369 ], [ 121.571085956882527, 25.068482669882673 ], [ 121.570166461092327, 25.068353645308893 ], [ 121.569248192439488, 25.068489727722195 ], [ 121.568738222557215, 25.06872886212799 ], [ 121.569019871300313, 25.068220116412132 ], [ 121.569161540117094, 25.06738263055637 ], [ 121.569012138366986, 25.066546260297901 ], [ 121.568753889714856, 25.066089376912988 ], [ 121.568773334803225, 25.066086495334826 ], [ 121.569600475484748, 25.065698623959999 ], [ 121.570255533785613, 25.065096924481796 ] ], [ [ 121.584868841622992, 25.060286786998752 ], [ 121.585094852040612, 25.060686538981269 ], [ 121.585099888202677, 25.060691086751465 ], [ 121.585108525152947, 25.060706363144593 ], [ 121.585206903913615, 25.060795201301801 ], [ 121.585051775527191, 25.061075512060992 ], [ 121.584350052148451, 25.060977106854324 ], [ 121.583572743337655, 25.061092382559259 ], [ 121.583996022019207, 25.060703489156687 ], [ 121.584169212527456, 25.060390545940635 ], [ 121.584868841622992, 25.060286786998752 ] ], [ [ 121.59070224022706, 25.058829443161486 ], [ 121.590552704335266, 25.057993096067928 ], [ 121.590227493776226, 25.057417928230677 ], [ 121.590203803341538, 25.057285424916891 ], [ 121.589777865881288, 25.05653210069114 ], [ 121.589452117994696, 25.05623795165144 ], [ 121.589727599075061, 25.056364435609574 ], [ 121.590647022962472, 25.056493340500541 ], [ 121.591126382027539, 25.056422225752339 ], [ 121.591465240439177, 25.057021526441908 ], [ 121.592125902905025, 25.057618077992355 ], [ 121.592956613281373, 25.057999463392036 ], [ 121.593876052342893, 25.058128347977423 ], [ 121.594794213481222, 25.057992114955091 ], [ 121.595603123111189, 25.057612589272697 ], [ 121.595687228853166, 25.057600109201623 ], [ 121.595857545700667, 25.057520198650828 ], [ 121.59593929319233, 25.057977299006765 ], [ 121.596365273122672, 25.05873060462973 ], [ 121.597025968176482, 25.059327133637943 ], [ 121.597856704751621, 25.059708491046582 ], [ 121.59877616105689, 25.059837344932536 ], [ 121.59969432879501, 25.059701081508425 ], [ 121.600108279160992, 25.059506849685338 ], [ 121.600660487351391, 25.059424893014402 ], [ 121.600542902371529, 25.059637427169513 ], [ 121.60040145531984, 25.060474939789653 ], [ 121.600551061234469, 25.061311275396399 ], [ 121.600977081050516, 25.062064566716295 ], [ 121.601519907892509, 25.06255462796306 ], [ 121.601559225078333, 25.062774406655983 ], [ 121.601985256255077, 25.063527694726652 ], [ 121.602646004209404, 25.064124197361334 ], [ 121.603180111725834, 25.064369349696044 ], [ 121.603561012710287, 25.064713207742308 ], [ 121.604391805391359, 25.065094527259991 ], [ 121.605311307950316, 25.065223339707675 ], [ 121.606229507560187, 25.065087035355372 ], [ 121.607056519040469, 25.064698957541239 ], [ 121.607683622124583, 25.06412261256585 ], [ 121.607775228217903, 25.064634524658654 ], [ 121.607988175312556, 25.065011000356701 ], [ 121.607596993342469, 25.065718120680447 ], [ 121.607455588352806, 25.066555638571355 ], [ 121.6076052503185, 25.067391965354087 ], [ 121.607734130034402, 25.06761981133581 ], [ 121.607663652700907, 25.06803723519559 ], [ 121.607813318103268, 25.06887356154218 ], [ 121.608069674404504, 25.069326764417184 ], [ 121.607810811505232, 25.06979468397844 ], [ 121.607752031440143, 25.070142823235265 ], [ 121.607124457541744, 25.070054922123145 ], [ 121.60620622213365, 25.070191232596319 ], [ 121.605379171376953, 25.070579306130387 ], [ 121.604724259525554, 25.071181157540007 ], [ 121.604703523400644, 25.071218637370848 ], [ 121.604677817134103, 25.071230699092833 ], [ 121.604022898392373, 25.071832547484604 ], [ 121.604021301384137, 25.071835433970822 ], [ 121.603839243156699, 25.071920856493247 ], [ 121.603568066315532, 25.071441426743306 ], [ 121.602907273932914, 25.070844929612836 ], [ 121.602076446469255, 25.070463602719375 ], [ 121.601156907595083, 25.070334770993213 ], [ 121.600238662671387, 25.070471044710548 ], [ 121.599411590502243, 25.070859085367875 ], [ 121.598756647436133, 25.071460910997352 ], [ 121.598445278314259, 25.072023634241422 ], [ 121.598155010803993, 25.071510402954214 ], [ 121.597494243725706, 25.070913881253269 ], [ 121.597162057027873, 25.070761402472421 ], [ 121.597043282859104, 25.070097378746954 ], [ 121.597584367838209, 25.070017090561542 ], [ 121.598411440396717, 25.069629060038885 ], [ 121.599066375641385, 25.069027235934076 ], [ 121.599485064115044, 25.068270531554099 ], [ 121.59962652518216, 25.06743302039936 ], [ 121.599548132053513, 25.066994790212672 ], [ 121.599869425001017, 25.066844043842082 ], [ 121.600524338471558, 25.066242213487875 ], [ 121.600943008811029, 25.065485505056188 ], [ 121.60108445715889, 25.064647992443597 ], [ 121.600934843074796, 25.063811657890753 ], [ 121.600508817232836, 25.063058366733483 ], [ 121.599848085247004, 25.062461854203907 ], [ 121.599017323999547, 25.062080508535324 ], [ 121.598097850681512, 25.061951656496259 ], [ 121.597179664239462, 25.062087910350943 ], [ 121.596352637755132, 25.062475933539233 ], [ 121.595697723105772, 25.063077745802108 ], [ 121.595279028067054, 25.063834440131465 ], [ 121.595137540933777, 25.064671948017324 ], [ 121.595215916758988, 25.06511018098653 ], [ 121.594894622367391, 25.065260917343178 ], [ 121.594239685946675, 25.065862723354321 ], [ 121.594236443204792, 25.065868583613806 ], [ 121.594154929096263, 25.065412785487631 ], [ 121.593728938527562, 25.064659474374295 ], [ 121.593068229941693, 25.064062931354261 ], [ 121.592237477932187, 25.063681547645242 ], [ 121.591317998787076, 25.063552653738398 ], [ 121.590399792023447, 25.063688865994827 ], [ 121.590107279970937, 25.06382608858797 ], [ 121.590490253361537, 25.06313401907509 ], [ 121.590631770653687, 25.062296514898119 ], [ 121.590482230511711, 25.061460168190166 ], [ 121.590056276371925, 25.060706845479114 ], [ 121.589962736117883, 25.060622382596133 ], [ 121.590001043030867, 25.060553157176408 ], [ 121.590142011095196, 25.060423628268779 ], [ 121.590560726878522, 25.059666947712941 ], [ 121.59070224022706, 25.058829443161486 ] ], [ [ 121.605672941330653, 25.058771315164254 ], [ 121.606483479602488, 25.058884862760294 ], [ 121.606992338234747, 25.059118420180535 ], [ 121.607911798401815, 25.059247217413642 ], [ 121.608090978245968, 25.059220614732876 ], [ 121.608129733953291, 25.059289135156799 ], [ 121.608135351823179, 25.059320529764598 ], [ 121.608560122583413, 25.060071522015559 ], [ 121.608407156935414, 25.060348045143844 ], [ 121.608265762807463, 25.061185564188847 ], [ 121.608410938460636, 25.061996831109528 ], [ 121.60822784104667, 25.062165113972661 ], [ 121.608127102195866, 25.061602164984347 ], [ 121.607701040786097, 25.060848894921104 ], [ 121.607040286788418, 25.060252414649309 ], [ 121.606350255630275, 25.059935704884566 ], [ 121.606237843684497, 25.059834225424822 ], [ 121.606198519236699, 25.059614448022842 ], [ 121.605772476642443, 25.058861171874806 ], [ 121.605672941330653, 25.058771315164254 ] ], [ [ 121.570049996221869, 25.054275042641972 ], [ 121.57096815827164, 25.054138956897564 ], [ 121.571168101653925, 25.05404518547012 ], [ 121.571397021914322, 25.054450206783226 ], [ 121.572057575103145, 25.055046849807063 ], [ 121.572888208291744, 25.055428349023458 ], [ 121.573339153087829, 25.055491625942526 ], [ 121.57314160009787, 25.055673109960765 ], [ 121.572722789318306, 25.056429743482894 ], [ 121.572702355752185, 25.056550569387745 ], [ 121.572599181953464, 25.056598957304146 ], [ 121.571944179618129, 25.057200666804743 ], [ 121.571930850785094, 25.057224746331602 ], [ 121.571815890961176, 25.056581210203813 ], [ 121.571390067303795, 25.055827831109259 ], [ 121.570729513016545, 25.055231185195826 ], [ 121.569898887595457, 25.054849673754113 ], [ 121.569597831404764, 25.054807422087077 ], [ 121.569548860841309, 25.054533253630318 ], [ 121.569491183450751, 25.054431203803254 ], [ 121.569448205524409, 25.054190583990035 ], [ 121.570049996221869, 25.054275042641972 ] ], [ [ 121.57825778123086, 25.05373836069996 ], [ 121.579117459352162, 25.053858960226794 ], [ 121.57874434711016, 25.0545331178647 ], [ 121.578602756535119, 25.055370612882424 ], [ 121.578718303727285, 25.056017239628265 ], [ 121.578696695316637, 25.056027375007115 ], [ 121.578345575303942, 25.056349958531158 ], [ 121.577952424615432, 25.055654466844661 ], [ 121.577291840128737, 25.055057850654777 ], [ 121.57646119635811, 25.054676376247119 ], [ 121.576010253154635, 25.054613108776248 ], [ 121.576207800172199, 25.05443162102188 ], [ 121.576626582815749, 25.053674977971664 ], [ 121.57664815022396, 25.053547420300276 ], [ 121.576835303818115, 25.053633372033008 ], [ 121.577754695516617, 25.053762357396298 ], [ 121.578174499726799, 25.053700114105872 ], [ 121.57825778123086, 25.05373836069996 ] ], [ [ 121.61607034088108, 25.045764151214655 ], [ 121.615651828650982, 25.046520901270217 ], [ 121.615510497629998, 25.047358427526941 ], [ 121.615660187788379, 25.048194747746543 ], [ 121.615967410595587, 25.048737895115245 ], [ 121.615536501484982, 25.048940159496006 ], [ 121.615302765971379, 25.049155027998257 ], [ 121.61526239318539, 25.049161024577828 ], [ 121.614474173879756, 25.049530999349521 ], [ 121.614583069412092, 25.04888572932283 ], [ 121.614433385589777, 25.048049407971845 ], [ 121.61400733479158, 25.047296154476079 ], [ 121.613688307981192, 25.047008154907608 ], [ 121.613540349635954, 25.04618142542866 ], [ 121.613210475182186, 25.045598192784603 ], [ 121.614026511632844, 25.045476992929856 ], [ 121.614853367382125, 25.045088873635947 ], [ 121.615448258951204, 25.04454198528494 ], [ 121.615498504267961, 25.044587343865608 ], [ 121.616329195270566, 25.044968599501569 ], [ 121.616951853948677, 25.045055793174168 ], [ 121.616725063918679, 25.045162251329351 ], [ 121.61607034088108, 25.045764151214655 ] ], [ [ 121.585977247540683, 25.049704834006558 ], [ 121.586896618180589, 25.049833763205516 ], [ 121.587814726391315, 25.049697574168537 ], [ 121.588641695941988, 25.049309598941576 ], [ 121.589296574054174, 25.04870781739529 ], [ 121.58956197802992, 25.048228158239496 ], [ 121.589619542253573, 25.048236229701654 ], [ 121.590330207682896, 25.048562543530021 ], [ 121.591128972614001, 25.048674536993982 ], [ 121.590857745752061, 25.048923781047009 ], [ 121.590439066858011, 25.049680462827816 ], [ 121.590297560850559, 25.050517967995138 ], [ 121.590403218959551, 25.051108958024532 ], [ 121.589702949053148, 25.051212845678744 ], [ 121.589587462907659, 25.051267027003405 ], [ 121.589244119514873, 25.050956974361952 ], [ 121.5884134681218, 25.050575566759218 ], [ 121.58749409055109, 25.050446647091324 ], [ 121.586575976381141, 25.050582834240696 ], [ 121.585748991621585, 25.050970798174184 ], [ 121.585094084064977, 25.051572564430607 ], [ 121.584675360789632, 25.052329230503982 ], [ 121.584586618145977, 25.052854297537628 ], [ 121.584275232818769, 25.052711310641982 ], [ 121.583355843036372, 25.05258236560611 ], [ 121.582437707877588, 25.052718527507263 ], [ 121.582347815696394, 25.052760695152113 ], [ 121.58162293480909, 25.052659021035428 ], [ 121.581996025696256, 25.051984856382159 ], [ 121.582055074676802, 25.051635521764766 ], [ 121.582879914540968, 25.051513197300466 ], [ 121.58370691228221, 25.051125249140021 ], [ 121.584361824415836, 25.050523488884281 ], [ 121.584780543742809, 25.049766823588097 ], [ 121.584894035498536, 25.049095300490343 ], [ 121.585146614379411, 25.049323407733333 ], [ 121.585977247540683, 25.049704834006558 ] ], [ [ 121.569411019063637, 25.044131340458666 ], [ 121.569422977309856, 25.044060635178759 ], [ 121.569340948789005, 25.043601337098345 ], [ 121.569780543481826, 25.043803268257562 ], [ 121.570699855196821, 25.043932298889114 ], [ 121.571529756280171, 25.043809282082638 ], [ 121.57147516212504, 25.044132113180432 ], [ 121.570996992274019, 25.044202992873387 ], [ 121.570928792101185, 25.044171665544823 ], [ 121.570009478386652, 25.044042636369877 ], [ 121.569411019063637, 25.044131340458666 ] ], [ [ 121.586337522983129, 25.055613679358199 ], [ 121.586280849275084, 25.055640265792601 ], [ 121.586289100073643, 25.055591445064056 ], [ 121.586337522983129, 25.055613679358199 ] ], [ [ 121.588553554338816, 25.055672977845447 ], [ 121.588562013967433, 25.055680617022048 ], [ 121.588549509298417, 25.055674875507442 ], [ 121.588553554338816, 25.055672977845447 ] ], [ [ 121.559796167797117, 25.061092143884405 ], [ 121.559757875132391, 25.061057551892084 ], [ 121.559820452993478, 25.061048281988135 ], [ 121.559796167797117, 25.061092143884405 ] ], [ [ 121.5697041438534, 25.061428346762479 ], [ 121.569707510366371, 25.061425254386918 ], [ 121.570126356170476, 25.060668629247239 ], [ 121.570266502050302, 25.059840056266847 ], [ 121.570749810234076, 25.059613401955716 ], [ 121.571404831089197, 25.059011697587362 ], [ 121.571418160211891, 25.058987618108237 ], [ 121.571533120478477, 25.059631154333474 ], [ 121.571939398668633, 25.060349927796267 ], [ 121.571334782466636, 25.060633475353576 ], [ 121.570679752809184, 25.061235179440697 ], [ 121.570272979885161, 25.061969999844585 ], [ 121.570240795619597, 25.061913059973257 ], [ 121.5697041438534, 25.061428346762479 ] ], [ [ 121.554290690529299, 25.059833935109431 ], [ 121.554537906630372, 25.060057279668182 ], [ 121.554537251165115, 25.060057376741735 ], [ 121.55453215508436, 25.060059765922276 ], [ 121.554531889206984, 25.060059805298359 ], [ 121.554128413427634, 25.060248964814569 ], [ 121.554168591564945, 25.060176405476117 ], [ 121.55424134516133, 25.059746607110029 ], [ 121.554290690529299, 25.059833935109431 ] ], [ [ 121.63292097125391, 25.060085458892743 ], [ 121.632884652951589, 25.059882734721707 ], [ 121.633131916214992, 25.059917327365422 ], [ 121.633152820050697, 25.059914220172384 ], [ 121.633391451539978, 25.060023693568304 ], [ 121.634310942277807, 25.060152326660493 ], [ 121.634332427476082, 25.0601491328826 ], [ 121.634603887230838, 25.060394089261909 ], [ 121.635434742526755, 25.060775234013384 ], [ 121.636354240725751, 25.060903854287567 ], [ 121.636898209325594, 25.060822985019556 ], [ 121.636896114408103, 25.06082677406188 ], [ 121.636754914115613, 25.061664316439717 ], [ 121.636904767607092, 25.062500610499569 ], [ 121.637331011580059, 25.063253793027414 ], [ 121.637991925533029, 25.06385013511014 ], [ 121.638044948276061, 25.06387445661268 ], [ 121.637885949828458, 25.064020652301572 ], [ 121.637549292508936, 25.063973565990842 ], [ 121.636631140343752, 25.064110063225051 ], [ 121.63640278052408, 25.064217280572425 ], [ 121.636487414769391, 25.063715283931511 ], [ 121.636337562427727, 25.062878989559671 ], [ 121.635911325812444, 25.06212580399685 ], [ 121.635250431161253, 25.061529452134529 ], [ 121.634419571269234, 25.061148306478994 ], [ 121.634122526938455, 25.061106752426642 ], [ 121.633987327476333, 25.060867834780904 ], [ 121.63332644882864, 25.060271473939139 ], [ 121.63292097125391, 25.060085458892743 ] ], [ [ 121.575939062371262, 25.067693615267437 ], [ 121.576153621407556, 25.067496519082713 ], [ 121.5765458270062, 25.068190290560398 ], [ 121.577206479744419, 25.06878690782537 ], [ 121.578037221822512, 25.069168375600228 ], [ 121.578956730913205, 25.069297351154994 ], [ 121.579874993551172, 25.069161208788078 ], [ 121.579924280600039, 25.069138092687336 ], [ 121.57997591586097, 25.069427000898067 ], [ 121.580067489014311, 25.069588971275493 ], [ 121.579995987959805, 25.069718149847507 ], [ 121.579854390697889, 25.070555644515476 ], [ 121.579884757515728, 25.070725550611318 ], [ 121.57936208863147, 25.070652243166862 ], [ 121.579176201674443, 25.070679802443063 ], [ 121.578861241922837, 25.070122710285698 ], [ 121.578200574021267, 25.069526100763124 ], [ 121.577369829019915, 25.069144633972858 ], [ 121.577264710199941, 25.069129888543301 ], [ 121.577248117288477, 25.069100538191066 ], [ 121.576587462637391, 25.068503921170105 ], [ 121.575756729401704, 25.068122445088424 ], [ 121.57519323153295, 25.068043393095465 ], [ 121.575939062371262, 25.067693615267437 ] ], [ [ 121.588499033603924, 25.065435310825961 ], [ 121.588496758951891, 25.065448770665522 ], [ 121.58826045930401, 25.065559617726365 ], [ 121.588200159021014, 25.065615021065259 ], [ 121.587617833596084, 25.065701393536106 ], [ 121.587157137138618, 25.065917499682651 ], [ 121.587104108025301, 25.06562088229072 ], [ 121.586911809729727, 25.065280785156471 ], [ 121.587102142319026, 25.064936861205048 ], [ 121.587671284621393, 25.065016660608403 ], [ 121.588589504638833, 25.064880465014518 ], [ 121.588882020925936, 25.064743245354428 ], [ 121.588499033603924, 25.065435310825961 ] ] ], [ [ [ 121.453415576128847, 24.973994953684137 ], [ 121.453993782790249, 24.974518486865424 ], [ 121.453843057659824, 24.974656797358371 ], [ 121.453423774888492, 24.975413110136909 ], [ 121.453281412540534, 24.976250506527951 ], [ 121.453429911505424, 24.977087017036233 ], [ 121.453854741062926, 24.977840757300921 ], [ 121.454514319191119, 24.978437943844749 ], [ 121.455344081660584, 24.97882011732786 ], [ 121.456262802079024, 24.978949865933377 ], [ 121.457180544218545, 24.97881448826606 ], [ 121.458007467690607, 24.97842723692002 ], [ 121.458662624210064, 24.977826020884365 ], [ 121.459081882620197, 24.97706969393364 ], [ 121.459224206447928, 24.976232292632371 ], [ 121.459075669517276, 24.975395788351328 ], [ 121.458650817050057, 24.974642063072761 ], [ 121.458072590399965, 24.97411854827638 ], [ 121.458223310082076, 24.97398023356774 ], [ 121.458642558567846, 24.973223907612645 ], [ 121.458784881399694, 24.972386506320952 ], [ 121.458636352497905, 24.97155000106245 ], [ 121.458211516297354, 24.970796273915312 ], [ 121.457551961977828, 24.97019910281594 ], [ 121.456722251183479, 24.969816940473482 ], [ 121.455803598328515, 24.969687193588591 ], [ 121.454885922085751, 24.969822561993219 ], [ 121.454059045608972, 24.970209795768767 ], [ 121.453403906075579, 24.970810991902866 ], [ 121.452984633234237, 24.971567303687937 ], [ 121.452842271890347, 24.97240470006972 ], [ 121.45299076283392, 24.973241211553834 ], [ 121.453415576128847, 24.973994953684137 ] ] ], [ [ [ 121.336946722884932, 24.95717519999241 ], [ 121.337605632583546, 24.957772914111203 ], [ 121.3384349038067, 24.958155746135564 ], [ 121.339353358278714, 24.958286219772987 ], [ 121.340271085820163, 24.958151562633763 ], [ 121.341098247467073, 24.957764956757025 ], [ 121.341753871597163, 24.957164247932237 ], [ 121.34217378124805, 24.956408240282428 ], [ 121.342316876168681, 24.955570939129736 ], [ 121.342169154687284, 24.954734306064989 ], [ 121.34174508220822, 24.953980235701344 ], [ 121.34108617317645, 24.953382539587814 ], [ 121.340256926103407, 24.952999721827354 ], [ 121.339338510040221, 24.952869253264154 ], [ 121.338420820495529, 24.95300390434975 ], [ 121.337593681919714, 24.953390495357276 ], [ 121.336938057122779, 24.9539911861768 ], [ 121.336518123321795, 24.954747179562702 ], [ 121.336374989992294, 24.955584475641178 ], [ 121.336522673477006, 24.956421114759554 ], [ 121.336946722884932, 24.95717519999241 ] ] ], [ [ [ 121.409391795108021, 24.954344618643457 ], [ 121.410051034743262, 24.954942008539721 ], [ 121.41088050513585, 24.955324434930787 ], [ 121.411600791205871, 24.955426401461981 ], [ 121.41158541447038, 24.955454121376512 ], [ 121.411442789133048, 24.956291483472985 ], [ 121.411590979795022, 24.95712804203119 ], [ 121.411855503259176, 24.95759780149492 ], [ 121.411767756510727, 24.958112967855975 ], [ 121.411915951734571, 24.958949525830661 ], [ 121.412223566872925, 24.959495798475658 ], [ 121.411935052576723, 24.959760417388146 ], [ 121.41151556075549, 24.960516616408835 ], [ 121.411372929639626, 24.961353977951635 ], [ 121.411521126419657, 24.962190535940579 ], [ 121.411945649954674, 24.962944401376195 ], [ 121.412604948185304, 24.963541778535276 ], [ 121.413434484292196, 24.963924189420887 ], [ 121.414353054053109, 24.964054198973564 ], [ 121.415270735995364, 24.963919080246654 ], [ 121.416097695623606, 24.963532060478258 ], [ 121.416752981106526, 24.962931025982382 ], [ 121.417116715539024, 24.962275288631457 ], [ 121.417281956926431, 24.962250955594726 ], [ 121.418106676558423, 24.961864964980709 ], [ 121.418550023362627, 24.962069328268296 ], [ 121.419468584206157, 24.962199306408497 ], [ 121.420386246346311, 24.962064156376595 ], [ 121.421213177227145, 24.961677108476035 ], [ 121.421868427832777, 24.961076051775041 ], [ 121.422287857786429, 24.96031982444952 ], [ 121.42243041381181, 24.959482453315101 ], [ 121.42228214699584, 24.958645906796601 ], [ 121.421857576118086, 24.957892071018911 ], [ 121.421854181675243, 24.957888995676086 ], [ 121.421844170784908, 24.957871220970311 ], [ 121.421371342211842, 24.957442838989827 ], [ 121.421253706842634, 24.956779076278824 ], [ 121.420829148764057, 24.956025237214764 ], [ 121.420169852014197, 24.955427895856452 ], [ 121.419340353034997, 24.955045521580818 ], [ 121.418421845517784, 24.954915541830612 ], [ 121.417504233916091, 24.955050679225117 ], [ 121.417138680009145, 24.955221776361569 ], [ 121.416830666762849, 24.954674825613893 ], [ 121.416171396322156, 24.95407746610454 ], [ 121.415341918457386, 24.953695069215112 ], [ 121.414609239534656, 24.953591365506604 ], [ 121.414618248781323, 24.953575123241201 ], [ 121.414760849749456, 24.952737758116847 ], [ 121.414612643432065, 24.951901202428779 ], [ 121.414188142685461, 24.951147343201292 ], [ 121.413528903859373, 24.950549971307105 ], [ 121.412699457727641, 24.950167559112771 ], [ 121.411780992810904, 24.950037537772392 ], [ 121.410863409394651, 24.950172633975193 ], [ 121.410036521547966, 24.950559624437847 ], [ 121.409381267554679, 24.951160629957787 ], [ 121.408961788355228, 24.951916822483863 ], [ 121.408819148941348, 24.952754182639499 ], [ 121.408967317313071, 24.953590744484735 ], [ 121.409391795108021, 24.954344618643457 ] ] ], [ [ [ 121.330715648257254, 24.960262363411079 ], [ 121.331374544832016, 24.960860104990878 ], [ 121.332203818021128, 24.961242971536397 ], [ 121.333122289357306, 24.961373483374853 ], [ 121.33404004700995, 24.961238864375762 ], [ 121.334867249066207, 24.960852292843693 ], [ 121.335522919946214, 24.960251611205706 ], [ 121.335942878109663, 24.959495620923963 ], [ 121.336086018555918, 24.958658325621588 ], [ 121.335938335157238, 24.957821686318145 ], [ 121.335514289591643, 24.957067598238623 ], [ 121.334855393671518, 24.956469874666684 ], [ 121.334026144626648, 24.95608702239273 ], [ 121.33310771170197, 24.955956515638285 ], [ 121.332189992056243, 24.956091128591915 ], [ 121.331362813084965, 24.956477685258218 ], [ 121.330707141550292, 24.957078348888349 ], [ 121.330287159242616, 24.957834324898521 ], [ 121.330143980384833, 24.958671615116881 ], [ 121.330291625776624, 24.959508260465785 ], [ 121.330715648257254, 24.960262363411079 ] ] ], [ [ [ 121.340326719818677, 24.963094516915344 ], [ 121.340985677526305, 24.963692215100252 ], [ 121.341814998859135, 24.964075027469068 ], [ 121.342733500634679, 24.964205479653163 ], [ 121.343651268041015, 24.964070801363324 ], [ 121.34447845821056, 24.963684176709965 ], [ 121.345134096728742, 24.963083453321513 ], [ 121.345554005225665, 24.962327436747287 ], [ 121.345697083565142, 24.961490133183119 ], [ 121.345549331700468, 24.960653504455419 ], [ 121.345125218011574, 24.959899444751894 ], [ 121.344466260977569, 24.959301764577084 ], [ 121.343636963807739, 24.958918966473057 ], [ 121.342718500455234, 24.958788519359778 ], [ 121.341800771055617, 24.958923191589587 ], [ 121.340973603959185, 24.959309801366796 ], [ 121.340317964767408, 24.959910506745153 ], [ 121.339898032107428, 24.960666509054594 ], [ 121.33975491534494, 24.961503807547942 ], [ 121.339902629202896, 24.962340442335666 ], [ 121.340326719818677, 24.963094516915344 ] ] ], [ [ [ 121.329883871318174, 24.968592866568084 ], [ 121.330031527622012, 24.969429510958548 ], [ 121.330455583272609, 24.970183613307913 ], [ 121.331114532030128, 24.970781354711743 ], [ 121.331943871306805, 24.971164221517295 ], [ 121.332862416164545, 24.971294734025381 ], [ 121.332994647847272, 24.971275340020867 ], [ 121.333120283582005, 24.971389301279117 ], [ 121.333949633025952, 24.971772156774254 ], [ 121.334868184367011, 24.971902656828249 ], [ 121.335786017939839, 24.971768026464165 ], [ 121.33661328439716, 24.971381445099773 ], [ 121.337269001853571, 24.970780756125833 ], [ 121.337688984210047, 24.970024761723835 ], [ 121.337832124100146, 24.969187465920967 ], [ 121.337768519330041, 24.968827203786528 ], [ 121.338165300361695, 24.9681129558208 ], [ 121.338308434974707, 24.967275659402667 ], [ 121.338160725559618, 24.966439023535465 ], [ 121.337736636343465, 24.965684943107064 ], [ 121.337077683412474, 24.965087230651068 ], [ 121.336248369576396, 24.964704391868775 ], [ 121.335329870420324, 24.964573899660536 ], [ 121.334844190470449, 24.964645143659844 ], [ 121.334204510430823, 24.96406488327808 ], [ 121.33337521217355, 24.963682028278409 ], [ 121.33245672342693, 24.96355151822058 ], [ 121.331538946811833, 24.9636861276161 ], [ 121.330711715297994, 24.964072680818024 ], [ 121.330056000789341, 24.964673341417242 ], [ 121.329635989282693, 24.965429315127555 ], [ 121.329492797860368, 24.966266604003035 ], [ 121.329640448554102, 24.967103249097889 ], [ 121.330022445340987, 24.967782576389361 ], [ 121.329883871318174, 24.968592866568084 ] ] ], [ [ [ 121.389321158515131, 24.973758299160455 ], [ 121.389980407411556, 24.974355776274724 ], [ 121.390669954845009, 24.974673756150747 ], [ 121.390836881974607, 24.974825038825625 ], [ 121.391666428795418, 24.975207570307468 ], [ 121.392585061656575, 24.975337713199689 ], [ 121.393502852907275, 24.975202727498566 ], [ 121.393551438162319, 24.975180000647779 ], [ 121.393936009561841, 24.975357330777129 ], [ 121.394854645719178, 24.975487459618613 ], [ 121.395772435394832, 24.975352459944542 ], [ 121.396599533542741, 24.974965547335735 ], [ 121.397254974765872, 24.974364597615317 ], [ 121.39767460002156, 24.973608438488782 ], [ 121.397817336912951, 24.972771090100377 ], [ 121.39774884744817, 24.972384262877465 ], [ 121.39775721261185, 24.972369188691491 ], [ 121.397899947637967, 24.971531840109485 ], [ 121.397751830600654, 24.970695268594834 ], [ 121.397327365623738, 24.969941362723794 ], [ 121.396668105562796, 24.969343917935216 ], [ 121.395838583274937, 24.968961413728838 ], [ 121.394919994735801, 24.968831290261601 ], [ 121.394002252327866, 24.968966284215487 ], [ 121.393903919974392, 24.969012284019033 ], [ 121.393893001305358, 24.969002388629956 ], [ 121.393063489674006, 24.968619868811817 ], [ 121.392144906342068, 24.968489728151212 ], [ 121.391227163182606, 24.968624705012569 ], [ 121.390400089894371, 24.969011587791211 ], [ 121.38974464290574, 24.969612507824717 ], [ 121.389324982043462, 24.970368645432135 ], [ 121.38928049466152, 24.970629523466862 ], [ 121.388891471504436, 24.971330447324426 ], [ 121.388748675586044, 24.972167788034579 ], [ 121.388896733779561, 24.973004369063435 ], [ 121.389321158515131, 24.973758299160455 ] ] ], [ [ [ 121.416073480942643, 24.97531172589629 ], [ 121.416732865657778, 24.975909082678566 ], [ 121.417562497690426, 24.97629146869356 ], [ 121.418481163425369, 24.976421451315684 ], [ 121.419398931991267, 24.976286306234837 ], [ 121.420225960410249, 24.97589926327014 ], [ 121.420881290116029, 24.9752982110079 ], [ 121.421300772988658, 24.974541987191188 ], [ 121.421443350574208, 24.973704618293624 ], [ 121.421295071853166, 24.972868072521777 ], [ 121.420870456774651, 24.97211423592713 ], [ 121.420211072882253, 24.971516897164108 ], [ 121.41938146514795, 24.971134525353722 ], [ 121.418462837905835, 24.971004547695891 ], [ 121.417545107324273, 24.971139686604506 ], [ 121.416718101872405, 24.971526714618054 ], [ 121.416062771343903, 24.972127748861048 ], [ 121.4156432641729, 24.972883958473151 ], [ 121.41550064809455, 24.973721322406423 ], [ 121.415648888831271, 24.974557874350488 ], [ 121.416073480942643, 24.97531172589629 ] ] ], [ [ [ 121.345478811012129, 24.974547055039601 ], [ 121.346137855028871, 24.975144728585732 ], [ 121.346967269163216, 24.975527510674578 ], [ 121.347885861145301, 24.975657929901111 ], [ 121.348803707329367, 24.975523219202884 ], [ 121.349630957133712, 24.975136565864137 ], [ 121.350286630305348, 24.974535820322963 ], [ 121.350706545083824, 24.973779790298476 ], [ 121.350849600721247, 24.97294248330352 ], [ 121.35070179939693, 24.97210586149971 ], [ 121.350277614335141, 24.971351818395497 ], [ 121.34961857100231, 24.970754162868833 ], [ 121.348789181053846, 24.970371395047739 ], [ 121.347870627521388, 24.970240980887439 ], [ 121.346952819364233, 24.970375685515265 ], [ 121.346125592639126, 24.970762323965651 ], [ 121.345469918783522, 24.971363051487359 ], [ 121.34504997981918, 24.972119067244098 ], [ 121.344906885732158, 24.972956369172813 ], [ 121.345054649029549, 24.973792997047035 ], [ 121.345478811012129, 24.974547055039601 ] ] ], [ [ [ 121.329827255453765, 24.97975808437101 ], [ 121.330656651371825, 24.98014095730818 ], [ 121.331575261755759, 24.980271476927197 ], [ 121.332493161158595, 24.98013686633497 ], [ 121.333320493786388, 24.979750303013503 ], [ 121.333976271274267, 24.979149628587773 ], [ 121.334110217958866, 24.978908547972321 ], [ 121.334314005148187, 24.979270890229358 ], [ 121.334973021301025, 24.97986861313046 ], [ 121.335802433538589, 24.98025145721618 ], [ 121.336721049778347, 24.980381945010929 ], [ 121.337638943999607, 24.980247302737855 ], [ 121.338466260916093, 24.979860710981153 ], [ 121.33912201370201, 24.979260014149901 ], [ 121.339542012800592, 24.978504015195707 ], [ 121.339685149208506, 24.977666718591909 ], [ 121.339537417199097, 24.976830085485417 ], [ 121.339113283213962, 24.976076010493198 ], [ 121.338454267723222, 24.975478305615571 ], [ 121.337624879659927, 24.975095475810797 ], [ 121.336706301872923, 24.974964993099615 ], [ 121.335788445695172, 24.975099629317143 ], [ 121.334961151881728, 24.975486206192183 ], [ 121.334305398433713, 24.976086884999958 ], [ 121.334171455118948, 24.976327965846529 ], [ 121.333967673301942, 24.975965623196572 ], [ 121.33330868298566, 24.975367895265105 ], [ 121.332479311233627, 24.974985036613443 ], [ 121.33156073929915, 24.974854522085412 ], [ 121.330642877942807, 24.974989126629531 ], [ 121.329815568426156, 24.975375675073963 ], [ 121.329159790286283, 24.975976331476243 ], [ 121.328739735748485, 24.976732301962347 ], [ 121.328596526109123, 24.977569588903126 ], [ 121.328744185186352, 24.978406233542753 ], [ 121.329168264485517, 24.979160338416111 ], [ 121.329827255453765, 24.97975808437101 ] ] ], [ [ [ 121.399780235337289, 24.976926466104537 ], [ 121.400439551184746, 24.97752389581601 ], [ 121.401269145135643, 24.977906373056793 ], [ 121.402187807305793, 24.978036456269237 ], [ 121.403105607173728, 24.977901411293363 ], [ 121.403932698695584, 24.977514458146029 ], [ 121.404588117124135, 24.976913476619725 ], [ 121.405007705650078, 24.976157297533607 ], [ 121.405150395474053, 24.975319942984992 ], [ 121.405002224588983, 24.974483379779294 ], [ 121.404577702390142, 24.973729495677784 ], [ 121.40391838733342, 24.9731320839871 ], [ 121.403088817657249, 24.972749620966695 ], [ 121.402170193973674, 24.972619542742525 ], [ 121.401252432103561, 24.972754581569209 ], [ 121.400425363576943, 24.973141519778668 ], [ 121.399769944357658, 24.973742483284184 ], [ 121.399350331557002, 24.974498648149925 ], [ 121.399207603246495, 24.975335997710271 ], [ 121.399355736133728, 24.976172567065163 ], [ 121.399780235337289, 24.976926466104537 ] ] ], [ [ [ 121.405666818950635, 24.979308126360021 ], [ 121.406326175712849, 24.97990552929037 ], [ 121.40715580346162, 24.980287973170622 ], [ 121.408074489002601, 24.980418019709219 ], [ 121.408992299525465, 24.980282938337215 ], [ 121.409819387943173, 24.979895952635445 ], [ 121.410474789813293, 24.979294945584019 ], [ 121.410894349949032, 24.978538750500949 ], [ 121.411037002331781, 24.97770139104891 ], [ 121.410888788620696, 24.976864834512174 ], [ 121.41046422240332, 24.976110967997911 ], [ 121.409804866443466, 24.97551358309024 ], [ 121.408975262981741, 24.975131153426641 ], [ 121.408056615935692, 24.975001111868391 ], [ 121.407138843411843, 24.975136187082125 ], [ 121.406311777982935, 24.975523157839238 ], [ 121.405656375310443, 24.976124146867985 ], [ 121.40523679088767, 24.976880327734406 ], [ 121.40509410000999, 24.977717682206091 ], [ 121.405242275722046, 24.978554244901119 ], [ 121.405666818950635, 24.979308126360021 ] ] ], [ [ [ 121.413389096774836, 24.981864853783701 ], [ 121.412733695838725, 24.982465873453894 ], [ 121.412314134076809, 24.983222073350465 ], [ 121.412171484569001, 24.98405943337789 ], [ 121.412184246997839, 24.984131459341828 ], [ 121.412152975681963, 24.984187820448103 ], [ 121.412010324066955, 24.985025180240978 ], [ 121.412158555981577, 24.98586173452366 ], [ 121.412583166852571, 24.986615594658463 ], [ 121.413071195334012, 24.987057695955016 ], [ 121.413268211776085, 24.987407473700838 ], [ 121.41392764854595, 24.988004841285228 ], [ 121.414757353891801, 24.988387241379812 ], [ 121.415303576519818, 24.988464529646414 ], [ 121.415083667712821, 24.988860884790604 ], [ 121.41494103109099, 24.989698246682234 ], [ 121.415089288887671, 24.990534797194208 ], [ 121.415513933997232, 24.9912886480572 ], [ 121.416173402463883, 24.99188600497132 ], [ 121.417003140803317, 24.992268391918056 ], [ 121.417740075362374, 24.992372649620872 ], [ 121.417566784341474, 24.992453734809303 ], [ 121.416911348661287, 24.993054772489074 ], [ 121.416491777704067, 24.993810983225217 ], [ 121.416349145452713, 24.994648345861627 ], [ 121.416477795679427, 24.995374180518006 ], [ 121.416096728485883, 24.99606097659791 ], [ 121.415954091192134, 24.996898338671294 ], [ 121.416102365227246, 24.997734887166192 ], [ 121.416527041898064, 24.998488734010223 ], [ 121.417186554160438, 24.999086085296124 ], [ 121.418016344242673, 24.999468465555445 ], [ 121.418935183054202, 24.999598442723876 ], [ 121.419853122774967, 24.99946329302443 ], [ 121.420248494937226, 24.999278295269296 ], [ 121.421027228822794, 24.999388442072132 ], [ 121.421945164495142, 24.999253279510114 ], [ 121.422772337253775, 24.998866221675744 ], [ 121.423267380987596, 24.99841224683248 ], [ 121.423270124721313, 24.998427721323512 ], [ 121.423694847250815, 24.999181547032773 ], [ 121.424354397418597, 24.999778865983689 ], [ 121.425184213740522, 25.000161205872903 ], [ 121.425846119885833, 25.000254805196729 ], [ 121.425260532731983, 25.000528831197229 ], [ 121.424605092796085, 25.001129902193146 ], [ 121.424360476273648, 25.001570820172279 ], [ 121.424331575245176, 25.001557504030679 ], [ 121.423412716679252, 25.001427560494239 ], [ 121.422494766638025, 25.001562732263682 ], [ 121.421667575064419, 25.001949788662991 ], [ 121.421012109966753, 25.002550844041568 ], [ 121.420592532953208, 25.003307065473756 ], [ 121.420591207165174, 25.0033148499367 ], [ 121.420590532758936, 25.003316065439236 ], [ 121.420447918384951, 25.004153430719676 ], [ 121.420596232257537, 25.004989973412155 ], [ 121.421020961785558, 25.005743806011122 ], [ 121.421680534751147, 25.006341136002437 ], [ 121.422510387439274, 25.006723490001285 ], [ 121.423429284628753, 25.006853438513794 ], [ 121.423485059027215, 25.006845225648881 ], [ 121.423088419071078, 25.007560114931387 ], [ 121.422945817223493, 25.008397481972654 ], [ 121.42309415352598, 25.009234021409494 ], [ 121.423518913192893, 25.009987846054347 ], [ 121.424178521056291, 25.010585164170962 ], [ 121.425008409984429, 25.010967503536428 ], [ 121.425927341207313, 25.011097436089205 ], [ 121.426845357855115, 25.010962242420639 ], [ 121.427672592656506, 25.01057515710874 ], [ 121.428328066838603, 25.009974072889296 ], [ 121.428429241844697, 25.009791705640204 ], [ 121.428941508882815, 25.009321938071203 ], [ 121.429361054249753, 25.008565694102387 ], [ 121.429503612678104, 25.007728321503198 ], [ 121.429355235034265, 25.006891788842083 ], [ 121.429333997805912, 25.006854102202688 ], [ 121.429333787112952, 25.006852914334761 ], [ 121.428909003305861, 25.006099106308223 ], [ 121.428249397203757, 25.005501808798329 ], [ 121.427823736801599, 25.005305705552804 ], [ 121.427942336110007, 25.005288237800151 ], [ 121.428769529655483, 25.004901146643249 ], [ 121.429424968751178, 25.004300057604301 ], [ 121.429844494571768, 25.003543812029726 ], [ 121.429949501088132, 25.002926978729143 ], [ 121.430241575318263, 25.003061536042221 ], [ 121.431160452572968, 25.003191437109198 ], [ 121.432078404349014, 25.003056211857036 ], [ 121.432905569727922, 25.002669097956137 ], [ 121.433560976734995, 25.002067990940684 ], [ 121.433586654701742, 25.002021699297678 ], [ 121.43367502383775, 25.001940650753752 ], [ 121.434094515666743, 25.001184393410266 ], [ 121.434237034223415, 25.000347015991263 ], [ 121.434088634275255, 24.99951048753578 ], [ 121.433663847644553, 24.998756692396629 ], [ 121.433559596260039, 24.998662290287236 ], [ 121.433852725652756, 24.998393436325664 ], [ 121.434272204694494, 24.997637178298689 ], [ 121.434414718343163, 24.99679980038286 ], [ 121.434266321845655, 24.995963271665655 ], [ 121.433841546685443, 24.995209476525627 ], [ 121.433181976077151, 24.994612199555533 ], [ 121.432352173266125, 24.994229903824962 ], [ 121.43187569829189, 24.994162544086521 ], [ 121.432273277791921, 24.993445769827375 ], [ 121.432415800643838, 24.992608393238616 ], [ 121.432267423138313, 24.991771861807813 ], [ 121.432143724511121, 24.991552334683355 ], [ 121.432508381039483, 24.991217864813748 ], [ 121.43292784472537, 24.990461610067161 ], [ 121.433011412738267, 24.989970590633924 ], [ 121.43336519018257, 24.989332750686653 ], [ 121.433501460939013, 24.988532040746012 ], [ 121.433837168899785, 24.987926766860269 ], [ 121.433979675375156, 24.987089388382902 ], [ 121.433831294541918, 24.986252857946248 ], [ 121.433406556347421, 24.985499060097602 ], [ 121.432747040386232, 24.984901779695829 ], [ 121.431917304554574, 24.98451948014759 ], [ 121.430998565720387, 24.984389581579631 ], [ 121.430080750970419, 24.984524798666083 ], [ 121.429253697010111, 24.984911896295888 ], [ 121.428598358381905, 24.985512984781874 ], [ 121.428178884316367, 24.986269227955567 ], [ 121.428042581262702, 24.987069933692901 ], [ 121.427706846977685, 24.987675194924407 ], [ 121.427623259249984, 24.988166211790567 ], [ 121.427279946954698, 24.988785124437175 ], [ 121.427037687171378, 24.988355136927151 ], [ 121.426378186068874, 24.987757828321303 ], [ 121.425548450051721, 24.987375493402833 ], [ 121.424629696006903, 24.98724555575966 ], [ 121.423711852509811, 24.987380733889466 ], [ 121.422884759078386, 24.98776779649334 ], [ 121.422229374116881, 24.988368857312167 ], [ 121.422178822294512, 24.988459981841057 ], [ 121.42210587724955, 24.988470723926557 ], [ 121.421278771409078, 24.988857777709644 ], [ 121.420814024412962, 24.989283989425829 ], [ 121.420736206064973, 24.988845010604344 ], [ 121.420311537967407, 24.988091174702696 ], [ 121.419652070322755, 24.987493835820992 ], [ 121.418822356301334, 24.98711146308997 ], [ 121.418276137667036, 24.987034187676215 ], [ 121.418496033005979, 24.986637827892281 ], [ 121.418638642285856, 24.985800462608086 ], [ 121.418545002429923, 24.985272162830373 ], [ 121.41918932203869, 24.985177290823273 ], [ 121.420016410160869, 24.984790248698857 ], [ 121.42026754531517, 24.984559931820144 ], [ 121.420404355870048, 24.984802795325393 ], [ 121.421063812537184, 24.985400131229071 ], [ 121.421893521725451, 24.98578249161039 ], [ 121.422812262264415, 24.985912446352597 ], [ 121.42373009595731, 24.985777273875268 ], [ 121.424557173448761, 24.985390206680464 ], [ 121.424952436004219, 24.985027686976672 ], [ 121.425741025033261, 24.985139216465097 ], [ 121.426658849509181, 24.985004026029358 ], [ 121.427485912437049, 24.984616942708097 ], [ 121.428141251872688, 24.984015859039754 ], [ 121.428264298912097, 24.983794022602122 ], [ 121.428507179095917, 24.983758243696446 ], [ 121.429243341958298, 24.983413688954279 ], [ 121.42957956930961, 24.983364156469531 ], [ 121.430406611945088, 24.982977057100705 ], [ 121.431061928410756, 24.982375960745696 ], [ 121.431481371885553, 24.981619709464479 ], [ 121.431623887775672, 24.980782332418453 ], [ 121.431475531103658, 24.97994579860999 ], [ 121.431050829450228, 24.979191992917141 ], [ 121.430391358832395, 24.97859470096752 ], [ 121.429561672708616, 24.978212387298917 ], [ 121.42864298308271, 24.97808247342055 ], [ 121.427725212226647, 24.978217675504975 ], [ 121.427588665338035, 24.978281586402431 ], [ 121.42700035385981, 24.978010482609339 ], [ 121.426081668174646, 24.977880552863841 ], [ 121.425163895761031, 24.978015739177188 ], [ 121.424540430374918, 24.978307538085943 ], [ 121.42390709224793, 24.977733855529227 ], [ 121.423077431410604, 24.977351505332006 ], [ 121.422158754368354, 24.977221551245083 ], [ 121.421240982162146, 24.977356713375617 ], [ 121.420413947334254, 24.977743761989942 ], [ 121.419758602553529, 24.978344812197079 ], [ 121.419339097650322, 24.979101031574729 ], [ 121.419196500139691, 24.979938398119163 ], [ 121.41921550691805, 24.980045633297486 ], [ 121.419171856853097, 24.980025515956346 ], [ 121.418253163626787, 24.97989553801774 ], [ 121.417335366974839, 24.980030676333815 ], [ 121.416508301831243, 24.980417703501324 ], [ 121.415852923831054, 24.981018736728416 ], [ 121.41563393163338, 24.98141346711563 ], [ 121.41513399263701, 24.981342724533054 ], [ 121.414216181559837, 24.981477843772513 ], [ 121.413389096774836, 24.981864853783701 ] ], [ [ 121.423841575699782, 24.99583502017294 ], [ 121.423761402851767, 24.995692721225428 ], [ 121.423982294948786, 24.995723961065824 ], [ 121.423844319442921, 24.995850494658534 ], [ 121.423841575699782, 24.99583502017294 ] ], [ [ 121.428829454960621, 24.998816923139159 ], [ 121.428741084800649, 24.998897968851136 ], [ 121.428321567495715, 24.99965421166441 ], [ 121.428216555351938, 25.000271044157678 ], [ 121.427924489909827, 25.000136482700793 ], [ 121.427262582973, 25.000042892635786 ], [ 121.427848163274277, 24.99976885882581 ], [ 121.428503580088787, 24.999167773736197 ], [ 121.428923094667496, 24.998411530397185 ], [ 121.428933296822038, 24.998351601171343 ], [ 121.429006517714953, 24.99834081581302 ], [ 121.429044026322586, 24.998407382123474 ], [ 121.429148274089769, 24.998501787449616 ], [ 121.428855134057358, 24.998770632278038 ], [ 121.428829454960621, 24.998816923139159 ] ] ], [ [ [ 121.43708157955723, 24.984611061201896 ], [ 121.437741114572205, 24.985208322155319 ], [ 121.438570872540566, 24.985590588891704 ], [ 121.439489627513183, 24.98572044046308 ], [ 121.440407439879067, 24.985585165391512 ], [ 121.441234462372066, 24.98519800622514 ], [ 121.441889737009134, 24.984596862928427 ], [ 121.4423091210667, 24.983840582156578 ], [ 121.442451565769943, 24.983003195956552 ], [ 121.442303133111281, 24.982166674224629 ], [ 121.441878358109165, 24.981412900654444 ], [ 121.441218823958451, 24.980815657727643 ], [ 121.440389090333539, 24.980433405183078 ], [ 121.439470373885243, 24.980303558547906 ], [ 121.438552599509521, 24.980438827414602 ], [ 121.437725599961581, 24.980825971605093 ], [ 121.437070324460265, 24.981427096875176 ], [ 121.436650916059222, 24.982183363455217 ], [ 121.436508432831673, 24.983020744719042 ], [ 121.436656827500187, 24.983857272655825 ], [ 121.43708157955723, 24.984611061201896 ] ] ], [ [ [ 121.41181118012544, 25.002208488930506 ], [ 121.411959433101771, 25.003045041237961 ], [ 121.412384103431705, 25.003798899463238 ], [ 121.41292020799122, 25.004284483130284 ], [ 121.412298904132342, 25.0048541290194 ], [ 121.411879265788698, 25.005610326429032 ], [ 121.411736589821317, 25.00644768389537 ], [ 121.411884847824254, 25.007284235743008 ], [ 121.412309532676801, 25.008038093571873 ], [ 121.412969076536584, 25.008635462399063 ], [ 121.413798918540138, 25.009017865037919 ], [ 121.414717824513616, 25.009147867232038 ], [ 121.41563584006029, 25.009012742753548 ], [ 121.415861443615242, 25.00890719735758 ], [ 121.415801793793847, 25.009257339474466 ], [ 121.415950082938608, 25.01009388655655 ], [ 121.416374802355037, 25.010847732048557 ], [ 121.417034380817, 25.011445082174376 ], [ 121.417864254072711, 25.011827461577688 ], [ 121.418783184887815, 25.011957438276784 ], [ 121.419701216432642, 25.011822288540152 ], [ 121.420528479976852, 25.011435242644016 ], [ 121.421183993932189, 25.010834189465069 ], [ 121.421603592143313, 25.010077966840257 ], [ 121.421746204872676, 25.009240601129843 ], [ 121.421597877671076, 25.008404060229623 ], [ 121.421173135243563, 25.007650229712819 ], [ 121.42051355760573, 25.007052897635514 ], [ 121.419683708694578, 25.006670532460117 ], [ 121.418764816445673, 25.006540560733761 ], [ 121.417846822957642, 25.006675704288519 ], [ 121.417621225192931, 25.006781252652949 ], [ 121.417680868758254, 25.006431109772397 ], [ 121.417532572701688, 25.005594564100051 ], [ 121.417107864835046, 25.004840721240914 ], [ 121.41657174159954, 25.004355152947209 ], [ 121.417065398919846, 25.003902510788969 ], [ 121.417119310810307, 25.0038772872504 ], [ 121.417774802055206, 25.003276248794428 ], [ 121.418194396341192, 25.002520035083958 ], [ 121.418337024312834, 25.001682671606353 ], [ 121.418188730026401, 25.000846126039296 ], [ 121.417764034963071, 25.000092284413807 ], [ 121.417104514501517, 24.999494935874505 ], [ 121.41627472698292, 24.999112550496093 ], [ 121.415355894335448, 24.998982556803586 ], [ 121.414437952826091, 24.999117678778841 ], [ 121.413610751562629, 24.999504690618277 ], [ 121.413082883664146, 24.999988693168692 ], [ 121.4130289726115, 25.000013915246221 ], [ 121.412373475015997, 25.000614933126254 ], [ 121.411953851132608, 25.00137113098581 ], [ 121.41181118012544, 25.002208488930506 ] ] ], [ [ [ 121.435305214328565, 24.997024056493675 ], [ 121.435964808110342, 24.997621323544841 ], [ 121.436794644715931, 24.998003598492684 ], [ 121.437713490496861, 24.998133459584047 ], [ 121.438631396949674, 24.997998194408304 ], [ 121.439458507594537, 24.997611044545021 ], [ 121.440113855816904, 24.997009909048955 ], [ 121.440533291689718, 24.996253633813204 ], [ 121.44067576136797, 24.995416250344196 ], [ 121.440527324402865, 24.994579728271692 ], [ 121.440102516238113, 24.99382595132257 ], [ 121.439442923317429, 24.993228702308279 ], [ 121.438613111068449, 24.992846441562087 ], [ 121.437694303836366, 24.992716585412598 ], [ 121.436776435400233, 24.992851844382812 ], [ 121.435949347718761, 24.99323897926347 ], [ 121.435293998635331, 24.993840096722657 ], [ 121.434874538405893, 24.994596357756762 ], [ 121.434732030178793, 24.995433736283893 ], [ 121.434880429127247, 24.996270264561922 ], [ 121.435305214328565, 24.997024056493675 ] ] ], [ [ [ 121.409207016171919, 25.013651187047312 ], [ 121.408379701426284, 25.014038170490903 ], [ 121.407948011278123, 25.014433911404851 ], [ 121.407764487066146, 25.014267684695493 ], [ 121.406934627703606, 25.013885248863012 ], [ 121.406015693856673, 25.013755199001515 ], [ 121.40574422602451, 25.01379513805221 ], [ 121.405602053809559, 25.013729616630677 ], [ 121.404683122402119, 25.013599558499127 ], [ 121.403765059812727, 25.013734615865591 ], [ 121.402937726996242, 25.014121569249191 ], [ 121.402282105780301, 25.014722543082087 ], [ 121.401862373049866, 25.015478712422304 ], [ 121.401719618624071, 25.016316060169782 ], [ 121.401867821779078, 25.017152621602854 ], [ 121.40229248076686, 25.017906507384883 ], [ 121.402952030280858, 25.018503919796984 ], [ 121.403781908906907, 25.018886377384973 ], [ 121.404700878886786, 25.019016440511407 ], [ 121.404972358541357, 25.018976503244836 ], [ 121.405114536515981, 25.019042025150519 ], [ 121.406033508936446, 25.019172080005013 ], [ 121.406951609177881, 25.019037008252539 ], [ 121.4077789617821, 25.018650032533319 ], [ 121.408210667016391, 25.018254292140284 ], [ 121.408394197829196, 25.018420518127304 ], [ 121.409224092290046, 25.018802945137068 ], [ 121.410143066868855, 25.018932974562183 ], [ 121.411061160450842, 25.018797877507918 ], [ 121.411888498230169, 25.018410879092077 ], [ 121.412391638126309, 25.017949625941643 ], [ 121.412425207728106, 25.017980028572456 ], [ 121.413255111348647, 25.018362432982908 ], [ 121.414174086502939, 25.018492437487684 ], [ 121.415092172019655, 25.018357315632304 ], [ 121.415667282839351, 25.018088279879873 ], [ 121.41570089484695, 25.018277883346283 ], [ 121.415820747581805, 25.0184906002854 ], [ 121.415635364430628, 25.018517885964215 ], [ 121.414808038008601, 25.018904905082792 ], [ 121.414701382253867, 25.019002684840618 ], [ 121.414653792565559, 25.019009688972812 ], [ 121.413826459709043, 25.019396702685821 ], [ 121.413507942333098, 25.01968870666688 ], [ 121.412953860238261, 25.019433400622237 ], [ 121.412034879232081, 25.019303388664927 ], [ 121.411116783056897, 25.019438491757267 ], [ 121.410289435954098, 25.019825485944125 ], [ 121.409852832884511, 25.020225723364561 ], [ 121.409499889590904, 25.020277656014045 ], [ 121.408672531696425, 25.020664641295451 ], [ 121.408016904515932, 25.021265639974846 ], [ 121.407597185519862, 25.02202182467888 ], [ 121.407454463185388, 25.022859176803454 ], [ 121.407602713649766, 25.023695731197503 ], [ 121.408027430535398, 25.024449599211984 ], [ 121.408687042868124, 25.025046984865899 ], [ 121.409516983083037, 25.025429409323586 ], [ 121.410436007390643, 25.02555943619074 ], [ 121.411325296595052, 25.025428582497351 ], [ 121.411423392997591, 25.025602689180801 ], [ 121.412083027787844, 25.026200059385154 ], [ 121.412261493267764, 25.026282288367849 ], [ 121.41200608976024, 25.02674245354055 ], [ 121.411863392438207, 25.027579809056466 ], [ 121.412011678885975, 25.028416358070778 ], [ 121.412012765597296, 25.02841828675346 ], [ 121.412028635613254, 25.028507815765007 ], [ 121.412453396358217, 25.029261670091131 ], [ 121.413113055898677, 25.029859035117035 ], [ 121.413943042047421, 25.030241434025701 ], [ 121.414862106516765, 25.030371432923861 ], [ 121.415780279389068, 25.030236305905557 ], [ 121.416607678094081, 25.02984928102304 ], [ 121.417263307808938, 25.029248245097317 ], [ 121.417275638725982, 25.029226026647795 ], [ 121.417844171529779, 25.02930643228289 ], [ 121.418762332941327, 25.029171286968161 ], [ 121.419589714942745, 25.028784245643809 ], [ 121.420245324347121, 25.028183196740528 ], [ 121.420449086970919, 25.027816022941703 ], [ 121.42059521352833, 25.027836686402551 ], [ 121.420740781675292, 25.028657562235576 ], [ 121.421165595791734, 25.029411390952767 ], [ 121.42123697725286, 25.029476023580216 ], [ 121.421342666523756, 25.030071992210864 ], [ 121.421767489296855, 25.030825818952945 ], [ 121.421789666028715, 25.030845898554855 ], [ 121.421403559210376, 25.030902738176785 ], [ 121.420576168955023, 25.031289789599448 ], [ 121.41992054491466, 25.031890839905717 ], [ 121.419500864255696, 25.032647056669873 ], [ 121.419358211707276, 25.033484418149005 ], [ 121.419506556579577, 25.034320958274307 ], [ 121.419931383255687, 25.035074789790627 ], [ 121.42059111001366, 25.035672120287163 ], [ 121.421421158084385, 25.036054476326207 ], [ 121.422340273116163, 25.036184428211282 ], [ 121.423258480239539, 25.036049254639732 ], [ 121.424085893530574, 25.03566218822251 ], [ 121.424741516739275, 25.0350611198478 ], [ 121.425161173016832, 25.034304888842858 ], [ 121.42530378694704, 25.033467522390083 ], [ 121.42515540397055, 25.032630988458052 ], [ 121.424730554258758, 25.031877171936287 ], [ 121.42470837686713, 25.031857092784715 ], [ 121.425094485006795, 25.031800244565222 ], [ 121.425921864086277, 25.031413168156703 ], [ 121.426141101917295, 25.031212161929353 ], [ 121.426274658663999, 25.031965085845201 ], [ 121.42669951805216, 25.032718897815332 ], [ 121.427359264327137, 25.033316198189237 ], [ 121.428132624277083, 25.033672404388721 ], [ 121.427469009017656, 25.033982873900669 ], [ 121.426813404938699, 25.034583954144111 ], [ 121.426393757942733, 25.035340189665245 ], [ 121.426251149465699, 25.036177556884478 ], [ 121.426399544505145, 25.037014089169798 ], [ 121.42682442253367, 25.03776790003198 ], [ 121.426887545957101, 25.037825046566986 ], [ 121.426871107672099, 25.037921569843352 ], [ 121.427019509193642, 25.038758101230364 ], [ 121.427444397161509, 25.039511910013687 ], [ 121.428104183853151, 25.04010920600642 ], [ 121.428934284630657, 25.040491519147807 ], [ 121.429743335529466, 25.040605863126025 ], [ 121.430075399558532, 25.041194952123767 ], [ 121.43073520794195, 25.041792236008892 ], [ 121.431565328053694, 25.042174534104745 ], [ 121.432484498486659, 25.042304422387467 ], [ 121.433402738945816, 25.0421691857821 ], [ 121.434230160243132, 25.041782063072095 ], [ 121.434885765346138, 25.041180950657822 ], [ 121.435305379181244, 25.040424692178124 ], [ 121.43544793049017, 25.0395873175041 ], [ 121.435381401613967, 25.039212450295118 ], [ 121.435761338360749, 25.038527684248255 ], [ 121.435896048463235, 25.0377363418817 ], [ 121.436215134139459, 25.037587041186214 ], [ 121.436870707456592, 25.036985920107494 ], [ 121.437290295174734, 25.036229655954518 ], [ 121.437432828591767, 25.035392279153076 ], [ 121.437284361031118, 25.034555758682306 ], [ 121.437226675093399, 25.034453430618743 ], [ 121.437685275797605, 25.034032905601258 ], [ 121.438104848734895, 25.033276639052865 ], [ 121.4382473735254, 25.03243926125986 ], [ 121.438098904336158, 25.031602741298205 ], [ 121.437673979776193, 25.030848962687276 ], [ 121.437014197689919, 25.030251708397969 ], [ 121.436184142022412, 25.02986943927559 ], [ 121.435497912908033, 25.029772475178461 ], [ 121.435511361126117, 25.029766182404259 ], [ 121.435694688834246, 25.029739176380136 ], [ 121.43652201998583, 25.029352041485737 ], [ 121.437177548678079, 25.028750919002391 ], [ 121.437597107317558, 25.027994653553122 ], [ 121.43773963004719, 25.027157275689792 ], [ 121.43759117123416, 25.026320754495142 ], [ 121.437393598539458, 25.025970260288908 ], [ 121.437436306668189, 25.025931095462671 ], [ 121.437855854404759, 25.025174829148725 ], [ 121.437998372430869, 25.024337450788707 ], [ 121.43799744248787, 25.024332210805174 ], [ 121.438001052812666, 25.024310997851696 ], [ 121.437852595971734, 25.02347447657635 ], [ 121.437427701707563, 25.022720696038888 ], [ 121.436767964897584, 25.0221234393996 ], [ 121.435937965055018, 25.021741167734749 ], [ 121.435018944883311, 25.021611298438671 ], [ 121.434100858997269, 25.021746543319669 ], [ 121.433273570632551, 25.022133664548154 ], [ 121.432618057271, 25.022734770130999 ], [ 121.43219848524862, 25.023491022230502 ], [ 121.432055928661555, 25.024328395642431 ], [ 121.432056858352823, 25.024333635666533 ], [ 121.432053247003338, 25.02435484848937 ], [ 121.432201665783353, 25.02519137597341 ], [ 121.432337566481607, 25.025432488574381 ], [ 121.432117903950541, 25.025633911929969 ], [ 121.432093656287336, 25.025677615688132 ], [ 121.431834383420195, 25.025715803846602 ], [ 121.431527136945718, 25.025859567094194 ], [ 121.431277588471019, 25.025896321934841 ], [ 121.431303258853987, 25.025745543119367 ], [ 121.431154845422412, 25.024909014727847 ], [ 121.430729986675857, 25.024155214707463 ], [ 121.430196069511751, 25.023671820758445 ], [ 121.430344433174, 25.023535777966032 ], [ 121.430764016789553, 25.022779530949801 ], [ 121.430906580542626, 25.021942158509408 ], [ 121.430758174782625, 25.021105629197962 ], [ 121.430333331907292, 25.020351827451986 ], [ 121.429673641764978, 25.019754538508916 ], [ 121.429402668952889, 25.019629719024724 ], [ 121.429763778884436, 25.019460750665409 ], [ 121.430419289218889, 25.018859657450552 ], [ 121.430838856937953, 25.01810340996742 ], [ 121.430981415292493, 25.017266037009151 ], [ 121.430833015158996, 25.016429507179389 ], [ 121.430408188383097, 25.015675704965538 ], [ 121.429748523236313, 25.015078415651264 ], [ 121.428918592218977, 25.014696103512101 ], [ 121.42799963130031, 25.014566189904063 ], [ 121.427748080373433, 25.0146032366812 ], [ 121.427201605024408, 25.014351490447005 ], [ 121.426282648313617, 25.014221566163691 ], [ 121.425364606818192, 25.014356756628043 ], [ 121.424537339429918, 25.014743829335078 ], [ 121.423881821576614, 25.015344897039498 ], [ 121.423761216693464, 25.015562258735759 ], [ 121.423373941494702, 25.015743455990531 ], [ 121.422718412665461, 25.016344518629694 ], [ 121.422298800641144, 25.01710074395443 ], [ 121.422156183430175, 25.017938109382051 ], [ 121.422304526879401, 25.018774648456095 ], [ 121.422329992311077, 25.018819839452004 ], [ 121.421834787801103, 25.018749813205769 ], [ 121.421017289329868, 25.018870168853383 ], [ 121.421354778973452, 25.018261968241873 ], [ 121.421497401972132, 25.017424603543255 ], [ 121.421349065746341, 25.016588063419587 ], [ 121.420924295886849, 25.015834233367844 ], [ 121.420264675095993, 25.015236901397824 ], [ 121.41943477153491, 25.014854535960488 ], [ 121.418515818487279, 25.01472456362778 ], [ 121.417597764000774, 25.014859706290821 ], [ 121.417022672435166, 25.015128749377812 ], [ 121.416989059334938, 25.014939146145291 ], [ 121.416564321732977, 25.014185303051889 ], [ 121.415904730668331, 25.013587951220522 ], [ 121.415074851393484, 25.013205561046483 ], [ 121.414155914816121, 25.013075561522747 ], [ 121.413237867372501, 25.013210677201201 ], [ 121.412410568535904, 25.01359768289494 ], [ 121.41190744619675, 25.014058936150811 ], [ 121.411873877801696, 25.014028533371832 ], [ 121.411044007680744, 25.013646120602413 ], [ 121.410125071677385, 25.013516096164285 ], [ 121.409207016171919, 25.013651187047312 ] ], [ [ 121.429089580658314, 25.028411572327936 ], [ 121.428171437210949, 25.028546781228119 ], [ 121.427344084467805, 25.028933869960433 ], [ 121.42712485261427, 25.02913487794417 ], [ 121.426991294030515, 25.028381954534545 ], [ 121.426803095620414, 25.028048031936251 ], [ 121.427420998722425, 25.028332651583469 ], [ 121.428340061825764, 25.028462567173957 ], [ 121.429221009433022, 25.028332834867051 ], [ 121.429204828864542, 25.028427862407852 ], [ 121.429089580658314, 25.028411572327936 ] ], [ [ 121.424757039281772, 25.020584221027207 ], [ 121.424659882230372, 25.02059852691707 ], [ 121.424642710847493, 25.020568056309394 ], [ 121.424757039281772, 25.020584221027207 ] ], [ [ 121.425379410961455, 25.02062585059635 ], [ 121.425298560390416, 25.020614419621513 ], [ 121.425393511441513, 25.020600438138011 ], [ 121.425379410961455, 25.02062585059635 ] ] ], [ [ [ 121.498965358598639, 24.778039915108046 ], [ 121.499113903468185, 24.778876401243387 ], [ 121.499538308817279, 24.779630037483503 ], [ 121.500197034103095, 24.780227050546898 ], [ 121.501025598566329, 24.780608998098444 ], [ 121.501942893109899, 24.780738490461495 ], [ 121.502859121134335, 24.780602851340017 ], [ 121.50368459052477, 24.780215358923098 ], [ 121.504338495377013, 24.779613945784408 ], [ 121.504756827068235, 24.778857484969116 ], [ 121.504819747966664, 24.778485914178248 ], [ 121.504953814328914, 24.778243481519969 ], [ 121.505095625129471, 24.777406022448819 ], [ 121.50494704221947, 24.776569542691515 ], [ 121.50452261525993, 24.775815921827718 ], [ 121.503863893326368, 24.775218927402801 ], [ 121.503035356571033, 24.774836994854656 ], [ 121.502118104510259, 24.774707508414323 ], [ 121.501201918750226, 24.774843142436048 ], [ 121.500376476606533, 24.775230621003043 ], [ 121.499722574898911, 24.775832017128323 ], [ 121.499304222221284, 24.776588464504933 ], [ 121.499241285707825, 24.776960033316197 ], [ 121.499107209483697, 24.777202461054564 ], [ 121.498965358598639, 24.778039915108046 ] ] ], [ [ [ 121.501406233461097, 24.942606081694503 ], [ 121.502065846391091, 24.943203059830005 ], [ 121.502895512722944, 24.943584971523784 ], [ 121.503814015470851, 24.943714430594138 ], [ 121.504731439720231, 24.943578763998584 ], [ 121.505557976214462, 24.94319125262194 ], [ 121.506212714565464, 24.942589830909508 ], [ 121.506631564562923, 24.941833372764723 ], [ 121.506773529716313, 24.940995927584833 ], [ 121.506624718952722, 24.940159471024756 ], [ 121.506199704284228, 24.939405880387064 ], [ 121.505540092343836, 24.938808920242668 ], [ 121.504710450402754, 24.938427022654722 ], [ 121.503791986130366, 24.938297568416989 ], [ 121.502874599744871, 24.938433228726065 ], [ 121.502048086040219, 24.938820725098346 ], [ 121.501393346699601, 24.939422128819672 ], [ 121.500974472311356, 24.940178572858624 ], [ 121.500832468682503, 24.941016013205886 ], [ 121.500981241582167, 24.941852476052439 ], [ 121.501406233461097, 24.942606081694503 ] ] ], [ [ [ 121.497582941820852, 24.955220022070133 ], [ 121.498242604970329, 24.955817015367469 ], [ 121.499072345160073, 24.956198946575046 ], [ 121.499990938173084, 24.956328427599352 ], [ 121.500908460255701, 24.956192783247648 ], [ 121.501735092570641, 24.955805292227069 ], [ 121.502389915347152, 24.955203886991043 ], [ 121.502808830109771, 24.954447439831657 ], [ 121.502950834029662, 24.953609999072523 ], [ 121.50280203224267, 24.952773539937045 ], [ 121.502376995886095, 24.9520199399802 ], [ 121.501717333719057, 24.951422964684411 ], [ 121.500887617930317, 24.951041047594487 ], [ 121.499969063416529, 24.950911571411481 ], [ 121.499051579225934, 24.951047209478922 ], [ 121.498224969722401, 24.951434685490042 ], [ 121.497570145963451, 24.952036072724535 ], [ 121.497151206799856, 24.952792505766265 ], [ 121.497009164380714, 24.953629941684103 ], [ 121.497157928275669, 24.954466407103851 ], [ 121.497582941820852, 24.955220022070133 ] ] ], [ [ [ 121.506476108573835, 24.953835668332676 ], [ 121.506478848077336, 24.953851065222363 ], [ 121.506480637232855, 24.953854237176333 ], [ 121.50648133398461, 24.953858153143944 ], [ 121.506764259563241, 24.954359743203273 ], [ 121.506775699538849, 24.954424038344172 ], [ 121.507200770963266, 24.955177624955706 ], [ 121.507860479459566, 24.955774574936438 ], [ 121.508177853314649, 24.955920637978082 ], [ 121.507612363197765, 24.956004267928265 ], [ 121.506785748580441, 24.95639179128797 ], [ 121.506130941351131, 24.956993215517034 ], [ 121.505712038744974, 24.957749671578615 ], [ 121.505570049335404, 24.958587114287603 ], [ 121.505718877505259, 24.959423569603448 ], [ 121.506143960299653, 24.96017715855788 ], [ 121.506803690892994, 24.960774112480099 ], [ 121.507633490117016, 24.961155994803054 ], [ 121.508552127973147, 24.961285422219021 ], [ 121.508652361645701, 24.961270598817833 ], [ 121.509100573112121, 24.961676142925921 ], [ 121.50993038528047, 24.962058012196405 ], [ 121.510849031981465, 24.962187425283737 ], [ 121.511235863393622, 24.962130211254408 ], [ 121.511252853839153, 24.962225674567332 ], [ 121.511677979978558, 24.962979246755928 ], [ 121.511705395950102, 24.96300405152337 ], [ 121.511589929752589, 24.963685236314305 ], [ 121.51173880528286, 24.964521684300834 ], [ 121.512163942510995, 24.965275254697765 ], [ 121.512352199914233, 24.965445576881461 ], [ 121.512060809604137, 24.965971796763355 ], [ 121.511918854900586, 24.966809244072579 ], [ 121.512032713300954, 24.967448923559637 ], [ 121.511808251399742, 24.96765508508896 ], [ 121.511389348954552, 24.968411556064062 ], [ 121.511247387211284, 24.969249002576873 ], [ 121.51139626784817, 24.970085450213691 ], [ 121.511821422777089, 24.970839020756394 ], [ 121.512481238112017, 24.971435947334712 ], [ 121.513311126387904, 24.971817796056975 ], [ 121.514229848886032, 24.971947186904249 ], [ 121.515147469172035, 24.971811453513347 ], [ 121.515974158792588, 24.97142388331066 ], [ 121.516628992367913, 24.970822416503768 ], [ 121.516909442216956, 24.970315930961306 ], [ 121.517518362616414, 24.970225848460387 ], [ 121.518345034054349, 24.969838265300972 ], [ 121.518999847656971, 24.969236788259966 ], [ 121.519418705851507, 24.96848029665983 ], [ 121.519560611352745, 24.967642843173518 ], [ 121.519411678935839, 24.966806404267359 ], [ 121.518986492527674, 24.966052855512235 ], [ 121.518326675574187, 24.965455957375159 ], [ 121.517496815410965, 24.96507413584651 ], [ 121.517104078075334, 24.965018829657666 ], [ 121.517390153381925, 24.964502156562304 ], [ 121.51753206861099, 24.96366470441572 ], [ 121.517383155177342, 24.962828262737045 ], [ 121.517103831519194, 24.962333189548495 ], [ 121.517127100888558, 24.962291162644444 ], [ 121.517269015657305, 24.961453710513126 ], [ 121.517120106946663, 24.960617268252584 ], [ 121.516694956361448, 24.959863711762761 ], [ 121.516035183840302, 24.959266802268655 ], [ 121.515205372370275, 24.958884966873079 ], [ 121.515150211024164, 24.958877197679801 ], [ 121.514982376454242, 24.9587999681379 ], [ 121.514063751132369, 24.958670580155449 ], [ 121.513676931950826, 24.958727801362908 ], [ 121.513659940172914, 24.958632338304088 ], [ 121.513234817514473, 24.957878771289398 ], [ 121.512575072149005, 24.957281845871794 ], [ 121.511745284406317, 24.956899990713023 ], [ 121.510826676222905, 24.956770582452727 ], [ 121.510726446472518, 24.956785407264121 ], [ 121.510278247788776, 24.956379867587103 ], [ 121.509960870353183, 24.956233809087951 ], [ 121.510526359758742, 24.95615017023254 ], [ 121.511352960670621, 24.955762626312509 ], [ 121.512007735695676, 24.955161179533619 ], [ 121.512426591035378, 24.954404706254426 ], [ 121.512568529679783, 24.953567257354095 ], [ 121.512419663155086, 24.952730808850969 ], [ 121.512136718718494, 24.95222922972912 ], [ 121.512125276191284, 24.952164935022125 ], [ 121.512123486917673, 24.952161763137148 ], [ 121.512122789998557, 24.952157847197721 ], [ 121.512104690441447, 24.95212576169936 ], [ 121.51210195028257, 24.952110364920095 ], [ 121.511676860181254, 24.951356792292422 ], [ 121.511017157554093, 24.950759858779413 ], [ 121.510187418547844, 24.950377993836007 ], [ 121.50926886032984, 24.950248575060051 ], [ 121.508351392310416, 24.95038427017759 ], [ 121.507524817271474, 24.950771797299293 ], [ 121.506870042899138, 24.951373224702863 ], [ 121.506451163212446, 24.952129683040074 ], [ 121.506309184540498, 24.952967126902408 ], [ 121.506458010213436, 24.953803582136086 ], [ 121.506476108573835, 24.953835668332676 ] ] ], [ [ [ 121.494838272714773, 24.91392663127511 ], [ 121.495257929787016, 24.914306569098795 ], [ 121.496087380779343, 24.914688523494792 ], [ 121.497005662520493, 24.914818028464062 ], [ 121.497922881738688, 24.914682406470831 ], [ 121.498749249254814, 24.914294934031496 ], [ 121.499403871225198, 24.913693541776286 ], [ 121.499822668829637, 24.912937100721805 ], [ 121.499964650699368, 24.912099658590545 ], [ 121.499815924116177, 24.911263190739369 ], [ 121.499391052844231, 24.910509575578576 ], [ 121.499371510601875, 24.9104918835347 ], [ 121.499364242394677, 24.910478991457609 ], [ 121.498704819318917, 24.909881995836646 ], [ 121.498287477854902, 24.909689816195598 ], [ 121.497908826276472, 24.909347004846463 ], [ 121.497079405888599, 24.908965059840632 ], [ 121.496161167521151, 24.908835554553029 ], [ 121.495243989288426, 24.90897116517683 ], [ 121.494417645616778, 24.909358618089335 ], [ 121.493763021548858, 24.909959988826785 ], [ 121.493344196387085, 24.910716413583003 ], [ 121.493202171112713, 24.911553850234444 ], [ 121.493350853604511, 24.912390325334375 ], [ 121.493775695155051, 24.913143957982193 ], [ 121.494435112547905, 24.913740975236088 ], [ 121.494838272714773, 24.91392663127511 ] ] ], [ [ [ 121.480197609244598, 24.874880309443661 ], [ 121.480856755854973, 24.875477393833727 ], [ 121.481685902410476, 24.875859434890842 ], [ 121.482603882821735, 24.875989033773983 ], [ 121.483520833325684, 24.875853503752815 ], [ 121.484346991056881, 24.875466112336508 ], [ 121.485001482710345, 24.874864782218719 ], [ 121.485420242218098, 24.874108378329083 ], [ 121.4855622819302, 24.873270944750345 ], [ 121.485413703454, 24.872434456003784 ], [ 121.484989056045862, 24.871680792549444 ], [ 121.484329910381689, 24.871083726095094 ], [ 121.483500788096492, 24.87070169911814 ], [ 121.482582846009237, 24.870572105081475 ], [ 121.481665933244486, 24.870707628864228 ], [ 121.480839798252617, 24.871095005340113 ], [ 121.480185305652952, 24.871696317522183 ], [ 121.479766521874893, 24.872452707331643 ], [ 121.479624443838787, 24.873290136063908 ], [ 121.479772984575803, 24.874126631048878 ], [ 121.480197609244598, 24.874880309443661 ] ] ], [ [ [ 121.484640722619105, 24.949721110557562 ], [ 121.483985840695368, 24.950322439086502 ], [ 121.48356682344658, 24.951078835275396 ], [ 121.483424690662076, 24.951916259802093 ], [ 121.483573360755443, 24.952752740410165 ], [ 121.483998286245452, 24.953506395660344 ], [ 121.484657875708422, 24.954103450395749 ], [ 121.485487563797093, 24.954485458181736 ], [ 121.486406131397857, 24.954615023427188 ], [ 121.487323657246151, 24.954479462692486 ], [ 121.487689501476012, 24.954308010790353 ], [ 121.48778467016993, 24.954321433325401 ], [ 121.488702192183425, 24.954185864149935 ], [ 121.489528850675015, 24.953798440384212 ], [ 121.490183723309215, 24.953197087896573 ], [ 121.49060270672669, 24.952440673815516 ], [ 121.490744791375121, 24.951603243228089 ], [ 121.490596074486447, 24.95076677036446 ], [ 121.490404270984044, 24.950426618333935 ], [ 121.490449657617077, 24.950344677699 ], [ 121.490591741159037, 24.949507247043776 ], [ 121.490443028079312, 24.948670773738588 ], [ 121.490018080831888, 24.94791713672814 ], [ 121.489358499455278, 24.947320105123822 ], [ 121.488528848233429, 24.946938117982775 ], [ 121.48761033574624, 24.946808564861961 ], [ 121.486692866930326, 24.946944126633696 ], [ 121.48586624464464, 24.947331534456914 ], [ 121.485211381195839, 24.947932868284056 ], [ 121.484792379316346, 24.948689267926444 ], [ 121.484650257290838, 24.949526693723502 ], [ 121.484681422474281, 24.949702036960385 ], [ 121.484640722619105, 24.949721110557562 ] ] ], [ [ [ 121.491354855242633, 24.955440923105165 ], [ 121.492014490065415, 24.956037944412245 ], [ 121.492844213177165, 24.956419910577196 ], [ 121.493762802033928, 24.956549430083797 ], [ 121.494680333289367, 24.956413823971115 ], [ 121.495506987207676, 24.956026367201925 ], [ 121.496161841901937, 24.955424988876118 ], [ 121.496580795770626, 24.954668558651665 ], [ 121.496722842155606, 24.95383112319529 ], [ 121.496574082035451, 24.952994657212614 ], [ 121.496149082469486, 24.952241038930147 ], [ 121.495489448616908, 24.951644035624881 ], [ 121.494659749896627, 24.951262083583366 ], [ 121.493741199535904, 24.951132568927125 ], [ 121.492823706176864, 24.951268168764443 ], [ 121.491997075080235, 24.951655610529521 ], [ 121.491342219415742, 24.952256970853501 ], [ 121.490923241155599, 24.953013386954524 ], [ 121.490781156274579, 24.953850817560539 ], [ 121.490929878498321, 24.954687289818569 ], [ 121.491354855242633, 24.955440923105165 ] ] ], [ [ [ 121.496045816138945, 24.960728998117553 ], [ 121.496705501856823, 24.961325997443208 ], [ 121.497535274711254, 24.96170793643347 ], [ 121.4984539072871, 24.96183742623229 ], [ 121.499371471956565, 24.961701790787494 ], [ 121.500198145711892, 24.961314307934252 ], [ 121.500853004724561, 24.960712909326844 ], [ 121.501271946971642, 24.959956466609135 ], [ 121.501413966934621, 24.959119027670685 ], [ 121.501265168180367, 24.958282567557184 ], [ 121.500840121551121, 24.957528963919465 ], [ 121.500180436812798, 24.956931982599905 ], [ 121.499350688364061, 24.956550057732329 ], [ 121.498432094297854, 24.956420572778413 ], [ 121.497514567532676, 24.956556201939719 ], [ 121.496687916598049, 24.956943669781172 ], [ 121.496033056605825, 24.957545050382489 ], [ 121.495614089953037, 24.958301478977496 ], [ 121.495472031480404, 24.959138913071055 ], [ 121.495620792330399, 24.959975379468045 ], [ 121.496045816138945, 24.960728998117553 ] ] ], [ [ [ 121.493097733762554, 25.015193955841671 ], [ 121.493757701092434, 25.015790959629609 ], [ 121.494053673388308, 25.015927138367289 ], [ 121.493929648100391, 25.016657903552304 ], [ 121.494078474991383, 25.017494364145886 ], [ 121.494503693807715, 25.018247978497072 ], [ 121.495163684422039, 25.018844975444971 ], [ 121.495993842216365, 25.019226914204058 ], [ 121.496912902084773, 25.019356405935294 ], [ 121.497830894556373, 25.019220774395002 ], [ 121.498657954730334, 25.018833297037958 ], [ 121.499313120942247, 25.018231904985715 ], [ 121.499732261098174, 25.017475469247213 ], [ 121.499874350317086, 25.016638037034429 ], [ 121.499725485403317, 25.01580158273708 ], [ 121.499300243692076, 25.01504798343484 ], [ 121.498640254055829, 25.01445100454044 ], [ 121.498344280439426, 25.014314834928992 ], [ 121.498468277432124, 25.013584066271616 ], [ 121.498319426086724, 25.012747610019694 ], [ 121.497894203748743, 25.011994006092305 ], [ 121.497234237394068, 25.011397020355375 ], [ 121.496404128988516, 25.011015087368747 ], [ 121.495485131850799, 25.010885591383339 ], [ 121.494567198339126, 25.011021207678027 ], [ 121.493740176782211, 25.011408662078619 ], [ 121.493085018560578, 25.012010029985319 ], [ 121.492665855263553, 25.012766447880978 ], [ 121.492523720989936, 25.013603874323291 ], [ 121.492672534317919, 25.014440336868621 ], [ 121.493097733762554, 25.015193955841671 ] ] ], [ [ [ 121.430511983035672, 25.011158957711686 ], [ 121.431171630575577, 25.011756244183658 ], [ 121.432001548459226, 25.01213854406981 ], [ 121.432920495080509, 25.012268433173919 ], [ 121.433838512061357, 25.012133196341772 ], [ 121.434665732098139, 25.011746072378013 ], [ 121.435321177864608, 25.011144957802927 ], [ 121.435740689884142, 25.010388696463369 ], [ 121.435883206859515, 25.009551318507473 ], [ 121.43573478371583, 25.008714793026819 ], [ 121.435309954548458, 25.007961004082343 ], [ 121.434650307860537, 25.007363735658959 ], [ 121.433820414344154, 25.006981449988167 ], [ 121.432901506298023, 25.006851565836406 ], [ 121.431983527365773, 25.006986796466254 ], [ 121.431156330317776, 25.00737390544214 ], [ 121.430500883699324, 25.007975001968642 ], [ 121.430081347312523, 25.00873124909285 ], [ 121.429938791761998, 25.009568622096396 ], [ 121.4300871768571, 25.010405153779352 ], [ 121.430511983035672, 25.011158957711686 ] ] ], [ [ [ 121.431379679597981, 25.017584755944036 ], [ 121.432039366108313, 25.018182037535766 ], [ 121.432869330118621, 25.018564331633446 ], [ 121.4337883255062, 25.018694214606978 ], [ 121.434706389117437, 25.018558971902205 ], [ 121.43553364908243, 25.018171842899033 ], [ 121.436189124165494, 25.017570724611769 ], [ 121.43660865202061, 25.016814461251379 ], [ 121.436751169801752, 25.015977083164312 ], [ 121.436602732357201, 25.015140559455034 ], [ 121.436177875183901, 25.014386774010685 ], [ 121.435518189527386, 25.013789510472826 ], [ 121.434688249894009, 25.013407230593984 ], [ 121.43376929309531, 25.013277352573148 ], [ 121.43285126754526, 25.013412589072704 ], [ 121.432024030575704, 25.013799703082942 ], [ 121.431368554638837, 25.014400803316342 ], [ 121.430949002406777, 25.015157052457898 ], [ 121.430806446036755, 25.015994425592265 ], [ 121.430954845420118, 25.016830955506759 ], [ 121.431379679597981, 25.017584755944036 ] ] ], [ [ [ 121.442209839566729, 25.026666145180133 ], [ 121.442314064571363, 25.026760488959702 ], [ 121.442006086099212, 25.026805872249405 ], [ 121.441178789596947, 25.027193037334012 ], [ 121.440523288840154, 25.027794177211245 ], [ 121.440103748933154, 25.028550450687039 ], [ 121.439961240831138, 25.029387830464106 ], [ 121.440109719705433, 25.030224348678132 ], [ 121.44041114149222, 25.030759024571609 ], [ 121.440392282967636, 25.030869838023882 ], [ 121.440421431313865, 25.031034052943888 ], [ 121.440150720604521, 25.031522030787556 ], [ 121.440072610142096, 25.031981001328482 ], [ 121.439478906635046, 25.03252543945263 ], [ 121.439059344664827, 25.033281709807138 ], [ 121.438916824519325, 25.034119088222454 ], [ 121.439065302550077, 25.034955606967912 ], [ 121.439490250104157, 25.035709380877165 ], [ 121.44015007362286, 25.036306623175875 ], [ 121.440980184859981, 25.036688869059727 ], [ 121.441299949253292, 25.036734037242962 ], [ 121.441118816738523, 25.037060534145965 ], [ 121.440976306662819, 25.037897913980636 ], [ 121.441124803598285, 25.038734429991372 ], [ 121.441549777042354, 25.03948819727896 ], [ 121.442090076422218, 25.039977221847096 ], [ 121.441458466104734, 25.040556401259469 ], [ 121.441038889854866, 25.041312676595727 ], [ 121.440896374797063, 25.042150055950604 ], [ 121.44096198339831, 25.042519632393915 ], [ 121.440287837490274, 25.042835079966292 ], [ 121.439632250448852, 25.043436215846441 ], [ 121.439212653404539, 25.04419248601971 ], [ 121.439070122908177, 25.045029863513701 ], [ 121.439218616327679, 25.04586638068831 ], [ 121.439643603506909, 25.046620152530505 ], [ 121.440303487010297, 25.047217392467232 ], [ 121.441133672719886, 25.047599635924108 ], [ 121.44126186356759, 25.047617741631431 ], [ 121.441342399507249, 25.048071374027465 ], [ 121.441767407395531, 25.048825139289541 ], [ 121.441772476003578, 25.048829726532158 ], [ 121.441815380099797, 25.049071383177811 ], [ 121.44183171841506, 25.049100359409941 ], [ 121.441836379951113, 25.049126615350275 ], [ 121.442226771810979, 25.049818975900724 ], [ 121.442017315130968, 25.050196494993688 ], [ 121.44187479745959, 25.051033874338483 ], [ 121.441957021483077, 25.051496987535302 ], [ 121.441315789348877, 25.050916663760596 ], [ 121.440485580582376, 25.050534421804532 ], [ 121.439566341023593, 25.050404584115352 ], [ 121.438648046753698, 25.050539859407387 ], [ 121.437820581398356, 25.050927006876176 ], [ 121.437164939760507, 25.051528131963323 ], [ 121.436745300734017, 25.052284394925291 ], [ 121.436602744980206, 25.053121769496663 ], [ 121.436751232341507, 25.053958288324193 ], [ 121.437176233257404, 25.054712066233282 ], [ 121.437836148949671, 25.05530931605654 ], [ 121.43866638215016, 25.055691572250854 ], [ 121.439585660377816, 25.055821414893604 ], [ 121.440503992781316, 25.055686133378387 ], [ 121.441067718799601, 25.055422379901593 ], [ 121.440739189042148, 25.05601447299744 ], [ 121.440596656589449, 25.05685185067253 ], [ 121.440745175905988, 25.057688364658183 ], [ 121.441170214304023, 25.058442130252772 ], [ 121.441830169335972, 25.05903936149349 ], [ 121.442043888165884, 25.059137752296628 ], [ 121.442043888165884, 25.059137752296628 ], [ 121.442440174009349, 25.059496368444616 ], [ 121.443270449494236, 25.059878598104739 ], [ 121.444189763413704, 25.060008411680695 ], [ 121.445108121421057, 25.059873101412109 ], [ 121.445669349832855, 25.05961050326011 ], [ 121.445611583861705, 25.059949952103473 ], [ 121.445760141224952, 25.060786460206497 ], [ 121.446185221067211, 25.061540210564758 ], [ 121.446445875117575, 25.061776068756103 ], [ 121.44580136537094, 25.062077632946266 ], [ 121.445145704813939, 25.062678792646111 ], [ 121.445141222160373, 25.062686871695046 ], [ 121.444931284216537, 25.062785098458665 ], [ 121.444275615641843, 25.063386254369799 ], [ 121.443855981400986, 25.064142536176032 ], [ 121.443713461690521, 25.064979915767541 ], [ 121.443862012828845, 25.065816425298635 ], [ 121.444287099015312, 25.066570180502808 ], [ 121.444363536048755, 25.066639345256721 ], [ 121.444294350517893, 25.066702776584066 ], [ 121.443874705431583, 25.067459058260209 ], [ 121.443732182384579, 25.068296437547765 ], [ 121.443880738022827, 25.069132946630909 ], [ 121.444305836106153, 25.069886701286865 ], [ 121.444965868345918, 25.070483916622077 ], [ 121.445796226063521, 25.070866130467625 ], [ 121.446715624584897, 25.070995927045747 ], [ 121.447634061278507, 25.07086060026008 ], [ 121.448461627740457, 25.070473397725543 ], [ 121.449117312726656, 25.069872223660781 ], [ 121.449536933348128, 25.069115927742754 ], [ 121.449679417690703, 25.068278543508153 ], [ 121.44953082389226, 25.067442040662403 ], [ 121.44933984258607, 25.06710343219002 ], [ 121.449778889477372, 25.067165407 ], [ 121.450697293992491, 25.067030061637809 ], [ 121.45128795378136, 25.066753680107624 ], [ 121.451604310296119, 25.066707055848109 ], [ 121.452431836214203, 25.06631983152948 ], [ 121.453087479755141, 25.065718640174584 ], [ 121.453507062087894, 25.064962333152394 ], [ 121.453649515046465, 25.064124945085645 ], [ 121.453500899839881, 25.063288446053907 ], [ 121.453471777777054, 25.063236814880472 ], [ 121.454056981795176, 25.063319406800439 ], [ 121.454783521685172, 25.063212312484556 ], [ 121.454756505054206, 25.063371136368584 ], [ 121.454905128875012, 25.064207634012948 ], [ 121.455330276388068, 25.064961356897562 ], [ 121.455990334462882, 25.065558523237968 ], [ 121.45633135642268, 25.065715471409813 ], [ 121.456344274868144, 25.06573837314707 ], [ 121.456515410919636, 25.06589320049833 ], [ 121.456527379765561, 25.065914418688603 ], [ 121.457187448739347, 25.066511579476515 ], [ 121.458017816240584, 25.066893725012765 ], [ 121.458937196635631, 25.067023446208147 ], [ 121.459445923890854, 25.066948443477994 ], [ 121.45964470023587, 25.067300808127793 ], [ 121.46030479163106, 25.067897954625142 ], [ 121.461135177926096, 25.068280082384394 ], [ 121.462054571646647, 25.06840978405674 ], [ 121.462972970630531, 25.06827436283913 ], [ 121.463800470167286, 25.067887075593127 ], [ 121.464456065567958, 25.067285834831228 ], [ 121.464875582716999, 25.066529496758839 ], [ 121.465017959831911, 25.065692099036809 ], [ 121.464869265547193, 25.064855612687545 ], [ 121.464444060513117, 25.064101917933517 ], [ 121.463783970028615, 25.063504789530622 ], [ 121.462953608219323, 25.063122675997668 ], [ 121.462387301470372, 25.063042785756821 ], [ 121.462757061544579, 25.062376157035523 ], [ 121.462899448784299, 25.061538760740273 ], [ 121.462750774349246, 25.060702271524715 ], [ 121.462325596945618, 25.059948569892462 ], [ 121.461988680196072, 25.05964377040603 ], [ 121.462285618995992, 25.059108418972315 ], [ 121.462428006054765, 25.058271022770068 ], [ 121.462279339138306, 25.057434532613318 ], [ 121.461854176215894, 25.056680829098077 ], [ 121.461194138463526, 25.056083687838857 ], [ 121.461110475386121, 25.056045184043349 ], [ 121.461508657945402, 25.055327289972684 ], [ 121.461539137072734, 25.055148041104644 ], [ 121.461933873929183, 25.055329708000937 ], [ 121.462853171528877, 25.055459406324516 ], [ 121.46337809517685, 25.055381994826913 ], [ 121.463698669037299, 25.055950280644605 ], [ 121.463472820451273, 25.056157421828974 ], [ 121.463053328837589, 25.056913756607607 ], [ 121.462910947447966, 25.057751153478566 ], [ 121.463059619060473, 25.058587642900537 ], [ 121.463484796077765, 25.059341342571784 ], [ 121.46414486247842, 25.059938472979638 ], [ 121.46497520623447, 25.06032058026971 ], [ 121.465894544036274, 25.060450259098126 ], [ 121.466812879197306, 25.060314814898991 ], [ 121.467357579744828, 25.060059850425809 ], [ 121.467394062339636, 25.060124516673135 ], [ 121.466791935377245, 25.06040636127749 ], [ 121.466136387585749, 25.061007612216443 ], [ 121.465716896456058, 25.061763954029225 ], [ 121.465574528180554, 25.062601352729121 ], [ 121.465723224255228, 25.063437838595402 ], [ 121.466148434689345, 25.064191529673664 ], [ 121.466808540190698, 25.0647886472916 ], [ 121.467638924903142, 25.06517073884622 ], [ 121.468558301506334, 25.065300400533815 ], [ 121.46947666951408, 25.065164939466744 ], [ 121.470304127249577, 25.06477761640857 ], [ 121.470959674117651, 25.064176347377817 ], [ 121.471168993810053, 25.063798916483197 ], [ 121.471499014676027, 25.063950761593194 ], [ 121.472418385794739, 25.064080399473621 ], [ 121.47333674006552, 25.063944914703495 ], [ 121.474164177156922, 25.063557570367323 ], [ 121.474819698495708, 25.062956284566862 ], [ 121.475239137218935, 25.062199917915684 ], [ 121.475381439222446, 25.061362510870371 ], [ 121.475232680492809, 25.060526035363683 ], [ 121.474807427986406, 25.059772370554793 ], [ 121.47414731164595, 25.059175288267458 ], [ 121.473316948125159, 25.058793232506915 ], [ 121.472844841227044, 25.058726662534216 ], [ 121.472854375346031, 25.058670562414729 ], [ 121.472705637301345, 25.057834083774999 ], [ 121.47228040970603, 25.057080411094521 ], [ 121.471620320064474, 25.056483316968158 ], [ 121.471083188749319, 25.056236162921678 ], [ 121.471822369044219, 25.056340402529372 ], [ 121.472740666494843, 25.056204922139266 ], [ 121.473568053970254, 25.055817581456829 ], [ 121.474223537755137, 25.055216298225343 ], [ 121.4746429546624, 25.054459932806012 ], [ 121.474740513025779, 25.053885814547058 ], [ 121.475100835717143, 25.054211743186944 ], [ 121.475931173467984, 25.054593789580945 ], [ 121.476850478772263, 25.054723401142322 ], [ 121.477768758125336, 25.054587889892204 ], [ 121.478596118532394, 25.05420052150772 ], [ 121.479251568929271, 25.053599216444304 ], [ 121.479670949398439, 25.052842837200007 ], [ 121.479783617658327, 25.052179627754036 ], [ 121.479894844417544, 25.052376748299604 ], [ 121.480398622941067, 25.052832409812346 ], [ 121.480166548400391, 25.053045319089271 ], [ 121.479747170331137, 25.05380169967744 ], [ 121.479604905887385, 25.054639111187207 ], [ 121.479753686400201, 25.055475582640742 ], [ 121.480178953609922, 25.056229233491909 ], [ 121.480839082662072, 25.056826289005077 ], [ 121.480914328254386, 25.056860906092972 ], [ 121.481415527336949, 25.057314210407064 ], [ 121.480743438790739, 25.057219477569404 ], [ 121.479825143479189, 25.057355007406908 ], [ 121.478997766055727, 25.057742382731092 ], [ 121.478342292724008, 25.058343686685269 ], [ 121.477922885914523, 25.059100062017883 ], [ 121.477780603568036, 25.059937471459239 ], [ 121.477929378769417, 25.060773944234558 ], [ 121.478354653780656, 25.061527599668469 ], [ 121.479014802984963, 25.062124662576501 ], [ 121.47908532058716, 25.06215710414461 ], [ 121.478833472587212, 25.06212160333267 ], [ 121.47791513852259, 25.062257121843167 ], [ 121.477087722258815, 25.062644486846985 ], [ 121.47643221380018, 25.063245782497905 ], [ 121.476371414761743, 25.06335542249726 ], [ 121.475922729260631, 25.063565473225569 ], [ 121.475267210203199, 25.064166763815063 ], [ 121.474847765170878, 25.064923130441855 ], [ 121.474705455846291, 25.0657605366894 ], [ 121.474854217956604, 25.066597012096373 ], [ 121.475279495047189, 25.067350675730218 ], [ 121.475563862787041, 25.067607868268688 ], [ 121.474742161150459, 25.067729103512729 ], [ 121.473914698142352, 25.068116451237703 ], [ 121.473817757961683, 25.068205366620184 ], [ 121.473583598578841, 25.067790389535716 ], [ 121.472923444419877, 25.067193302993132 ], [ 121.47209303008772, 25.066811241535262 ], [ 121.471173638842558, 25.066681601980324 ], [ 121.470255261606212, 25.066817073653784 ], [ 121.469427790123845, 25.067204396535075 ], [ 121.468772219802446, 25.06780565890071 ], [ 121.468693675557574, 25.067947274054838 ], [ 121.468066180069741, 25.067658552663197 ], [ 121.467146786286079, 25.067528888216582 ], [ 121.466228397884009, 25.067664335121169 ], [ 121.465400907701024, 25.06805163578013 ], [ 121.464745312973562, 25.068652880644834 ], [ 121.464325788011379, 25.069409218249024 ], [ 121.464183402319719, 25.07024661501886 ], [ 121.464332099101483, 25.071083101423095 ], [ 121.464757328299129, 25.071836795454679 ], [ 121.464886739329202, 25.071953853453905 ], [ 121.46469365952224, 25.072301939089193 ], [ 121.464551273334351, 25.073139335898794 ], [ 121.464699976442361, 25.073975821523543 ], [ 121.465125218170243, 25.074729514032505 ], [ 121.46578537616459, 25.075326634612445 ], [ 121.466478700587643, 25.075645637181633 ], [ 121.466425211000939, 25.075742068801016 ], [ 121.466282833046563, 25.076579466772472 ], [ 121.466431552449635, 25.077415950046756 ], [ 121.466856816939938, 25.078169636922524 ], [ 121.467517001936145, 25.078766749137415 ], [ 121.468347483800386, 25.079148834615708 ], [ 121.469266965699703, 25.079278490147249 ], [ 121.470018362012823, 25.079167666009901 ], [ 121.470024331770347, 25.079201236918447 ], [ 121.470449624435901, 25.079954912910505 ], [ 121.470617500195885, 25.08010674060974 ], [ 121.470344951308775, 25.080356691004102 ], [ 121.470117430720265, 25.080766880289708 ], [ 121.469912783436968, 25.080404219358261 ], [ 121.469252578085118, 25.079807118227453 ], [ 121.468422089023264, 25.079425037952632 ], [ 121.467502606825093, 25.07929537719227 ], [ 121.466584131312231, 25.079430827346371 ], [ 121.465756563845801, 25.079818130500559 ], [ 121.465100909225256, 25.080419376863095 ], [ 121.464923536229634, 25.08073912600144 ], [ 121.464870923747597, 25.080443192596544 ], [ 121.46513651442271, 25.080199643387715 ], [ 121.465556069982767, 25.0794433041305 ], [ 121.465698455866416, 25.078605907059245 ], [ 121.465549739853742, 25.07776942313297 ], [ 121.465124484725521, 25.077015732336363 ], [ 121.464464320686417, 25.076418609036612 ], [ 121.46363386906188, 25.07603650125149 ], [ 121.46272492179088, 25.075908292124911 ], [ 121.462851325469956, 25.075680425698938 ], [ 121.46299372588706, 25.074843030597702 ], [ 121.46284503319184, 25.074006543209787 ], [ 121.46241980788183, 25.073252843859425 ], [ 121.461759677242767, 25.0726557077518 ], [ 121.460929259331479, 25.07227358415884 ], [ 121.460009837759998, 25.072143875979002 ], [ 121.45909140641804, 25.072279279252772 ], [ 121.45826386234441, 25.072666540652932 ], [ 121.457608208048256, 25.073267754473306 ], [ 121.457188623668429, 25.074024072287056 ], [ 121.457046184525524, 25.074861462458898 ], [ 121.457194839055433, 25.075697956105085 ], [ 121.457359902855472, 25.075990549793207 ], [ 121.45713187629579, 25.076097252362441 ], [ 121.456476198403365, 25.076698461242319 ], [ 121.456056595682483, 25.07745477577112 ], [ 121.455914145249466, 25.078292164635592 ], [ 121.456062796646336, 25.079128659080315 ], [ 121.456488004261132, 25.079882376312561 ], [ 121.457148149082613, 25.080479535099585 ], [ 121.45797861140835, 25.080861678806649 ], [ 121.458539137003896, 25.080940757728918 ], [ 121.458492497560272, 25.081024824039471 ], [ 121.458350060020777, 25.081862214664486 ], [ 121.45849873265503, 25.082698705973005 ], [ 121.458879235518296, 25.083373130137343 ], [ 121.458427837717409, 25.083165424713489 ], [ 121.457508336971443, 25.083035702345128 ], [ 121.456589821557714, 25.083171091131639 ], [ 121.455762196741091, 25.083558339163819 ], [ 121.455106472931931, 25.08415954204478 ], [ 121.454686837072785, 25.084915852419762 ], [ 121.454544369524939, 25.08575323938301 ], [ 121.45469302150768, 25.086589734365756 ], [ 121.455118247354093, 25.087343454522596 ], [ 121.455778426269902, 25.087940618333999 ], [ 121.456608935215669, 25.088322768672498 ], [ 121.457084963310777, 25.088389926776554 ], [ 121.456868625919768, 25.088588273713633 ], [ 121.456448986335587, 25.089344588682394 ], [ 121.456306526192492, 25.090181976742706 ], [ 121.456309407144772, 25.090198186572906 ], [ 121.456273852655485, 25.09040717597458 ], [ 121.456422522526026, 25.091243668456791 ], [ 121.456847775451095, 25.091997382809666 ], [ 121.457507987986119, 25.092594538081109 ], [ 121.457569257652338, 25.092622728922304 ], [ 121.457210222582248, 25.093269804811776 ], [ 121.457067763542597, 25.094107193152475 ], [ 121.45721644369749, 25.09494368428393 ], [ 121.4576417146246, 25.09569739573692 ], [ 121.458301951117676, 25.096294546842778 ], [ 121.45913252450049, 25.096676681716776 ], [ 121.460052128980507, 25.096806392310739 ], [ 121.460970741756768, 25.096670980946868 ], [ 121.46179843718285, 25.096283703522843 ], [ 121.462454191389298, 25.095682471592145 ], [ 121.46269994371427, 25.095239527683852 ], [ 121.462726185555709, 25.095215467349398 ], [ 121.463145805652331, 25.094459135486186 ], [ 121.463245649110718, 25.09387207385404 ], [ 121.463652792886094, 25.094059382599841 ], [ 121.464572382035627, 25.094189065429262 ], [ 121.465490969856575, 25.094053626377537 ], [ 121.4663186331465, 25.093666324053466 ], [ 121.466974351183154, 25.093065072448226 ], [ 121.467393937847305, 25.092308728831682 ], [ 121.467519676653652, 25.091569240775812 ], [ 121.467626513450938, 25.092170036872961 ], [ 121.468051837761664, 25.092923717987997 ], [ 121.468712108867962, 25.093520822473668 ], [ 121.469542694702469, 25.093902899009098 ], [ 121.470234922225856, 25.094000491271096 ], [ 121.470514908779094, 25.094496601529176 ], [ 121.471175200224835, 25.095093694629934 ], [ 121.472005804173548, 25.095475757028282 ], [ 121.472925411837977, 25.095605387772256 ], [ 121.473844000104762, 25.095469897002996 ], [ 121.474671645728193, 25.095082548393538 ], [ 121.475327329716905, 25.094481260466988 ], [ 121.475746869286937, 25.093724894048734 ], [ 121.475889200468487, 25.092887489575467 ], [ 121.475740396401207, 25.092051018729197 ], [ 121.475315028488637, 25.09129736021162 ], [ 121.474654737975712, 25.090700285227598 ], [ 121.473824158565108, 25.090318237063769 ], [ 121.4732749150064, 25.090240814382799 ], [ 121.472927027965525, 25.089624398505659 ], [ 121.472266757974765, 25.089027312458946 ], [ 121.47143619712827, 25.08864525056784 ], [ 121.470516643024169, 25.088515609690788 ], [ 121.469787541263258, 25.088623140677051 ], [ 121.469945707571213, 25.088338007746525 ], [ 121.470067218147264, 25.087623276376839 ], [ 121.470700829766869, 25.087914751234248 ], [ 121.47124905432004, 25.087992041654871 ], [ 121.471419489862427, 25.08814617205234 ], [ 121.472250047262676, 25.088528234112488 ], [ 121.473169603098569, 25.088657864218419 ], [ 121.474088139332139, 25.08852237257404 ], [ 121.474915737813006, 25.088135022937845 ], [ 121.475571384165832, 25.087533733932805 ], [ 121.475801647968666, 25.087118579639728 ], [ 121.47583085650804, 25.087104908400189 ], [ 121.475984395600364, 25.087243750448774 ], [ 121.476814960581478, 25.087625786883958 ], [ 121.477734513963995, 25.087755388743037 ], [ 121.478653037949911, 25.087619868995898 ], [ 121.4794806155885, 25.087232494152811 ], [ 121.479764338579159, 25.086972275254904 ], [ 121.47988787143619, 25.08708397698053 ], [ 121.480488522652607, 25.087360240833018 ], [ 121.480611765758965, 25.088052902326599 ], [ 121.481037154274034, 25.088806545672689 ], [ 121.481697464925531, 25.089403592096318 ], [ 121.48184778752244, 25.089472728223686 ], [ 121.481855156078751, 25.08948578243033 ], [ 121.482515474338527, 25.090082825045585 ], [ 121.483346078265086, 25.090464824189343 ], [ 121.484265659071767, 25.09059438510333 ], [ 121.484581383465681, 25.090547790271618 ], [ 121.484876284122052, 25.091070205835418 ], [ 121.48553662544191, 25.091667234531073 ], [ 121.486367249228607, 25.092049216378829 ], [ 121.487286844750443, 25.092178758313732 ], [ 121.48820539008247, 25.09204317917326 ], [ 121.489032966183956, 25.091655751283639 ], [ 121.489111040711776, 25.091584137151244 ], [ 121.489944943056429, 25.091701592588507 ], [ 121.490863481605928, 25.091565997080281 ], [ 121.491691045883542, 25.09117855451407 ], [ 121.492346624865249, 25.090577192611889 ], [ 121.492526517083803, 25.090252763813954 ], [ 121.493404769468512, 25.090376446638356 ], [ 121.494323293945172, 25.09024082989432 ], [ 121.495150838135956, 25.089853368262681 ], [ 121.495806392984107, 25.089251991332009 ], [ 121.496225788352518, 25.088495568639381 ], [ 121.496367974390495, 25.087658146126881 ], [ 121.49621903844556, 25.08682169723793 ], [ 121.495793564826926, 25.086068098520897 ], [ 121.49513320512122, 25.085471115324886 ], [ 121.494302599798431, 25.085089181952348 ], [ 121.493607459720593, 25.084991286545165 ], [ 121.49367897595279, 25.08457012727775 ], [ 121.493530062359397, 25.083733675006386 ], [ 121.493107013596173, 25.082984314666181 ], [ 121.493119792769704, 25.082978331214829 ], [ 121.493532040584256, 25.082600144980123 ], [ 121.493624447985425, 25.082763829461101 ], [ 121.494284785727586, 25.083360819922362 ], [ 121.495115379233155, 25.083742753662552 ], [ 121.496034920734132, 25.083872242327711 ], [ 121.496953393595177, 25.083736609971833 ], [ 121.4977808858728, 25.083349134131733 ], [ 121.498436393593565, 25.082747745786502 ], [ 121.498855751234274, 25.081991315589786 ], [ 121.498866055997453, 25.08193061403864 ], [ 121.499332422210898, 25.081861735620762 ], [ 121.500159894256754, 25.081474246727353 ], [ 121.500815380343241, 25.080872848056227 ], [ 121.501026802456906, 25.080491467384626 ], [ 121.501260524712819, 25.080598930475887 ], [ 121.502180048420968, 25.080728381381007 ], [ 121.503098490405108, 25.080592711402456 ], [ 121.503925941745678, 25.08020520176094 ], [ 121.504581402478408, 25.079603786744745 ], [ 121.505000711681291, 25.078847339617859 ], [ 121.505142827938357, 25.078009908712161 ], [ 121.504993845425631, 25.077173468290471 ], [ 121.504568353007087, 25.076419894070909 ], [ 121.503908004105924, 25.075822949004415 ], [ 121.503077438132124, 25.075441063662186 ], [ 121.502157953181069, 25.075311617626181 ], [ 121.50123954934206, 25.075447281284962 ], [ 121.500412120964612, 25.075834775831748 ], [ 121.499756659241783, 25.076436172743932 ], [ 121.499545239889699, 25.076817551766869 ], [ 121.499311526321677, 25.07671008578566 ], [ 121.499295151140785, 25.076707780124654 ], [ 121.499771557805786, 25.076270673971031 ], [ 121.50019088584844, 25.075514239811746 ], [ 121.500333031486107, 25.074676812688438 ], [ 121.500184086017526, 25.073840366494565 ], [ 121.499819225564224, 25.073194100953977 ], [ 121.499933062498911, 25.073210129506997 ], [ 121.500483454554413, 25.073463214160075 ], [ 121.501402924099139, 25.07359267084264 ], [ 121.502321313943767, 25.073457006356854 ], [ 121.503148720274467, 25.073069501385365 ], [ 121.503804147534026, 25.072468089758548 ], [ 121.504223438076735, 25.071711644407781 ], [ 121.504365552311697, 25.07087421349048 ], [ 121.504216584610759, 25.070037771270542 ], [ 121.503791122386019, 25.069284193642527 ], [ 121.503130816103933, 25.068687243891784 ], [ 121.502442556652269, 25.068370766124882 ], [ 121.502446595818554, 25.068346966334794 ], [ 121.502425262964778, 25.068227171224517 ], [ 121.502831435380912, 25.06749438654159 ], [ 121.502973554778507, 25.066656956411343 ], [ 121.502970387982245, 25.066639173376988 ], [ 121.50329838338557, 25.066590716563297 ], [ 121.504125740814416, 25.066203206555748 ], [ 121.504781127310608, 25.065601790705976 ], [ 121.505200389218928, 25.064845342357927 ], [ 121.505342489750362, 25.064007909961656 ], [ 121.505193524616203, 25.063171467925375 ], [ 121.504768080975239, 25.062417892125708 ], [ 121.504107807473375, 25.061820945669588 ], [ 121.503343173503879, 25.061469334373236 ], [ 121.503331081422189, 25.061447915138881 ], [ 121.502670820050099, 25.060850962025683 ], [ 121.501840359615159, 25.060469067364451 ], [ 121.501520255803158, 25.060423994580418 ], [ 121.501801447512278, 25.059916668537806 ], [ 121.50194356615377, 25.059079238569229 ], [ 121.501794630619685, 25.058242792117781 ], [ 121.501514159617471, 25.057745951551581 ], [ 121.501378411123113, 25.056983541585574 ], [ 121.500953012688299, 25.056229953534391 ], [ 121.500292791073548, 25.055632988816956 ], [ 121.499462373230259, 25.055251079930429 ], [ 121.499389607525544, 25.055240832407176 ], [ 121.499086008133361, 25.054702983450344 ], [ 121.498425803726604, 25.054106010044531 ], [ 121.497595401852308, 25.053724090392521 ], [ 121.496676084547829, 25.053594607436079 ], [ 121.495757835498964, 25.05373023517744 ], [ 121.494930533909056, 25.054117698323761 ], [ 121.494727833520798, 25.054303697341421 ], [ 121.494322332483549, 25.053585254146782 ], [ 121.493963714731748, 25.053260958142598 ], [ 121.493896047033672, 25.053141066381706 ], [ 121.493235875846921, 25.052544069266453 ], [ 121.492454485371326, 25.052184652119532 ], [ 121.492582706016989, 25.052066998195428 ], [ 121.49300199894536, 25.051310582469235 ], [ 121.493144168698919, 25.050473159187373 ], [ 121.492995304208037, 25.049636701867946 ], [ 121.492569982776971, 25.048883087886569 ], [ 121.491909841089281, 25.048286084090478 ], [ 121.491079498274928, 25.047904126802955 ], [ 121.49016023059265, 25.047774602649486 ], [ 121.48924201687305, 25.047910189663835 ], [ 121.488414732862353, 25.04829761653825 ], [ 121.487759355624178, 25.048898961370234 ], [ 121.487754440610885, 25.048907827561777 ], [ 121.487270293568173, 25.048839601867183 ], [ 121.486352068432922, 25.048975171166518 ], [ 121.485534913872186, 25.049357831017403 ], [ 121.484731086771717, 25.049244543470085 ], [ 121.48469309298207, 25.049177213537678 ], [ 121.484032987204543, 25.048580174207391 ], [ 121.483202665998874, 25.048198172566966 ], [ 121.482283403510252, 25.048068599582422 ], [ 121.481365178061523, 25.048204138065817 ], [ 121.4805378665462, 25.048591521458345 ], [ 121.479882448718399, 25.049192832112865 ], [ 121.479463081575872, 25.049949212120847 ], [ 121.479350413410842, 25.050612421517453 ], [ 121.479239189157681, 25.050415300480957 ], [ 121.478579102623044, 25.049818236718277 ], [ 121.477748789363631, 25.049436204528099 ], [ 121.476860709006402, 25.049310994889577 ], [ 121.476668644330303, 25.048970581951195 ], [ 121.476008577904111, 25.048373506351357 ], [ 121.475178282166567, 25.047991459457453 ], [ 121.474259028771755, 25.047861836664218 ], [ 121.473732396905817, 25.047939544002947 ], [ 121.47381279222904, 25.047865792046963 ], [ 121.474232187464537, 25.047109427372074 ], [ 121.474374480720854, 25.046272019751733 ], [ 121.474225748836346, 25.045435541174662 ], [ 121.473800556135274, 25.044681871101339 ], [ 121.473140526703716, 25.044084781872403 ], [ 121.472310268688531, 25.043702718174348 ], [ 121.471391050052674, 25.043573077046865 ], [ 121.470472844828564, 25.043708547970216 ], [ 121.470435242363806, 25.043726152380721 ], [ 121.470413040055348, 25.043706066259311 ], [ 121.47048500519459, 25.043282615223546 ], [ 121.470336303592703, 25.042446131978451 ], [ 121.469911145100497, 25.041692449973286 ], [ 121.469251150455847, 25.041095342717437 ], [ 121.468420924401485, 25.04071325666234 ], [ 121.468112504614425, 25.040669750185756 ], [ 121.468078274969898, 25.040477175107394 ], [ 121.467653137164689, 25.039723486142631 ], [ 121.466993163982593, 25.039126368387453 ], [ 121.466173636764594, 25.038749184195872 ], [ 121.466102607198053, 25.038684917928251 ], [ 121.465272406949666, 25.038302813780849 ], [ 121.464353235303221, 25.038173128327518 ], [ 121.463435061693644, 25.038308555386191 ], [ 121.463285634172976, 25.038378507086851 ], [ 121.463171166784619, 25.038175557776547 ], [ 121.462877540052077, 25.037909875872757 ], [ 121.462853739879222, 25.03786767803259 ], [ 121.462193799651516, 25.037270538334322 ], [ 121.461753914776821, 25.037068062849912 ], [ 121.461595160951873, 25.036786583018959 ], [ 121.460935232596157, 25.036189437474491 ], [ 121.460105064789175, 25.035807303858672 ], [ 121.459185916667877, 25.035677586054376 ], [ 121.459118105855495, 25.035687585856579 ], [ 121.458770165369955, 25.03507062821506 ], [ 121.458110259798957, 25.034473469661926 ], [ 121.457982295999045, 25.03441456333065 ], [ 121.457804286114808, 25.034098912481777 ], [ 121.457144390425285, 25.033501749421568 ], [ 121.45631425223074, 25.033119594067159 ], [ 121.456231463914008, 25.033107908090678 ], [ 121.455837153019004, 25.03240867518975 ], [ 121.45517727588431, 25.031811502996742 ], [ 121.454347155059736, 25.031429336321047 ], [ 121.453428045085431, 25.031299582281381 ], [ 121.452509909362291, 25.031434941407387 ], [ 121.451682616003197, 25.031822164690492 ], [ 121.451484765445059, 25.032003629794961 ], [ 121.451590284896511, 25.031813384176864 ], [ 121.451732716409722, 25.030975994578011 ], [ 121.451584157932871, 25.030139489165453 ], [ 121.451159156813432, 25.029385750031704 ], [ 121.450499318386647, 25.028788556281814 ], [ 121.449669232108832, 25.028406362835263 ], [ 121.448750149139997, 25.028276579430948 ], [ 121.448344956155751, 25.028336305308834 ], [ 121.447631656476389, 25.028007869647215 ], [ 121.446712578415145, 25.027878073565638 ], [ 121.445794460026946, 25.028013391017826 ], [ 121.44553362155068, 25.028135468361896 ], [ 121.445333125349421, 25.027779844665844 ], [ 121.445228897197651, 25.027685503059782 ], [ 121.445536876563708, 25.027640113083926 ], [ 121.446364161962975, 25.027252923913565 ], [ 121.447019631004849, 25.026651758666574 ], [ 121.447439121937634, 25.025895466151738 ], [ 121.447581575533718, 25.025058079568797 ], [ 121.447433052927749, 25.024221568851942 ], [ 121.44700809795458, 25.023467816613987 ], [ 121.446348311432175, 25.022870603243781 ], [ 121.445518277737321, 25.022488385582076 ], [ 121.444599242884863, 25.022358575738124 ], [ 121.443681162925643, 25.022493879702612 ], [ 121.442853900515772, 25.022881053864413 ], [ 121.442198430598552, 25.023482201050189 ], [ 121.441778915260016, 25.02423847934995 ], [ 121.441636423049943, 25.02507586099361 ], [ 121.441784907582942, 25.025912377933615 ], [ 121.442209839566729, 25.026666145180133 ] ], [ [ 121.452081065541293, 25.051491589135903 ], [ 121.451162778218062, 25.051626941699581 ], [ 121.451081137281108, 25.051665147843963 ], [ 121.450686155347469, 25.050964770565304 ], [ 121.450333124785629, 25.050645313932723 ], [ 121.450355981392519, 25.05062435377015 ], [ 121.450775530787638, 25.049868053417569 ], [ 121.4508905753096, 25.04919179698242 ], [ 121.450950409981431, 25.049219341153886 ], [ 121.451869651495571, 25.049349108370553 ], [ 121.452787921041491, 25.049213751644153 ], [ 121.453320398356183, 25.04896455027912 ], [ 121.453592883545014, 25.049447703895549 ], [ 121.453176887492049, 25.050197640153385 ], [ 121.453034445812662, 25.051035029151169 ], [ 121.453150912823531, 25.051690666106332 ], [ 121.453000325113862, 25.051621349061758 ], [ 121.452081065541293, 25.051491589135903 ] ], [ [ 121.450189062545391, 25.057051676528335 ], [ 121.450292788836549, 25.056864705498786 ], [ 121.4503709208998, 25.056405463907282 ], [ 121.451181637648972, 25.056778645011246 ], [ 121.452100935900035, 25.056908409872818 ], [ 121.452473823099652, 25.056853447979616 ], [ 121.452548399317095, 25.057273255586377 ], [ 121.452973507879065, 25.05802698645887 ], [ 121.453030990163697, 25.058078996940306 ], [ 121.452539225122678, 25.058309127044758 ], [ 121.452350690331087, 25.058138537933676 ], [ 121.45172761042268, 25.057851738057476 ], [ 121.451333747951821, 25.057495358894155 ], [ 121.450503464389584, 25.057113174317138 ], [ 121.450470061208449, 25.057108458988772 ], [ 121.450421202918363, 25.057085968985291 ], [ 121.450414273941135, 25.057084990859273 ], [ 121.450409504102083, 25.057082795248753 ], [ 121.450189062545391, 25.057051676528335 ] ], [ [ 121.468407693523503, 25.056362030392091 ], [ 121.468367706484713, 25.056291151453852 ], [ 121.468593546954224, 25.056084002944818 ], [ 121.468924771936443, 25.055486747254498 ], [ 121.469342027281542, 25.055678751021251 ], [ 121.469530754454084, 25.0557053681982 ], [ 121.470214791417462, 25.05602012887503 ], [ 121.469870672521466, 25.055971597566163 ], [ 121.468952373338041, 25.056107060235234 ], [ 121.468407693523503, 25.056362030392091 ] ], [ [ 121.470953458147918, 25.072064428801422 ], [ 121.470967063458005, 25.072140939762459 ], [ 121.471392336699921, 25.072894614038916 ], [ 121.472052514605778, 25.07349170659495 ], [ 121.472882974230487, 25.073873767279821 ], [ 121.47380242091802, 25.074003395311404 ], [ 121.473961056412264, 25.07397999245627 ], [ 121.474687464108513, 25.07431417034752 ], [ 121.47560691579487, 25.074443787117822 ], [ 121.476525343288287, 25.074308281727557 ], [ 121.477352839087075, 25.073920919280727 ], [ 121.478008398870145, 25.073319619653283 ], [ 121.478427852012317, 25.072563244813466 ], [ 121.478570143000638, 25.07172583601999 ], [ 121.478473413666237, 25.071182057445 ], [ 121.478502364378926, 25.07112985135339 ], [ 121.478584924892331, 25.070643961884194 ], [ 121.478811897446008, 25.071046156086656 ], [ 121.479472100673618, 25.071643215409477 ], [ 121.480302570012213, 25.072025234524368 ], [ 121.48122200985361, 25.072154816719497 ], [ 121.481231045986704, 25.072153483178184 ], [ 121.481240777426379, 25.072154854655999 ], [ 121.48215918106861, 25.072019314711568 ], [ 121.482986643327891, 25.071631921231585 ], [ 121.483289325544916, 25.071354264644025 ], [ 121.483413730961729, 25.072053468696822 ], [ 121.483839079436763, 25.072807106199534 ], [ 121.484227853629477, 25.073158666462735 ], [ 121.483926675821181, 25.073299671339633 ], [ 121.483271145513413, 25.073900996674194 ], [ 121.483029209861542, 25.074337300288999 ], [ 121.482265866230122, 25.073986184090874 ], [ 121.481346411696734, 25.073856608613262 ], [ 121.480427993402117, 25.073992143712971 ], [ 121.479600507109367, 25.074379523163181 ], [ 121.479108823783292, 25.074830517876197 ], [ 121.47904716501148, 25.074839616304487 ], [ 121.478870844567908, 25.074922156920945 ], [ 121.478749020792776, 25.074940133116996 ], [ 121.477921522732373, 25.075327503330655 ], [ 121.477265952002071, 25.075928802576573 ], [ 121.476846480566138, 25.076685174066132 ], [ 121.476794957891187, 25.076988359132113 ], [ 121.476555515605739, 25.07695460784182 ], [ 121.475637068459505, 25.077090113660855 ], [ 121.475479533327629, 25.077163854461585 ], [ 121.475249185380534, 25.07675567573385 ], [ 121.474588974442511, 25.076158598140729 ], [ 121.473758494156172, 25.075776547421139 ], [ 121.472839034235676, 25.075646919341505 ], [ 121.472087662145668, 25.075757757460824 ], [ 121.472081692010448, 25.075724186625521 ], [ 121.471656404505879, 25.074970514814538 ], [ 121.470996220434856, 25.074373420702962 ], [ 121.470302891897887, 25.074054439246293 ], [ 121.47035637771306, 25.073958006262373 ], [ 121.470498725174295, 25.073120604534687 ], [ 121.470349983909273, 25.072284125178559 ], [ 121.470135953622702, 25.071904810328455 ], [ 121.470274932694011, 25.071968752560842 ], [ 121.470953458147918, 25.072064428801422 ] ], [ [ 121.487476366333283, 25.06873258639607 ], [ 121.487768558970373, 25.068866980535624 ], [ 121.487690847258236, 25.068878452906308 ], [ 121.487147301701398, 25.068628447840194 ], [ 121.486263603705623, 25.068503935173901 ], [ 121.48689604255398, 25.068207816192199 ], [ 121.487476366333283, 25.06873258639607 ] ], [ [ 121.481758241845739, 25.062465464624523 ], [ 121.482487253939752, 25.062800825721563 ], [ 121.483406626802761, 25.062930395540807 ], [ 121.48355310570615, 25.062908774604796 ], [ 121.483605138815008, 25.063000975064146 ], [ 121.483017133554966, 25.062918107366755 ], [ 121.482098798635093, 25.063053651757226 ], [ 121.481384649737535, 25.063388013005135 ], [ 121.481314118831207, 25.063355567029969 ], [ 121.481243409114441, 25.063230267536518 ], [ 121.480583243266011, 25.062633214873699 ], [ 121.48051272500733, 25.062600774028944 ], [ 121.480764574422238, 25.062636271968675 ], [ 121.481682907855372, 25.062500735846928 ], [ 121.481758241845739, 25.062465464624523 ] ], [ [ 121.478070556573101, 25.068702317801943 ], [ 121.477786181116429, 25.068445130217206 ], [ 121.478527551754212, 25.068335732336188 ], [ 121.478380084269745, 25.068601662237601 ], [ 121.478295309032561, 25.069100588384046 ], [ 121.478070556573101, 25.068702317801943 ] ], [ [ 121.483769112060457, 25.078149129834607 ], [ 121.483791347371579, 25.0781090317729 ], [ 121.484151664754705, 25.078434844756448 ], [ 121.484982194332815, 25.07881683643971 ], [ 121.485883592942017, 25.078943839050083 ], [ 121.485916213007584, 25.07895884183127 ], [ 121.486835710041817, 25.079088388267998 ], [ 121.487754158481948, 25.078952813147254 ], [ 121.488581648775479, 25.078565388401223 ], [ 121.489019483743675, 25.078163741828906 ], [ 121.489166757220744, 25.07829690218712 ], [ 121.489723297497832, 25.078552853405942 ], [ 121.489606269939628, 25.078607646400449 ], [ 121.488950740035918, 25.079208996398563 ], [ 121.488773368494137, 25.079528886219787 ], [ 121.488247388035731, 25.079606531988819 ], [ 121.487332277290008, 25.079477613067056 ], [ 121.486413824432745, 25.079613185633423 ], [ 121.485586320113342, 25.080000598446841 ], [ 121.484930762954519, 25.080601930983864 ], [ 121.48475627640839, 25.080916590993578 ], [ 121.484755076934817, 25.080909850520847 ], [ 121.484329694009062, 25.080156216966142 ], [ 121.483669421220043, 25.079559180963955 ], [ 121.483071011222989, 25.079283945601798 ], [ 121.482865073220935, 25.078919078718396 ], [ 121.482826966377758, 25.07888462064075 ], [ 121.48311355557631, 25.07875045447955 ], [ 121.483769112060457, 25.078149129834607 ] ], [ [ 121.46548371355847, 25.084327019497216 ], [ 121.464656109869296, 25.084714316783909 ], [ 121.464378472608303, 25.084968901786002 ], [ 121.464138791290665, 25.084858628147579 ], [ 121.463219272452832, 25.084728941462089 ], [ 121.462300751323284, 25.084864365657275 ], [ 121.461929574964941, 25.085038056730451 ], [ 121.461883834653037, 25.085031605083593 ], [ 121.460965309658377, 25.085167021060254 ], [ 121.460435558973089, 25.085414909550252 ], [ 121.460343749063227, 25.084898411604886 ], [ 121.459963233380122, 25.084223991514964 ], [ 121.460414637605325, 25.08443169214679 ], [ 121.461334151560763, 25.084561396290606 ], [ 121.462252671601632, 25.084425978090163 ], [ 121.46308028116276, 25.084038694112145 ], [ 121.463735964782217, 25.083437456550595 ], [ 121.464155539708884, 25.082681121299544 ], [ 121.464183749959076, 25.082515227952282 ], [ 121.464364526545282, 25.082349458670407 ], [ 121.464541903252709, 25.082029710215128 ], [ 121.464687666922458, 25.082849595258743 ], [ 121.465112940172332, 25.083603286465092 ], [ 121.465773146446054, 25.084200405703722 ], [ 121.465911303128991, 25.084263967961125 ], [ 121.46548371355847, 25.084327019497216 ] ], [ [ 121.484350440145633, 25.083325298395224 ], [ 121.484516713130631, 25.083025458299385 ], [ 121.48451791261391, 25.083032198772024 ], [ 121.484739800394465, 25.083425298570933 ], [ 121.484598302555341, 25.083360221198308 ], [ 121.484350440145633, 25.083325298395224 ] ], [ [ 121.492333070602101, 25.06647794357259 ], [ 121.492475260519626, 25.065640522298565 ], [ 121.492326380338397, 25.064804066220784 ], [ 121.492126455307968, 25.064449868341526 ], [ 121.492169295367205, 25.064372592416071 ], [ 121.49231148423371, 25.0635351710824 ], [ 121.492162607968723, 25.062698714548393 ], [ 121.492014392495534, 25.062436122785062 ], [ 121.49248713337947, 25.062366315207431 ], [ 121.493314497810118, 25.061978865136886 ], [ 121.493969915884549, 25.061377496199807 ], [ 121.494389230853443, 25.060621077147538 ], [ 121.494531400730608, 25.059783653563439 ], [ 121.494382514437163, 25.058947198995195 ], [ 121.494050047322062, 25.058358173565036 ], [ 121.49422949280131, 25.058034457742203 ], [ 121.494260164912802, 25.0578537886351 ], [ 121.494287929234162, 25.057902978411018 ], [ 121.494948134619648, 25.058499969903014 ], [ 121.495778561022306, 25.05888190374375 ], [ 121.495851328615373, 25.058892153002837 ], [ 121.496009999248898, 25.059173256956051 ], [ 121.496066456151041, 25.059490412772693 ], [ 121.49547703812496, 25.059766453858352 ], [ 121.494821635955276, 25.060367829333678 ], [ 121.494402324496988, 25.061124249578842 ], [ 121.494260152361321, 25.061961672925875 ], [ 121.494348323714306, 25.062457017021821 ], [ 121.493729276754777, 25.063025012707158 ], [ 121.49330994978898, 25.063781429838851 ], [ 121.493167767474361, 25.064618852001786 ], [ 121.493251759664446, 25.065090730477024 ], [ 121.493186379102482, 25.06520866713387 ], [ 121.493044194476724, 25.066046089056083 ], [ 121.493193081175676, 25.0668825441774 ], [ 121.493205516719499, 25.066904574833529 ], [ 121.493208630606603, 25.066922068709001 ], [ 121.49363402021379, 25.067675678026703 ], [ 121.494294275734561, 25.06827267089038 ], [ 121.49463917989911, 25.068431290376548 ], [ 121.494362919714604, 25.068684758032553 ], [ 121.493824756444639, 25.068764229389604 ], [ 121.492997348485602, 25.069151682622117 ], [ 121.49234188491404, 25.069753047342395 ], [ 121.491922527208985, 25.07050946035196 ], [ 121.491780328509762, 25.071346880692317 ], [ 121.491929213717768, 25.072183336519348 ], [ 121.49235461432886, 25.0729369488134 ], [ 121.49301489243048, 25.073533946610006 ], [ 121.49384541526382, 25.073915889034161 ], [ 121.494502399552573, 25.074008419423318 ], [ 121.494385530647392, 25.074696740485791 ], [ 121.494534437974579, 25.075533192991646 ], [ 121.494959866345397, 25.076286797060114 ], [ 121.495620175129972, 25.076883782531247 ], [ 121.496450728565264, 25.077265709736157 ], [ 121.496467103773099, 25.077268015710487 ], [ 121.495990681384981, 25.077705111438927 ], [ 121.495571320101931, 25.078461534021166 ], [ 121.495561013968469, 25.078522235392313 ], [ 121.495094658042859, 25.078591101827637 ], [ 121.494267188742185, 25.078978562576307 ], [ 121.49385495514835, 25.079356750817286 ], [ 121.493762550084512, 25.079193066370607 ], [ 121.493102237563036, 25.078596072871694 ], [ 121.492545690295771, 25.078340134434647 ], [ 121.492662716251033, 25.078285339144166 ], [ 121.493318222885605, 25.077683973026893 ], [ 121.493737595569385, 25.07692755656063 ], [ 121.493879786669581, 25.076090135077223 ], [ 121.49373088303453, 25.075253681919442 ], [ 121.493305465807623, 25.074500074054466 ], [ 121.492645181053916, 25.073903077728275 ], [ 121.491814661907426, 25.073521128529933 ], [ 121.49170785104937, 25.073506083331939 ], [ 121.491650252893237, 25.073182491640498 ], [ 121.491683080650716, 25.073123280766424 ], [ 121.491825281842736, 25.072285860677567 ], [ 121.491676397202028, 25.071449404748954 ], [ 121.491343421933166, 25.070859513329015 ], [ 121.491301874543055, 25.070626086874519 ], [ 121.49087648856144, 25.06987247111056 ], [ 121.490216240610152, 25.069275463053074 ], [ 121.489924044412604, 25.069141073793496 ], [ 121.49014463778613, 25.069108504734409 ], [ 121.490972054723983, 25.068721067266662 ], [ 121.491627519695427, 25.068119708492905 ], [ 121.492046871359847, 25.067363296170424 ], [ 121.492137216607503, 25.066831223994932 ], [ 121.492333070602101, 25.06647794357259 ] ], [ [ 121.478282663349461, 25.082418830953685 ], [ 121.477911560059994, 25.082083247145146 ], [ 121.477865906881178, 25.082062247580286 ], [ 121.477888876536213, 25.08205149565492 ], [ 121.478297386679913, 25.082420906056694 ], [ 121.478282663349461, 25.082418830953685 ] ], [ [ 121.46783214663887, 25.09011400742633 ], [ 121.467620151495296, 25.090496159240754 ], [ 121.467494414278633, 25.091235647463794 ], [ 121.467387579015679, 25.090634851175075 ], [ 121.467150392803475, 25.090214541601586 ], [ 121.46783214663887, 25.09011400742633 ] ], [ [ 121.463070439291684, 25.046108268599522 ], [ 121.462645311834436, 25.045354565712742 ], [ 121.462214481925713, 25.044964758588403 ], [ 121.462727181103276, 25.044494492301752 ], [ 121.463146633787915, 25.043738157761673 ], [ 121.463153786044373, 25.043696088148195 ], [ 121.4632248669446, 25.044096067262739 ], [ 121.463649993443511, 25.044849768629732 ], [ 121.464309981810146, 25.045446900568685 ], [ 121.464700678558117, 25.045626713914501 ], [ 121.464022194453946, 25.045944320602526 ], [ 121.463366708634808, 25.046545559570454 ], [ 121.463201191280888, 25.046844007369206 ], [ 121.463070439291684, 25.046108268599522 ] ], [ [ 121.47185800248549, 25.04898594054761 ], [ 121.471716511738691, 25.049241100413226 ], [ 121.471562261903784, 25.04896768445208 ], [ 121.471938399619418, 25.048912189590002 ], [ 121.47185800248549, 25.04898594054761 ] ] ], [ [ [ 121.41941084451669, 25.039714773906105 ], [ 121.419268183933013, 25.040552134618885 ], [ 121.419410994882298, 25.041357420602285 ], [ 121.419383788295519, 25.041353573631753 ], [ 121.418465537147512, 25.041488723733732 ], [ 121.417638066920958, 25.041875759290939 ], [ 121.416982372892562, 25.04247679669627 ], [ 121.416562639078876, 25.043233004788078 ], [ 121.416419955413474, 25.04407036267375 ], [ 121.416568294255327, 25.044906904637191 ], [ 121.416993140581226, 25.045660743243552 ], [ 121.417652910748231, 25.046258085387361 ], [ 121.418483021738894, 25.046640456489548 ], [ 121.419402213041195, 25.046770425377776 ], [ 121.420320502316926, 25.046635269084014 ], [ 121.421147995597167, 25.046248218527751 ], [ 121.421803688799429, 25.045647163045214 ], [ 121.422148954037738, 25.045025073201423 ], [ 121.422409215538494, 25.045486829807899 ], [ 121.42306901062517, 25.046084147582231 ], [ 121.423899136757996, 25.046466488225093 ], [ 121.424818331941538, 25.046596423546458 ], [ 121.424962580418509, 25.046575187636911 ], [ 121.425206683793434, 25.046796167029633 ], [ 121.426036821195765, 25.047178495540297 ], [ 121.426956023742747, 25.047308417522384 ], [ 121.427658586093358, 25.047204976795669 ], [ 121.427817398090127, 25.047227422256796 ], [ 121.428735680710389, 25.047092214029789 ], [ 121.429563149869551, 25.046705116931015 ], [ 121.430218803848121, 25.046104024853715 ], [ 121.430638462786973, 25.045347779446612 ], [ 121.430781051012573, 25.044510409302202 ], [ 121.430632616485454, 25.043673882749712 ], [ 121.430207694425832, 25.042920083954769 ], [ 121.429547882437177, 25.042322797863811 ], [ 121.428717767393721, 25.041940488433681 ], [ 121.428050102509914, 25.04184612343429 ], [ 121.42809398160901, 25.041588464000412 ], [ 121.427945569103443, 25.040751934146069 ], [ 121.427520673701622, 25.039998127018549 ], [ 121.426860890397663, 25.039400828380554 ], [ 121.426530360484705, 25.039248592395118 ], [ 121.426501871452373, 25.039087999217223 ], [ 121.426076990704289, 25.038334187600359 ], [ 121.425417223320451, 25.037736882208527 ], [ 121.424587151810044, 25.037354548888388 ], [ 121.423668025891445, 25.037224611066595 ], [ 121.422749810527165, 25.037359787256332 ], [ 121.421922381621471, 25.037746846350245 ], [ 121.421748246668088, 25.03790648218849 ], [ 121.421313648218174, 25.037970456781082 ], [ 121.420486210612637, 25.038357507958615 ], [ 121.419830549100681, 25.038958557793197 ], [ 121.41941084451669, 25.039714773906105 ] ] ], [ [ [ 121.48900039443393, 25.105427792786806 ], [ 121.489828057249028, 25.105040359834771 ], [ 121.490483718140112, 25.104439006026904 ], [ 121.490595087150623, 25.10423818541679 ], [ 121.490921749673248, 25.104085268071337 ], [ 121.49157740011951, 25.103483909509396 ], [ 121.491996868632697, 25.10272749908226 ], [ 121.492139098203864, 25.101890081533302 ], [ 121.491990171923007, 25.101053629821422 ], [ 121.49156467315791, 25.100300020771662 ], [ 121.49090425596016, 25.099703020743757 ], [ 121.490073566428677, 25.099321065686073 ], [ 121.489153914752066, 25.099191542000874 ], [ 121.488235317333931, 25.099327127674044 ], [ 121.487407687464554, 25.099714551530813 ], [ 121.486752036053204, 25.100315891968844 ], [ 121.48664066414986, 25.100516709840086 ], [ 121.486314005530986, 25.100669617767029 ], [ 121.485658343676903, 25.101270953450179 ], [ 121.485238840653608, 25.102027346610999 ], [ 121.485096563829401, 25.102864758237786 ], [ 121.485245445761834, 25.103701217341825 ], [ 121.485670918277179, 25.104454844582914 ], [ 121.486331336431519, 25.105051867531294 ], [ 121.487162053758468, 25.105433842846214 ], [ 121.4880817503673, 25.105563378101028 ], [ 121.48900039443393, 25.105427792786806 ] ] ], [ [ [ 121.496246454224362, 25.101852863261467 ], [ 121.496906908655873, 25.102449838757352 ], [ 121.497737640019821, 25.102831754735785 ], [ 121.498657327049528, 25.102961224579964 ], [ 121.499575938858499, 25.102825574186109 ], [ 121.500403549896674, 25.102438082857923 ], [ 121.501059144562788, 25.101836683092749 ], [ 121.501478548823584, 25.101080246664331 ], [ 121.501620711961408, 25.100242820859812 ], [ 121.501471723569566, 25.099406379444222 ], [ 121.501046173094323, 25.098652798232852 ], [ 121.500385719646545, 25.098055840859367 ], [ 121.499555012870943, 25.097673939097067 ], [ 121.498635364642226, 25.097544474132643 ], [ 121.497716791026235, 25.097680118206021 ], [ 121.496889202984647, 25.098067594427651 ], [ 121.496233607334773, 25.098668976070417 ], [ 121.495814178485645, 25.099425398282715 ], [ 121.495671976546831, 25.100262819207465 ], [ 121.495820926745679, 25.10109926694355 ], [ 121.496246454224362, 25.101852863261467 ] ] ], [ [ [ 121.496167351803024, 25.114917610263213 ], [ 121.496827877224021, 25.115514583993338 ], [ 121.497658697395337, 25.115896498392221 ], [ 121.49857848235483, 25.11602596699645 ], [ 121.499497191626077, 25.115890315823119 ], [ 121.500324890114982, 25.115502824252729 ], [ 121.500980553657584, 25.114901424807549 ], [ 121.501400001478558, 25.114144989231523 ], [ 121.501542178598726, 25.113307564729617 ], [ 121.501393173246427, 25.112471124939823 ], [ 121.500967576532034, 25.11171754551782 ], [ 121.500307052094982, 25.111120589920887 ], [ 121.499476256528794, 25.110738689746881 ], [ 121.498556510397293, 25.11060922602579 ], [ 121.497637839345884, 25.110744870875333 ], [ 121.496810163870052, 25.111132347330482 ], [ 121.496154499343504, 25.111733728642466 ], [ 121.495735026917373, 25.112490149993629 ], [ 121.495592810969256, 25.113327569612387 ], [ 121.49574177810166, 25.114164015725976 ], [ 121.496167351803024, 25.114917610263213 ] ] ], [ [ [ 121.447058834105647, 25.082220225678764 ], [ 121.447718946616334, 25.082817426684983 ], [ 121.448549396452549, 25.083199623226427 ], [ 121.449468889920198, 25.0833294012184 ], [ 121.450387415089878, 25.083194056383999 ], [ 121.451215054893652, 25.082806838105888 ], [ 121.451870790906767, 25.082205652145333 ], [ 121.452290435246056, 25.081449349345174 ], [ 121.452432913678663, 25.080611963916589 ], [ 121.452284284924744, 25.079775465681749 ], [ 121.451859103225431, 25.079021736028583 ], [ 121.451198991601004, 25.078424553129313 ], [ 121.450368566249935, 25.078042370835451 ], [ 121.449449111513772, 25.077912597789627 ], [ 121.448530624527905, 25.078047936379452 ], [ 121.447703007775232, 25.078435139607496 ], [ 121.447047270875885, 25.07903630746112 ], [ 121.446627602051493, 25.079792596013689 ], [ 121.446485084887371, 25.080629976496137 ], [ 121.446633675457505, 25.081466480975546 ], [ 121.447058834105647, 25.082220225678764 ] ] ], [ [ [ 121.447745284117971, 25.098817019247807 ], [ 121.447602754699361, 25.099654398862921 ], [ 121.447751377983693, 25.100490899662031 ], [ 121.448176611117944, 25.1012446382313 ], [ 121.448836832598488, 25.101841831248397 ], [ 121.449667415221242, 25.102224018725362 ], [ 121.450587052290288, 25.102353787463123 ], [ 121.451505717813788, 25.102218434090226 ], [ 121.452333480979647, 25.101831208826042 ], [ 121.452989311284341, 25.101230018117658 ], [ 121.453409011615236, 25.100473713274887 ], [ 121.453551502262357, 25.099636328710499 ], [ 121.453402840755885, 25.098799834162513 ], [ 121.452977584548435, 25.098046110657041 ], [ 121.452317363956837, 25.097448935762564 ], [ 121.451486805845562, 25.09706676254482 ], [ 121.451149417997115, 25.097019154708125 ], [ 121.451421778383946, 25.096528359497491 ], [ 121.451564278474947, 25.095690976272916 ], [ 121.451415635670287, 25.094854479034417 ], [ 121.451366979216715, 25.094768234909019 ], [ 121.451261083230278, 25.09417228897269 ], [ 121.450918257875955, 25.093564618828108 ], [ 121.450781593173332, 25.092795491473321 ], [ 121.450356374277177, 25.092041759331764 ], [ 121.449696198929473, 25.091444571663384 ], [ 121.448865689566688, 25.091062382785037 ], [ 121.447946138752073, 25.090932601982431 ], [ 121.447027553022025, 25.091067932401728 ], [ 121.446199844521431, 25.091455127845435 ], [ 121.445544031848542, 25.092056289063951 ], [ 121.445533278028435, 25.092075666196539 ], [ 121.445503749003919, 25.092080016115801 ], [ 121.444676028810221, 25.092467203165342 ], [ 121.444020203266575, 25.093068357742709 ], [ 121.443600469270862, 25.093824637222497 ], [ 121.443457916789782, 25.094662013725461 ], [ 121.443606505358218, 25.095498519709345 ], [ 121.444031695520309, 25.096252271253842 ], [ 121.444691869978826, 25.096849483767482 ], [ 121.44552240613379, 25.097231695354441 ], [ 121.446224430750974, 25.097330782217384 ], [ 121.446849722170398, 25.097896415211164 ], [ 121.447680271953416, 25.098278614472452 ], [ 121.448017662054141, 25.098326230162336 ], [ 121.447745284117971, 25.098817019247807 ] ] ], [ [ [ 121.468854593486867, 25.109697576025436 ], [ 121.46951495992009, 25.110294674230609 ], [ 121.470345662386379, 25.110676743728828 ], [ 121.471265382452501, 25.11080638287148 ], [ 121.472184085998109, 25.110670900976729 ], [ 121.473011838488588, 25.110283560849119 ], [ 121.47366761046861, 25.109682280182742 ], [ 121.474087210540617, 25.108925919094091 ], [ 121.474229568814863, 25.108088517499802 ], [ 121.474080755783334, 25.107252046800941 ], [ 121.473655343731551, 25.106498385684578 ], [ 121.472994978228272, 25.105901305608715 ], [ 121.472164300317147, 25.105519250356618 ], [ 121.471244619052158, 25.105389616135383 ], [ 121.470325953732953, 25.105525091747037 ], [ 121.469498224292991, 25.105912416786953 ], [ 121.468842451383026, 25.106513679324031 ], [ 121.468422826755869, 25.10727002616656 ], [ 121.46828042968049, 25.108107422839431 ], [ 121.468429204485616, 25.108943899821387 ], [ 121.468854593486867, 25.109697576025436 ] ] ], [ [ [ 121.464881063080156, 25.118348031224738 ], [ 121.464461374740523, 25.119104366585081 ], [ 121.464427834479181, 25.119301552721719 ], [ 121.464291403680647, 25.119321664032501 ], [ 121.463684411277995, 25.118772826317127 ], [ 121.462853673711976, 25.118390720401159 ], [ 121.461933904716929, 25.118261029898093 ], [ 121.461015132177181, 25.118396449116823 ], [ 121.460187286517069, 25.118783723171454 ], [ 121.459531399759371, 25.119384945121716 ], [ 121.459111674798521, 25.120141265750359 ], [ 121.458969200725136, 25.120978653150676 ], [ 121.459072726926635, 25.121560910472262 ], [ 121.459055555039754, 25.121591852647594 ], [ 121.458913079069745, 25.122429239859883 ], [ 121.459061809296287, 25.123265725294349 ], [ 121.459487192403714, 25.124019427038029 ], [ 121.460147592209452, 25.124616565369713 ], [ 121.46097836405049, 25.124998685651811 ], [ 121.461898182702129, 25.125128381262048 ], [ 121.462817004390388, 25.12499295598872 ], [ 121.463586559596692, 25.124632951528856 ], [ 121.463744799308458, 25.124776024400195 ], [ 121.463345549635292, 25.125495474904682 ], [ 121.463203098908323, 25.126332865449196 ], [ 121.463351863456083, 25.127169345656519 ], [ 121.463438296002195, 25.127322472215138 ], [ 121.463465744679993, 25.127476809740422 ], [ 121.46389116961862, 25.128230497824919 ], [ 121.46443916161752, 25.128725946680667 ], [ 121.464434065751277, 25.128730617788143 ], [ 121.464034727822835, 25.129450213815957 ], [ 121.463999914155423, 25.129388538702706 ], [ 121.463339469861964, 25.128791418552023 ], [ 121.462508665048361, 25.128409312169733 ], [ 121.461588821188599, 25.128279620764502 ], [ 121.460669973492401, 25.12841503873312 ], [ 121.459842059737923, 25.128802311312338 ], [ 121.459186118611683, 25.129403531707247 ], [ 121.458766358329981, 25.130159850854007 ], [ 121.458623871442697, 25.130997236991959 ], [ 121.458772611075887, 25.131833721633885 ], [ 121.459198022995579, 25.132587422944123 ], [ 121.45985846820048, 25.133184561243137 ], [ 121.460689297583585, 25.133566681895502 ], [ 121.46160918028616, 25.133696378241865 ], [ 121.462528066261925, 25.133560953998099 ], [ 121.46335600311113, 25.133173666324343 ], [ 121.464011943325943, 25.132572427781099 ], [ 121.464411291225389, 25.131852831969603 ], [ 121.464446105817686, 25.131914506952821 ], [ 121.46510657246418, 25.132511621603275 ], [ 121.465937413081761, 25.132893712696962 ], [ 121.465972128808417, 25.132898606225925 ], [ 121.46584371460095, 25.13365353984161 ], [ 121.465992506818594, 25.13449001618968 ], [ 121.466417972179471, 25.135243695738502 ], [ 121.466995146516496, 25.135765477889382 ], [ 121.467278107480098, 25.136266708264511 ], [ 121.467403555715464, 25.136971886521799 ], [ 121.46782903853267, 25.137725561518707 ], [ 121.468489553117806, 25.138322659936822 ], [ 121.469320443570041, 25.138704731043969 ], [ 121.470240373049833, 25.138834373031234 ], [ 121.471159286929833, 25.138698894937139 ], [ 121.471500979976767, 25.138539041904348 ], [ 121.471880801268597, 25.138592563686498 ], [ 121.472494509382699, 25.138874749519054 ], [ 121.4734144431457, 25.139004371727943 ], [ 121.47433335444596, 25.138868873983018 ], [ 121.475161288404379, 25.138481520641822 ], [ 121.475817197797724, 25.137880230694844 ], [ 121.476213524735428, 25.137165953313527 ], [ 121.476409370572654, 25.137255998474458 ], [ 121.477329295879471, 25.13738559652128 ], [ 121.47824819034426, 25.137250074707762 ], [ 121.479076100736648, 25.136862699748203 ], [ 121.47973198214153, 25.136261392749592 ], [ 121.480151632451765, 25.135505016409088 ], [ 121.480293976866264, 25.134667612138035 ], [ 121.480145087241993, 25.133831151599207 ], [ 121.479719543369157, 25.133077512482906 ], [ 121.479716069820014, 25.133074372835544 ], [ 121.479700775885135, 25.133047287041585 ], [ 121.479040236494257, 25.132450238559176 ], [ 121.478209359426359, 25.132068221458447 ], [ 121.477289473223991, 25.131938628210246 ], [ 121.476370617239184, 25.132074143606175 ], [ 121.476043072066162, 25.132227399405377 ], [ 121.476264218726115, 25.131828820991302 ], [ 121.476406585901259, 25.130991419712824 ], [ 121.476257727588731, 25.130154954398929 ], [ 121.475832220512999, 25.129401303208255 ], [ 121.475171719547944, 25.128804236624749 ], [ 121.474340878996443, 25.128422197108293 ], [ 121.474308902058723, 25.128417691304151 ], [ 121.474671650730372, 25.127763899440978 ], [ 121.474814024569383, 25.126926499144616 ], [ 121.474665182490583, 25.126090031542741 ], [ 121.474239699628285, 25.125336375018435 ], [ 121.47357922848586, 25.12473930057832 ], [ 121.473489006351542, 25.124697812050901 ], [ 121.47383145981577, 25.124383849851952 ], [ 121.474251107475112, 25.12362748907459 ], [ 121.47439347989193, 25.122790088744708 ], [ 121.474244646178192, 25.121953620140108 ], [ 121.473819180648192, 25.12119996174226 ], [ 121.473702066036239, 25.121094084871256 ], [ 121.473845836714304, 25.12096227161917 ], [ 121.474265472969108, 25.120205910625415 ], [ 121.47440784173466, 25.119368509956015 ], [ 121.474259012479266, 25.118532040921881 ], [ 121.473833559079907, 25.117778382046652 ], [ 121.473173131154581, 25.117181304567858 ], [ 121.472342375857238, 25.116799252013241 ], [ 121.471422609814823, 25.116669620324782 ], [ 121.470503860622301, 25.116805098056243 ], [ 121.470375815955208, 25.116865010144732 ], [ 121.470202420897678, 25.116785264484832 ], [ 121.469282656985058, 25.116655619485467 ], [ 121.468363905305907, 25.116791083988161 ], [ 121.467536094243727, 25.11717839867573 ], [ 121.467459289085866, 25.117248811541796 ], [ 121.467283497500063, 25.11722403013821 ], [ 121.466364739162785, 25.117359482334365 ], [ 121.46553691780781, 25.117746785975136 ], [ 121.464881063080156, 25.118348031224738 ] ], [ [ 121.474313453269204, 25.133717244561613 ], [ 121.473840316743846, 25.133650578270142 ], [ 121.474360776545751, 25.133573830190038 ], [ 121.474688327445747, 25.133420578053762 ], [ 121.47448097823046, 25.133794273477843 ], [ 121.474313453269204, 25.133717244561613 ] ], [ [ 121.470647448982916, 25.130085260620696 ], [ 121.470269235938943, 25.129911337904328 ], [ 121.469738664283483, 25.129836561303126 ], [ 121.469673295884107, 25.129469125495604 ], [ 121.469247831330534, 25.128715454707539 ], [ 121.46869982029088, 25.128220023910274 ], [ 121.468704915971472, 25.128215352658433 ], [ 121.468919774510312, 25.127828147510751 ], [ 121.469006808788635, 25.127748361897115 ], [ 121.46901277773739, 25.12778191503449 ], [ 121.469438237526489, 25.128535586659641 ], [ 121.470098709600478, 25.129132679244584 ], [ 121.470929542219395, 25.129514742629208 ], [ 121.470961519332306, 25.1295192491595 ], [ 121.470647448982916, 25.130085260620696 ] ] ], [ [ [ 121.48006859497103, 25.107513857964634 ], [ 121.480729003068248, 25.108110905777295 ], [ 121.481559724395254, 25.108492912269618 ], [ 121.482479438670481, 25.108622481962083 ], [ 121.483398112340097, 25.108486930973509 ], [ 121.484225813795646, 25.108099528874032 ], [ 121.484881518580394, 25.107498199425184 ], [ 121.485301041877449, 25.106741807518329 ], [ 121.485443321314463, 25.105904396085183 ], [ 121.48529443510084, 25.105067937487508 ], [ 121.484868962684075, 25.104314309225618 ], [ 121.484208555538856, 25.103717279540277 ], [ 121.483377858781921, 25.103335287282484 ], [ 121.482458183309902, 25.103205722494639 ], [ 121.481539547855135, 25.103341267184543 ], [ 121.480711869429314, 25.103728654187915 ], [ 121.480056163692552, 25.104329965509439 ], [ 121.479636615825427, 25.10508634318176 ], [ 121.479494297585205, 25.105923749710289 ], [ 121.479643145583978, 25.106760214606631 ], [ 121.48006859497103, 25.107513857964634 ] ] ], [ [ [ 121.451018384160179, 25.108263290508443 ], [ 121.451678657491456, 25.108860469595015 ], [ 121.452509296461585, 25.109242640011875 ], [ 121.453428988856984, 25.10937239022963 ], [ 121.454347703267828, 25.109237018690017 ], [ 121.455175504094768, 25.108849777391551 ], [ 121.455831357147161, 25.108248574351862 ], [ 121.456251063086498, 25.107492262088673 ], [ 121.456393541655672, 25.106654875741409 ], [ 121.456244851569551, 25.105818385222271 ], [ 121.455819553080048, 25.105064671162168 ], [ 121.455159280643443, 25.104467510203975 ], [ 121.454328666198393, 25.104085354048419 ], [ 121.453409012590697, 25.103955608777575 ], [ 121.45249033641457, 25.104090974060146 ], [ 121.451662558665049, 25.104478200287602 ], [ 121.451006704717955, 25.105079385198913 ], [ 121.450586974253568, 25.105835683200795 ], [ 121.450444456896676, 25.106673064601154 ], [ 121.45059310874808, 25.107509561377324 ], [ 121.451018384160179, 25.108263290508443 ] ] ], [ [ [ 121.447614410509317, 25.132890276293114 ], [ 121.446958387112872, 25.133491443372549 ], [ 121.446538537391888, 25.134247728709767 ], [ 121.446522085976994, 25.134344352321421 ], [ 121.446289331734505, 25.13476361316738 ], [ 121.446146754747616, 25.135600988046917 ], [ 121.446295415698458, 25.136437485799505 ], [ 121.44672076805756, 25.137191223308498 ], [ 121.447381178657466, 25.137788417352098 ], [ 121.448212001782053, 25.138170607837662 ], [ 121.449131907187194, 25.138300381268028 ], [ 121.450050842603972, 25.138165033810804 ], [ 121.450878850790573, 25.137777815107359 ], [ 121.451534877252456, 25.137176630965783 ], [ 121.451671757611123, 25.136930049314469 ], [ 121.452254306820592, 25.136657609698538 ], [ 121.452910320551808, 25.136056419553611 ], [ 121.453330136722627, 25.135300116805574 ], [ 121.453472664290203, 25.134462735665451 ], [ 121.45343325607935, 25.13424106231766 ], [ 121.453769841034571, 25.133932595749169 ], [ 121.454189644829697, 25.133176290525441 ], [ 121.454332164301476, 25.132338908435877 ], [ 121.454183454168231, 25.131502418977238 ], [ 121.453758076651923, 25.130748702676105 ], [ 121.4530976739496, 25.130151536392514 ], [ 121.452266890751702, 25.129769372345478 ], [ 121.451347046418448, 25.129639617386843 ], [ 121.450428176206302, 25.129774972132317 ], [ 121.449600220096158, 25.130162188005301 ], [ 121.448944220917994, 25.130763363760547 ], [ 121.448524392567847, 25.131519654704036 ], [ 121.448381834256423, 25.132357031837284 ], [ 121.448410445202242, 25.13251801103668 ], [ 121.447614410509317, 25.132890276293114 ] ] ], [ [ [ 121.496275509125567, 25.107981732695581 ], [ 121.496424473740447, 25.108818178752088 ], [ 121.496850032476686, 25.109571772090572 ], [ 121.497510531948834, 25.110168743598024 ], [ 121.498341317727395, 25.110550654968517 ], [ 121.499261063217645, 25.110680120035678 ], [ 121.500179731808274, 25.110544465163166 ], [ 121.501007392388829, 25.110156970093506 ], [ 121.50166302450728, 25.109555567691089 ], [ 121.502082450464414, 25.108799129988714 ], [ 121.502083632233067, 25.10879216889948 ], [ 121.502092385930766, 25.108776381431532 ], [ 121.5022345527955, 25.107938955831081 ], [ 121.502085549935231, 25.107102516106 ], [ 121.50165996821471, 25.106348937905697 ], [ 121.500999469804569, 25.105751984568297 ], [ 121.500168708750508, 25.105370087471101 ], [ 121.499249002238841, 25.10524062734352 ], [ 121.498330372038268, 25.10537627595183 ], [ 121.497502734647114, 25.105763755963025 ], [ 121.496847101712206, 25.106365140279831 ], [ 121.49642765129245, 25.1071215637898 ], [ 121.496426469216999, 25.10712852484021 ], [ 121.496417714898882, 25.107144311986577 ], [ 121.496275509125567, 25.107981732695581 ] ] ], [ [ [ 121.479946148993122, 25.037823800023126 ], [ 121.480776389999576, 25.038205821588946 ], [ 121.4816955773573, 25.03833540519161 ], [ 121.482613729111577, 25.038199865590613 ], [ 121.483440964762991, 25.037812471238681 ], [ 121.484096305463339, 25.037211145132144 ], [ 121.484515602034335, 25.036454751826973 ], [ 121.484657814284049, 25.035617334385226 ], [ 121.484509026977989, 25.034780865754506 ], [ 121.484083809861474, 25.034027224419983 ], [ 121.483423789406288, 25.033430179908859 ], [ 121.482593572877789, 25.033048172531615 ], [ 121.481674424177584, 25.032918593817179 ], [ 121.48075631049457, 25.0330541271389 ], [ 121.479929097786183, 25.033441506442557 ], [ 121.479273756137204, 25.034042814479726 ], [ 121.478854435088309, 25.034799193596324 ], [ 121.478712184181063, 25.035636606149858 ], [ 121.478860933415874, 25.036473081059835 ], [ 121.479286127589347, 25.037226737442644 ], [ 121.479946148993122, 25.037823800023126 ] ] ], [ [ [ 121.419609707208252, 25.063509105941126 ], [ 121.420439941147393, 25.063891463632142 ], [ 121.421359263291208, 25.064021418405829 ], [ 121.421730160420026, 25.063966831542089 ], [ 121.421707511916296, 25.064099760877795 ], [ 121.421855912808539, 25.064936294530213 ], [ 121.422280862219736, 25.065690114664228 ], [ 121.422940766418591, 25.066287429980015 ], [ 121.423771029266192, 25.066669768522274 ], [ 121.424690375380763, 25.06679970230465 ], [ 121.425608807263757, 25.066664511795896 ], [ 121.426436416981417, 25.06627743126651 ], [ 121.427092189051237, 25.065676352989279 ], [ 121.427511932053676, 25.064920117264382 ], [ 121.427654562089373, 25.064082751738802 ], [ 121.427506123031662, 25.063246224290982 ], [ 121.427081150550194, 25.062492419174102 ], [ 121.42642124718833, 25.061895121951959 ], [ 121.425591008765323, 25.061512797668705 ], [ 121.424671701333551, 25.061382868864222 ], [ 121.424300813385571, 25.061437462975366 ], [ 121.424323458640743, 25.061304533239678 ], [ 121.424175045796176, 25.060468001807628 ], [ 121.423750103397822, 25.059714186481695 ], [ 121.42309023104454, 25.059116873825687 ], [ 121.422260021521112, 25.05873453039484 ], [ 121.421340738052379, 25.058604580603177 ], [ 121.420422361016762, 25.058739744134353 ], [ 121.419594782137665, 25.059126791120427 ], [ 121.418939007324852, 25.05972783683745 ], [ 121.418519228503257, 25.060484049312169 ], [ 121.418376540015657, 25.061321407224323 ], [ 121.418524914698367, 25.062157944855446 ], [ 121.418949834024559, 25.062911775193719 ], [ 121.419609707208252, 25.063509105941126 ] ] ], [ [ [ 121.366499734572869, 25.06472349470954 ], [ 121.367329816197639, 25.065106151186242 ], [ 121.368249096164973, 25.065236435340491 ], [ 121.369167583456473, 25.065101593332631 ], [ 121.36999536471005, 25.064714825307885 ], [ 121.370651407639471, 25.064113992941664 ], [ 121.37107149429572, 25.063357912462578 ], [ 121.371214507127277, 25.06252059632817 ], [ 121.371066452531537, 25.061684007593673 ], [ 121.370641828548969, 25.060930036523057 ], [ 121.369982203621944, 25.06033248493204 ], [ 121.369152146330407, 25.059949842764237 ], [ 121.368232905009322, 25.059819563669212 ], [ 121.367314455915519, 25.059954399554183 ], [ 121.366486697820875, 25.060341152612647 ], [ 121.365830654165705, 25.06094196688581 ], [ 121.365410543176225, 25.061698033055993 ], [ 121.365267491698404, 25.06253534413117 ], [ 121.365415508096476, 25.063371938988563 ], [ 121.365840108920125, 25.064125925025468 ], [ 121.366499734572869, 25.06472349470954 ] ] ], [ [ [ 121.358581713567972, 25.067033929410623 ], [ 121.358618262515719, 25.067098837777465 ], [ 121.357810747133087, 25.067476051613902 ], [ 121.357154623116003, 25.068076827874876 ], [ 121.35673443479935, 25.068832869637312 ], [ 121.356591316597829, 25.069670172300142 ], [ 121.356612886725031, 25.069792130391949 ], [ 121.356376162118195, 25.069758563734176 ], [ 121.355457625097273, 25.069893327068563 ], [ 121.354629762516169, 25.070280014667212 ], [ 121.353973608038615, 25.070880776978434 ], [ 121.353553390735613, 25.071636809772134 ], [ 121.353410247859003, 25.072474109325864 ], [ 121.353558196721607, 25.073310715647423 ], [ 121.35398276048798, 25.074064735014009 ], [ 121.354642383193521, 25.074662356631251 ], [ 121.355315077101849, 25.074972501318438 ], [ 121.355267957296874, 25.075248141638721 ], [ 121.35541592233983, 25.076084745621607 ], [ 121.355840507203126, 25.07683875916338 ], [ 121.356500153857127, 25.077436372039397 ], [ 121.357330291391747, 25.077819083165664 ], [ 121.358249656704658, 25.077949428075136 ], [ 121.359168250420282, 25.077814646978513 ], [ 121.359996148754462, 25.07742793405701 ], [ 121.360652307955746, 25.076827145592119 ], [ 121.36100676648924, 25.076189366605277 ], [ 121.361214876848976, 25.076218867552502 ], [ 121.362133454184885, 25.076084068253447 ], [ 121.362961331418205, 25.075697338937029 ], [ 121.363617466863985, 25.075096537489777 ], [ 121.364037633515139, 25.074340477115037 ], [ 121.364180705990066, 25.073503168304342 ], [ 121.364165046072486, 25.073414661197184 ], [ 121.364887558475345, 25.073308617519345 ], [ 121.365715408307054, 25.072921873006102 ], [ 121.36581306707825, 25.07283244502203 ], [ 121.36614945790987, 25.07288012064825 ], [ 121.366211003566789, 25.072871086809858 ], [ 121.366072222821415, 25.073683363299299 ], [ 121.366220259106868, 25.074519955887187 ], [ 121.366644904194331, 25.075273938001231 ], [ 121.367304594156295, 25.075871502491928 ], [ 121.368134753840366, 25.076254153011774 ], [ 121.369054117973874, 25.07638443102784 ], [ 121.36997268729634, 25.076249583301113 ], [ 121.370800540412716, 25.075862810537156 ], [ 121.371456638000524, 25.075261974876479 ], [ 121.371507185196947, 25.075171006326929 ], [ 121.371924607000679, 25.07536339826753 ], [ 121.372843968155095, 25.07549365285572 ], [ 121.373762526369077, 25.075358781783585 ], [ 121.3745117223541, 25.075008731254972 ], [ 121.374370173603722, 25.075837530132876 ], [ 121.374518268949572, 25.076674113525506 ], [ 121.374942972137617, 25.077428071012012 ], [ 121.37560271355153, 25.078025597852374 ], [ 121.376432913000144, 25.078408201384324 ], [ 121.377352301316108, 25.078538427675298 ], [ 121.378270876870417, 25.078403528551114 ], [ 121.379098717658152, 25.078016709750273 ], [ 121.379640081073333, 25.07752089276455 ], [ 121.379652843449392, 25.077543547146004 ], [ 121.380312608054751, 25.078141052767002 ], [ 121.381142822552576, 25.078523629767304 ], [ 121.382052541023626, 25.078652456709257 ], [ 121.38187010905429, 25.07881954527031 ], [ 121.381700676485067, 25.079124517444004 ], [ 121.381645390586897, 25.079175153146931 ], [ 121.381225316678936, 25.079931261812806 ], [ 121.381082353496481, 25.080768585073283 ], [ 121.381230500767373, 25.081605160610213 ], [ 121.381655262234531, 25.082359097708199 ], [ 121.382315062576211, 25.082956593621677 ], [ 121.383145315831044, 25.083339158715166 ], [ 121.384064747562348, 25.083469342819118 ], [ 121.38498335188936, 25.083334401890092 ], [ 121.385811203989789, 25.082947545760319 ], [ 121.386467264642818, 25.082346644733263 ], [ 121.38663668964513, 25.08204166733767 ], [ 121.386691974733964, 25.081991029804009 ], [ 121.386729313505825, 25.081923816960689 ], [ 121.38685650804706, 25.082149560820934 ], [ 121.387516332167877, 25.082747033338993 ], [ 121.388346599747862, 25.083129569167696 ], [ 121.389266034947028, 25.083259721002815 ], [ 121.39018463154467, 25.083124747960714 ], [ 121.39101246547574, 25.082737863018099 ], [ 121.391668499299129, 25.082136939299495 ], [ 121.391783852125258, 25.081929275772548 ], [ 121.392047507853064, 25.082397165694299 ], [ 121.39250512420378, 25.082811506773574 ], [ 121.391878653044387, 25.083385355418372 ], [ 121.391458628421702, 25.084141492040853 ], [ 121.391315730521512, 25.084978823910188 ], [ 121.391463952683523, 25.085815387863569 ], [ 121.391888791320042, 25.086569294317233 ], [ 121.392548663553939, 25.087166743523607 ], [ 121.393378976383602, 25.08754925041875 ], [ 121.394298449537743, 25.087679370530882 ], [ 121.395217073078669, 25.087544366082511 ], [ 121.396044920303027, 25.087157453125794 ], [ 121.396700952468862, 25.086556507528531 ], [ 121.397120952688155, 25.085800356605738 ], [ 121.397263811880364, 25.084963019709264 ], [ 121.397115551490955, 25.084126461922121 ], [ 121.396954988720481, 25.083841554285197 ], [ 121.397023870400815, 25.083831429816446 ], [ 121.39785168699224, 25.083444506962845 ], [ 121.398388850461899, 25.082952421538657 ], [ 121.398620335809298, 25.082918394360984 ], [ 121.399448141151254, 25.082531462691847 ], [ 121.400104132153132, 25.081930502184225 ], [ 121.400188015781083, 25.081779467398732 ], [ 121.400285129693543, 25.081690499324001 ], [ 121.400705091581273, 25.080934338239231 ], [ 121.400847921183669, 25.080096997715678 ], [ 121.400699642841545, 25.079260443190492 ], [ 121.400274776499728, 25.078506561572254 ], [ 121.399614914320779, 25.077909145915111 ], [ 121.398784648100133, 25.077526672854496 ], [ 121.398747390814819, 25.077521401143773 ], [ 121.398757858240543, 25.077460040374493 ], [ 121.398609597513229, 25.076623483250014 ], [ 121.398184753221713, 25.075869595111385 ], [ 121.397524915370141, 25.075272169651523 ], [ 121.396694673373233, 25.074889684465731 ], [ 121.396479325160271, 25.074859209858747 ], [ 121.396201750420545, 25.074366626905704 ], [ 121.395541930222763, 25.073769192293266 ], [ 121.394711704425319, 25.073386695739416 ], [ 121.393792337849504, 25.07325657664202 ], [ 121.392873819006923, 25.073391571251367 ], [ 121.392766426263023, 25.073441766676421 ], [ 121.392749564472538, 25.073346594856922 ], [ 121.392324767416227, 25.072592689037744 ], [ 121.391664975408048, 25.071995236705138 ], [ 121.390834773376881, 25.071612718085277 ], [ 121.389915423818806, 25.071482574735679 ], [ 121.388996913580442, 25.071617545279878 ], [ 121.388169147417429, 25.072004418734878 ], [ 121.387513149562707, 25.072605327360439 ], [ 121.387093133765362, 25.07336145260436 ], [ 121.386950217560326, 25.074198781690377 ], [ 121.386956094190765, 25.074231959557274 ], [ 121.386955578728035, 25.07423497957226 ], [ 121.387103757326742, 25.075071549600143 ], [ 121.387528531404996, 25.075825470391663 ], [ 121.388065742268125, 25.076311938169749 ], [ 121.387210912995386, 25.076437535779544 ], [ 121.386383108891437, 25.076824399479985 ], [ 121.385727076864924, 25.077425300234591 ], [ 121.385440314331234, 25.077941503201306 ], [ 121.385191947110229, 25.077827060556761 ], [ 121.384282231740784, 25.077698252809487 ], [ 121.38446465875397, 25.077531161316937 ], [ 121.384884704656088, 25.076775043571963 ], [ 121.385027637674895, 25.075937716561253 ], [ 121.385012322546459, 25.075851244918624 ], [ 121.385339861326017, 25.07526163477543 ], [ 121.385482789634054, 25.074424307213924 ], [ 121.385334622867575, 25.073587735354288 ], [ 121.384909870049285, 25.072833807805274 ], [ 121.384250112231825, 25.072236322119497 ], [ 121.38341993099931, 25.071853761787949 ], [ 121.382500586813507, 25.071723572450182 ], [ 121.381582065995701, 25.071858497229847 ], [ 121.380754274336383, 25.072245329622195 ], [ 121.38009823856261, 25.072846205905581 ], [ 121.379678176133041, 25.073602310693715 ], [ 121.379594021397935, 25.074095185650147 ], [ 121.379085224608332, 25.073634381797916 ], [ 121.37891384678845, 25.073555402282835 ], [ 121.379199770344158, 25.073040753205316 ], [ 121.379342738127477, 25.072203430843292 ], [ 121.379194615875278, 25.071366852081159 ], [ 121.379002610434497, 25.071026003126544 ], [ 121.37902630704518, 25.071014929890175 ], [ 121.379682338487328, 25.070414058249231 ], [ 121.380102390293118, 25.069657953253493 ], [ 121.380245348325658, 25.06882062975982 ], [ 121.380226113557796, 25.068711995849601 ], [ 121.380237651883817, 25.068644413919632 ], [ 121.38008952818825, 25.067807835671392 ], [ 121.379664827705156, 25.067053891914629 ], [ 121.379005126364376, 25.066456381789699 ], [ 121.378175000223138, 25.066073791180521 ], [ 121.377255704352777, 25.065943568690319 ], [ 121.377000439757353, 25.065981058402443 ], [ 121.376136528444391, 25.065858674457925 ], [ 121.37521804374785, 25.065993559539699 ], [ 121.374390270760401, 25.066380356525308 ], [ 121.373734234380919, 25.0669812051576 ], [ 121.373477502944993, 25.067443286027888 ], [ 121.373363234180829, 25.066797703684102 ], [ 121.372938578170206, 25.066043740064949 ], [ 121.372278914518375, 25.06544619953074 ], [ 121.371448815595272, 25.065063570942197 ], [ 121.370529533809531, 25.064933306619469 ], [ 121.36961104937734, 25.065068157024005 ], [ 121.368783264528446, 25.065454922928737 ], [ 121.368127205321599, 25.066055747118128 ], [ 121.36787909727795, 25.066502264496251 ], [ 121.367464919460303, 25.066443565851102 ], [ 121.366546420173876, 25.066578397436793 ], [ 121.366541753955062, 25.066580577505842 ], [ 121.366201681551871, 25.06642380925064 ], [ 121.365282394698056, 25.066293512516648 ], [ 121.364377807479215, 25.066426288426541 ], [ 121.36448058912525, 25.065824730278489 ], [ 121.364332575889847, 25.064988134726462 ], [ 121.363907981190948, 25.064234144395357 ], [ 121.363248370606627, 25.063636562986758 ], [ 121.362418311314684, 25.063253883362652 ], [ 121.36149905184682, 25.063123562837912 ], [ 121.360580570235783, 25.063258357373659 ], [ 121.35975276843493, 25.063645073209706 ], [ 121.359096674160696, 25.064245858030311 ], [ 121.358676510592403, 25.065001905401221 ], [ 121.358632388723549, 25.06526007029856 ], [ 121.358576840686908, 25.065360023036416 ], [ 121.35843373875413, 25.066197327682747 ], [ 121.358581713567972, 25.067033929410623 ] ] ], [ [ [ 121.425706973681798, 25.052188177198293 ], [ 121.425795078369973, 25.052228752833773 ], [ 121.425257066172591, 25.05272193718281 ], [ 121.42483734959211, 25.053478167407391 ], [ 121.424816061906554, 25.053603138537397 ], [ 121.424295094507528, 25.054080686201161 ], [ 121.423875367485934, 25.05483691370782 ], [ 121.423732721413344, 25.055674276840449 ], [ 121.423881124972937, 25.056510809368266 ], [ 121.424306056809186, 25.057264624778107 ], [ 121.424965924909259, 25.05786193223312 ], [ 121.42579613666723, 25.058244260548477 ], [ 121.426715421703449, 25.058374182739961 ], [ 121.427027999501703, 25.058328165580672 ], [ 121.427081929715897, 25.058632110665446 ], [ 121.427506888509896, 25.059385916346983 ], [ 121.428166783424203, 25.05998320905406 ], [ 121.428805126134066, 25.060277156047114 ], [ 121.429007757545776, 25.060636575226457 ], [ 121.428763675289943, 25.061076357697761 ], [ 121.428621055964399, 25.061913724480664 ], [ 121.428769500825069, 25.062750250884484 ], [ 121.429194484474962, 25.063504050994307 ], [ 121.429854409829346, 25.064101335469733 ], [ 121.430684678676442, 25.064483635374618 ], [ 121.431604015046119, 25.064613526505809 ], [ 121.432522422393745, 25.064478293508518 ], [ 121.433122561609224, 25.06419756348426 ], [ 121.43321352397588, 25.064210414139033 ], [ 121.43413192639737, 25.064075171242951 ], [ 121.434959491301171, 25.063688043660765 ], [ 121.435615207593926, 25.063086928271954 ], [ 121.43603488931825, 25.062330669009089 ], [ 121.436177458574619, 25.061493295821904 ], [ 121.436028965185756, 25.060656777336948 ], [ 121.435603950138187, 25.059902996928418 ], [ 121.435090958583103, 25.059438722817077 ], [ 121.43568412555058, 25.058894929136105 ], [ 121.436088576471846, 25.058166090482224 ], [ 121.436255432646092, 25.058088030748852 ], [ 121.436911113163987, 25.057486909673479 ], [ 121.437330768359729, 25.056730646545066 ], [ 121.437473322929847, 25.055893271691044 ], [ 121.437324828133171, 25.055056753900658 ], [ 121.436899825092254, 25.054302976480049 ], [ 121.436239919338078, 25.053705722281475 ], [ 121.435409706921348, 25.053323452138589 ], [ 121.434490451348083, 25.053193583293702 ], [ 121.434317026114968, 25.053219124664352 ], [ 121.433827142354929, 25.053149912784075 ], [ 121.434127101246332, 25.052609368103873 ], [ 121.43426967332239, 25.051771995632176 ], [ 121.434121205638519, 25.050935473815727 ], [ 121.433696236662371, 25.050181686355582 ], [ 121.433036368590408, 25.049584417087519 ], [ 121.432206193785674, 25.049202128320779 ], [ 121.43128697207392, 25.049072239120687 ], [ 121.430368677790412, 25.04920746324213 ], [ 121.430289098567755, 25.049244691187482 ], [ 121.430271743867962, 25.049146888533098 ], [ 121.42984680459675, 25.048393089481763 ], [ 121.429186964614772, 25.047795802593456 ], [ 121.428356813536496, 25.047413491902425 ], [ 121.427437608866327, 25.047283578619748 ], [ 121.426519323272217, 25.047418778856997 ], [ 121.425691839530472, 25.047805859154 ], [ 121.425036154241553, 25.048406931525776 ], [ 121.424616450568834, 25.049163161388606 ], [ 121.424473815498317, 25.050000525718293 ], [ 121.424622216634617, 25.050837058166533 ], [ 121.425047132857657, 25.051590872228005 ], [ 121.425706973681798, 25.052188177198293 ] ], [ [ 121.430827080317727, 25.054934765738629 ], [ 121.43079127626865, 25.0549992820509 ], [ 121.430757084846476, 25.055200061555169 ], [ 121.430484396422003, 25.055161529726679 ], [ 121.430498687708763, 25.055135778046811 ], [ 121.430539831344035, 25.054894176480154 ], [ 121.430827080317727, 25.054934765738629 ] ] ], [ [ [ 121.428271748417458, 25.069794277971166 ], [ 121.428219690241093, 25.06984199388091 ], [ 121.427799935324501, 25.070598231271436 ], [ 121.427657299440796, 25.071435596290723 ], [ 121.427805750280811, 25.072272122523046 ], [ 121.428230761865038, 25.07302592407013 ], [ 121.428890734376296, 25.073623211450098 ], [ 121.429721064986992, 25.074005515441382 ], [ 121.43064047167961, 25.074135411439777 ], [ 121.431558951023135, 25.074000183613556 ], [ 121.432386590436437, 25.0736130698876 ], [ 121.432643762979652, 25.07337734063298 ], [ 121.433274327512393, 25.073947974476788 ], [ 121.434104673544837, 25.074330253719278 ], [ 121.435024086853929, 25.07446012246583 ], [ 121.435491025690922, 25.074391361766956 ], [ 121.435584745625832, 25.074919270376888 ], [ 121.436009813872801, 25.075673048622804 ], [ 121.436669837958192, 25.076270300506916 ], [ 121.437500210003847, 25.076652560281925 ], [ 121.438419643934068, 25.076782407672589 ], [ 121.439338133650168, 25.076647131606737 ], [ 121.440165765555633, 25.076259974732984 ], [ 121.440821521997407, 25.07565883679991 ], [ 121.441241213089612, 25.074902563948335 ], [ 121.441383760019136, 25.074065187458679 ], [ 121.441235214798382, 25.073228676280124 ], [ 121.440810123490706, 25.072474913070142 ], [ 121.440150100269619, 25.071877679287724 ], [ 121.439319752683133, 25.071495433765939 ], [ 121.438400357464417, 25.071365591335788 ], [ 121.437933431847497, 25.071434361037056 ], [ 121.437839704763348, 25.070906453763168 ], [ 121.437414642329713, 25.070152680203609 ], [ 121.43675464795966, 25.06955543074611 ], [ 121.435924326378029, 25.069173165758372 ], [ 121.435004951773649, 25.069043301976656 ], [ 121.434086513441756, 25.069178550667797 ], [ 121.433258909104069, 25.069565673630972 ], [ 121.433001745597977, 25.069801403949565 ], [ 121.432530236524627, 25.069374692484814 ], [ 121.432582292811972, 25.069326975085435 ], [ 121.433002013937411, 25.068570724493398 ], [ 121.433144610393398, 25.067733354545783 ], [ 121.432996129341731, 25.066896833552864 ], [ 121.432571110563345, 25.066143045134737 ], [ 121.431911161132888, 25.065545773219565 ], [ 121.431080881377483, 25.065163480373847 ], [ 121.430161541393559, 25.065033586060519 ], [ 121.429243127089094, 25.06516880453421 ], [ 121.428415533834496, 25.065555900550866 ], [ 121.427759768947595, 25.066156984588787 ], [ 121.427340023384176, 25.066913220924359 ], [ 121.427197388234632, 25.06775058590112 ], [ 121.427345831116796, 25.068587113107494 ], [ 121.427770826829118, 25.06934091655004 ], [ 121.428271748417458, 25.069794277971166 ] ] ], [ [ [ 121.411222992588506, 25.069929735907884 ], [ 121.412053244807396, 25.070312139945901 ], [ 121.412972606938453, 25.07044214603544 ], [ 121.413891079915246, 25.070307027564777 ], [ 121.414718751779375, 25.069920011750568 ], [ 121.41537460096167, 25.069318984529716 ], [ 121.415794428490955, 25.06856278120507 ], [ 121.415937142191908, 25.067725426253912 ], [ 121.415788777748148, 25.066888886522111 ], [ 121.415363863527787, 25.066135047467583 ], [ 121.414703996374456, 25.065537697977284 ], [ 121.413873768566276, 25.065155308211263 ], [ 121.412954445118615, 25.065025307117505 ], [ 121.41203601032214, 25.065160419399497 ], [ 121.411208361551658, 25.065547420204457 ], [ 121.41055251155538, 25.066148429328514 ], [ 121.410132659615329, 25.066904618381155 ], [ 121.409989907230965, 25.067741968336545 ], [ 121.410138233494408, 25.068578514257002 ], [ 121.41056312462112, 25.069332368320776 ], [ 121.411222992588506, 25.069929735907884 ] ] ], [ [ [ 121.402815068947547, 25.07040759761135 ], [ 121.40364529901575, 25.070790048935386 ], [ 121.404564656637788, 25.070920107153498 ], [ 121.405483143189116, 25.070785040549506 ], [ 121.406310845381711, 25.070398071261287 ], [ 121.406966738675678, 25.069797080670448 ], [ 121.407386619779501, 25.069040900494311 ], [ 121.407529391271765, 25.068203552945345 ], [ 121.407381083178578, 25.067367004146593 ], [ 121.406956218352917, 25.066613140445192 ], [ 121.406296388805288, 25.066015753141723 ], [ 121.405466183135132, 25.065633316097596 ], [ 121.404546864192554, 25.06550326288756 ], [ 121.403628415827782, 25.065638323314872 ], [ 121.402800736742932, 25.066025277600936 ], [ 121.402144842651538, 25.06662625009448 ], [ 121.40172493714968, 25.067382415990703 ], [ 121.401582126977942, 25.068219758531601 ], [ 121.401730396884574, 25.069056313507033 ], [ 121.402155238602489, 25.069810192210582 ], [ 121.402815068947547, 25.07040759761135 ] ] ], [ [ [ 121.371100545808844, 25.084264545137792 ], [ 121.371930773964607, 25.08464717320977 ], [ 121.372850204600965, 25.08477742679823 ], [ 121.37376883194483, 25.084642555055769 ], [ 121.374596728919556, 25.084255761039898 ], [ 121.375252851908854, 25.083654908972651 ], [ 121.375458101892619, 25.083285523733135 ], [ 121.375590108408133, 25.084031134980997 ], [ 121.376014844133707, 25.084785088283514 ], [ 121.376674630618709, 25.085382609248796 ], [ 121.377504883259746, 25.085765205788835 ], [ 121.377664798769345, 25.085787854696434 ], [ 121.37755672412176, 25.086420701910413 ], [ 121.377704854824202, 25.087257280532459 ], [ 121.378129614833426, 25.088011227173876 ], [ 121.378789428972226, 25.088608738154818 ], [ 121.379619709929656, 25.088991322364226 ], [ 121.380539180557093, 25.089121527760359 ], [ 121.381457831164909, 25.08898660821464 ], [ 121.382285732398657, 25.088599771465628 ], [ 121.382941840226124, 25.08799888591977 ], [ 121.383361930349125, 25.087242773014037 ], [ 121.383504884883976, 25.086405448380791 ], [ 121.383356715942526, 25.085568875905537 ], [ 121.382931932764095, 25.084814944257253 ], [ 121.38227211937577, 25.084217451388934 ], [ 121.381441862801793, 25.083834881493225 ], [ 121.381281949197501, 25.083812236628372 ], [ 121.381390002550305, 25.083179386731281 ], [ 121.381241852150723, 25.082342811565756 ], [ 121.380817093256624, 25.081588873252347 ], [ 121.380157307517848, 25.080991370397047 ], [ 121.379327079252775, 25.080608788170469 ], [ 121.378407673526368, 25.080478574354078 ], [ 121.37748908268172, 25.080613474466482 ], [ 121.376661219361139, 25.081000284417037 ], [ 121.376005117303805, 25.081601142681176 ], [ 121.375799871710328, 25.081970528709189 ], [ 121.375667866311545, 25.081224917430426 ], [ 121.375243145288252, 25.080470962606586 ], [ 121.374583392325789, 25.079873434496101 ], [ 121.373753188535687, 25.079490820741857 ], [ 121.372833796588637, 25.079360572210859 ], [ 121.37191520747966, 25.079495437818732 ], [ 121.371087333681061, 25.079882216851178 ], [ 121.370431209956536, 25.080483050809306 ], [ 121.370011062371447, 25.081239128450822 ], [ 121.369868021358613, 25.082076441662064 ], [ 121.370016094263946, 25.082913029110898 ], [ 121.370440792111154, 25.083666998918176 ], [ 121.371100545808844, 25.084264545137792 ] ] ], [ [ [ 121.337838267525314, 25.110573850025684 ], [ 121.338668573321328, 25.110956662103028 ], [ 121.339588168495752, 25.111087119640771 ], [ 121.340507031164421, 25.110952451819745 ], [ 121.341335211204878, 25.110565841730374 ], [ 121.341991637280074, 25.109965135589018 ], [ 121.342412053928143, 25.109209137273933 ], [ 121.342555311297588, 25.108371851207881 ], [ 121.342407391859737, 25.10753523751033 ], [ 121.341982780440802, 25.106781188892974 ], [ 121.341323044268123, 25.106183514761593 ], [ 121.340492762818982, 25.10580071704948 ], [ 121.339573206368513, 25.105670264623978 ], [ 121.338654382009608, 25.105804926351531 ], [ 121.337826225231751, 25.106191521469238 ], [ 121.337169798486457, 25.106792209479387 ], [ 121.336749357491527, 25.107548193429242 ], [ 121.336606061398143, 25.108385474383052 ], [ 121.336753942526201, 25.109222094174072 ], [ 121.337178530682522, 25.1099761577631 ], [ 121.337838267525314, 25.110573850025684 ] ] ], [ [ [ 121.287978562841161, 25.119203578555506 ], [ 121.288808775148055, 25.119586670333774 ], [ 121.289728385634405, 25.11971743686269 ], [ 121.290647370918933, 25.119583077066331 ], [ 121.291475768869645, 25.119196743873594 ], [ 121.292132486806096, 25.118596256390859 ], [ 121.292553240682992, 25.117840397093619 ], [ 121.292696847628903, 25.117003156803801 ], [ 121.292549255894471, 25.116166491170532 ], [ 121.292124918235004, 25.115412297999232 ], [ 121.291465375093196, 25.114814400851071 ], [ 121.290635187065149, 25.114431323488699 ], [ 121.289715615290902, 25.114300562146379 ], [ 121.288796668365052, 25.114434915918924 ], [ 121.287968293767875, 25.114821234178319 ], [ 121.287311575259565, 25.11542170352223 ], [ 121.286890797103823, 25.116177548403577 ], [ 121.286747151445823, 25.117014783506804 ], [ 121.286894704821577, 25.117851455163887 ], [ 121.287319019127523, 25.118605663268522 ], [ 121.287978562841161, 25.119203578555506 ] ] ], [ [ [ 121.403189004696017, 25.092839913742562 ], [ 121.404019388265795, 25.093222359918521 ], [ 121.404938914174707, 25.093352413326215 ], [ 121.40585756731852, 25.093217342719626 ], [ 121.406685418095435, 25.092830370629336 ], [ 121.407341427417194, 25.092229378713412 ], [ 121.407761380634852, 25.091473198821515 ], [ 121.4079041732722, 25.090635853140366 ], [ 121.407755833292072, 25.089799307610896 ], [ 121.407330886675325, 25.089045448259313 ], [ 121.406670933442669, 25.088448065958225 ], [ 121.405840574300456, 25.088065634076745 ], [ 121.404921087117529, 25.087935585682196 ], [ 121.404002472206116, 25.088070650105745 ], [ 121.403174644564487, 25.088457607178526 ], [ 121.402518634444064, 25.089058580978644 ], [ 121.402098656798827, 25.089814746576064 ], [ 121.401955825435493, 25.090652087244063 ], [ 121.402104127183208, 25.091488638956569 ], [ 121.402529050664668, 25.092242513325665 ], [ 121.403189004696017, 25.092839913742562 ] ] ], [ [ [ 121.41503068346006, 25.13026489724087 ], [ 121.415455823353057, 25.13101872793208 ], [ 121.415478309381371, 25.131039072171713 ], [ 121.415478377616296, 25.131039193160539 ], [ 121.416138604921983, 25.131636529383893 ], [ 121.416969291664913, 25.132018897199316 ], [ 121.417889120959046, 25.132148865747933 ], [ 121.418808047990197, 25.13201371209162 ], [ 121.419636116336392, 25.131626666894519 ], [ 121.420292265608239, 25.131025618976221 ], [ 121.420712267461241, 25.13026940567282 ], [ 121.420855012668454, 25.129432052443587 ], [ 121.420706533848033, 25.128595525967022 ], [ 121.420281370581591, 25.127841710400219 ], [ 121.420274095295014, 25.127835128373686 ], [ 121.420256134792893, 25.127803284115323 ], [ 121.419595908642719, 25.12720596591986 ], [ 121.418765246736086, 25.126823612265227 ], [ 121.417845456568486, 25.126693648559382 ], [ 121.416926568097864, 25.12682879584483 ], [ 121.416098523090326, 25.127215825845695 ], [ 121.415442373070562, 25.127816855506676 ], [ 121.415022346690634, 25.128573054434195 ], [ 121.414879562537749, 25.129410402640971 ], [ 121.414882491419462, 25.129426908420928 ], [ 121.414882243123714, 25.129428364525356 ], [ 121.41503068346006, 25.13026489724087 ] ] ], [ [ [ 121.334103314294524, 25.124839112080142 ], [ 121.334933705665335, 25.125221943461394 ], [ 121.335853404114744, 25.125352422847026 ], [ 121.336772377645389, 25.125217777278017 ], [ 121.337600665278345, 25.12483118766632 ], [ 121.338257185141302, 25.124230498224723 ], [ 121.338677672590748, 25.123474511198459 ], [ 121.338820970846456, 25.122637229907085 ], [ 121.338673058381403, 25.121800614003973 ], [ 121.338248419343742, 25.121046556416953 ], [ 121.337588623667685, 25.120448867428923 ], [ 121.336758256656196, 25.120066050425777 ], [ 121.335838596958013, 25.11993557616136 ], [ 121.334919661768822, 25.120070215638602 ], [ 121.334091397422426, 25.120456790272371 ], [ 121.333434876896462, 25.121057461570949 ], [ 121.333014365087692, 25.121813434219117 ], [ 121.332871028080774, 25.122650710389259 ], [ 121.333018902204373, 25.123487332384148 ], [ 121.333443517955473, 25.1242414049491 ], [ 121.334103314294524, 25.124839112080142 ] ] ], [ [ [ 121.347830179547401, 25.130830982317658 ], [ 121.348660653467917, 25.131213735599214 ], [ 121.349580410356765, 25.131344129066754 ], [ 121.350499412493306, 25.131209398174114 ], [ 121.351327696097869, 25.130822732188353 ], [ 121.351984179694568, 25.130221982800578 ], [ 121.352404602193758, 25.129465958124648 ], [ 121.352547813177154, 25.128628665164356 ], [ 121.352399799663488, 25.127792064712679 ], [ 121.35197505569279, 25.127038048181927 ], [ 121.35131516146879, 25.126440421833838 ], [ 121.350484711937128, 25.126057682921989 ], [ 121.349564993820024, 25.125927294557297 ], [ 121.348646030028689, 25.126062019336828 ], [ 121.347817769696164, 25.126448670328507 ], [ 121.347161285409243, 25.127049401568463 ], [ 121.346740838521228, 25.127805411874689 ], [ 121.346597588766073, 25.128642699732129 ], [ 121.346745563934547, 25.129479306296918 ], [ 121.347170284633194, 25.130233337821753 ], [ 121.347830179547401, 25.130830982317658 ] ] ], [ [ [ 121.379872976112082, 25.136558639518885 ], [ 121.380703586433427, 25.136941211353118 ], [ 121.381623417604075, 25.13707140495676 ], [ 121.3825424246278, 25.136936475354108 ], [ 121.383370643247687, 25.136549631270118 ], [ 121.384026998355353, 25.135948741833939 ], [ 121.384447241447489, 25.135192628868992 ], [ 121.384590239675745, 25.134355308017824 ], [ 121.384442000889166, 25.133518742797197 ], [ 121.384017041177913, 25.132764821163978 ], [ 121.383356961857572, 25.132167340086109 ], [ 121.382526375983318, 25.131784782596483 ], [ 121.381606583615266, 25.131654594050715 ], [ 121.380687614928419, 25.131789517492589 ], [ 121.37985941953626, 25.132176346550342 ], [ 121.379203063675021, 25.132777217834334 ], [ 121.378782796135781, 25.133533316454681 ], [ 121.378639759104914, 25.134370632247965 ], [ 121.378787959554643, 25.135207203629385 ], [ 121.379212896038169, 25.135961140288838 ], [ 121.379872976112082, 25.136558639518885 ] ] ], [ [ [ 121.365187703849656, 25.137080469811547 ], [ 121.366018273102213, 25.137463124425693 ], [ 121.366938093880677, 25.137593409321177 ], [ 121.367686470109618, 25.137483608907523 ], [ 121.36788731169743, 25.137576135451649 ], [ 121.368807135148884, 25.137706408710049 ], [ 121.369726162107881, 25.137571558394544 ], [ 121.369824281406267, 25.137525740187183 ], [ 121.370309168238805, 25.137594408290951 ], [ 121.371228192583047, 25.137459548685193 ], [ 121.372056451241619, 25.137072767417486 ], [ 121.372712865184127, 25.136471927466705 ], [ 121.373133180144961, 25.135715845812371 ], [ 121.373276256238299, 25.134878535033629 ], [ 121.373128093690426, 25.134041957663623 ], [ 121.372703201129838, 25.133288002850797 ], [ 121.372043173301677, 25.132690470812307 ], [ 121.371212618223865, 25.132307849569351 ], [ 121.370292832944415, 25.132177590716655 ], [ 121.369373846945194, 25.132312444177792 ], [ 121.369275731613669, 25.132358262073531 ], [ 121.368790866029499, 25.132289590297582 ], [ 121.368042522456619, 25.132399395995623 ], [ 121.367841689275281, 25.132306869502681 ], [ 121.366921907291797, 25.13217658968647 ], [ 121.366002917312457, 25.132311422284939 ], [ 121.365174671033543, 25.132698169815708 ], [ 121.364518239668982, 25.133298976867771 ], [ 121.364097879396581, 25.134055034838806 ], [ 121.363954741476803, 25.134892337546358 ], [ 121.364102842756523, 25.13572892468958 ], [ 121.364527691497855, 25.136482904418511 ], [ 121.365187703849656, 25.137080469811547 ] ] ], [ [ [ 121.433161731819183, 25.078507759377406 ], [ 121.432505922475926, 25.079108863947024 ], [ 121.432086163400797, 25.079865112587282 ], [ 121.431943547010292, 25.080702480437846 ], [ 121.432092039090094, 25.081539000805318 ], [ 121.432517109626303, 25.082292788364274 ], [ 121.43317715303165, 25.082890055000693 ], [ 121.434007559537804, 25.083272333522444 ], [ 121.434598849890989, 25.083355848649486 ], [ 121.434797749280207, 25.083708541356717 ], [ 121.434333802701786, 25.083925537123889 ], [ 121.433677970727217, 25.084526646745658 ], [ 121.43325820096733, 25.085282898301564 ], [ 121.433115586885748, 25.086120266646269 ], [ 121.433264094043892, 25.086956785037927 ], [ 121.433689190953288, 25.087710568344082 ], [ 121.43434926944586, 25.088307828866355 ], [ 121.43517971631826, 25.088690100010453 ], [ 121.436099238168552, 25.088819960386822 ], [ 121.437017820288503, 25.08868469765126 ], [ 121.43784554003274, 25.088297553147484 ], [ 121.438501371147296, 25.087696425414062 ], [ 121.43892111643612, 25.086940159594828 ], [ 121.438995820897958, 25.086501406841759 ], [ 121.439243666340801, 25.086536403813668 ], [ 121.440162227680645, 25.086401121848127 ], [ 121.440989922002316, 25.086013960027948 ], [ 121.441645725541463, 25.085412818586938 ], [ 121.442065443802235, 25.084656544010464 ], [ 121.442114665029749, 25.084367409867045 ], [ 121.442453394419317, 25.083757056567666 ], [ 121.442595942344568, 25.08291967988227 ], [ 121.442447377230508, 25.082083171170559 ], [ 121.442022247090307, 25.081329412847936 ], [ 121.441362169899932, 25.080732185894011 ], [ 121.440997409785155, 25.080564288103087 ], [ 121.440980276640559, 25.080533909943689 ], [ 121.440320208758806, 25.07993667816444 ], [ 121.439489805895761, 25.079554434754705 ], [ 121.438570350193899, 25.079424594338001 ], [ 121.437651838883568, 25.079559865894396 ], [ 121.437595044904867, 25.079586431788254 ], [ 121.437317767138396, 25.07909476390277 ], [ 121.436657724590631, 25.078497515373552 ], [ 121.435827342546673, 25.078115251112592 ], [ 121.434907901112197, 25.077985387784135 ], [ 121.433989396121703, 25.078120636610311 ], [ 121.433161731819183, 25.078507759377406 ] ] ], [ [ [ 121.429100052097056, 25.115026798336345 ], [ 121.429930664915318, 25.115409095309822 ], [ 121.430850382015024, 25.115538985166861 ], [ 121.431769169568227, 25.115403752675459 ], [ 121.432597084812002, 25.115016636218751 ], [ 121.433253082349566, 25.114415531591739 ], [ 121.433672948692887, 25.113659281679592 ], [ 121.433815587879479, 25.11282191552187 ], [ 121.433667042901718, 25.111985401059339 ], [ 121.433241859811176, 25.111231621271049 ], [ 121.432581661774307, 25.110634359236037 ], [ 121.431751073453341, 25.110252076548388 ], [ 121.430831395140771, 25.11012219167252 ], [ 121.429912645849228, 25.110257417937792 ], [ 121.429084753726926, 25.110644519339257 ], [ 121.42842875533907, 25.111245605832494 ], [ 121.428008864498466, 25.112001841458817 ], [ 121.42786618652471, 25.112839202635378 ], [ 121.42801469324084, 25.113675723324025 ], [ 121.428439853209895, 25.114429518167565 ], [ 121.429100052097056, 25.115026798336345 ] ] ], [ [ [ 121.422464530424648, 25.126316087867725 ], [ 121.422621149197724, 25.12659376717167 ], [ 121.422590432888342, 25.126649075804345 ], [ 121.422447702475083, 25.127486430822668 ], [ 121.422596191667495, 25.128322955542849 ], [ 121.423021370748771, 25.129076764213615 ], [ 121.423031669935497, 25.12908608151551 ], [ 121.42304124384394, 25.129103055165317 ], [ 121.423701496850867, 25.129700357509037 ], [ 121.424532193285657, 25.130082682895267 ], [ 121.425452015312217, 25.130212604619548 ], [ 121.426370918827743, 25.130077404328869 ], [ 121.427198949713386, 25.129690317253743 ], [ 121.427855051248656, 25.129089236313849 ], [ 121.428274999764, 25.128333002077408 ], [ 121.428417691254907, 25.127495642051613 ], [ 121.42826916359769, 25.126659123578637 ], [ 121.428185305138953, 25.126510461205321 ], [ 121.428513130715714, 25.126210116065764 ], [ 121.42893306558905, 25.125453879855353 ], [ 121.429075749552553, 25.124616518975202 ], [ 121.428927221218558, 25.123780000850886 ], [ 121.428906526452025, 25.123743313212458 ], [ 121.428904665940522, 25.123732834638879 ], [ 121.428479470040486, 25.122979042534929 ], [ 121.427819230782532, 25.122381760766121 ], [ 121.426988576865199, 25.121999452856805 ], [ 121.426068815000932, 25.121869539738569 ], [ 121.425149972377938, 25.122004737503939 ], [ 121.42432198627651, 25.122391812937199 ], [ 121.423665902457984, 25.122992878536373 ], [ 121.423471492237013, 25.123342954792609 ], [ 121.422878741172269, 25.123885988012518 ], [ 121.422458773963612, 25.124642207647522 ], [ 121.422316044767626, 25.125479562746467 ], [ 121.422464530424648, 25.126316087867725 ] ] ], [ [ [ 121.44168222570471, 25.147966601823427 ], [ 121.442107591076564, 25.14872035124964 ], [ 121.442768042533231, 25.149317564390422 ], [ 121.443598930360523, 25.149699779282379 ], [ 121.444518917979607, 25.149829580037629 ], [ 121.44514153832867, 25.149737904485761 ], [ 121.44554183311925, 25.149794378397232 ], [ 121.446460858714374, 25.149659052178595 ], [ 121.447288955500198, 25.149271852912495 ], [ 121.447945060306623, 25.14867068450501 ], [ 121.448364949149592, 25.147914396088559 ], [ 121.448507523873815, 25.147077020473137 ], [ 121.448358833793023, 25.146240526523478 ], [ 121.447933439171138, 25.14548679520642 ], [ 121.447272983883522, 25.144889604851201 ], [ 121.446442117769664, 25.144507410031387 ], [ 121.445522168304777, 25.144377620608939 ], [ 121.444899575395127, 25.144469297450243 ], [ 121.444499298281173, 25.14441282152055 ], [ 121.443580309513322, 25.144548135155791 ], [ 121.442752232311577, 25.144935313658305 ], [ 121.442096121355007, 25.145536459441459 ], [ 121.441676201479382, 25.146292730746868 ], [ 121.441533580855804, 25.147130100500632 ], [ 121.44168222570471, 25.147966601823427 ] ] ], [ [ [ 121.43429266553099, 25.157680264658197 ], [ 121.435123584791498, 25.158062526263091 ], [ 121.436043627161041, 25.158192378796127 ], [ 121.436962726958953, 25.158057110678399 ], [ 121.43779091084572, 25.157669963783015 ], [ 121.438447107121462, 25.157068836889248 ], [ 121.438867082845817, 25.156312575066892 ], [ 121.439009731358396, 25.155475208524713 ], [ 121.438861094751658, 25.15463870524156 ], [ 121.438435728058408, 25.153884947099538 ], [ 121.437775272423835, 25.153287715054073 ], [ 121.43694437772406, 25.152905467758671 ], [ 121.436024374233028, 25.152775620209951 ], [ 121.435105312781147, 25.152910882082988 ], [ 121.434277152061071, 25.153298013889927 ], [ 121.433620954923796, 25.153899122614771 ], [ 121.433200954638721, 25.154655370127642 ], [ 121.433058267247617, 25.155492731685502 ], [ 121.433206865508353, 25.156329241213346 ], [ 121.433632209034897, 25.157083014443817 ], [ 121.43429266553099, 25.157680264658197 ] ] ], [ [ [ 121.390877013084179, 25.139178395970326 ], [ 121.391707674648814, 25.139560905360284 ], [ 121.392627536170849, 25.139691030227794 ], [ 121.393546549681304, 25.139556032327672 ], [ 121.394374750288549, 25.139169127072673 ], [ 121.395031064649402, 25.138568189581427 ], [ 121.3954512482523, 25.137812046381583 ], [ 121.395594174075029, 25.136974716074157 ], [ 121.39544585705589, 25.13613816309935 ], [ 121.395020820942776, 25.135384274213003 ], [ 121.394360674527988, 25.134786843175917 ], [ 121.393530037431262, 25.134404348122366 ], [ 121.392610214723774, 25.13427422829745 ], [ 121.391691239548635, 25.134409220020252 ], [ 121.390863062154708, 25.134796110237538 ], [ 121.390206747018482, 25.135397029574577 ], [ 121.389786538947689, 25.136153158438006 ], [ 121.389643574310412, 25.136990483702842 ], [ 121.389791852994222, 25.137827042854962 ], [ 121.390216865894018, 25.13858094677903 ], [ 121.390877013084179, 25.139178395970326 ] ] ], [ [ [ 121.399121249073858, 25.141912860999472 ], [ 121.399951954275252, 25.142295323484948 ], [ 121.400871844313471, 25.142425396758505 ], [ 121.401790868426673, 25.142290347626947 ], [ 121.402619060685367, 25.141903396519702 ], [ 121.403275348564904, 25.141302423045026 ], [ 121.403695490148237, 25.140546257253217 ], [ 121.403838362528717, 25.139708919955897 ], [ 121.403689985877406, 25.138872376275941 ], [ 121.403264889779464, 25.138118512057513 ], [ 121.402604688897554, 25.137521118645473 ], [ 121.401774008180709, 25.137138670490792 ], [ 121.400854156967569, 25.137008602248567 ], [ 121.399935171190151, 25.137143645190211 ], [ 121.399107002134954, 25.13753058125063 ], [ 121.398450713463689, 25.138131536568935 ], [ 121.398030547395805, 25.138887688029968 ], [ 121.397887636190262, 25.139725020295945 ], [ 121.398035974505788, 25.140561570165826 ], [ 121.398461047400247, 25.141315449431072 ], [ 121.399121249073858, 25.141912860999472 ] ] ], [ [ [ 121.381795920589752, 25.143033660890595 ], [ 121.382626580848608, 25.143416221024992 ], [ 121.38354646250464, 25.143546401980235 ], [ 121.384465515617634, 25.143411460018879 ], [ 121.38529377141748, 25.143024605076285 ], [ 121.385950151155583, 25.142423707345383 ], [ 121.386370403918235, 25.141667589462269 ], [ 121.386513395912075, 25.140830267551298 ], [ 121.386365135598481, 25.139993705232811 ], [ 121.385940141176533, 25.139239790178948 ], [ 121.385280017360301, 25.138642318712765 ], [ 121.384449381559946, 25.138259772925551 ], [ 121.383529538721078, 25.138129597027017 ], [ 121.382610523957041, 25.138264532823143 ], [ 121.381782291389982, 25.138651372733463 ], [ 121.381125910894369, 25.139252252306864 ], [ 121.380705633673202, 25.140008355842799 ], [ 121.380562602862227, 25.14084567269704 ], [ 121.380710824826849, 25.141682241180778 ], [ 121.381135796015982, 25.142436171266915 ], [ 121.381795920589752, 25.143033660890595 ] ] ], [ [ [ 121.375382833634703, 25.14096658708883 ], [ 121.376213460333702, 25.14134918368417 ], [ 121.377133320228495, 25.141479404757305 ], [ 121.378052365510143, 25.141344502642504 ], [ 121.378880628175182, 25.140957683373291 ], [ 121.379537028801892, 25.140356813649632 ], [ 121.37995731443003, 25.139600713365851 ], [ 121.380100348047307, 25.138763396924194 ], [ 121.379952134039584, 25.137926827410841 ], [ 121.379527186073133, 25.137172893203644 ], [ 121.378867104315759, 25.136575392501495 ], [ 121.378036502062386, 25.136192810257739 ], [ 121.377116680976684, 25.136062594250095 ], [ 121.376197674043766, 25.136197490209444 ], [ 121.37536943461923, 25.136584294453428 ], [ 121.37471303324773, 25.137185146021213 ], [ 121.374292723173923, 25.137941231953398 ], [ 121.374149650747569, 25.138778543329579 ], [ 121.374297826406547, 25.139615118998378 ], [ 121.374722751132495, 25.140369068230811 ], [ 121.375382833634703, 25.14096658708883 ] ] ], [ [ [ 121.409066526362537, 25.144426246225194 ], [ 121.409214946860445, 25.145262783350951 ], [ 121.40964010464883, 25.14601662900213 ], [ 121.410300385616267, 25.146613989375027 ], [ 121.411131156746364, 25.146996388094401 ], [ 121.412051092891204, 25.147126391274139 ], [ 121.412970138773446, 25.146991272584437 ], [ 121.413798326332255, 25.146604259266027 ], [ 121.414454583504806, 25.146003237018672 ], [ 121.414874671383004, 25.1452470406674 ], [ 121.415017472320557, 25.144409694014243 ], [ 121.414962280741491, 25.144098703757521 ], [ 121.415137639142273, 25.143783036209939 ], [ 121.415280436732772, 25.142945689182977 ], [ 121.415131978033074, 25.142109158363393 ], [ 121.414706800659744, 25.141355328334043 ], [ 121.414046527229203, 25.14075798709138 ], [ 121.413215789788822, 25.140375603979315 ], [ 121.412295903226564, 25.140245607287273 ], [ 121.411376906932745, 25.140380721285084 ], [ 121.410548753223395, 25.140767720954635 ], [ 121.409892504260085, 25.141368726210278 ], [ 121.409472398378568, 25.142124909049013 ], [ 121.409329561949562, 25.142962251060403 ], [ 121.409384738733806, 25.143273243650707 ], [ 121.409209366141539, 25.143588904588352 ], [ 121.409066526362537, 25.144426246225194 ] ] ], [ [ [ 121.394590871418288, 25.147163429282326 ], [ 121.393671802312568, 25.147298434199609 ], [ 121.392843544952555, 25.147685335792914 ], [ 121.392187171640515, 25.148286263575432 ], [ 121.391971558671599, 25.14867421624221 ], [ 121.391601303650845, 25.148503733368674 ], [ 121.390681376939014, 25.148373603066617 ], [ 121.38976229413511, 25.148508583865393 ], [ 121.388934016019064, 25.148895463781233 ], [ 121.38827761692383, 25.149496374448887 ], [ 121.387857349875162, 25.150252497125241 ], [ 121.387856658898116, 25.150256543301051 ], [ 121.387853349669257, 25.150262497052299 ], [ 121.387710356772516, 25.151099819215091 ], [ 121.387858640743687, 25.151936378666399 ], [ 121.388283691964361, 25.152690286261464 ], [ 121.38829017884278, 25.152696156551212 ], [ 121.388307820763771, 25.152727447550799 ], [ 121.388968035878733, 25.153324903310118 ], [ 121.389798788044345, 25.153707421596877 ], [ 121.390718753972664, 25.153837556817489 ], [ 121.391637875470749, 25.153702569712443 ], [ 121.392466177072052, 25.153315674637927 ], [ 121.393122575544453, 25.152714745717152 ], [ 121.393354960346286, 25.152296620035617 ], [ 121.393688330169084, 25.152450109350887 ], [ 121.394608290423093, 25.152580220496514 ], [ 121.395527397889424, 25.152445209395712 ], [ 121.396355678475786, 25.152058292754287 ], [ 121.397012051008261, 25.151457346806943 ], [ 121.397432265281594, 25.150701198910575 ], [ 121.397575191274171, 25.149863868126875 ], [ 121.397426843911617, 25.149027318942739 ], [ 121.397162442991828, 25.148558419477219 ], [ 121.397577413836572, 25.148617102161239 ], [ 121.398155130980214, 25.149139848978503 ], [ 121.398985882503581, 25.149522315945372 ], [ 121.399905825891722, 25.149652394436952 ], [ 121.400182379000128, 25.149611760104275 ], [ 121.40027777069588, 25.150149614396838 ], [ 121.400702891350122, 25.150903485677322 ], [ 121.401363156063681, 25.151500885712075 ], [ 121.402045384638527, 25.15181495030405 ], [ 121.402243165100856, 25.151993895807045 ], [ 121.402901586679164, 25.152296994713375 ], [ 121.40260719464365, 25.152826781472235 ], [ 121.402464299913845, 25.153664116396833 ], [ 121.402551134154621, 25.154153650236729 ], [ 121.401877860346403, 25.154468189039964 ], [ 121.401221496078918, 25.155069156213816 ], [ 121.400801290758011, 25.155825314313628 ], [ 121.400658380488693, 25.15666264735302 ], [ 121.400806759843334, 25.157499192055273 ], [ 121.401231909867221, 25.158253060716508 ], [ 121.401892217213089, 25.158850457280533 ], [ 121.402723046284734, 25.15923290182802 ], [ 121.403643066262205, 25.159362955984644 ], [ 121.404313538680171, 25.159264431495775 ], [ 121.405232947408336, 25.159394389097255 ], [ 121.406152093140889, 25.159259311691482 ], [ 121.406980385015686, 25.15887233582481 ], [ 121.407636740754967, 25.158271343531304 ], [ 121.408056911800344, 25.157515166705327 ], [ 121.408199772365322, 25.156677827239672 ], [ 121.408051343782901, 25.155841290469162 ], [ 121.407760546808902, 25.155325709037722 ], [ 121.407852683307013, 25.155241341370477 ], [ 121.408272842916858, 25.154485163770257 ], [ 121.408415698789995, 25.153647823817465 ], [ 121.408267272717936, 25.152811286894419 ], [ 121.407842099127066, 25.15205743818245 ], [ 121.407181800267125, 25.151460067506626 ], [ 121.406593710773464, 25.151189365007415 ], [ 121.406937743489465, 25.150570190986567 ], [ 121.40708060434018, 25.149732851822957 ], [ 121.406932192490444, 25.14889631294724 ], [ 121.406507040973523, 25.148142459732313 ], [ 121.405846769877911, 25.147545082444566 ], [ 121.405016011024685, 25.147162653955416 ], [ 121.404885604273545, 25.147144219212983 ], [ 121.404846781878106, 25.147109093929046 ], [ 121.404016029028568, 25.14672665973335 ], [ 121.403143571653075, 25.146603317374364 ], [ 121.403165653039551, 25.146473914335612 ], [ 121.40301727209345, 25.145637370788499 ], [ 121.402592156046836, 25.144883505566042 ], [ 121.401931921516436, 25.144286110110816 ], [ 121.401101196745202, 25.143903659073001 ], [ 121.400181295383064, 25.143773587389184 ], [ 121.399511897191374, 25.143871946412574 ], [ 121.399340834124445, 25.14371715704744 ], [ 121.398510121088037, 25.143334691303266 ], [ 121.397590226506168, 25.143204603433574 ], [ 121.396671190554528, 25.143339626630159 ], [ 121.395842969428969, 25.143726544760259 ], [ 121.395186631886318, 25.144327485718318 ], [ 121.394766424929017, 25.145083627795593 ], [ 121.394623484818936, 25.14592095657385 ], [ 121.394771809045778, 25.14675750919433 ], [ 121.395036196912329, 25.147226413199608 ], [ 121.394590871418288, 25.147163429282326 ] ] ], [ [ [ 121.421366826791484, 25.135886094331411 ], [ 121.42122407826885, 25.136723447378483 ], [ 121.421372571302186, 25.137559972248113 ], [ 121.421797775801465, 25.138313783174311 ], [ 121.422458073078744, 25.138911089751709 ], [ 121.423288828517684, 25.139293420871887 ], [ 121.424208718505071, 25.139423349268082 ], [ 121.425127692282942, 25.139288155933606 ], [ 121.425955788851894, 25.138901075418151 ], [ 121.426154799006767, 25.138718772022106 ], [ 121.426361160768323, 25.13874791584632 ], [ 121.427280126920095, 25.138612709246257 ], [ 121.428108211989269, 25.138225616814434 ], [ 121.428764353950172, 25.137624531995773 ], [ 121.429184325176465, 25.136868295739212 ], [ 121.429327019442212, 25.13603093575037 ], [ 121.4291784743547, 25.13519441936791 ], [ 121.42875323598345, 25.13444062975886 ], [ 121.428092932911341, 25.133843350961961 ], [ 121.427262200083319, 25.13346104620932 ], [ 121.426342351933997, 25.133331136122461 ], [ 121.42542342409439, 25.133466336496834 ], [ 121.424595362183098, 25.133853413861814 ], [ 121.424396357451371, 25.134035715209727 ], [ 121.424190004050459, 25.134006568520718 ], [ 121.423271068587482, 25.134141755632431 ], [ 121.42244299518066, 25.134528821082473 ], [ 121.421786838134807, 25.135129878347058 ], [ 121.421366826791484, 25.135886094331411 ] ] ], [ [ [ 121.42858249077824, 25.162815198315961 ], [ 121.429413427800966, 25.163197491475266 ], [ 121.430333503303672, 25.16332737896802 ], [ 121.431252648361337, 25.163192145791836 ], [ 121.432080885202069, 25.162805030398534 ], [ 121.432737136940275, 25.162203928483525 ], [ 121.433157165205003, 25.161447682672101 ], [ 121.433299858192456, 25.160610321606995 ], [ 121.433151253642592, 25.159773812732293 ], [ 121.432725903452322, 25.159020038478388 ], [ 121.432065447153647, 25.15842278137811 ], [ 121.431234534689224, 25.158040502536867 ], [ 121.43031449807232, 25.157910620037995 ], [ 121.429395391374868, 25.158045846976375 ], [ 121.428567177716488, 25.158432947282822 ], [ 121.427910925127875, 25.1590340310246 ], [ 121.427490872304858, 25.159790262517959 ], [ 121.427348140431619, 25.160627618589174 ], [ 121.42749670662127, 25.161464133701685 ], [ 121.427922033629187, 25.162217923042441 ], [ 121.42858249077824, 25.162815198315961 ] ] ], [ [ [ 121.427278965800554, 25.174488939455074 ], [ 121.426622622113143, 25.175090017399377 ], [ 121.426202507844735, 25.175846244428449 ], [ 121.426059750196885, 25.176683597807259 ], [ 121.426208328810318, 25.177520112263611 ], [ 121.426633705229065, 25.178273903048357 ], [ 121.427294243942555, 25.17887118172332 ], [ 121.428035070530299, 25.179211978803135 ], [ 121.428369698633134, 25.179804930995555 ], [ 121.429030254056357, 25.180402201578712 ], [ 121.429861312533475, 25.180784489725902 ], [ 121.430781520778694, 25.180914372373788 ], [ 121.431700796867986, 25.180779134993731 ], [ 121.432529150198079, 25.180392016449765 ], [ 121.433185492477577, 25.179790912747457 ], [ 121.433605576472843, 25.179034666689112 ], [ 121.433748284928143, 25.178197306943247 ], [ 121.433726211616374, 25.178073077381917 ], [ 121.433901461747652, 25.178047292157306 ], [ 121.434670764498037, 25.177687747936041 ], [ 121.435081814899036, 25.178416038719806 ], [ 121.435742394960656, 25.179013279118568 ], [ 121.436573464281864, 25.179395529489181 ], [ 121.437175733186436, 25.179480510416699 ], [ 121.437137681220747, 25.179703821561702 ], [ 121.437286339268965, 25.18054032350048 ], [ 121.437711794103677, 25.181294081088282 ], [ 121.438372402536373, 25.181891309134794 ], [ 121.439203499488073, 25.182273544213714 ], [ 121.440123727904393, 25.182403368457472 ], [ 121.441043003885653, 25.182268073056278 ], [ 121.441871336839512, 25.181880902555683 ], [ 121.442527640471042, 25.181279758048404 ], [ 121.442562924243092, 25.181216229501423 ], [ 121.442766264104208, 25.181244912405916 ], [ 121.442259292250185, 25.181709278291301 ], [ 121.441839253163167, 25.182465548046729 ], [ 121.441755253578705, 25.182958607328956 ], [ 121.441576588363716, 25.18304211680676 ], [ 121.440920270698257, 25.183643257144517 ], [ 121.44050021684879, 25.184399523103817 ], [ 121.4403575481074, 25.185236888137801 ], [ 121.440446803667967, 25.185739031118601 ], [ 121.440037171558785, 25.186476515077068 ], [ 121.439894497458027, 25.187313879505741 ], [ 121.440043184364711, 25.1881503774386 ], [ 121.440468683224282, 25.188904125740752 ], [ 121.441052005606139, 25.189431427342026 ], [ 121.441180945203484, 25.189659831298467 ], [ 121.44184161607609, 25.190257042343521 ], [ 121.441998557114289, 25.190329212826381 ], [ 121.442126673265861, 25.190556152453425 ], [ 121.442787353587207, 25.191153359074551 ], [ 121.443618527222768, 25.191535567837022 ], [ 121.444538829609129, 25.191665363448962 ], [ 121.445458169602801, 25.191530039903853 ], [ 121.44628655034316, 25.191142844503425 ], [ 121.446942880856938, 25.190541680779194 ], [ 121.447362915066122, 25.18978539741008 ], [ 121.447505540593468, 25.188948026716094 ], [ 121.447356801791969, 25.18811153708193 ], [ 121.446931263707, 25.187357809050642 ], [ 121.446706569789782, 25.187154709124414 ], [ 121.446713496351691, 25.187114043257623 ], [ 121.446680576461262, 25.186928896702351 ], [ 121.446680805566828, 25.186928686847065 ], [ 121.446823804622923, 25.186671208019021 ], [ 121.447049164049261, 25.186638031658511 ], [ 121.447593379906593, 25.186383641886081 ], [ 121.448250909360482, 25.186476363975061 ], [ 121.44917020601936, 25.186341017859768 ], [ 121.449998539860431, 25.185953802048871 ], [ 121.450654824502976, 25.185352622071814 ], [ 121.451074818360254, 25.184596328197852 ], [ 121.451217413004827, 25.183758953774266 ], [ 121.451199345406792, 25.183657357343424 ], [ 121.451334745781466, 25.183719614994388 ], [ 121.45225499668679, 25.183849363442423 ], [ 121.453174268841252, 25.183713992736109 ], [ 121.454002572027804, 25.18332675479488 ], [ 121.454658822867756, 25.182725557314697 ], [ 121.455078783084346, 25.181969252277831 ], [ 121.455221347543528, 25.181131874123519 ], [ 121.455072566574373, 25.180295391964862 ], [ 121.454647009346971, 25.179541685611877 ], [ 121.4539863356582, 25.178944530946062 ], [ 121.453155216724156, 25.178562379043463 ], [ 121.452235004760055, 25.17843263556265 ], [ 121.451315770994199, 25.178567999994254 ], [ 121.450487490980493, 25.178955222815514 ], [ 121.449831239246308, 25.179556402105799 ], [ 121.449411254410037, 25.180312692830778 ], [ 121.449268651009604, 25.181150066017853 ], [ 121.449286716606196, 25.181251662746018 ], [ 121.44915131998917, 25.181189403148217 ], [ 121.448231092073655, 25.181059635030021 ], [ 121.448141380345419, 25.181072843303177 ], [ 121.448736177876995, 25.180794791420105 ], [ 121.449392441595549, 25.180193616920409 ], [ 121.449812426152945, 25.179437326240727 ], [ 121.449853270088099, 25.179197480592652 ], [ 121.450062690605762, 25.179005634916152 ], [ 121.450482667045748, 25.178249342326843 ], [ 121.450625259086337, 25.177411967804201 ], [ 121.450476514355316, 25.176575480106646 ], [ 121.450050998474808, 25.175821759587478 ], [ 121.449390367194795, 25.175224583515789 ], [ 121.448559287581389, 25.174842405063416 ], [ 121.447639108002562, 25.174712632487573 ], [ 121.44671989651799, 25.174847968126087 ], [ 121.4461311321393, 25.175123202631791 ], [ 121.445756767308964, 25.175178317058943 ], [ 121.445111188451492, 25.17548010479927 ], [ 121.44508813255834, 25.175469501649108 ], [ 121.444167951578436, 25.175339707517256 ], [ 121.443248731213259, 25.175475021702681 ], [ 121.443077260438528, 25.175555175433509 ], [ 121.443548437099466, 25.175123570054698 ], [ 121.444156459783329, 25.175034065014394 ], [ 121.444984734093794, 25.174646877510376 ], [ 121.445640984069911, 25.174045719347724 ], [ 121.446060971516815, 25.173289438659015 ], [ 121.446203588631363, 25.172452067500476 ], [ 121.446054880585081, 25.171615574301963 ], [ 121.445806549487827, 25.17117564997336 ], [ 121.445937480135427, 25.171055706765429 ], [ 121.446047567280374, 25.170857465597585 ], [ 121.446289495284333, 25.170821847144246 ], [ 121.446254895641985, 25.171025002028724 ], [ 121.446403604266621, 25.17186149508392 ], [ 121.446829083738692, 25.172615226989731 ], [ 121.447489688454368, 25.173212415069447 ], [ 121.448320753695938, 25.173594599810023 ], [ 121.44924092551264, 25.173724368273362 ], [ 121.450160125546873, 25.17358901711204 ], [ 121.450988370643969, 25.173201796331323 ], [ 121.451644583112582, 25.172600611946031 ], [ 121.452064528431066, 25.17184431465542 ], [ 121.452207102921179, 25.171006938139922 ], [ 121.452058355926866, 25.170170451352472 ], [ 121.451632853289865, 25.169416734557178 ], [ 121.450972249462211, 25.168819564659028 ], [ 121.450141208822373, 25.168437394226331 ], [ 121.449221075924171, 25.16830763073207 ], [ 121.448387664231305, 25.168430349350839 ], [ 121.448422259670252, 25.168227193955602 ], [ 121.448294938559087, 25.167511051878282 ], [ 121.448902807053798, 25.167790604639997 ], [ 121.44982293575876, 25.167920370179882 ], [ 121.450742091678094, 25.167785015909978 ], [ 121.451226301841572, 25.167558626146004 ], [ 121.451921561878109, 25.167456236140858 ], [ 121.452749760137792, 25.167069005837476 ], [ 121.453405931516301, 25.166467813724338 ], [ 121.453825845514643, 25.165711511256447 ], [ 121.453968401519674, 25.164874132620188 ], [ 121.453885036607574, 25.164405339770937 ], [ 121.454152438596111, 25.164280307210404 ], [ 121.454540935451277, 25.164631497092945 ], [ 121.455371963393645, 25.165013643191472 ], [ 121.456292077379331, 25.165143368766735 ], [ 121.457211204713673, 25.16500797467128 ], [ 121.458039369361458, 25.164620715114168 ], [ 121.458695501509411, 25.164019499906015 ], [ 121.459115374500257, 25.163263182762197 ], [ 121.459257891735589, 25.162425799304785 ], [ 121.459109108162011, 25.161589319164506 ], [ 121.458683593198671, 25.160835621953655 ], [ 121.458023002501108, 25.160238482660102 ], [ 121.457191999160557, 25.159856350857382 ], [ 121.456271924079701, 25.159726630238819 ], [ 121.455352835092924, 25.159862018058604 ], [ 121.454829543772576, 25.160106713361788 ], [ 121.454441060656265, 25.159755523833706 ], [ 121.453610071433431, 25.159373371700994 ], [ 121.45269000339691, 25.159243628712964 ], [ 121.451770913691973, 25.15937899431275 ], [ 121.450942763776453, 25.159766218862668 ], [ 121.450286615446373, 25.160367400271063 ], [ 121.449866697198274, 25.161123693294044 ], [ 121.449724117048547, 25.161961068732179 ], [ 121.44980746427494, 25.162429864322622 ], [ 121.449579182468725, 25.162536598115086 ], [ 121.448883948117697, 25.162638976828521 ], [ 121.448055766975415, 25.163026185491635 ], [ 121.447399587104258, 25.163627354278464 ], [ 121.446979640087491, 25.164383639180961 ], [ 121.446837036757401, 25.165221011795289 ], [ 121.446964346773768, 25.165937155497268 ], [ 121.446356491825554, 25.165657594518937 ], [ 121.445436383452076, 25.165527807109992 ], [ 121.444517238008444, 25.165663128326468 ], [ 121.443689022406133, 25.166050312873985 ], [ 121.443032804868253, 25.166651462576308 ], [ 121.442922716476005, 25.166849701629424 ], [ 121.442595045686261, 25.166897937470694 ], [ 121.441766815560413, 25.167285111396417 ], [ 121.441260044874014, 25.167749338295899 ], [ 121.440662402340266, 25.167474449551854 ], [ 121.439742285746831, 25.167344626887964 ], [ 121.438823119852387, 25.167479912988423 ], [ 121.437994873569295, 25.167867065995122 ], [ 121.437338618122268, 25.168468190818722 ], [ 121.436918592489562, 25.169224447755198 ], [ 121.436813132174379, 25.169843388289806 ], [ 121.436694351992145, 25.169826626689034 ], [ 121.435775163863028, 25.169961894114422 ], [ 121.434946891037583, 25.170349030292389 ], [ 121.434290607337473, 25.170950141780761 ], [ 121.433870554505773, 25.171706390181168 ], [ 121.433760764287484, 25.172350634274199 ], [ 121.43364958474389, 25.172299491902329 ], [ 121.432729438573745, 25.172169626117793 ], [ 121.431810228146034, 25.172304869171722 ], [ 121.430981926730212, 25.172691983418453 ], [ 121.430325610945332, 25.173293077562338 ], [ 121.429905525674044, 25.174049314903062 ], [ 121.429898636306433, 25.17408973303036 ], [ 121.429026519618972, 25.173966625452991 ], [ 121.428107291294083, 25.174101845709913 ], [ 121.427278965800554, 25.174488939455074 ] ], [ [ 121.44679135920741, 25.181438275873635 ], [ 121.446596373595639, 25.181262019944164 ], [ 121.446988614967779, 25.181317337860428 ], [ 121.447078327010487, 25.181304130282395 ], [ 121.44679135920741, 25.181438275873635 ] ], [ [ 121.440422568849556, 25.17703153596414 ], [ 121.440422203315734, 25.177031484394689 ], [ 121.44046024853202, 25.176808172416766 ], [ 121.440365443466746, 25.176274765474613 ], [ 121.440444479118582, 25.176132461405633 ], [ 121.441159748078576, 25.176233370336956 ], [ 121.441510043951141, 25.176181810973922 ], [ 121.441114137285467, 25.176366869510929 ], [ 121.440457852534053, 25.176968007884497 ], [ 121.440422568849556, 25.17703153596414 ] ] ], [ [ [ 121.383896716461862, 25.157249047706774 ], [ 121.38472747997325, 25.157631594112413 ], [ 121.385647470464264, 25.157761760481918 ], [ 121.386566627336762, 25.157626804505512 ], [ 121.387394971660015, 25.157239937491397 ], [ 121.388051416018058, 25.156639030815779 ], [ 121.388471703172357, 25.155882907991991 ], [ 121.388614695966169, 25.155045585629082 ], [ 121.388466402786918, 25.154209027391694 ], [ 121.388041345054731, 25.153455120551552 ], [ 121.387381133683022, 25.152857660626065 ], [ 121.386550394651834, 25.152475128575166 ], [ 121.385630443008679, 25.152344967262902 ], [ 121.384711324513077, 25.15247991706736 ], [ 121.383883003437106, 25.1528667690378 ], [ 121.383226558317105, 25.153467657544198 ], [ 121.382806246682577, 25.154223766013249 ], [ 121.382663215040949, 25.15506108331892 ], [ 121.382811469843318, 25.155897647728256 ], [ 121.383236504328195, 25.15665156961207 ], [ 121.383896716461862, 25.157249047706774 ] ] ], [ [ [ 121.414813577115524, 25.161202346467256 ], [ 121.414543640673486, 25.161242032493242 ], [ 121.413715357418923, 25.161629050445661 ], [ 121.413059014159316, 25.162230069263114 ], [ 121.412638858461833, 25.162986259617497 ], [ 121.412496021578036, 25.163823602364289 ], [ 121.412644490899794, 25.164660133274349 ], [ 121.413069738666877, 25.165413965991192 ], [ 121.41373014196283, 25.166011307974948 ], [ 121.414561055795815, 25.166393684648167 ], [ 121.41548114104485, 25.166523664281382 ], [ 121.416400327831241, 25.166388522849676 ], [ 121.417228634296094, 25.166001489821365 ], [ 121.417884976734584, 25.165400452827839 ], [ 121.418305107893161, 25.164644248139833 ], [ 121.418447905893373, 25.163806900376841 ], [ 121.418299398195444, 25.162970375684004 ], [ 121.417874127218056, 25.162216558043049 ], [ 121.41769542447291, 25.162054925056271 ], [ 121.417965361591286, 25.162015233278666 ], [ 121.418149089992809, 25.161929379816247 ], [ 121.418719841640822, 25.162445607830755 ], [ 121.419550746265458, 25.162827956794015 ], [ 121.420470809508544, 25.162957905756265 ], [ 121.421389963646064, 25.162822733696061 ], [ 121.422218230016483, 25.162435673080708 ], [ 121.422874528841533, 25.161834614242306 ], [ 121.423294617138211, 25.161078395589485 ], [ 121.423437377224147, 25.160241043107749 ], [ 121.423288840270288, 25.15940452340298 ], [ 121.422863551557541, 25.158650719967746 ], [ 121.42220314460225, 25.158053418192605 ], [ 121.421372264519775, 25.157671083556078 ], [ 121.420452240155882, 25.157541139601907 ], [ 121.41953312438406, 25.157676305438628 ], [ 121.419349403302675, 25.157762160572943 ], [ 121.418778671143428, 25.157245934412789 ], [ 121.417947806944127, 25.156863580311356 ], [ 121.417027791946722, 25.156733614942123 ], [ 121.416108678108316, 25.15686875950923 ], [ 121.415280429246707, 25.157255786003788 ], [ 121.414624116835711, 25.157856811716499 ], [ 121.414203985423256, 25.158613006643805 ], [ 121.414061163883176, 25.15945035119292 ], [ 121.41420963810431, 25.160286880957816 ], [ 121.414634879845451, 25.161040709693946 ], [ 121.414813577115524, 25.161202346467256 ] ] ], [ [ [ 121.38763665526993, 25.169626724981477 ], [ 121.388467514559295, 25.170009248626929 ], [ 121.389387601740211, 25.170139390384303 ], [ 121.390306846745958, 25.170004410353354 ], [ 121.39113526201541, 25.169617522198159 ], [ 121.39179175318651, 25.169016599365968 ], [ 121.392212058439441, 25.16826046695309 ], [ 121.392355038848933, 25.167423142507928 ], [ 121.392206704018662, 25.166586589898614 ], [ 121.391781579449102, 25.16583269584472 ], [ 121.391121282597567, 25.165235254610419 ], [ 121.390290447810358, 25.164852745324559 ], [ 121.389370399505111, 25.164722608622114 ], [ 121.388451192899353, 25.164857582472496 ], [ 121.387622800886788, 25.165244455572431 ], [ 121.386966308946072, 25.165845360225223 ], [ 121.386545979190998, 25.166601478278487 ], [ 121.386402959905837, 25.167438797668726 ], [ 121.386551256336105, 25.168275356458601 ], [ 121.386976357648749, 25.169029265567772 ], [ 121.38763665526993, 25.169626724981477 ] ] ], [ [ [ 121.414086930798589, 25.184182028733893 ], [ 121.414917969782834, 25.184564400883637 ], [ 121.415838192092593, 25.184694376232763 ], [ 121.416757514427303, 25.184559231175179 ], [ 121.417189352441753, 25.184357480234269 ], [ 121.417713028628526, 25.184598417329731 ], [ 121.418633253890519, 25.184728375253847 ], [ 121.419552573127007, 25.184593212867075 ], [ 121.419819344928513, 25.184468573308838 ], [ 121.420062842159524, 25.184688762407422 ], [ 121.420893902736154, 25.185071100683491 ], [ 121.421814134622224, 25.18520103872709 ], [ 121.422386263351228, 25.185116910211747 ], [ 121.422416123159039, 25.185285041602231 ], [ 121.422841504130048, 25.186038842452142 ], [ 121.423502067083916, 25.186636137125024 ], [ 121.424333151397619, 25.18701845567216 ], [ 121.425253401256342, 25.187148372053155 ], [ 121.426172730661335, 25.187013168435964 ], [ 121.427001143788047, 25.186626080378797 ], [ 121.427657546489371, 25.186025000902838 ], [ 121.42807768561569, 25.185268770439709 ], [ 121.428220438514543, 25.184431416132647 ], [ 121.428071837067904, 25.1835949047661 ], [ 121.427646432876401, 25.182841119014558 ], [ 121.427493619854118, 25.182702947146549 ], [ 121.427772421135074, 25.182201107427581 ], [ 121.427915172883729, 25.181363753088437 ], [ 121.427766577569628, 25.180527240993179 ], [ 121.427341186192194, 25.179773453887805 ], [ 121.426680642319994, 25.179176175561814 ], [ 121.425849604469505, 25.1787938691959 ], [ 121.424929416925025, 25.17866395556505 ], [ 121.424010148526648, 25.178799150809702 ], [ 121.423181778215891, 25.179186221962755 ], [ 121.422525389352728, 25.179787281946503 ], [ 121.422473834001977, 25.17988007425852 ], [ 121.421795487167316, 25.179784289786436 ], [ 121.420876206621003, 25.179919465697257 ], [ 121.420609445756696, 25.180044107095409 ], [ 121.420365956917891, 25.179823918651927 ], [ 121.419534933787617, 25.179441576659652 ], [ 121.418614747448814, 25.179311623751733 ], [ 121.417695466623982, 25.179446779911999 ], [ 121.417263646647754, 25.179648532230807 ], [ 121.416739992626063, 25.179407593101729 ], [ 121.415819809237803, 25.179277622772844 ], [ 121.414900525316426, 25.179412761607963 ], [ 121.414072121321922, 25.179799782159904 ], [ 121.413415683909278, 25.180400802303048 ], [ 121.412995469862167, 25.181156992581691 ], [ 121.412852616147191, 25.181994333860356 ], [ 121.413001111809237, 25.18283086205421 ], [ 121.413426426514945, 25.183584691071903 ], [ 121.414086930798589, 25.184182028733893 ] ] ], [ [ [ 121.427896236133265, 25.187769406288176 ], [ 121.426976903137799, 25.187904620650418 ], [ 121.426148481349713, 25.18829170861947 ], [ 121.425492059167055, 25.188892781472784 ], [ 121.425108151923851, 25.189583743669488 ], [ 121.424793351081249, 25.189871994231936 ], [ 121.424373176191253, 25.190628215371053 ], [ 121.424230390381425, 25.191465565705165 ], [ 121.424378976053362, 25.192302080261019 ], [ 121.424804394064694, 25.193055874279565 ], [ 121.425465004836468, 25.193653159004882 ], [ 121.42629614306432, 25.194035465461159 ], [ 121.426582482305875, 25.194075883617035 ], [ 121.426382222856603, 25.194436307051326 ], [ 121.426239446785232, 25.195273658773292 ], [ 121.426388051180254, 25.19611017064193 ], [ 121.426813495067478, 25.196863958160677 ], [ 121.427474136335277, 25.197461233209246 ], [ 121.428305306693531, 25.197843527758611 ], [ 121.429225641901908, 25.197973418116927 ], [ 121.430145047603503, 25.197838188999864 ], [ 121.430351251084275, 25.197741839447392 ], [ 121.430317123652216, 25.19777308905055 ], [ 121.429896956786294, 25.198529324982459 ], [ 121.429754200477205, 25.199366679381654 ], [ 121.429902834241574, 25.200203186876102 ], [ 121.430328314231218, 25.200956963396546 ], [ 121.430988994800501, 25.201554221898459 ], [ 121.431323927388235, 25.2017082586752 ], [ 121.431303872918534, 25.201744353416238 ], [ 121.431161122856452, 25.202581708732843 ], [ 121.431309770466541, 25.203418214271981 ], [ 121.431735270546142, 25.204171986155412 ], [ 121.43239597548326, 25.204769237792014 ], [ 121.433227210754026, 25.205151503443631 ], [ 121.434147605761538, 25.20528136224711 ], [ 121.434152991025073, 25.205280570042667 ], [ 121.434158606004914, 25.205281362243156 ], [ 121.435078060522883, 25.205146101935458 ], [ 121.435906566464809, 25.204758963695184 ], [ 121.436563020596921, 25.204157845458642 ], [ 121.436983164737782, 25.203401591453726 ], [ 121.43712587574943, 25.202564231128655 ], [ 121.437094232232866, 25.202386207619377 ], [ 121.437455129055678, 25.201736583067568 ], [ 121.43751474380538, 25.201386780953921 ], [ 121.438051337822543, 25.201633532663372 ], [ 121.438971710949389, 25.201763361790032 ], [ 121.439891133301245, 25.201628071919426 ], [ 121.440719599952274, 25.201240907056192 ], [ 121.441376011516553, 25.200639767742956 ], [ 121.4417961139808, 25.199883500270314 ], [ 121.441938788287075, 25.199046135403858 ], [ 121.441790074016012, 25.198209640959377 ], [ 121.441364533815289, 25.197455897951539 ], [ 121.440703825821345, 25.196858685849847 ], [ 121.439872624611908, 25.196476461350429 ], [ 121.43895229045566, 25.196346637214745 ], [ 121.438032906537714, 25.196481920825107 ], [ 121.437204463103427, 25.196869070568052 ], [ 121.43654805067078, 25.197470191676413 ], [ 121.436127923584721, 25.198226444813223 ], [ 121.436068306256118, 25.198576246549383 ], [ 121.435531729619029, 25.198329487310385 ], [ 121.435449084840172, 25.198317827234966 ], [ 121.435133622718027, 25.197758998061339 ], [ 121.43475489008631, 25.197416632971777 ], [ 121.434899862532902, 25.197283876166843 ], [ 121.43531999412032, 25.196527626363977 ], [ 121.435462709281097, 25.195690266822776 ], [ 121.43531404359527, 25.194853764838943 ], [ 121.434888554954185, 25.194100002166618 ], [ 121.434227896448164, 25.193502760201323 ], [ 121.433396737812629, 25.193120498562838 ], [ 121.43255550278657, 25.193001791204363 ], [ 121.43329334312628, 25.192657001245273 ], [ 121.433949746349953, 25.192055894321296 ], [ 121.434369866432917, 25.191299646845128 ], [ 121.434512582589363, 25.190462287625145 ], [ 121.434459916260735, 25.190165922385741 ], [ 121.434494384440114, 25.190103875963281 ], [ 121.434577089366144, 25.190569273944543 ], [ 121.435002563487203, 25.191323038060933 ], [ 121.435663213785006, 25.191920276848645 ], [ 121.436494371083256, 25.19230252582879 ], [ 121.437414672419195, 25.192432365771744 ], [ 121.438334026752486, 25.192297086330065 ], [ 121.439162435818048, 25.191909930486876 ], [ 121.439818805868157, 25.191308797900763 ], [ 121.440238886952656, 25.190552534202734 ], [ 121.440381562104449, 25.189715169788226 ], [ 121.440232870818477, 25.188878672428746 ], [ 121.43980737348987, 25.188124923425011 ], [ 121.439146724057125, 25.18752770283448 ], [ 121.438315591366162, 25.187145468185363 ], [ 121.437395328980529, 25.187015633233315 ], [ 121.436476013062887, 25.187150906419411 ], [ 121.435647627204844, 25.187538047149964 ], [ 121.434991256289706, 25.188139161538892 ], [ 121.434904590225543, 25.188295173505491 ], [ 121.434821885732987, 25.187829775560783 ], [ 121.434396425196354, 25.187076010393056 ], [ 121.43373580749298, 25.186478765127323 ], [ 121.432904698364325, 25.186096499707261 ], [ 121.431984449069034, 25.185966630900012 ], [ 121.431065134489089, 25.186101870459563 ], [ 121.430236738084986, 25.186488981082672 ], [ 121.429580345771271, 25.187090071829605 ], [ 121.429160209921591, 25.187846306334198 ], [ 121.429126839935066, 25.188042051673243 ], [ 121.428816495073846, 25.187899300370251 ], [ 121.427896236133265, 25.187769406288176 ] ], [ [ 121.431203780679922, 25.193290961740729 ], [ 121.430994295331232, 25.193101574155257 ], [ 121.431466475294656, 25.19316820951552 ], [ 121.431203780679922, 25.193290961740729 ] ] ], [ [ [ 121.414901338420421, 25.189133714970282 ], [ 121.415561880131392, 25.189731045128227 ], [ 121.416392961504997, 25.190113408167935 ], [ 121.417313227015484, 25.190243373692478 ], [ 121.418232589131733, 25.190108219057539 ], [ 121.419061048825597, 25.189721175025095 ], [ 121.419717507389237, 25.18912013030619 ], [ 121.420137706202667, 25.188363921930566 ], [ 121.420280516769594, 25.187526574880685 ], [ 121.420131965327315, 25.186690055232358 ], [ 121.419706598583232, 25.185936246472245 ], [ 121.419046057697557, 25.185338934509964 ], [ 121.418215000896453, 25.184956585818004 ], [ 121.417294774319842, 25.184826625312958 ], [ 121.416375450627442, 25.184961773721859 ], [ 121.41554701417077, 25.185348802660869 ], [ 121.414890554781834, 25.185949829184118 ], [ 121.414470331395904, 25.186706023212 ], [ 121.414327481895114, 25.18754336524238 ], [ 121.414475994913545, 25.18837989111675 ], [ 121.414901338420421, 25.189133714970282 ] ] ], [ [ [ 121.419282198969086, 25.199317785765867 ], [ 121.419942817452423, 25.199915094561504 ], [ 121.42077398173808, 25.200297431397299 ], [ 121.421694328181346, 25.200427368440923 ], [ 121.422613761325536, 25.200292185836542 ], [ 121.42344227518717, 25.199905117085223 ], [ 121.424098765755275, 25.199304053319199 ], [ 121.424518971278331, 25.19854783343385 ], [ 121.424661762606092, 25.197710483538707 ], [ 121.424513167862486, 25.196873969987546 ], [ 121.424087737996203, 25.196120175668934 ], [ 121.423427120347014, 25.195522885077313 ], [ 121.422595980654052, 25.195140562592083 ], [ 121.421675673168352, 25.195010630564152 ], [ 121.420756278466229, 25.195145806933542 ], [ 121.419927787847556, 25.195532860580727 ], [ 121.419271296445245, 25.196133906142734 ], [ 121.418851066329566, 25.196890111677515 ], [ 121.41870823604421, 25.197727456556965 ], [ 121.418856792345721, 25.19856397634312 ], [ 121.419282198969086, 25.199317785765867 ] ] ], [ [ [ 121.442833502138654, 25.199297353425337 ], [ 121.443494233720088, 25.199894555497323 ], [ 121.444325469282305, 25.200276758998765 ], [ 121.445245838198318, 25.200406549152053 ], [ 121.446165242809627, 25.200271220484836 ], [ 121.446993679927914, 25.199884020800663 ], [ 121.44765005305976, 25.199282854051347 ], [ 121.448070111955701, 25.19852656921293 ], [ 121.448212741823752, 25.19768919874997 ], [ 121.448063986594605, 25.196852711024718 ], [ 121.447638412924192, 25.196098986392908 ], [ 121.446977682223519, 25.195501802524596 ], [ 121.446146471291314, 25.195119613352404 ], [ 121.44522614134678, 25.19498982818067 ], [ 121.444306775162602, 25.195125150578949 ], [ 121.443478361249277, 25.195512335138208 ], [ 121.442821987236655, 25.19611348368386 ], [ 121.442401903710675, 25.196869754193024 ], [ 121.442259234871173, 25.19770711967443 ], [ 121.442407951673189, 25.198543613668619 ], [ 121.442833502138654, 25.199297353425337 ] ] ], [ [ [ 121.457026348209141, 25.138425261830662 ], [ 121.457029447147931, 25.138442689956548 ], [ 121.45745487204249, 25.139196395429263 ], [ 121.457534186200704, 25.139268105216864 ], [ 121.457134140908437, 25.139988823801414 ], [ 121.456991632597351, 25.140826207580595 ], [ 121.457140374185883, 25.141662692743957 ], [ 121.457565811251712, 25.142416397404755 ], [ 121.458226302334168, 25.143013541554755 ], [ 121.459057193835861, 25.143395669984642 ], [ 121.459977148816009, 25.143525375272603 ], [ 121.460242819139864, 25.143486227613284 ], [ 121.459889841857319, 25.143651319275858 ], [ 121.459233822876186, 25.144252539801606 ], [ 121.458814013681291, 25.145008858286776 ], [ 121.458690424765535, 25.145735104336971 ], [ 121.458270686234201, 25.146119769076186 ], [ 121.457850864866302, 25.146876084815748 ], [ 121.457708354259282, 25.147713468552219 ], [ 121.457857109865927, 25.148549952034244 ], [ 121.458282575893605, 25.149303653539256 ], [ 121.458894509045166, 25.149856858791679 ], [ 121.458716844036843, 25.14988303563949 ], [ 121.457888780297665, 25.150270298321043 ], [ 121.457232716530314, 25.150871510086652 ], [ 121.456812872955638, 25.151627822719682 ], [ 121.456703516986025, 25.152270337342699 ], [ 121.456472114591975, 25.15248238657167 ], [ 121.456052260948269, 25.153238697027952 ], [ 121.455909731384182, 25.154076078593334 ], [ 121.456055128723847, 25.15489369989146 ], [ 121.455978280140286, 25.15534519217595 ], [ 121.456127034117742, 25.156181676572285 ], [ 121.456552516864718, 25.156935382050516 ], [ 121.45721308245173, 25.157532528521131 ], [ 121.458044069988617, 25.157914660545948 ], [ 121.458964133131559, 25.158044370349764 ], [ 121.459883204164555, 25.157908960329721 ], [ 121.460434600170117, 25.157651094658274 ], [ 121.460605216986124, 25.157625955713172 ], [ 121.461433321143375, 25.157238677644369 ], [ 121.462089397523826, 25.156637447594377 ], [ 121.462509224929946, 25.155881120730516 ], [ 121.46265171122495, 25.15504373362521 ], [ 121.462502914382171, 25.154207256265291 ], [ 121.46223256168858, 25.153728392130606 ], [ 121.462479164461143, 25.153284122448749 ], [ 121.462621648250362, 25.152446735119725 ], [ 121.462472855066125, 25.151610257389468 ], [ 121.462047355265184, 25.150856568634062 ], [ 121.461435403059227, 25.150303376754639 ], [ 121.461613068038858, 25.150277196646861 ], [ 121.462441119713446, 25.149889913309771 ], [ 121.463097152399925, 25.149288678830423 ], [ 121.463516949178114, 25.148532348808839 ], [ 121.463640511995123, 25.147806099371088 ], [ 121.464060239110736, 25.147421419660109 ], [ 121.464480023716845, 25.14666508689503 ], [ 121.464622486911381, 25.145827697200151 ], [ 121.464473688926347, 25.144991220815051 ], [ 121.464048200586262, 25.144237536983958 ], [ 121.463387674936385, 25.143640419385978 ], [ 121.462556768699258, 25.143258315472849 ], [ 121.461636813274197, 25.143128626210164 ], [ 121.461371144209863, 25.143167776354026 ], [ 121.461724118060047, 25.143002681199196 ], [ 121.462380118078727, 25.142401449812542 ], [ 121.462799896483872, 25.141645121395083 ], [ 121.46294236593269, 25.140807732669941 ], [ 121.462894276206086, 25.140537361166352 ], [ 121.463659119476432, 25.140179604793314 ], [ 121.464315095021561, 25.139578364960766 ], [ 121.464734852056495, 25.138822031081748 ], [ 121.464877305330319, 25.137984640413478 ], [ 121.46472851604382, 25.13714816329048 ], [ 121.464303054167743, 25.13639447902947 ], [ 121.463642570155415, 25.135797361352324 ], [ 121.462811716653547, 25.135415257719469 ], [ 121.461891819900742, 25.135285569069822 ], [ 121.461837823508134, 25.135293526814383 ], [ 121.461235692042791, 25.134749138728804 ], [ 121.46040485294813, 25.134367021338523 ], [ 121.459484966353401, 25.13423731758073 ], [ 121.458566071649884, 25.134372723060739 ], [ 121.457738111215264, 25.134759984237554 ], [ 121.457082128303867, 25.135361195432715 ], [ 121.456662335221694, 25.136117508483622 ], [ 121.45651982772992, 25.136954892227159 ], [ 121.456668560973114, 25.13779137841113 ], [ 121.457026348209141, 25.138425261830662 ] ] ], [ [ [ 121.458000728263627, 25.170106715114592 ], [ 121.45842627220857, 25.170860412952745 ], [ 121.459086922949112, 25.171457548757598 ], [ 121.459918011259077, 25.171839668133376 ], [ 121.460838180927254, 25.17196936454199 ], [ 121.461757353805993, 25.171833941691681 ], [ 121.462585549400288, 25.171446656607454 ], [ 121.463241694867449, 25.170845421599886 ], [ 121.463661562247637, 25.170089092323259 ], [ 121.463804055494094, 25.169251705587364 ], [ 121.463655231903857, 25.168415231343136 ], [ 121.463229664814847, 25.167661548624544 ], [ 121.462569014985206, 25.167064430999645 ], [ 121.461737951293117, 25.166682325920078 ], [ 121.460817820546595, 25.166552634463294 ], [ 121.459898686026591, 25.166688051029592 ], [ 121.459070513576336, 25.167075320994272 ], [ 121.458414367198316, 25.167676537821887 ], [ 121.457994475200252, 25.168432852802287 ], [ 121.457851943032125, 25.169270234586364 ], [ 121.458000728263627, 25.170106715114592 ] ] ], [ [ [ 121.482487536005152, 25.137559717065351 ], [ 121.482508058610264, 25.137674996998079 ], [ 121.482078463112572, 25.138068859567358 ], [ 121.481658816289809, 25.138825241058413 ], [ 121.48151647689491, 25.139662646105936 ], [ 121.481665383620765, 25.140499104367304 ], [ 121.482090965877788, 25.141252736584171 ], [ 121.482751567987137, 25.141849769836639 ], [ 121.483582525476479, 25.142231759771004 ], [ 121.484502494940358, 25.14236131252564 ], [ 121.485421417835227, 25.142225745876569 ], [ 121.486249338147033, 25.141838330928572 ], [ 121.486905209990397, 25.141236992704314 ], [ 121.48732483219618, 25.140480596958145 ], [ 121.487467132716844, 25.139643187000509 ], [ 121.487446605105092, 25.139527907859804 ], [ 121.487876188120566, 25.13913402998385 ], [ 121.488295797340356, 25.138377631471581 ], [ 121.488438089043598, 25.137540220480801 ], [ 121.488289140248625, 25.136703769330492 ], [ 121.487863536537688, 25.135950154790159 ], [ 121.487202942242462, 25.135353143754042 ], [ 121.486729394192295, 25.135135456910017 ], [ 121.48679438597361, 25.134752990779223 ], [ 121.486645452071713, 25.133916537444108 ], [ 121.486219868334445, 25.133162917603659 ], [ 121.485559297138153, 25.132565898671402 ], [ 121.484728399657556, 25.132183918442344 ], [ 121.484713274953307, 25.132181788411344 ], [ 121.484689648954358, 25.132170926958899 ], [ 121.483769755862838, 25.132041374052616 ], [ 121.482850906980943, 25.132176929534154 ], [ 121.482023040203899, 25.132564325184223 ], [ 121.481367189624066, 25.133165642164006 ], [ 121.48094755460076, 25.133922021955662 ], [ 121.48080521542829, 25.134759426859699 ], [ 121.48095411077631, 25.135595886547495 ], [ 121.481379671167574, 25.136349521621405 ], [ 121.482040243062897, 25.136946558882432 ], [ 121.482551781813356, 25.137181726345098 ], [ 121.482487536005152, 25.137559717065351 ] ] ], [ [ [ 121.473751270166801, 25.186761199756411 ], [ 121.474176969816355, 25.187514848387462 ], [ 121.474837787294859, 25.188111910138478 ], [ 121.475669037050153, 25.188493937860677 ], [ 121.476589347061051, 25.1886235339881 ], [ 121.477508625435917, 25.188488012047866 ], [ 121.477592732633823, 25.188448675637648 ], [ 121.478087569913939, 25.188518351774928 ], [ 121.479006845678697, 25.188382820559301 ], [ 121.479835095999817, 25.187995438967 ], [ 121.480491242678653, 25.187394128759227 ], [ 121.48091105764162, 25.186637752953285 ], [ 121.481053449979825, 25.185800352912914 ], [ 121.48090448687428, 25.18496389988842 ], [ 121.48047875532292, 25.184210270832505 ], [ 121.479817932181561, 25.183613234056608 ], [ 121.478986703288456, 25.1832312290964 ], [ 121.478066431615758, 25.183101647229595 ], [ 121.477224304669122, 25.183225803825337 ], [ 121.476541465313332, 25.183129646636601 ], [ 121.475622225866502, 25.183265162092614 ], [ 121.474793993522411, 25.183652520075015 ], [ 121.474137838147016, 25.184253805436128 ], [ 121.473717988933245, 25.18501016275917 ], [ 121.473575547149693, 25.185847556549795 ], [ 121.473724461524711, 25.186684017570549 ], [ 121.473743543793645, 25.186717800639265 ], [ 121.473751270166801, 25.186761199756411 ] ] ], [ [ [ 121.477555065105065, 25.202048602280229 ], [ 121.478215978477735, 25.202645646381455 ], [ 121.479047337907986, 25.203027652769968 ], [ 121.479967760635375, 25.203157225967153 ], [ 121.480887143730257, 25.203021681744893 ], [ 121.481715486112805, 25.202634289013975 ], [ 121.482371700570539, 25.202032970627574 ], [ 121.48279155239581, 25.201276590405282 ], [ 121.482933947074471, 25.200439190144298 ], [ 121.482784951562948, 25.199602741116653 ], [ 121.482359156035386, 25.198849119882873 ], [ 121.481698243612215, 25.198252093987083 ], [ 121.480866908870695, 25.197870101898225 ], [ 121.479946525140946, 25.197740533632924 ], [ 121.479027180456882, 25.1978760715355 ], [ 121.478198861226673, 25.198263449109046 ], [ 121.477542645819469, 25.198864749290014 ], [ 121.47712276930551, 25.19962111521264 ], [ 121.476980335629193, 25.200458510541743 ], [ 121.477129292729884, 25.201294965889083 ], [ 121.477555065105065, 25.202048602280229 ] ] ], [ [ [ 121.482166524597602, 25.225759797785518 ], [ 121.482827590269565, 25.22635681714177 ], [ 121.483659126098445, 25.226738793782822 ], [ 121.484579732051344, 25.22686833514032 ], [ 121.485499287255806, 25.226732760102934 ], [ 121.4863277737782, 25.226345340599678 ], [ 121.486984090293404, 25.22574400210722 ], [ 121.487403992105115, 25.224987610416061 ], [ 121.487546379811604, 25.224150208447686 ], [ 121.48739732105912, 25.223313767641162 ], [ 121.486971412218793, 25.222560163750448 ], [ 121.486310347506119, 25.221963162619165 ], [ 121.485478836404056, 25.221581200289361 ], [ 121.484558269500752, 25.221451663862993 ], [ 121.483638752753052, 25.22158723256786 ], [ 121.482810289405407, 25.221974636893755 ], [ 121.482153971930941, 25.222575957161244 ], [ 121.481734045392386, 25.223332334541148 ], [ 121.481591618636287, 25.224169731578396 ], [ 121.481740638932024, 25.22500617871744 ], [ 121.482166524597602, 25.225759797785518 ] ] ], [ [ [ 121.473333997429506, 25.19530165375394 ], [ 121.473994853549087, 25.195898718092288 ], [ 121.474826154040883, 25.196280749417877 ], [ 121.475746521915923, 25.196410349811188 ], [ 121.476665859616276, 25.196274832381306 ], [ 121.477494170507185, 25.1958874634153 ], [ 121.478150370459034, 25.195286163438887 ], [ 121.478570226182924, 25.194529794468792 ], [ 121.478712642780906, 25.19369239720065 ], [ 121.478563685061417, 25.19285594261418 ], [ 121.478137939497671, 25.192102307815162 ], [ 121.477477084319077, 25.191505261676742 ], [ 121.476645808500535, 25.191123244650139 ], [ 121.475725479606623, 25.190993649193157 ], [ 121.47480618030589, 25.191129160311174 ], [ 121.473977892565671, 25.191516514128072 ], [ 121.473321691672837, 25.192117795904561 ], [ 121.472901811275705, 25.192874150575676 ], [ 121.472759355696567, 25.193711542907483 ], [ 121.472908275016451, 25.194548003805807 ], [ 121.473333997429506, 25.19530165375394 ] ] ], [ [ [ 121.466989800451174, 25.252580555738792 ], [ 121.467650940567495, 25.253177639820478 ], [ 121.468482614453038, 25.253559698546038 ], [ 121.469403408559401, 25.253689331307601 ], [ 121.470323183589741, 25.253553848042504 ], [ 121.471151900083058, 25.253166511694332 ], [ 121.471808434194841, 25.252565239600635 ], [ 121.472228519924769, 25.251808891055493 ], [ 121.472371039869387, 25.25097150476147 ], [ 121.472222048737223, 25.250135050627385 ], [ 121.471796136289498, 25.249381405713912 ], [ 121.471134997103078, 25.248784339879602 ], [ 121.470303347955152, 25.248402295496913 ], [ 121.46938259294518, 25.248272667695201 ], [ 121.46846285643656, 25.248408144642649 ], [ 121.467634163176257, 25.248795465808794 ], [ 121.466977628134543, 25.249396719655124 ], [ 121.466557517667027, 25.250153053857399 ], [ 121.46641495862599, 25.250990435191564 ], [ 121.466563911236449, 25.251826895643294 ], [ 121.466989800451174, 25.252580555738792 ] ] ], [ [ [ 121.453727061987337, 25.178479338017791 ], [ 121.454387731885902, 25.179076493931198 ], [ 121.455218858060775, 25.179458638782915 ], [ 121.456139080593928, 25.17958836353975 ], [ 121.457058316161053, 25.179452969133809 ], [ 121.457886578128097, 25.179065709805055 ], [ 121.45854278715295, 25.1784644953431 ], [ 121.458962709053012, 25.177708179391981 ], [ 121.459105242445062, 25.176870797458403 ], [ 121.458956440698259, 25.17603431902447 ], [ 121.458530875015015, 25.175280623534949 ], [ 121.457870206018214, 25.174683485807854 ], [ 121.457039104463661, 25.174301355261683 ], [ 121.456118920865208, 25.174171635465388 ], [ 121.455199723675477, 25.174307023592114 ], [ 121.454371484869611, 25.174694267800337 ], [ 121.453715274942979, 25.17529546407598 ], [ 121.453295328422598, 25.17605176572156 ], [ 121.453152756095861, 25.176889142694591 ], [ 121.453301519465285, 25.177725627407739 ], [ 121.453727061987337, 25.178479338017791 ] ] ], [ [ [ 121.451825977683185, 25.188825276602969 ], [ 121.452486695099836, 25.189422439524783 ], [ 121.452489861770857, 25.189423895468511 ], [ 121.452551191697538, 25.189479325606282 ], [ 121.453382383440541, 25.189861479334205 ], [ 121.454136870583, 25.189967840131384 ], [ 121.454217234589805, 25.190419647473359 ], [ 121.454642828112227, 25.191173353466926 ], [ 121.455303571910662, 25.19177050325116 ], [ 121.45613478765074, 25.192152641059483 ], [ 121.457055106644674, 25.192282358547097 ], [ 121.457974436122043, 25.19214695735738 ], [ 121.458802780252597, 25.191759692395021 ], [ 121.459459051649432, 25.191158474002403 ], [ 121.459879010024864, 25.1904021562098 ], [ 121.460021550427697, 25.189564774705282 ], [ 121.459872725544685, 25.188728298929203 ], [ 121.459447108846604, 25.187974608065488 ], [ 121.458786365952093, 25.187377476478051 ], [ 121.457955174850213, 25.186995352982883 ], [ 121.457200703074534, 25.18688901140537 ], [ 121.457120330627248, 25.186437205590792 ], [ 121.456694738929372, 25.18568350622629 ], [ 121.456034021790003, 25.185086361800657 ], [ 121.456030855191102, 25.185084905930957 ], [ 121.455969525947864, 25.185029477194057 ], [ 121.455138359419735, 25.184647337406808 ], [ 121.454218099754371, 25.184517607031559 ], [ 121.45329882284743, 25.184652984276251 ], [ 121.452470508474136, 25.185040218364531 ], [ 121.451814234524605, 25.1856414062737 ], [ 121.451394241792457, 25.186397702126467 ], [ 121.451251645589991, 25.187235076448594 ], [ 121.451400409759813, 25.188071561913016 ], [ 121.451825977683185, 25.188825276602969 ] ] ], [ [ [ 121.45546462874546, 25.202016367308495 ], [ 121.456125435898812, 25.202613511674407 ], [ 121.456956728312647, 25.202995643238257 ], [ 121.457877129791569, 25.203125354265545 ], [ 121.458796539487722, 25.202989947031828 ], [ 121.459624953715362, 25.202602677034005 ], [ 121.460281278224258, 25.202001455108483 ], [ 121.460701267528009, 25.201245135632647 ], [ 121.460843813650115, 25.200407754460244 ], [ 121.46069496872083, 25.199571280999329 ], [ 121.46026930817618, 25.198817594206659 ], [ 121.459608501928628, 25.198220468046486 ], [ 121.458777234168394, 25.197838350802268 ], [ 121.457856871674039, 25.197708644738896 ], [ 121.456937500402645, 25.197844045684757 ], [ 121.45610910936297, 25.198231300544716 ], [ 121.45545278394826, 25.198832504264502 ], [ 121.455032769990922, 25.1995888094207 ], [ 121.454890184884249, 25.20042618562919 ], [ 121.45503899138879, 25.201262665377953 ], [ 121.45546462874546, 25.202016367308495 ] ] ], [ [ [ 121.448444414878352, 25.216670689917812 ], [ 121.448301766634415, 25.21750805874391 ], [ 121.448450550940009, 25.218344543532819 ], [ 121.448876209214603, 25.219098262433405 ], [ 121.449537078359768, 25.219695434037291 ], [ 121.450086642926195, 25.219948054257699 ], [ 121.450139085105803, 25.219995440952214 ], [ 121.450970478398162, 25.220377603898047 ], [ 121.451891005226258, 25.220507350155568 ], [ 121.45281055246754, 25.220371978549935 ], [ 121.453639102966733, 25.219984741089885 ], [ 121.454295549129924, 25.219383545427757 ], [ 121.454715633560767, 25.218627243372126 ], [ 121.454858238972861, 25.217789869073936 ], [ 121.45470941169738, 25.216953391270213 ], [ 121.454283725447922, 25.216199689343384 ], [ 121.454272819323663, 25.216189834873727 ], [ 121.454345189904515, 25.215764880088102 ], [ 121.454196368825095, 25.214928401456227 ], [ 121.453770692967524, 25.214174697704109 ], [ 121.453109833747433, 25.21357754445545 ], [ 121.452278480542148, 25.21319539264352 ], [ 121.451358008492818, 25.213065647914632 ], [ 121.450438514276541, 25.213201009880148 ], [ 121.449609998931678, 25.213588229259837 ], [ 121.448953560015156, 25.214189404473142 ], [ 121.448533454467878, 25.214945690888857 ], [ 121.448390808650018, 25.21578305995962 ], [ 121.448523398190446, 25.216528504820072 ], [ 121.448444414878352, 25.216670689917812 ] ] ], [ [ [ 121.447379259046656, 25.228077557486952 ], [ 121.447640009275887, 25.22853924307946 ], [ 121.448300924263918, 25.229136418832095 ], [ 121.449132374608538, 25.22951859086994 ], [ 121.449502232178929, 25.2295707225739 ], [ 121.449522940137257, 25.229589432889856 ], [ 121.450354397291562, 25.229971597933499 ], [ 121.45127499592391, 25.2301013468707 ], [ 121.452194615880188, 25.229965978263806 ], [ 121.453023232884533, 25.229578743828288 ], [ 121.45367973283112, 25.228977550921222 ], [ 121.454099853058736, 25.228221251082648 ], [ 121.454242472778645, 25.227383878247483 ], [ 121.454093636924171, 25.226547401009981 ], [ 121.453667920051615, 25.225793698696947 ], [ 121.453006997593519, 25.225196546790109 ], [ 121.452175565117344, 25.224814396090025 ], [ 121.451937109279996, 25.224780788628067 ], [ 121.451791920419225, 25.224523728931349 ], [ 121.451131013949038, 25.223926568310688 ], [ 121.450299595859505, 25.223544406790982 ], [ 121.449379047641543, 25.223414650967573 ], [ 121.448459473425331, 25.22355000153706 ], [ 121.447630882076993, 25.223937210334711 ], [ 121.446974378590866, 25.22453837681654 ], [ 121.44655422622786, 25.225294657207293 ], [ 121.446411555932272, 25.226132023550569 ], [ 121.446560338810428, 25.226968509302697 ], [ 121.446986016424177, 25.227722232518307 ], [ 121.447379259046656, 25.228077557486952 ] ] ], [ [ [ 121.452428945772937, 25.235096320460805 ], [ 121.452826076487611, 25.235455106885293 ], [ 121.452416701604633, 25.236192003076493 ], [ 121.452274060084704, 25.237029373470673 ], [ 121.452422897485292, 25.237865851353853 ], [ 121.452848650033872, 25.238619555549327 ], [ 121.453509645406385, 25.239216706085834 ], [ 121.454341180642999, 25.239598847117588 ], [ 121.455261855773031, 25.239728569979523 ], [ 121.456181543151146, 25.239593175786915 ], [ 121.457010211899203, 25.239205918760891 ], [ 121.457666742845547, 25.238604708471271 ], [ 121.458086870295674, 25.237848398160761 ], [ 121.458229472756557, 25.237011022789709 ], [ 121.458080596854103, 25.236174551200154 ], [ 121.45765482106728, 25.23542086216484 ], [ 121.457257676510437, 25.23506208891413 ], [ 121.457667018312605, 25.234325179657514 ], [ 121.457809619955512, 25.233487804311 ], [ 121.457660751619045, 25.232651331800319 ], [ 121.457234991040465, 25.23189764098861 ], [ 121.456574017930819, 25.231300506230742 ], [ 121.455742532814753, 25.230918376647921 ], [ 121.454821923741633, 25.230788655709272 ], [ 121.453902300795932, 25.230924040697492 ], [ 121.453073677612096, 25.231311280080099 ], [ 121.452417162300648, 25.231912470320619 ], [ 121.451997019281634, 25.232668765318977 ], [ 121.451854378587228, 25.233506135688895 ], [ 121.452003208428863, 25.23434261449167 ], [ 121.452428945772937, 25.235096320460805 ] ] ], [ [ [ 121.543137481061393, 25.093177811721674 ], [ 121.54290666928739, 25.093594449877674 ], [ 121.542764794819959, 25.094431911298773 ], [ 121.542914056524324, 25.095268307326265 ], [ 121.54333984904433, 25.096021764782826 ], [ 121.544000496097127, 25.096618527851977 ], [ 121.544831328793975, 25.097000178632904 ], [ 121.545751015939558, 25.097129356474806 ], [ 121.546669526633863, 25.096993415867008 ], [ 121.547171726515785, 25.096758071891468 ], [ 121.54802106578029, 25.096877355537927 ], [ 121.54893957180262, 25.096741400943355 ], [ 121.549766981305126, 25.096353637081737 ], [ 121.550422298426668, 25.095752023133464 ], [ 121.550841376315788, 25.094995451837171 ], [ 121.550983196212357, 25.094157983674908 ], [ 121.550833881310737, 25.093321596547582 ], [ 121.550408053012148, 25.092568160946509 ], [ 121.549747397610318, 25.091971426246406 ], [ 121.548916584504823, 25.091589802424597 ], [ 121.548508297483025, 25.091532461773646 ], [ 121.548503058330056, 25.091523191453682 ], [ 121.547842417709973, 25.090926447934798 ], [ 121.547011617418519, 25.090544813171931 ], [ 121.546091978475033, 25.090415642222816 ], [ 121.545173516034637, 25.0905515785571 ], [ 121.54434613018266, 25.090939316686192 ], [ 121.54369080795685, 25.091540904250852 ], [ 121.543271697014845, 25.092297456241489 ], [ 121.543129826356605, 25.093134918090609 ], [ 121.543137481061393, 25.093177811721674 ] ] ], [ [ [ 121.536690305414865, 25.133045819348325 ], [ 121.536681119522044, 25.133062393666073 ], [ 121.536673353058404, 25.133063542295659 ], [ 121.535845655915494, 25.133451235991881 ], [ 121.535190068804241, 25.13405278701449 ], [ 121.534770765308934, 25.134809313935886 ], [ 121.534628793283844, 25.135646764647632 ], [ 121.534778055464486, 25.136483164326105 ], [ 121.535203946460825, 25.137236639436725 ], [ 121.535864780359603, 25.137833432432018 ], [ 121.536074275641241, 25.137929646869015 ], [ 121.536442784916446, 25.138262439019588 ], [ 121.536519475548602, 25.138297660103859 ], [ 121.537009788597615, 25.13874044547833 ], [ 121.53784088785072, 25.139122128893202 ], [ 121.538760884729882, 25.139251344230022 ], [ 121.538795662802343, 25.139246200416657 ], [ 121.539574201817942, 25.139603732347201 ], [ 121.539664439567431, 25.139616405541361 ], [ 121.540142931515177, 25.13983614203914 ], [ 121.541062935896605, 25.139965342939004 ], [ 121.541981771663757, 25.13982942670313 ], [ 121.542809491336953, 25.139441698667756 ], [ 121.543465068684142, 25.138840114509598 ], [ 121.54369680938585, 25.138421944714732 ], [ 121.543959031657749, 25.138885779535986 ], [ 121.544619916369854, 25.139482532490803 ], [ 121.545451043493912, 25.139864172697667 ], [ 121.546371053005984, 25.139993340536897 ], [ 121.547289882437838, 25.139857391475537 ], [ 121.547877582427631, 25.139582069812178 ], [ 121.548187102292246, 25.139724188526102 ], [ 121.549107113285046, 25.139853339346061 ], [ 121.550025938295917, 25.139717373382048 ], [ 121.550853630898828, 25.139329600839687 ], [ 121.551509167513416, 25.138727981753323 ], [ 121.551928379803201, 25.137971409369591 ], [ 121.552070235860157, 25.137133944280887 ], [ 121.551920855351767, 25.136297564088558 ], [ 121.551494866113671, 25.135544138603265 ], [ 121.550833970200912, 25.134947416205286 ], [ 121.550002860555409, 25.134565805662678 ], [ 121.549082888469513, 25.134436659658547 ], [ 121.548164101695377, 25.134572619219817 ], [ 121.547894876216489, 25.134698750222586 ], [ 121.547505000478722, 25.134519726504305 ], [ 121.546683835037825, 25.134404437077894 ], [ 121.546635844426788, 25.134135664861624 ], [ 121.546329071161409, 25.133593029284469 ], [ 121.546419671027763, 25.13360574981537 ], [ 121.547338452740917, 25.133469801142599 ], [ 121.548166112424511, 25.133082043856785 ], [ 121.548821629721019, 25.132480436497911 ], [ 121.549240838184161, 25.13172387116391 ], [ 121.54938270627872, 25.130886407756879 ], [ 121.549233352491854, 25.130050023713878 ], [ 121.548807402041874, 25.129296589223259 ], [ 121.548146553186513, 25.128699853547765 ], [ 121.547315494262136, 25.128318226755859 ], [ 121.546395571597898, 25.128189063121482 ], [ 121.545476828110353, 25.128325005396999 ], [ 121.544649191384693, 25.128712747513699 ], [ 121.543993673009297, 25.129314336725656 ], [ 121.543574439842558, 25.130070887866459 ], [ 121.543432532855604, 25.130908346455325 ], [ 121.543581848416864, 25.131744736895573 ], [ 121.543888604874539, 25.132287378576411 ], [ 121.543798006214473, 25.132274656474976 ], [ 121.543014809485911, 25.1323905253319 ], [ 121.542494215149674, 25.132151451421763 ], [ 121.54248436968831, 25.132150068802485 ], [ 121.542479246289886, 25.132147715956396 ], [ 121.541559299337749, 25.132018522762486 ], [ 121.540640521328442, 25.132154435553915 ], [ 121.540637699790622, 25.132155757280433 ], [ 121.540124050850253, 25.13191986212534 ], [ 121.539204107793665, 25.131790654236415 ], [ 121.538285328584379, 25.131926552444277 ], [ 121.537457644302606, 25.13231425499254 ], [ 121.536802071189584, 25.132915813007941 ], [ 121.536771114424425, 25.132971669164288 ], [ 121.536690305414865, 25.133045819348325 ] ] ], [ [ [ 121.543582755883051, 25.151511659626156 ], [ 121.543732100367976, 25.152348047162615 ], [ 121.544158102832881, 25.153101493090801 ], [ 121.544561056574381, 25.15346530009591 ], [ 121.544247562311199, 25.153752947230529 ], [ 121.543828250293316, 25.154509497978239 ], [ 121.543686320156667, 25.155346954504513 ], [ 121.543835670542961, 25.156183341415385 ], [ 121.544261687432922, 25.156936786423483 ], [ 121.544922672591412, 25.157533534924958 ], [ 121.545753924033036, 25.157915170437807 ], [ 121.546196175566664, 25.157977251253758 ], [ 121.546781943467593, 25.158246176304637 ], [ 121.547702092438968, 25.158375333212959 ], [ 121.548621057469433, 25.158239373932901 ], [ 121.549448878421401, 25.157851608016209 ], [ 121.550104519147183, 25.157249994850268 ], [ 121.550523801118857, 25.156493427104351 ], [ 121.550665685610497, 25.155655964918797 ], [ 121.550516289511648, 25.154819585611722 ], [ 121.550090242189469, 25.154066158906716 ], [ 121.549865898258943, 25.153863627937916 ], [ 121.550584062444869, 25.153757363019778 ], [ 121.551411847010854, 25.153369586513275 ], [ 121.552067454427174, 25.1527679648636 ], [ 121.552486709427058, 25.152011391569925 ], [ 121.552628575924359, 25.151173927314979 ], [ 121.552479172568837, 25.150337549618875 ], [ 121.552053129436587, 25.14958412804728 ], [ 121.551527991092371, 25.149110042854243 ], [ 121.551590517448204, 25.148740949164758 ], [ 121.551441124449482, 25.147904569977481 ], [ 121.551015096383168, 25.147151144921867 ], [ 121.550354139107256, 25.146554422335122 ], [ 121.549522951570452, 25.146172811002405 ], [ 121.548602892687541, 25.146043663683002 ], [ 121.547684018703677, 25.14617962153207 ], [ 121.54685626997292, 25.146567376957577 ], [ 121.546200669044879, 25.147168975912809 ], [ 121.545781390859389, 25.1479255322797 ], [ 121.545639480798201, 25.148762991067304 ], [ 121.545666472571455, 25.148914145739198 ], [ 121.545630756470246, 25.148919429616139 ], [ 121.544802982713037, 25.1493071738441 ], [ 121.544147357168583, 25.14990876390419 ], [ 121.543728057185874, 25.150665314549379 ], [ 121.543727373676901, 25.150669347702596 ], [ 121.54372468282078, 25.150674202829869 ], [ 121.543582755883051, 25.151511659626156 ] ] ], [ [ [ 121.544495283070262, 25.178034792555437 ], [ 121.544723491826645, 25.178240786205006 ], [ 121.544438670654031, 25.178502073286626 ], [ 121.544019278264471, 25.179258623455226 ], [ 121.543877324198448, 25.180096077835277 ], [ 121.544026709447337, 25.180932461243739 ], [ 121.544452816586471, 25.181685901735108 ], [ 121.545113938550855, 25.182282645145293 ], [ 121.545945359963468, 25.182664275487767 ], [ 121.546865691985303, 25.18279343410445 ], [ 121.547784840566038, 25.182657477363769 ], [ 121.548612827593715, 25.182269714569625 ], [ 121.549268600659389, 25.181668104805969 ], [ 121.549687968280722, 25.180911540411895 ], [ 121.549829883352103, 25.180074081202068 ], [ 121.549680459776809, 25.179237704204358 ], [ 121.549254329618876, 25.178484278915544 ], [ 121.549026112926441, 25.178278292395472 ], [ 121.549310923627829, 25.17801699665015 ], [ 121.549730278949937, 25.177260431980109 ], [ 121.549872190012309, 25.176422972394825 ], [ 121.5497227711096, 25.175586594958769 ], [ 121.549296653847321, 25.174833169211777 ], [ 121.548635552819988, 25.174236443556293 ], [ 121.547804181047951, 25.173854827074617 ], [ 121.546883915475604, 25.173725673027214 ], [ 121.54596483257221, 25.1738616232265 ], [ 121.545136893134156, 25.174249370829912 ], [ 121.544481138373428, 25.174850962558875 ], [ 121.544061758287768, 25.175607513005904 ], [ 121.5439198082383, 25.176444967762393 ], [ 121.544069188822164, 25.177281351608293 ], [ 121.544495283070262, 25.178034792555437 ] ] ], [ [ [ 121.542122540461264, 25.289296073781522 ], [ 121.542272062289328, 25.290132444638278 ], [ 121.542698553134613, 25.290885872947573 ], [ 121.543360268392206, 25.29148260572757 ], [ 121.544192434609343, 25.291864228019463 ], [ 121.545113590020634, 25.291993381942682 ], [ 121.546033559944519, 25.291857424320842 ], [ 121.546376206498394, 25.291697101301118 ], [ 121.546537087238079, 25.291673324533534 ], [ 121.547365810233416, 25.291285561969538 ], [ 121.548022163839875, 25.290683956646394 ], [ 121.548441899747772, 25.289927400481336 ], [ 121.548583934821011, 25.289089952493978 ], [ 121.548434371248348, 25.288253588617764 ], [ 121.548007854829748, 25.287500177061272 ], [ 121.547346139252198, 25.286903464827272 ], [ 121.5465139976925, 25.286521859671048 ], [ 121.545592882426575, 25.28639271373363 ], [ 121.544672953064506, 25.286528668029327 ], [ 121.544330318578702, 25.286688987000112 ], [ 121.544169443917184, 25.2867127612747 ], [ 121.543340741182334, 25.287100505773246 ], [ 121.542684382992164, 25.287702090621185 ], [ 121.54226461841229, 25.288458631097861 ], [ 121.542122540461264, 25.289296073781522 ] ] ], [ [ [ 121.525994799711711, 25.135440117272172 ], [ 121.525339153053551, 25.136041625510128 ], [ 121.524919781762009, 25.136798125452753 ], [ 121.524777740325959, 25.137635567633964 ], [ 121.524926938275073, 25.138471978067233 ], [ 121.525310666426563, 25.13915097050365 ], [ 121.524803088599811, 25.139616618565348 ], [ 121.52438370219302, 25.140373116878077 ], [ 121.524241653429257, 25.141210558268945 ], [ 121.524256671936655, 25.14129475260285 ], [ 121.5239570603445, 25.141569605640953 ], [ 121.523941521684236, 25.141597633928363 ], [ 121.523682551188784, 25.141363727313266 ], [ 121.522851479082547, 25.140981964117344 ], [ 121.521931484002053, 25.140852649953299 ], [ 121.521012615950781, 25.14098844230292 ], [ 121.520184814701153, 25.141376049768731 ], [ 121.519529107938482, 25.141977532783546 ], [ 121.519109680954969, 25.142734016577794 ], [ 121.518967593690775, 25.143571453267406 ], [ 121.519116760162788, 25.144407869404827 ], [ 121.51954258435336, 25.145161389847285 ], [ 121.520203386893655, 25.145758252611099 ], [ 121.52103448368122, 25.146140030030804 ], [ 121.521954517666032, 25.146269349051636 ], [ 121.522873423984464, 25.146133550336689 ], [ 121.523701248247335, 25.14574592771476 ], [ 121.524098097038362, 25.145381885863749 ], [ 121.524153767347684, 25.145693965277989 ], [ 121.524579626799067, 25.146447470540714 ], [ 121.525240460446597, 25.147044310224278 ], [ 121.526071581141395, 25.147426058922335 ], [ 121.52699162949186, 25.147555346392092 ], [ 121.527910539227349, 25.147419516386108 ], [ 121.528738355624299, 25.147031865797231 ], [ 121.529394042977984, 25.146430342720123 ], [ 121.529813418190415, 25.145673831004327 ], [ 121.529955433401966, 25.144836385307215 ], [ 121.529856184667679, 25.144280157476327 ], [ 121.530550568320152, 25.144177500421666 ], [ 121.53137835442125, 25.143789835403055 ], [ 121.532034011598057, 25.143188300872698 ], [ 121.532453359707205, 25.142431781800855 ], [ 121.532595353542149, 25.141594333564338 ], [ 121.532535237411196, 25.141257452067133 ], [ 121.532578903499157, 25.141217389265137 ], [ 121.53299824172673, 25.140460868616088 ], [ 121.533140229820546, 25.139623419733976 ], [ 121.532990974522605, 25.138787018637686 ], [ 121.532565091414469, 25.138033537187894 ], [ 121.531904272167239, 25.137436729245202 ], [ 121.531073202223581, 25.137055011951038 ], [ 121.530617016758129, 25.136990915035131 ], [ 121.530579021787304, 25.136777968566282 ], [ 121.530153160557745, 25.136024479623561 ], [ 121.529492363828666, 25.13542766039382 ], [ 121.528661314839141, 25.135045929123567 ], [ 121.527741358948802, 25.134916650310775 ], [ 121.52682254232613, 25.135052477978192 ], [ 121.525994799711711, 25.135440117272172 ] ] ], [ [ [ 121.52766806046678, 25.260335064836838 ], [ 121.528329534907115, 25.260931871375512 ], [ 121.529161445530008, 25.261313584172832 ], [ 121.530082355598324, 25.26144283648987 ], [ 121.531002114456754, 25.261306975516774 ], [ 121.531830684230528, 25.260919301182511 ], [ 121.532486955449656, 25.260317763917399 ], [ 121.532906687864582, 25.259561248973139 ], [ 121.533048798671999, 25.2587238113335 ], [ 121.53289938263697, 25.25788742592114 ], [ 121.532473071109976, 25.257133963057072 ], [ 121.531811597719965, 25.256537174771232 ], [ 121.530979711941185, 25.256155476266926 ], [ 121.530058841021116, 25.256026228823618 ], [ 121.529139120661796, 25.256162083389597 ], [ 121.528310574032645, 25.256549742483156 ], [ 121.527654301763221, 25.257151261495437 ], [ 121.527234544504196, 25.257907762146683 ], [ 121.527092394548518, 25.258745194912574 ], [ 121.527241772084437, 25.259581586732065 ], [ 121.52766806046678, 25.260335064836838 ] ] ], [ [ [ 121.538287492701599, 25.156083611150198 ], [ 121.538948444651098, 25.156680386948079 ], [ 121.539032593435991, 25.156719025330766 ], [ 121.538372265289453, 25.157028279257087 ], [ 121.537716567135547, 25.157629841434638 ], [ 121.537297201693605, 25.158386374184609 ], [ 121.537155222886653, 25.159223824829954 ], [ 121.537304534121162, 25.160060218553848 ], [ 121.537730525212041, 25.160813682403194 ], [ 121.538124006082114, 25.161168947224176 ], [ 121.537760118822945, 25.161825384797368 ], [ 121.53761813967354, 25.162662835512961 ], [ 121.537767458711301, 25.163499228261788 ], [ 121.538193464988296, 25.164252690186004 ], [ 121.538854461310876, 25.164849465025927 ], [ 121.539115976168063, 25.164969535611995 ], [ 121.538448142629704, 25.165282284570711 ], [ 121.537803447731321, 25.165873713670802 ], [ 121.537012153733116, 25.166244267596547 ], [ 121.536356400411691, 25.166845823929961 ], [ 121.535936996117826, 25.167602352548776 ], [ 121.535794998578965, 25.168439801181353 ], [ 121.535944313037817, 25.169276195208511 ], [ 121.536370328996469, 25.170029661647398 ], [ 121.537031348315068, 25.170626443796124 ], [ 121.537862665666594, 25.171008121877502 ], [ 121.538782902402261, 25.171137332560516 ], [ 121.539701973803105, 25.171001427115698 ], [ 121.539852465924895, 25.17093095307138 ], [ 121.540369986557991, 25.170854422751084 ], [ 121.541197918898305, 25.17046670176655 ], [ 121.541853667045316, 25.16986512435151 ], [ 121.541978248178509, 25.16964038334768 ], [ 121.542621660447068, 25.169050112099363 ], [ 121.543041027885636, 25.168293565291933 ], [ 121.543182975640519, 25.167456110517616 ], [ 121.543033614411385, 25.166619724371031 ], [ 121.542607570156335, 25.165866277246366 ], [ 121.54194655032326, 25.16526951964034 ], [ 121.541685032149019, 25.165149454116023 ], [ 121.542352856421331, 25.164836690699278 ], [ 121.543008569243398, 25.164235108309612 ], [ 121.543427918403268, 25.163478560231365 ], [ 121.543569858597877, 25.162641104681274 ], [ 121.543420501265558, 25.161804718329609 ], [ 121.542994471981515, 25.161051271590747 ], [ 121.542600977647169, 25.160696019936267 ], [ 121.542964835526874, 25.160039570853204 ], [ 121.54310677538642, 25.159202115373539 ], [ 121.542957425864145, 25.158365728045251 ], [ 121.542531411769758, 25.157612279378526 ], [ 121.541870437597396, 25.157015520021837 ], [ 121.54178628774568, 25.156976883271621 ], [ 121.542446606704857, 25.156667614266851 ], [ 121.543102276191988, 25.15606603153859 ], [ 121.543521597855118, 25.155309482840813 ], [ 121.543663529081286, 25.154472026450097 ], [ 121.54351418218431, 25.153635639118711 ], [ 121.543088181715547, 25.152882191357197 ], [ 121.542427230834306, 25.152285433725812 ], [ 121.541596027865594, 25.151903778439426 ], [ 121.540675933235477, 25.151774582558254 ], [ 121.539757006687282, 25.151910491989206 ], [ 121.538929193718062, 25.15229820387831 ], [ 121.53827352316263, 25.15289976844009 ], [ 121.537854176774303, 25.153656302923807 ], [ 121.537712206610209, 25.154493754482196 ], [ 121.537861515229494, 25.155330148208748 ], [ 121.538287492701599, 25.156083611150198 ] ] ], [ [ [ 121.531290881055284, 25.150164150036776 ], [ 121.531951767128035, 25.150760958620793 ], [ 121.532782933362355, 25.151142668716556 ], [ 121.533158447127349, 25.151195418329532 ], [ 121.533339749662147, 25.151516143983997 ], [ 121.534000652932576, 25.152112943033721 ], [ 121.534831834555504, 25.152494641306152 ], [ 121.535751929172349, 25.152623873495166 ], [ 121.536670865981421, 25.152487988766197 ], [ 121.53749868760822, 25.15210028937074 ], [ 121.538154357837286, 25.15149872818257 ], [ 121.53857369524934, 25.150742192782371 ], [ 121.53871565568781, 25.149904740145271 ], [ 121.538566348605329, 25.149068346656957 ], [ 121.538140394654974, 25.148314883431837 ], [ 121.537479492442912, 25.147718102544911 ], [ 121.536648335531424, 25.147336418487996 ], [ 121.536272832284581, 25.147283677525873 ], [ 121.536091528628319, 25.146962955302616 ], [ 121.535430643609857, 25.146366164880316 ], [ 121.534599502081974, 25.145984469001018 ], [ 121.533679458459218, 25.14585522869811 ], [ 121.532760567494208, 25.145991094225561 ], [ 121.531932771201994, 25.146378767025368 ], [ 121.531277096784422, 25.146980301136896 ], [ 121.530857726370812, 25.147736816789454 ], [ 121.530715714367446, 25.148574262979416 ], [ 121.530864967426595, 25.149410665327032 ], [ 121.531290881055284, 25.150164150036776 ] ] ], [ [ [ 121.532982877570404, 25.294128620604443 ], [ 121.533644564051784, 25.294725397200779 ], [ 121.534476723281458, 25.295107074276203 ], [ 121.535397894179582, 25.295236288586008 ], [ 121.536317900548468, 25.295100391040616 ], [ 121.537146680275924, 25.294712685151318 ], [ 121.537803103335392, 25.294111124441148 ], [ 121.538222914615787, 25.293354596460723 ], [ 121.538365023601344, 25.292517157472407 ], [ 121.538215525245903, 25.291680782530978 ], [ 121.537789058967462, 25.290927340930114 ], [ 121.537127373547946, 25.290330582614487 ], [ 121.536295239214894, 25.289948919849753 ], [ 121.53537410753853, 25.28981971041442 ], [ 121.534454139735104, 25.289955601536178 ], [ 121.533625383186163, 25.290343292157345 ], [ 121.532968959064874, 25.29094483458681 ], [ 121.532549122887858, 25.291701348256542 ], [ 121.532406974680569, 25.292538782370393 ], [ 121.532556434470521, 25.293375163735462 ], [ 121.532982877570404, 25.294128620604443 ] ] ], [ [ [ 121.519461936130455, 25.18939193711142 ], [ 121.519628672086725, 25.189542483459885 ], [ 121.519770593348767, 25.18979352221324 ], [ 121.520431641779368, 25.190390376508709 ], [ 121.521263044555909, 25.190772145495004 ], [ 121.522183414667651, 25.190901456938676 ], [ 121.523102654335432, 25.190765652243005 ], [ 121.523930776526484, 25.190378025823918 ], [ 121.524586715594012, 25.189776523413723 ], [ 121.525006263799327, 25.189020026844013 ], [ 121.525050246153853, 25.188760813350303 ], [ 121.525274613276551, 25.188792332056007 ], [ 121.526193833359144, 25.188656508424444 ], [ 121.527021931299814, 25.188268864979914 ], [ 121.52767784382668, 25.18766734912148 ], [ 121.528097365799894, 25.186910843996895 ], [ 121.528239435001083, 25.186073403622444 ], [ 121.528090150246229, 25.185237003186927 ], [ 121.527664130014273, 25.184483514485589 ], [ 121.527003079408402, 25.183886692085064 ], [ 121.526171706519435, 25.183504954536545 ], [ 121.525251388404115, 25.183375666947661 ], [ 121.524332206674003, 25.183511484198007 ], [ 121.52350413179451, 25.183899112454931 ], [ 121.522848218228944, 25.184500610120512 ], [ 121.522523249779695, 25.185086566437075 ], [ 121.521947460589601, 25.185005666110527 ], [ 121.521028262603807, 25.185141463061381 ], [ 121.520200165994581, 25.185529073086752 ], [ 121.520127310874372, 25.185595880281621 ], [ 121.520104374311003, 25.185606616157251 ], [ 121.519448434781225, 25.186208099026807 ], [ 121.519028861240955, 25.186964580517337 ], [ 121.518886727984537, 25.187802012974437 ], [ 121.519035953543906, 25.188638423366466 ], [ 121.519461936130455, 25.18939193711142 ] ] ], [ [ [ 121.523263335764796, 25.226002048402421 ], [ 121.523924599964516, 25.226598880764037 ], [ 121.524756261481059, 25.226980624124181 ], [ 121.525676907968929, 25.227109908754894 ], [ 121.52659641458439, 25.226974078683522 ], [ 121.527424768153637, 25.22658643081202 ], [ 121.528080880375413, 25.225984912976489 ], [ 121.528500526562524, 25.22522840852271 ], [ 121.528642632344926, 25.224390971404897 ], [ 121.528493292969031, 25.223554576494315 ], [ 121.52806713227173, 25.222801095043895 ], [ 121.527405869112613, 25.222204280906787 ], [ 121.526574232388441, 25.221822551820818 ], [ 121.525653624974836, 25.221693272061664 ], [ 121.524734156790501, 25.221829095741228 ], [ 121.523905826329852, 25.222216728399005 ], [ 121.5232497130675, 25.222818228010023 ], [ 121.522830042088017, 25.223574718189646 ], [ 121.522687897231364, 25.224412150435892 ], [ 121.522837198176106, 25.225248551738282 ], [ 121.523263335764796, 25.226002048402421 ] ] ], [ [ [ 121.522875827057945, 25.2382674525056 ], [ 121.523537156912269, 25.238864284581179 ], [ 121.524368901456612, 25.239246028170278 ], [ 121.525289640215959, 25.23937531352135 ], [ 121.526209239310802, 25.239239484590694 ], [ 121.527037676511213, 25.238851838168976 ], [ 121.527693855327172, 25.238250321951519 ], [ 121.528113544552838, 25.237493819127142 ], [ 121.528255665607318, 25.236656383491781 ], [ 121.528106312245782, 25.2358199897721 ], [ 121.527680109677704, 25.235066509104087 ], [ 121.527018780863543, 25.234469695263172 ], [ 121.526187061126933, 25.234087965956743 ], [ 121.525266361467089, 25.233958685480868 ], [ 121.524346800828923, 25.234094508017062 ], [ 121.523518386753182, 25.23448213921715 ], [ 121.522862206897003, 25.235083637199949 ], [ 121.522442492863647, 25.235840125741646 ], [ 121.522300332709619, 25.236677556501824 ], [ 121.522449647614508, 25.237513956615956 ], [ 121.522875827057945, 25.2382674525056 ] ] ], [ [ [ 121.516940831152326, 25.285429361778235 ], [ 121.517602392471503, 25.286026213043719 ], [ 121.518434443332666, 25.286407982821288 ], [ 121.519355533269092, 25.286537298790641 ], [ 121.520275494012097, 25.286401501908067 ], [ 121.521104267916712, 25.286013885827682 ], [ 121.521760725524274, 25.285412395278534 ], [ 121.522180608337337, 25.284655910942433 ], [ 121.522322818832748, 25.283818484810759 ], [ 121.522173442024013, 25.282982090682786 ], [ 121.521747105430137, 25.282228599733926 ], [ 121.52108554514075, 25.281631766742223 ], [ 121.520253519139359, 25.281250011284115 ], [ 121.519332468397138, 25.281120700210341 ], [ 121.518412546211906, 25.281256490694673 ], [ 121.517583795500798, 25.281644091526921 ], [ 121.516927336863475, 25.282245563802288 ], [ 121.516507429190639, 25.283002033818939 ], [ 121.516365179501022, 25.283839455055041 ], [ 121.516514517752015, 25.284675855581241 ], [ 121.516940831152326, 25.285429361778235 ] ] ], [ [ [ 121.490523507964056, 25.146359327395043 ], [ 121.490949165123183, 25.147112932447612 ], [ 121.490984143009058, 25.147144538944261 ], [ 121.490628252394259, 25.147786064404002 ], [ 121.490485965066483, 25.148623476298365 ], [ 121.490634944736883, 25.149459923454849 ], [ 121.491060613677305, 25.15021352769995 ], [ 121.49172130772331, 25.15081051884987 ], [ 121.492552353400583, 25.151192456671179 ], [ 121.493472398667578, 25.15132195240373 ], [ 121.49439137755725, 25.151186329406798 ], [ 121.495219328572517, 25.150798864303038 ], [ 121.495875202823001, 25.150197487026716 ], [ 121.496294798906533, 25.149441067155891 ], [ 121.496437047336229, 25.148603650362165 ], [ 121.496288029370234, 25.14776720953132 ], [ 121.495862337364287, 25.147013620420665 ], [ 121.495827358281105, 25.146982015093958 ], [ 121.496183219233117, 25.14634047752206 ], [ 121.496325465222554, 25.145503060529602 ], [ 121.496176452169863, 25.144666619168532 ], [ 121.495750771948948, 25.143913029248221 ], [ 121.49509009638038, 25.143316055251191 ], [ 121.494259096852872, 25.142934130572613 ], [ 121.493339113890627, 25.142804638637458 ], [ 121.492420196312636, 25.142940254323019 ], [ 121.491592288736285, 25.143327703519169 ], [ 121.490936429247952, 25.143929062147858 ], [ 121.490516818081701, 25.144685467615592 ], [ 121.490374533200651, 25.145522879709315 ], [ 121.490523507964056, 25.146359327395043 ] ] ], [ [ [ 121.50533535265528, 25.25059017201292 ], [ 121.505462780302977, 25.250705190511617 ], [ 121.504882804671723, 25.250623682889355 ], [ 121.504377065895326, 25.250698302275758 ], [ 121.504213127257543, 25.250408389045038 ], [ 121.503551826605502, 25.249811470878814 ], [ 121.502720072332167, 25.249429610718895 ], [ 121.501799278819959, 25.249300185665735 ], [ 121.501015965894837, 25.249415743397101 ], [ 121.500695172766029, 25.2488484020123 ], [ 121.500679118830604, 25.248833910198023 ], [ 121.500679086568937, 25.248833853141029 ], [ 121.500017811560141, 25.248236918627448 ], [ 121.500002989895719, 25.248230113494316 ], [ 121.499985639572969, 25.248214451192212 ], [ 121.499153907042327, 25.247832570528271 ], [ 121.498233128966788, 25.247703122971316 ], [ 121.49731343196531, 25.247838779051879 ], [ 121.496484836920388, 25.24822626071057 ], [ 121.495828449195017, 25.248827640702306 ], [ 121.495408520732553, 25.249584054354735 ], [ 121.49526616057581, 25.250421460662906 ], [ 121.495415309483789, 25.251257889161884 ], [ 121.495430426814352, 25.25128462720799 ], [ 121.495431394990007, 25.25129005670097 ], [ 121.495857458912042, 25.252043630985952 ], [ 121.495865485804543, 25.252050877146207 ], [ 121.495865501938439, 25.252050905681816 ], [ 121.496526777989104, 25.252647858475729 ], [ 121.497358535646256, 25.253029753312831 ], [ 121.49827935315497, 25.253159205631565 ], [ 121.498299545656948, 25.253156227267713 ], [ 121.498303482888787, 25.253156780766492 ], [ 121.499074827961863, 25.253043006329481 ], [ 121.499396895357009, 25.253612597521194 ], [ 121.500058196973768, 25.254209533983328 ], [ 121.50023710823649, 25.254291673772688 ], [ 121.500165944192119, 25.254710369079962 ], [ 121.500287498107468, 25.255391861296665 ], [ 121.499910797473191, 25.255568020277664 ], [ 121.499254388106039, 25.256169415246017 ], [ 121.499239463655755, 25.256196298842593 ], [ 121.498855499537328, 25.256375849880495 ], [ 121.49819908061724, 25.256977240237571 ], [ 121.497779139867106, 25.257733660002664 ], [ 121.497713647800097, 25.258118927652603 ], [ 121.497515339553644, 25.258476125920826 ], [ 121.497372984635263, 25.259313533193566 ], [ 121.497522159914524, 25.260149958176783 ], [ 121.497948268547489, 25.260903524861934 ], [ 121.498609603347703, 25.261500466730421 ], [ 121.499441428117066, 25.26188234835984 ], [ 121.500362314529028, 25.262011786480922 ], [ 121.501282114246166, 25.261876110089865 ], [ 121.50211078539138, 25.26148860104141 ], [ 121.50255181275503, 25.261084537747394 ], [ 121.502792152646933, 25.261118315132641 ], [ 121.503711942669256, 25.260982623731664 ], [ 121.504540599836162, 25.260595101210058 ], [ 121.505197006116788, 25.259993683134184 ], [ 121.505616908033133, 25.25923724308873 ], [ 121.505712014421391, 25.258677550076197 ], [ 121.506258650320135, 25.25817669088563 ], [ 121.506678539564817, 25.257420247834027 ], [ 121.506820828531161, 25.256582832391775 ], [ 121.50667159454207, 25.255746417314032 ], [ 121.506565254379211, 25.255558378990049 ], [ 121.506653562306212, 25.255517078072597 ], [ 121.507309931173964, 25.254915650775086 ], [ 121.507729803016119, 25.254159204676249 ], [ 121.507872081374529, 25.253321788023527 ], [ 121.507722844609546, 25.25248537369022 ], [ 121.507296706524087, 25.251731834833667 ], [ 121.507169276089826, 25.251616817976711 ], [ 121.507749257806893, 25.251698316511643 ], [ 121.508668970986093, 25.251562595243641 ], [ 121.509497548539059, 25.251175045646718 ], [ 121.510153880230888, 25.250573605937291 ], [ 121.510573719886239, 25.249817151816554 ], [ 121.51071597419751, 25.248979732316382 ], [ 121.510566723877886, 25.248143320588095 ], [ 121.510140584055577, 25.247389789533607 ], [ 121.509479271555321, 25.246792897861553 ], [ 121.508647520108667, 25.246411070896478 ], [ 121.507726743820569, 25.246281682490533 ], [ 121.506807069134595, 25.246417397386143 ], [ 121.505978514750097, 25.24680493176859 ], [ 121.505322182052481, 25.247406353232872 ], [ 121.504902317601207, 25.248162793046824 ], [ 121.504760024175084, 25.249000207643277 ], [ 121.504909236001481, 25.24983662574396 ], [ 121.50533535265528, 25.25059017201292 ] ] ], [ [ [ 121.501608930951633, 25.15676800027396 ], [ 121.502269711346941, 25.157364942509883 ], [ 121.503100833547904, 25.157746819613877 ], [ 121.504020938018641, 25.157876248769956 ], [ 121.504939952994064, 25.157740559856315 ], [ 121.505767913443776, 25.157353035950393 ], [ 121.506423769555155, 25.156751612744365 ], [ 121.506843321704594, 25.155995164312955 ], [ 121.506985504709363, 25.155157739122739 ], [ 121.506836406234655, 25.154321310879464 ], [ 121.506410626517948, 25.153567754105868 ], [ 121.505749847118466, 25.152970830037599 ], [ 121.504918749585528, 25.152588967181366 ], [ 121.503998684032638, 25.152459542910982 ], [ 121.503079707359618, 25.152595225482088 ], [ 121.502251769966605, 25.152982734239881 ], [ 121.501595912859386, 25.153584139278248 ], [ 121.501176336041951, 25.154340573461916 ], [ 121.501034114119335, 25.155177993766436 ], [ 121.50118317429164, 25.156014428352247 ], [ 121.501608930951633, 25.15676800027396 ] ] ], [ [ [ 121.498972620056037, 25.206197082342815 ], [ 121.499633658925887, 25.206794028476228 ], [ 121.500465111419444, 25.207175912806292 ], [ 121.501385585661041, 25.20730535180472 ], [ 121.502304973675365, 25.207169674383934 ], [ 121.503133273901838, 25.206782162497689 ], [ 121.50378940325858, 25.206180750665968 ], [ 121.504209135374353, 25.205424311855896 ], [ 121.504351387458584, 25.204586893597281 ], [ 121.504202240428782, 25.203750468919615 ], [ 121.503776299290109, 25.202996911995356 ], [ 121.503115261412233, 25.202399984070478 ], [ 121.502283833646729, 25.202018114023421 ], [ 121.501363398424004, 25.201888679926856 ], [ 121.500444048815453, 25.202024350996002 ], [ 121.499615771711987, 25.202411847703232 ], [ 121.498959641363228, 25.203013241326413 ], [ 121.498539884519431, 25.203769665853478 ], [ 121.498397593416342, 25.204607079210241 ], [ 121.498546702040343, 25.20544351023953 ], [ 121.498972620056037, 25.206197082342815 ] ] ], [ [ [ 121.50214400829563, 25.266108122094249 ], [ 121.502805391934331, 25.266705044001107 ], [ 121.503637265160634, 25.267086900974455 ], [ 121.504558194902827, 25.26721631215861 ], [ 121.505478028580086, 25.267080609187197 ], [ 121.506306720989912, 25.266693076517896 ], [ 121.506963150650947, 25.266091650711211 ], [ 121.507383061797043, 25.265335206109263 ], [ 121.507525354124795, 25.264497790814055 ], [ 121.507376104630353, 25.263661377566493 ], [ 121.506949928366041, 25.262907839417288 ], [ 121.50628854572723, 25.262310935768465 ], [ 121.505456697311999, 25.261929093115118 ], [ 121.504535806715097, 25.261799686843197 ], [ 121.503616011565128, 25.261935383442761 ], [ 121.502787342348469, 25.262322900889956 ], [ 121.502130911687559, 25.262924308438606 ], [ 121.501710975730347, 25.263680738720552 ], [ 121.501568644257347, 25.264518149103523 ], [ 121.501717855224513, 25.265354568722941 ], [ 121.50214400829563, 25.266108122094249 ] ] ], [ [ [ 121.523894488811123, 24.839768428069668 ], [ 121.524553652243839, 24.84036532206272 ], [ 121.525382692257551, 24.840747123950436 ], [ 121.526300453188611, 24.840876458312273 ], [ 121.527217092764829, 24.840740664321316 ], [ 121.52804287857056, 24.840353035333543 ], [ 121.52869697372364, 24.839751517299888 ], [ 121.529115350980305, 24.838994993540304 ], [ 121.529257060111377, 24.838157519862339 ], [ 121.529108235077089, 24.837321074702242 ], [ 121.5286834492547, 24.836567534245876 ], [ 121.528024286852869, 24.835970658159003 ], [ 121.527195271133024, 24.835588870288731 ], [ 121.526277548479385, 24.835459540701432 ], [ 121.525360946543472, 24.835595328400306 ], [ 121.524535183363597, 24.835982942432725 ], [ 121.523881087179646, 24.836584442560202 ], [ 121.523462685629113, 24.837340952302323 ], [ 121.52332093822065, 24.838178421205754 ], [ 121.523469725614618, 24.839014872657945 ], [ 121.523894488811123, 24.839768428069668 ] ] ], [ [ [ 121.527190544644043, 24.978101408103292 ], [ 121.528108194669414, 24.977965594420976 ], [ 121.528934883021265, 24.977577952554356 ], [ 121.529374383999141, 24.977174212987546 ], [ 121.529412942236135, 24.977242529991482 ], [ 121.530072875707262, 24.977839376150165 ], [ 121.530902859722758, 24.978221124889892 ], [ 121.531821646187112, 24.978350405980368 ], [ 121.532717142756809, 24.978217842759928 ], [ 121.532788637494917, 24.978619084635813 ], [ 121.532818993348926, 24.978672864773316 ], [ 121.53282063629706, 24.978682085255681 ], [ 121.533083533855773, 24.979147847023821 ], [ 121.532261968121233, 24.979533111074222 ], [ 121.531607166638338, 24.980134645459326 ], [ 121.531188345605727, 24.980891169599492 ], [ 121.531046505621774, 24.981728631644472 ], [ 121.531147628346602, 24.982296176452834 ], [ 121.531038476491801, 24.982940631965423 ], [ 121.531042597257425, 24.982963759360274 ], [ 121.530992354638869, 24.983260400191941 ], [ 121.530412942155223, 24.98353209082595 ], [ 121.529758110723634, 24.984133617252738 ], [ 121.52933926521348, 24.984890136194991 ], [ 121.529197408619524, 24.985727596311907 ], [ 121.529346432333568, 24.986564021855028 ], [ 121.529771754265241, 24.987317536764635 ], [ 121.530431744179992, 24.987914379612395 ], [ 121.53126179751861, 24.988296124700884 ], [ 121.53218065939781, 24.988425402156341 ], [ 121.533098379733332, 24.988289556718243 ], [ 121.533925120275143, 24.987901886785231 ], [ 121.534579950660145, 24.987300342330993 ], [ 121.534998771677181, 24.986543809278952 ], [ 121.535139703867273, 24.985711575343736 ], [ 121.535711008338481, 24.985443668279409 ], [ 121.536460191051518, 24.985788194897928 ], [ 121.537379039029744, 24.985917440517937 ], [ 121.538296734445623, 24.985781563381256 ], [ 121.539123441489551, 24.985393864990364 ], [ 121.539621756217656, 24.984936056540906 ], [ 121.540079396559605, 24.985349859614285 ], [ 121.54090946123064, 24.985731550810385 ], [ 121.541828312883027, 24.98586076888877 ], [ 121.542746002433603, 24.98572486440327 ], [ 121.54357269464731, 24.985337141534348 ], [ 121.544227463894458, 24.984735555438398 ], [ 121.544646216951122, 24.983978996114701 ], [ 121.544654768313549, 24.983928474071767 ], [ 121.544902113182346, 24.984042204013196 ], [ 121.545820955913939, 24.984171397610918 ], [ 121.546738628070699, 24.984035468761178 ], [ 121.547565296121078, 24.983647724030149 ], [ 121.548220036801794, 24.983046120714565 ], [ 121.548638759686412, 24.982289550499075 ], [ 121.548780480743829, 24.981452073749605 ], [ 121.548631332810317, 24.980615669204106 ], [ 121.548365762535454, 24.98014531075011 ], [ 121.548387949946019, 24.980124923358701 ], [ 121.548790176466966, 24.980488588820819 ], [ 121.549620234093197, 24.980870231779495 ], [ 121.550539057516119, 24.980999396621456 ], [ 121.551456700416594, 24.980863439113648 ], [ 121.552283332128141, 24.980475668628333 ], [ 121.552938032946301, 24.979874044983553 ], [ 121.553356716347949, 24.979117461853527 ], [ 121.553498402167278, 24.978279980867438 ], [ 121.553349226689463, 24.977443581176868 ], [ 121.552923797633881, 24.976690134506683 ], [ 121.552883589325944, 24.97665378211536 ], [ 121.552883589325944, 24.97665378211536 ], [ 121.5526697930745, 24.976275138589404 ], [ 121.552009761091654, 24.975678394190055 ], [ 121.55117973154394, 24.975296763820882 ], [ 121.550260950025233, 24.97516760212088 ], [ 121.550039737111433, 24.97520037698898 ], [ 121.550108320141291, 24.974795049961283 ], [ 121.549959172209867, 24.97395864601808 ], [ 121.549533776031282, 24.973205188748551 ], [ 121.54887377557948, 24.972608429659989 ], [ 121.548043776143629, 24.972226781130953 ], [ 121.547125020371354, 24.972097599577982 ], [ 121.546355083794722, 24.972211657657304 ], [ 121.546280352420666, 24.972079284374352 ], [ 121.545620373487324, 24.971482510402879 ], [ 121.544790391343398, 24.971100843379055 ], [ 121.54387164694468, 24.970971641529498 ], [ 121.543862835055236, 24.970972946755765 ], [ 121.543893047381232, 24.970958775215674 ], [ 121.544547740343731, 24.970357187869627 ], [ 121.544966444534893, 24.969600627048944 ], [ 121.544972339986671, 24.969565792152288 ], [ 121.545568488277382, 24.969477483347116 ], [ 121.546395063760698, 24.969089745952651 ], [ 121.547049734626455, 24.96848814782912 ], [ 121.547468417281806, 24.967731580151238 ], [ 121.547610131630648, 24.966894103035298 ], [ 121.547461011161573, 24.966057695254861 ], [ 121.547035658206582, 24.965304229328314 ], [ 121.546375712507825, 24.964707457611404 ], [ 121.545545773995585, 24.964325793719773 ], [ 121.544627079355834, 24.964196595574158 ], [ 121.54456889032565, 24.964205215311321 ], [ 121.543976508225455, 24.964121903861503 ], [ 121.543058979971292, 24.964257813593402 ], [ 121.542575143296503, 24.964484771754154 ], [ 121.542460126636925, 24.964468594696857 ], [ 121.541787907767699, 24.964568161050842 ], [ 121.541809591521314, 24.964548235930316 ], [ 121.542228293677837, 24.963791682271228 ], [ 121.542370039626249, 24.96295420917647 ], [ 121.542220959760414, 24.962117795026909 ], [ 121.541795652437102, 24.961364312965603 ], [ 121.541135752932206, 24.960767516928712 ], [ 121.540601275423953, 24.960521695611831 ], [ 121.540987322121211, 24.960464517793376 ], [ 121.541813852849032, 24.960076806137558 ], [ 121.542468499609711, 24.959475227860953 ], [ 121.542887181168581, 24.958718672194461 ], [ 121.543028917534244, 24.957881198078368 ], [ 121.542879840037088, 24.957044783993219 ], [ 121.542454546800585, 24.956291303075801 ], [ 121.541794671720623, 24.955694509150714 ], [ 121.54163112821476, 24.955619288811253 ], [ 121.541548082557242, 24.955472154702374 ], [ 121.542130787430409, 24.955198804897773 ], [ 121.542785407307065, 24.954597225298066 ], [ 121.543204071019517, 24.953840668559483 ], [ 121.543345800322413, 24.953003193726765 ], [ 121.543196727236108, 24.952166779350339 ], [ 121.542771449450882, 24.95141329859565 ], [ 121.54211159934917, 24.950816505271778 ], [ 121.54128176750487, 24.95043481511102 ], [ 121.540363180165983, 24.950305588606277 ], [ 121.539445749590826, 24.950441474669159 ], [ 121.538619274898736, 24.950829172725598 ], [ 121.537964653960273, 24.951430734324926 ], [ 121.53754596578402, 24.952187276982809 ], [ 121.537473755487312, 24.952613848763576 ], [ 121.53703125184326, 24.952551587935105 ], [ 121.536113800605023, 24.952687453777234 ], [ 121.535287300256769, 24.953075133656796 ], [ 121.534632651179308, 24.953676680902174 ], [ 121.534418414448808, 24.954063763773252 ], [ 121.53436030946996, 24.954055587295986 ], [ 121.533442843858396, 24.95419143689475 ], [ 121.532616324903373, 24.954579102182628 ], [ 121.531961654806224, 24.955180637916158 ], [ 121.531542917385821, 24.955937164143396 ], [ 121.531401105051543, 24.956774628807434 ], [ 121.53155010485446, 24.957611055713233 ], [ 121.531975337036201, 24.958364568668298 ], [ 121.532635180141924, 24.958961406438107 ], [ 121.533465043982602, 24.959343143825695 ], [ 121.534383692229127, 24.959472411714113 ], [ 121.535121073209282, 24.959363227222841 ], [ 121.535203801458266, 24.959509811133618 ], [ 121.535584428527628, 24.959854075252327 ], [ 121.535518197223226, 24.959885140050517 ], [ 121.534863513936273, 24.960486688345089 ], [ 121.534444777113336, 24.961243222197961 ], [ 121.534302979106926, 24.962080688805887 ], [ 121.534393839732203, 24.96259065281377 ], [ 121.534032476223643, 24.962922676023513 ], [ 121.533613726329548, 24.963679207514986 ], [ 121.533471920221999, 24.96451667319883 ], [ 121.53362094434506, 24.965353096780039 ], [ 121.534046216561748, 24.966106602390841 ], [ 121.534706111499233, 24.966703429514634 ], [ 121.535536033894232, 24.967085153995647 ], [ 121.536454741684082, 24.96721440797986 ], [ 121.537372299873724, 24.967078538505927 ], [ 121.538198886091621, 24.96669084632536 ], [ 121.538602446241768, 24.966320040688267 ], [ 121.538387113155721, 24.966709094144647 ], [ 121.538245336386566, 24.967546563553292 ], [ 121.53839439674293, 24.968382981418113 ], [ 121.538819708541567, 24.969136472429824 ], [ 121.538821111770133, 24.969137741435681 ], [ 121.538175887818596, 24.969233290042141 ], [ 121.537678741380986, 24.96916335389907 ], [ 121.53738408471645, 24.969206986448967 ], [ 121.536656251186855, 24.969104593787467 ], [ 121.535738677140941, 24.969240459076065 ], [ 121.534912066065772, 24.969628137879702 ], [ 121.534257329177848, 24.970229683633622 ], [ 121.533838556834752, 24.970986215406761 ], [ 121.533696744867569, 24.971823680600462 ], [ 121.533845780296019, 24.9726601029679 ], [ 121.53427107987865, 24.973413606759802 ], [ 121.534931015565022, 24.974010431636881 ], [ 121.535459278827915, 24.974253391965131 ], [ 121.535611480257472, 24.974523037083035 ], [ 121.535615481681049, 24.9745266557644 ], [ 121.535647075780361, 24.974582628745011 ], [ 121.536285700247859, 24.975160163108729 ], [ 121.535599271142488, 24.975063595485391 ], [ 121.534703800780235, 24.975196175669328 ], [ 121.53463230204791, 24.974794934599991 ], [ 121.534206995367398, 24.974041432094843 ], [ 121.533547062941878, 24.973444603955315 ], [ 121.533457657826133, 24.973403482977222 ], [ 121.533556301661278, 24.973225283840272 ], [ 121.533698115999016, 24.972387818894809 ], [ 121.533549081930914, 24.971551396327055 ], [ 121.533539738618174, 24.971534842402129 ], [ 121.533534235342316, 24.971503956164373 ], [ 121.533108947004195, 24.970750449891437 ], [ 121.532449037653478, 24.970153616242452 ], [ 121.531619103666372, 24.969771874894757 ], [ 121.530700381287943, 24.969642591348705 ], [ 121.530662020813494, 24.96964826991001 ], [ 121.530485483401549, 24.969567066297536 ], [ 121.529566763593934, 24.969437775708116 ], [ 121.528649178427642, 24.96957359746899 ], [ 121.527822542147916, 24.969961237298911 ], [ 121.527167768436911, 24.9705627524473 ], [ 121.526748951254589, 24.971319264979037 ], [ 121.526607090819766, 24.972156724179882 ], [ 121.526713094440012, 24.972751837689653 ], [ 121.526249844927023, 24.972820398259675 ], [ 121.525423179370023, 24.973208025078357 ], [ 121.524768376908852, 24.9738095298855 ], [ 121.524349534317182, 24.974566035758642 ], [ 121.52420765430108, 24.975403492635945 ], [ 121.524356630541661, 24.97623992508672 ], [ 121.524781885593001, 24.976993456376491 ], [ 121.525441795766596, 24.97759032347513 ], [ 121.526271764310252, 24.977972098312552 ], [ 121.527190544644043, 24.978101408103292 ] ], [ [ 121.539056981202549, 24.965721792417032 ], [ 121.539107384385233, 24.965630724793488 ], [ 121.539149624687496, 24.965636666799821 ], [ 121.539056981202549, 24.965721792417032 ] ], [ [ 121.536687269175204, 24.980599578141096 ], [ 121.536577508551943, 24.98040513663771 ], [ 121.537195552882466, 24.980115291636359 ], [ 121.537298618418916, 24.980162689600562 ], [ 121.537456442081819, 24.98018488982003 ], [ 121.538091994929161, 24.980477165700091 ], [ 121.53877928846029, 24.980573838328599 ], [ 121.538624196779239, 24.9807163268379 ], [ 121.538591345021857, 24.980775675305537 ], [ 121.538274306256369, 24.980629878822842 ], [ 121.537355496860087, 24.980500637997352 ], [ 121.536687269175204, 24.980599578141096 ] ], [ [ 121.542157680564614, 24.971481098756875 ], [ 121.542127467906298, 24.97149526994933 ], [ 121.54201284762631, 24.97160058869115 ], [ 121.541987741899987, 24.971459742421786 ], [ 121.542148868618838, 24.971482403882518 ], [ 121.542157680564614, 24.971481098756875 ] ] ], [ [ [ 121.522079289053039, 24.990559456072461 ], [ 121.522228271208391, 24.991395888894864 ], [ 121.522653567352307, 24.992149424100706 ], [ 121.523313549776958, 24.992746298275353 ], [ 121.524143614658314, 24.993128082654319 ], [ 121.524525070479257, 24.99318176785032 ], [ 121.525110632715254, 24.993451088149236 ], [ 121.526029527343695, 24.99358040297766 ], [ 121.526947293357608, 24.993444594830791 ], [ 121.527774088033553, 24.993056958455867 ], [ 121.528428975707101, 24.992455440541416 ], [ 121.5288478515576, 24.991698924413569 ], [ 121.528989716577954, 24.990861465147198 ], [ 121.528840689513387, 24.99002503977329 ], [ 121.528834157449211, 24.990013467498962 ], [ 121.528773682029126, 24.989674041128534 ], [ 121.528348357732099, 24.988920523637088 ], [ 121.527688372225569, 24.988323671552266 ], [ 121.526858329341593, 24.987941906353893 ], [ 121.525939475982625, 24.987812595874679 ], [ 121.525403788572007, 24.987891865484052 ], [ 121.525039495687125, 24.987840595492891 ], [ 121.524121768836437, 24.987976391328818 ], [ 121.523294995979313, 24.988364007304831 ], [ 121.522640104162718, 24.988965503006511 ], [ 121.522221198906479, 24.989722002404488 ], [ 121.522079289053039, 24.990559456072461 ] ] ], [ [ [ 121.528580101299838, 24.939455669089771 ], [ 121.529239825776131, 24.940052525342526 ], [ 121.530069551650811, 24.940434284880347 ], [ 121.530988056104107, 24.940563576419393 ], [ 121.531905424053207, 24.940427743322019 ], [ 121.532226795944055, 24.940276995087128 ], [ 121.532816431511691, 24.940810409590355 ], [ 121.533646173133889, 24.941192148907341 ], [ 121.534564686514457, 24.941321418231695 ], [ 121.535482055696264, 24.941185563100991 ], [ 121.536308476816444, 24.940797882861382 ], [ 121.536963050788017, 24.940196328491279 ], [ 121.537381703499832, 24.939439786879198 ], [ 121.537523457779443, 24.938602315588579 ], [ 121.537374443197663, 24.937765892823837 ], [ 121.536949251714233, 24.93701239257323 ], [ 121.53628950726258, 24.936415570556324 ], [ 121.535459790076473, 24.936033845315773 ], [ 121.534541315184384, 24.935904580778942 ], [ 121.533623983842205, 24.936040429579574 ], [ 121.533302624597937, 24.936191180701847 ], [ 121.532713009356925, 24.935657767462519 ], [ 121.531883307911727, 24.935276022003872 ], [ 121.530964841943302, 24.93514673525733 ], [ 121.53004751183451, 24.935282562029968 ], [ 121.529221106873933, 24.935670207549016 ], [ 121.528566518106885, 24.936271728503893 ], [ 121.528147821390078, 24.93702824638709 ], [ 121.528006005144249, 24.937865709957123 ], [ 121.528154956797621, 24.938702143126079 ], [ 121.528580101299838, 24.939455669089771 ] ] ], [ [ [ 121.531641054390107, 24.952305134920387 ], [ 121.531837106452741, 24.952332727192385 ], [ 121.532460922684265, 24.95261970384216 ], [ 121.53337951997257, 24.952748978886767 ], [ 121.534296975003841, 24.952613129828617 ], [ 121.535123475508271, 24.952225455419619 ], [ 121.535778114625884, 24.951623906068367 ], [ 121.536196811868336, 24.950867368173455 ], [ 121.536338585706034, 24.950029898935679 ], [ 121.536189563798501, 24.949193476359159 ], [ 121.535764338826027, 24.948439974413535 ], [ 121.535104538002486, 24.947843148983381 ], [ 121.534274747080005, 24.947461418944094 ], [ 121.534078702272595, 24.947433829742938 ], [ 121.533454908792649, 24.947146859296762 ], [ 121.532536353110089, 24.947017583931068 ], [ 121.53161893726579, 24.947153421591434 ], [ 121.530792458937455, 24.947541076440082 ], [ 121.530137816350361, 24.948142604254492 ], [ 121.529719090629968, 24.9488991258571 ], [ 121.529577273038711, 24.949736589643255 ], [ 121.529726251140019, 24.950573019503974 ], [ 121.530151447297953, 24.951326538958146 ], [ 121.530811243583116, 24.951923386135974 ], [ 121.531641054390107, 24.952305134920387 ] ] ], [ [ [ 121.543780143286, 24.924307752130606 ], [ 121.544439857500606, 24.924904542437449 ], [ 121.545269526127939, 24.925286219049926 ], [ 121.54618793195128, 24.925415418804885 ], [ 121.547105169545645, 24.925279494052795 ], [ 121.547931447934545, 24.924891750956633 ], [ 121.54858588200797, 24.924290146647557 ], [ 121.549004411352129, 24.923533572900592 ], [ 121.549005649259783, 24.923526254512527 ], [ 121.549074878464239, 24.923401108168985 ], [ 121.549216537372189, 24.922563625619159 ], [ 121.549067465611316, 24.921727213766204 ], [ 121.548642260732706, 24.920973745528464 ], [ 121.547982547975579, 24.920376973491944 ], [ 121.547152904468007, 24.91999531130876 ], [ 121.54623453802661, 24.919866116736781 ], [ 121.545317339295067, 24.920002035564099 ], [ 121.544491084707602, 24.920389764009506 ], [ 121.543836650596177, 24.920991350645501 ], [ 121.543418097682846, 24.921747910533405 ], [ 121.54341685946001, 24.92175522888213 ], [ 121.543347625375446, 24.921880372707573 ], [ 121.543205927394652, 24.922717850419662 ], [ 121.543354961059478, 24.923554268676337 ], [ 121.543780143286, 24.924307752130606 ] ] ], [ [ [ 121.514721724961049, 24.953850142238412 ], [ 121.514870608486305, 24.954686588044972 ], [ 121.515295729675088, 24.955440150728442 ], [ 121.515955477940565, 24.956037064188909 ], [ 121.516785272381995, 24.95641889582058 ], [ 121.517703883467917, 24.956548267279359 ], [ 121.518621385673953, 24.956412514101192 ], [ 121.518621901203957, 24.956412272367121 ], [ 121.518648196415199, 24.956408381652921 ], [ 121.519474772737084, 24.956020793054062 ], [ 121.520129508952252, 24.955419311206089 ], [ 121.520548315063351, 24.954662815900367 ], [ 121.520690198881212, 24.953825360171145 ], [ 121.520541277299529, 24.952988920703582 ], [ 121.520116133180508, 24.952235373123788 ], [ 121.519456385827752, 24.951638477784911 ], [ 121.518626615763665, 24.951256660405029 ], [ 121.517708043193736, 24.951127293927161 ], [ 121.516790578932117, 24.951263040959756 ], [ 121.516790063419649, 24.951263282687368 ], [ 121.516763769233279, 24.951267173059527 ], [ 121.51593721558045, 24.951654746486028 ], [ 121.515282478194052, 24.952256210216852 ], [ 121.514863647474954, 24.953012691347876 ], [ 121.514721724961049, 24.953850142238412 ] ] ], [ [ [ 121.513624155051716, 24.972694392963692 ], [ 121.512969296876932, 24.973295846795946 ], [ 121.512550383155116, 24.974052320658497 ], [ 121.512408423552358, 24.974889767624397 ], [ 121.512557319539042, 24.975726213235564 ], [ 121.512982501526082, 24.976479779471724 ], [ 121.513642352979531, 24.977076699883462 ], [ 121.513652504597786, 24.977081370569959 ], [ 121.513537592654501, 24.977759280576159 ], [ 121.513686500084304, 24.978595724559565 ], [ 121.514111699091814, 24.979349287013381 ], [ 121.514771571477269, 24.979946201858027 ], [ 121.515056219040645, 24.980077159821981 ], [ 121.514996529185481, 24.980429310726048 ], [ 121.515145450018977, 24.981265752741592 ], [ 121.515570667332213, 24.9820193104688 ], [ 121.516230561133739, 24.98261621829036 ], [ 121.516276954390733, 24.982637561459399 ], [ 121.51576907293726, 24.983104006859836 ], [ 121.515350144423778, 24.983860487867073 ], [ 121.515208193852402, 24.984697936281037 ], [ 121.515357121812613, 24.985534377501654 ], [ 121.515782355588087, 24.986287933937493 ], [ 121.516442273576558, 24.98688484009719 ], [ 121.51727227826342, 24.987266664085983 ], [ 121.518191119531039, 24.987396028305106 ], [ 121.519108849314307, 24.98726026899816 ], [ 121.519935628437352, 24.986872676129781 ], [ 121.520590522757459, 24.986271192128175 ], [ 121.5210094268012, 24.985514696999157 ], [ 121.521151338798759, 24.98467724376253 ], [ 121.521002372894529, 24.983840808860421 ], [ 121.520577116298213, 24.983087267470832 ], [ 121.519917199328773, 24.982490379337971 ], [ 121.519870805521165, 24.982469037312484 ], [ 121.520378668667007, 24.982002578167151 ], [ 121.520797560065191, 24.98124608341573 ], [ 121.520939469166521, 24.980408629958998 ], [ 121.520790510397603, 24.979572194260559 ], [ 121.520365270268471, 24.978818651576557 ], [ 121.520292060710361, 24.978752432105935 ], [ 121.520852600253647, 24.978237572376965 ], [ 121.521271476422072, 24.977481076164484 ], [ 121.521413378482464, 24.976643621956274 ], [ 121.521264421549603, 24.975807186289252 ], [ 121.520839191952618, 24.975053644416526 ], [ 121.520179317366171, 24.974456756130319 ], [ 121.519349390766891, 24.974074946455701 ], [ 121.518430647678684, 24.973945587579372 ], [ 121.518174373274562, 24.973983501215933 ], [ 121.517776961075498, 24.973279203951321 ], [ 121.517117110635311, 24.972682301558379 ], [ 121.516287205169064, 24.972300474377565 ], [ 121.515368478132942, 24.972171096308983 ], [ 121.514450855455465, 24.97230683109445 ], [ 121.513624155051716, 24.972694392963692 ] ] ], [ [ [ 121.548687322981706, 24.864937352641959 ], [ 121.549112329227938, 24.865690829673706 ], [ 121.549177568648929, 24.865749871670079 ], [ 121.549545321440874, 24.866401836605142 ], [ 121.550204749441903, 24.866998610828492 ], [ 121.551034044518232, 24.867380264668284 ], [ 121.551952026028346, 24.867509437196723 ], [ 121.552868830098348, 24.867373483432619 ], [ 121.553694708205384, 24.866985712377868 ], [ 121.554348814433382, 24.866384083895635 ], [ 121.554705450025338, 24.865739036327163 ], [ 121.55542846514119, 24.865631805155498 ], [ 121.556254323508767, 24.865244020195458 ], [ 121.556908408124841, 24.864642380737923 ], [ 121.557326692785068, 24.863885781991502 ], [ 121.557468236335041, 24.863048287102679 ], [ 121.55731918895286, 24.862211876579053 ], [ 121.556894145785378, 24.861458423209363 ], [ 121.556234716229937, 24.860861678128828 ], [ 121.555405449690866, 24.860480052357914 ], [ 121.55448751709352, 24.860350900096865 ], [ 121.553570766630529, 24.860486862995867 ], [ 121.552744930874525, 24.860874632959167 ], [ 121.552625091179735, 24.860984860965186 ], [ 121.55231192056408, 24.860840732346954 ], [ 121.551393988113546, 24.86071156107085 ], [ 121.550477231221748, 24.860847505080667 ], [ 121.549651383090165, 24.861235258129049 ], [ 121.548997280275586, 24.861836866375178 ], [ 121.548578951071676, 24.862593442758115 ], [ 121.548437347915453, 24.863430930300407 ], [ 121.548547273568943, 24.864048049329206 ], [ 121.548538331967308, 24.864100932582556 ], [ 121.548687322981706, 24.864937352641959 ] ] ], [ [ [ 121.547062453218416, 24.874385328376821 ], [ 121.547198045780149, 24.874447730191477 ], [ 121.548116076150109, 24.874576925351469 ], [ 121.549032936885041, 24.874440994296794 ], [ 121.549858873912882, 24.874053243805886 ], [ 121.550513035547908, 24.873451631729157 ], [ 121.550931388044802, 24.872695050596054 ], [ 121.551072983609089, 24.871857561830577 ], [ 121.550923967329325, 24.871021145342564 ], [ 121.550498931310941, 24.870267674505566 ], [ 121.549839484254562, 24.8696709021646 ], [ 121.549010177279328, 24.869289242007508 ], [ 121.548611645279948, 24.869233156723006 ], [ 121.548476057778487, 24.869170756063166 ], [ 121.547558067132897, 24.869041562344357 ], [ 121.546641244312752, 24.869177483784668 ], [ 121.545815328970335, 24.869565216345521 ], [ 121.545161164239076, 24.870166808191875 ], [ 121.544742784472533, 24.870923373869108 ], [ 121.544601147057776, 24.871760857448979 ], [ 121.544750121899767, 24.872597280879123 ], [ 121.545175131657771, 24.873350768307716 ], [ 121.545834576631265, 24.873947561005384 ], [ 121.546663905599871, 24.874329238197092 ], [ 121.547062453218416, 24.874385328376821 ] ] ], [ [ [ 121.546942917412181, 24.885847797741931 ], [ 121.547602438297787, 24.886444580354816 ], [ 121.548431856725173, 24.886826245565523 ], [ 121.549349979975304, 24.886955431331025 ], [ 121.550266930294342, 24.886819491373174 ], [ 121.55109294483772, 24.886431733342615 ], [ 121.55174716433001, 24.88583011582913 ], [ 121.552165549362812, 24.885073531895785 ], [ 121.552307148959358, 24.884236043241703 ], [ 121.55215810781722, 24.883399629765993 ], [ 121.551733020479034, 24.882646164546639 ], [ 121.551073500670768, 24.882049399877417 ], [ 121.55024410663269, 24.881667748693776 ], [ 121.549326021767925, 24.881538567680892 ], [ 121.548409109168389, 24.881674501301564 ], [ 121.547583117271046, 24.882062244325741 ], [ 121.546928896701431, 24.882663843895564 ], [ 121.546510487279306, 24.88342041380184 ], [ 121.546368849297423, 24.8842578977033 ], [ 121.546517852720058, 24.885094317516188 ], [ 121.546942917412181, 24.885847797741931 ] ] ], [ [ [ 121.550565331681, 24.845406471926385 ], [ 121.550423759110757, 24.846243962701102 ], [ 121.550572738887723, 24.847080383020138 ], [ 121.550997693180165, 24.847833857335971 ], [ 121.551657027711087, 24.848430628204461 ], [ 121.552486202069545, 24.84881227699039 ], [ 121.553404047433716, 24.848941443262586 ], [ 121.554320713261959, 24.848805482653212 ], [ 121.555146464568949, 24.848417704833849 ], [ 121.55562201138973, 24.847980237891957 ], [ 121.55636874795151, 24.847869469628847 ], [ 121.557194486485571, 24.847481680662575 ], [ 121.557848474852776, 24.846880037376909 ], [ 121.558266696270479, 24.846123435353114 ], [ 121.558408215771848, 24.845285938056687 ], [ 121.558259185883912, 24.844449526230086 ], [ 121.557834200035856, 24.843696072790063 ], [ 121.557174862010868, 24.843099328880296 ], [ 121.556345712253489, 24.842717705408702 ], [ 121.555427910260633, 24.842588556352258 ], [ 121.554511291445621, 24.842724523048265 ], [ 121.5536855754996, 24.843112297028849 ], [ 121.553210039989736, 24.843549757886603 ], [ 121.552463326131928, 24.843660510026623 ], [ 121.551637597417411, 24.844048272861468 ], [ 121.550983593047889, 24.844649889454725 ], [ 121.550565331681, 24.845406471926385 ] ] ], [ [ [ 121.548872050161108, 24.901850468072031 ], [ 121.548730409690066, 24.902687952243717 ], [ 121.548879453656554, 24.903524366990283 ], [ 121.54930459796195, 24.904277837307927 ], [ 121.549964229739871, 24.904874606138748 ], [ 121.550793779482945, 24.905256255040385 ], [ 121.551712041614152, 24.905385423564805 ], [ 121.551733626733778, 24.905382223665587 ], [ 121.552435810736043, 24.905705264328393 ], [ 121.553354077699524, 24.90583442264986 ], [ 121.554271162164056, 24.905698456092949 ], [ 121.555097288148914, 24.905310674913498 ], [ 121.55575158546749, 24.904709039969582 ], [ 121.55617000709448, 24.903952446032662 ], [ 121.556311598475347, 24.903114955782339 ], [ 121.556162505117712, 24.902278549273827 ], [ 121.55612989271664, 24.902220757854455 ], [ 121.556016938731474, 24.901587082059059 ], [ 121.55559176362614, 24.9008336311459 ], [ 121.554932127186419, 24.900236886973438 ], [ 121.554102599068088, 24.899855260468637 ], [ 121.553184375794814, 24.89972610589971 ], [ 121.552267334001243, 24.899862065141093 ], [ 121.55195915308768, 24.900006723962282 ], [ 121.551687960137457, 24.89996857544654 ], [ 121.550770914727693, 24.900104525544581 ], [ 121.549944809047034, 24.900492282669525 ], [ 121.549290504856174, 24.901093892585266 ], [ 121.548872050161108, 24.901850468072031 ] ] ], [ [ [ 121.548713164083694, 24.95239872952116 ], [ 121.549373053994742, 24.952995492790652 ], [ 121.550131137140568, 24.953344122316409 ], [ 121.550184799127024, 24.953645108300755 ], [ 121.550610129539606, 24.954398566764681 ], [ 121.55127003927953, 24.95499532113125 ], [ 121.55209993162994, 24.955376954368074 ], [ 121.553018567467589, 24.955506107555976 ], [ 121.553936018842691, 24.955370137604088 ], [ 121.554762473844306, 24.954982355102334 ], [ 121.555417030070586, 24.954380721042906 ], [ 121.555835615152617, 24.953624130116498 ], [ 121.555977258544786, 24.952786644712727 ], [ 121.555828100677957, 24.951950244414213 ], [ 121.555402747540072, 24.951196801005761 ], [ 121.554742838886767, 24.950600064639186 ], [ 121.553984760202979, 24.950251458389094 ], [ 121.553931090649158, 24.949950473770937 ], [ 121.553505756064482, 24.949197024426358 ], [ 121.552845867236215, 24.94860027915524 ], [ 121.552016018526118, 24.948218648986437 ], [ 121.551097437831146, 24.94808948854201 ], [ 121.55018003675896, 24.948225440269397 ], [ 121.549353611542614, 24.948613197168957 ], [ 121.548699055212467, 24.949214805031158 ], [ 121.548280440455727, 24.949971376842868 ], [ 121.548138747677271, 24.950808856082325 ], [ 121.548287852224831, 24.9516452651241 ], [ 121.548713164083694, 24.95239872952116 ] ] ], [ [ [ 121.561389730665567, 24.905711028826961 ], [ 121.562049427213211, 24.906307742956944 ], [ 121.562879022394824, 24.906689323760844 ], [ 121.563797306182664, 24.906818417457963 ], [ 121.564714385101297, 24.906682386784706 ], [ 121.565540483713534, 24.906294548275255 ], [ 121.566194734514411, 24.905692868400923 ], [ 121.566613095035009, 24.904936246331371 ], [ 121.566754616704799, 24.904098747498761 ], [ 121.566605451856404, 24.903262352796293 ], [ 121.566180207146076, 24.902508933460595 ], [ 121.565520511704705, 24.901912237290357 ], [ 121.564690940960659, 24.901530670513591 ], [ 121.563772695607383, 24.901401581553102 ], [ 121.562855654439545, 24.901537605863258 ], [ 121.562029578474863, 24.901925429340359 ], [ 121.561375326567685, 24.902527091254946 ], [ 121.560956941609504, 24.903283699297365 ], [ 121.560815381505151, 24.904121193393337 ], [ 121.560964508602765, 24.904957594458914 ], [ 121.561389730665567, 24.905711028826961 ] ] ], [ [ [ 121.563888954260491, 24.967890182915706 ], [ 121.564549000103355, 24.968486874995843 ], [ 121.565379023199441, 24.968868431251668 ], [ 121.566224703763822, 24.968987235685223 ], [ 121.566166908036124, 24.969014357005854 ], [ 121.565512329159603, 24.969616037578522 ], [ 121.5650937517741, 24.970372653999014 ], [ 121.564952152633808, 24.971210145378723 ], [ 121.56510139792789, 24.972046532901093 ], [ 121.565526883868728, 24.972799944221364 ], [ 121.566186964156714, 24.973396628048192 ], [ 121.567017025376302, 24.973778174252018 ], [ 121.567935811867443, 24.973907232433238 ], [ 121.568853380926754, 24.973771168803307 ], [ 121.5696799091195, 24.973383303125761 ], [ 121.57033448687956, 24.972781604538213 ], [ 121.570753039734413, 24.972024974049937 ], [ 121.570894600299695, 24.97118747792295 ], [ 121.570745317120654, 24.970351096787105 ], [ 121.570319808455608, 24.969597700547734 ], [ 121.569659729284083, 24.969001034735783 ], [ 121.568829692595159, 24.968619502599747 ], [ 121.567984012365017, 24.968500712956324 ], [ 121.56804180744183, 24.968473590939738 ], [ 121.568696367853804, 24.967871899478776 ], [ 121.569114914856101, 24.967115273216219 ], [ 121.569256481636003, 24.966277778000201 ], [ 121.569107216128813, 24.965441394371588 ], [ 121.568681734861784, 24.964687992480183 ], [ 121.568021690132028, 24.964091318410908 ], [ 121.567191691557653, 24.963709776221112 ], [ 121.5662729816992, 24.963580711921338 ], [ 121.565355484801998, 24.963716758550298 ], [ 121.564529006475937, 24.964104599822402 ], [ 121.563874444950841, 24.964706273272498 ], [ 121.563455873426818, 24.965462885469037 ], [ 121.563314268082976, 24.966300375936616 ], [ 121.563463495714174, 24.967136765948133 ], [ 121.563888954260491, 24.967890182915706 ] ] ], [ [ [ 121.557567499960541, 24.956070188429653 ], [ 121.557576489502736, 24.956074321871881 ], [ 121.557623719295151, 24.956157975443976 ], [ 121.558283671753358, 24.956754697849071 ], [ 121.559113596819401, 24.957136291338429 ], [ 121.560032252165698, 24.95726540088436 ], [ 121.560949707931741, 24.957129387669347 ], [ 121.561776151776854, 24.956741566519721 ], [ 121.562430682392602, 24.956139902211842 ], [ 121.562849229918953, 24.955383292397499 ], [ 121.562990827488363, 24.954545801314477 ], [ 121.562841620018304, 24.953709409099933 ], [ 121.562416218352084, 24.952955986745852 ], [ 121.561756266994308, 24.95235928234208 ], [ 121.561747277590214, 24.952355149147785 ], [ 121.561700046543649, 24.952271496864004 ], [ 121.561040102288629, 24.951674789108459 ], [ 121.560210208474942, 24.95129320553945 ], [ 121.559291597412198, 24.951164096218285 ], [ 121.558374183679121, 24.951300098589691 ], [ 121.557547764747923, 24.95168790069842 ], [ 121.556893233035069, 24.952289543910858 ], [ 121.556474658820349, 24.953046137753891 ], [ 121.556333018542475, 24.953883623548414 ], [ 121.556482182411685, 24.954720023025757 ], [ 121.556907554606525, 24.955473462673346 ], [ 121.557567499960541, 24.956070188429653 ] ] ], [ [ [ 121.559465583759788, 24.974422451478045 ], [ 121.559688390412333, 24.974817010518862 ], [ 121.560348454049731, 24.975413720377773 ], [ 121.561178511613775, 24.97579529911263 ], [ 121.562097307803157, 24.975924393138541 ], [ 121.563014898965037, 24.975788365156955 ], [ 121.56384145950004, 24.975400531440787 ], [ 121.564496076674487, 24.974798857998504 ], [ 121.564914672156021, 24.974042243378229 ], [ 121.565056274386791, 24.973204752289675 ], [ 121.564907027833627, 24.972368364870761 ], [ 121.5644815471708, 24.971614951642938 ], [ 121.564338357137004, 24.971485509620113 ], [ 121.564115542023501, 24.971090957517571 ], [ 121.563455484071582, 24.970494263930732 ], [ 121.562625455667373, 24.970112697121618 ], [ 121.561706702291204, 24.969983605509515 ], [ 121.560789152446645, 24.970119624805474 ], [ 121.559962616924224, 24.970507441398766 ], [ 121.559307999550427, 24.971109095240006 ], [ 121.558889378990884, 24.971865694817851 ], [ 121.558747736224845, 24.972703180893305 ], [ 121.558896941711794, 24.973539575170363 ], [ 121.559322395561708, 24.974293004644284 ], [ 121.559465583759788, 24.974422451478045 ] ] ], [ [ [ 121.584749010463995, 24.85273060157769 ], [ 121.58557831134398, 24.853112064154463 ], [ 121.586496218506227, 24.85324102586911 ], [ 121.587412875355838, 24.853104862383955 ], [ 121.588238547788123, 24.852716903236399 ], [ 121.588892410030283, 24.852115126704369 ], [ 121.58931045765425, 24.851358441412753 ], [ 121.589451772713275, 24.850520918974379 ], [ 121.589302527750689, 24.849684542586573 ], [ 121.588877337247396, 24.84893118169057 ], [ 121.58821782501353, 24.848334578366828 ], [ 121.587388548537746, 24.847953129761208 ], [ 121.586470679713159, 24.847824172737067 ], [ 121.585554060490992, 24.847960329840458 ], [ 121.584728410603518, 24.848348273971613 ], [ 121.584074547212211, 24.848950032588338 ], [ 121.583656475184057, 24.849706703908804 ], [ 121.583515121787357, 24.850544221656683 ], [ 121.583664329122499, 24.85138060442624 ], [ 121.584089497080981, 24.852133980338657 ], [ 121.584749010463995, 24.85273060157769 ] ] ], [ [ [ 121.586562325500012, 24.971122309372365 ], [ 121.587392431689068, 24.971503741228471 ], [ 121.588311219760669, 24.971632673619848 ], [ 121.589228746855682, 24.971496485075413 ], [ 121.59005519364969, 24.971108507590269 ], [ 121.590709658549443, 24.970506721248857 ], [ 121.59112807813564, 24.969750035650101 ], [ 121.591269498073387, 24.968912522447777 ], [ 121.591120080674486, 24.968076163938928 ], [ 121.590694457333171, 24.967322827809888 ], [ 121.590034294249222, 24.966726253705303 ], [ 121.589204212619933, 24.966344835897011 ], [ 121.588285463130447, 24.966215908222839 ], [ 121.587367973902857, 24.966352090352057 ], [ 121.586541549797488, 24.966740052739951 ], [ 121.585887083741298, 24.967341821068718 ], [ 121.585468639595305, 24.968098492619671 ], [ 121.585327181075428, 24.968936001104787 ], [ 121.585476560606935, 24.969772366028863 ], [ 121.585902161259611, 24.970525717255139 ], [ 121.586562325500012, 24.971122309372365 ] ] ], [ [ [ 121.584386773745891, 24.978036752715273 ], [ 121.583968285581278, 24.97879341979371 ], [ 121.583826806225105, 24.979630926063837 ], [ 121.583976190145179, 24.980467291247933 ], [ 121.584401819985032, 24.98122064518369 ], [ 121.585062035356302, 24.981817242193824 ], [ 121.585892209615338, 24.982198680646047 ], [ 121.586811076031168, 24.98232762068988 ], [ 121.587728684072829, 24.982191440104462 ], [ 121.588555206488962, 24.98180347010593 ], [ 121.588746679669796, 24.981627428452136 ], [ 121.588806796799759, 24.981655048761564 ], [ 121.589725661806057, 24.981783970838663 ], [ 121.59064326221953, 24.981647772406411 ], [ 121.591469771536055, 24.981259786428478 ], [ 121.5921242820408, 24.980657993821772 ], [ 121.592542725850734, 24.979901304799679 ], [ 121.592684146261973, 24.979063791351873 ], [ 121.592534705543045, 24.978227435799472 ], [ 121.592109037373717, 24.977474105538764 ], [ 121.591448812343359, 24.976877539638799 ], [ 121.59061865771254, 24.976496131567128 ], [ 121.589699831310128, 24.976367214207698 ], [ 121.588782268783874, 24.976503406220047 ], [ 121.587955782166333, 24.976891377092695 ], [ 121.587764315021843, 24.977067417726843 ], [ 121.587704200368307, 24.977039796934342 ], [ 121.586785372555752, 24.976910861612541 ], [ 121.585867802404323, 24.977047035782089 ], [ 121.585041302692474, 24.977434990677523 ], [ 121.584386773745891, 24.978036752715273 ] ] ], [ [ [ 121.573584991133728, 24.953533871544714 ], [ 121.574414939745736, 24.953915379487686 ], [ 121.575333585063404, 24.954044394856208 ], [ 121.57625099820757, 24.953908288054755 ], [ 121.577077371012052, 24.95352038307356 ], [ 121.577731809126348, 24.952918652896589 ], [ 121.578150251749435, 24.952162001622956 ], [ 121.578291742285231, 24.951324497546498 ], [ 121.578142436128701, 24.95048812207299 ], [ 121.577716953780993, 24.949734744552689 ], [ 121.577056947640301, 24.94913810868519 ], [ 121.576227023544945, 24.948756614790149 ], [ 121.575308416765623, 24.948627604153263 ], [ 121.574391041461212, 24.948763704562737 ], [ 121.573564691344387, 24.949151594469846 ], [ 121.572910252099689, 24.949753306648418 ], [ 121.572491784959979, 24.95050994387411 ], [ 121.572350255885809, 24.951347443218939 ], [ 121.57249952420257, 24.952183825084433 ], [ 121.572924983862634, 24.952937217678812 ], [ 121.573584991133728, 24.953533871544714 ] ] ], [ [ [ 121.577629852002488, 24.975233415398655 ], [ 121.578459959598547, 24.97561489685301 ], [ 121.579378770194936, 24.975743883918714 ], [ 121.580296338727138, 24.975607749770798 ], [ 121.581122841812572, 24.975219821077996 ], [ 121.581777372345073, 24.974618073147873 ], [ 121.582195860478251, 24.973861411819904 ], [ 121.58233734516611, 24.973023906373609 ], [ 121.582187982382692, 24.972187538348788 ], [ 121.581762398178157, 24.971434176364955 ], [ 121.581102254924033, 24.970837562598295 ], [ 121.580272171879002, 24.970456095202575 ], [ 121.57935339986804, 24.970327112868031 ], [ 121.578435869217287, 24.970463240612492 ], [ 121.577609388839946, 24.970851154213129 ], [ 121.576954857168431, 24.971452884127061 ], [ 121.576536344484211, 24.972209531396398 ], [ 121.576394821210954, 24.973047032111538 ], [ 121.576544146112866, 24.973883406539816 ], [ 121.576969707609337, 24.974636783615818 ], [ 121.577629852002488, 24.975233415398655 ] ] ], [ [ [ 121.592590578345536, 24.971357575268446 ], [ 121.593420703973322, 24.971738973129224 ], [ 121.594339499255966, 24.971867868164946 ], [ 121.595257020627955, 24.971731642562393 ], [ 121.596083449325462, 24.971343631945409 ], [ 121.596737885528043, 24.970741819642392 ], [ 121.597156268627174, 24.969985117793566 ], [ 121.597297647860941, 24.969147599642646 ], [ 121.597148189526081, 24.968311247969815 ], [ 121.596722529023481, 24.967557929791042 ], [ 121.596062336189149, 24.966961382993073 ], [ 121.59523223513095, 24.966579999174794 ], [ 121.594313478434373, 24.9664511088476 ], [ 121.593395994926496, 24.966587328026211 ], [ 121.592569588908219, 24.966975323540499 ], [ 121.591915151537336, 24.967577117830793 ], [ 121.591496743868618, 24.968333805637116 ], [ 121.591355326048742, 24.969171319079514 ], [ 121.591504746519547, 24.970007677176291 ], [ 121.59193038434293, 24.970761010457757 ], [ 121.592590578345536, 24.971357575268446 ] ] ], [ [ [ 121.745969138664037, 24.886219837099858 ], [ 121.746799137501711, 24.886600387221833 ], [ 121.747717434703645, 24.886728348418554 ], [ 121.748634135472273, 24.886591194322033 ], [ 121.749459501408708, 24.886202351471681 ], [ 121.750112736772948, 24.885599884671649 ], [ 121.750529898545153, 24.884842770118485 ], [ 121.750670155533996, 24.88400512142649 ], [ 121.750519783876967, 24.883168934119578 ], [ 121.750093508338736, 24.882416059096304 ], [ 121.749433058909403, 24.881820190853336 ], [ 121.748603084771716, 24.881439654578273 ], [ 121.747684826068863, 24.881311697846833 ], [ 121.746768162893133, 24.881448845321454 ], [ 121.745942819284139, 24.881837672992027 ], [ 121.74528958245358, 24.882440121852582 ], [ 121.744872395981361, 24.883197222558842 ], [ 121.744732100493437, 24.884034866785552 ], [ 121.74488243455761, 24.884871060714374 ], [ 121.745308687768386, 24.885623950917417 ], [ 121.745969138664037, 24.886219837099858 ] ] ], [ [ [ 121.707791132777146, 24.933256967335858 ], [ 121.707643375664176, 24.93312363456792 ], [ 121.7068131758042, 24.932742873204703 ], [ 121.705894571964151, 24.932614667668517 ], [ 121.70497747800917, 24.932751566966136 ], [ 121.704151660127948, 24.933140171374134 ], [ 121.703497951938772, 24.933742443740737 ], [ 121.703080343149949, 24.934499432004255 ], [ 121.702939715726913, 24.935337038856325 ], [ 121.703089840741171, 24.936173274147496 ], [ 121.703516028269178, 24.936926280407647 ], [ 121.704176563297139, 24.937522345981776 ], [ 121.705006787858139, 24.937903121263787 ], [ 121.705925430278953, 24.938031331338454 ], [ 121.706842561957899, 24.937894425465458 ], [ 121.707668402297017, 24.937505805879788 ], [ 121.708149158875059, 24.937062863421236 ], [ 121.70818085416704, 24.937239370134368 ], [ 121.708607076091155, 24.937992360964785 ], [ 121.709267640835293, 24.938588403221988 ], [ 121.709962378563347, 24.938907006434103 ], [ 121.710033776027373, 24.93930456810391 ], [ 121.71046001651267, 24.940057553020733 ], [ 121.71112060123059, 24.940653586458428 ], [ 121.711950867348236, 24.941034321956284 ], [ 121.712869539122366, 24.941162488494022 ], [ 121.713786685076556, 24.941025539594353 ], [ 121.714612523215223, 24.940636881705537 ], [ 121.71526621155833, 24.940034561527256 ], [ 121.715683762736006, 24.939277540910165 ], [ 121.715824307441366, 24.938439924283045 ], [ 121.715674093661363, 24.937603704040185 ], [ 121.715628282298326, 24.937522781333612 ], [ 121.715707601137694, 24.937050054766775 ], [ 121.715557390079411, 24.936213834196327 ], [ 121.715428752939374, 24.935986601760728 ], [ 121.715833716162621, 24.935252378154082 ], [ 121.715974256015414, 24.934414761061383 ], [ 121.715824046837398, 24.933578540435224 ], [ 121.715397797506355, 24.932825570440869 ], [ 121.714737235463758, 24.932229554870897 ], [ 121.713907020925163, 24.931848833328321 ], [ 121.712988417564304, 24.931720671514931 ], [ 121.712071339199042, 24.931857614159089 ], [ 121.711245550492947, 24.932246257295745 ], [ 121.711119051868323, 24.932362816265535 ], [ 121.711034084410201, 24.932323849493258 ], [ 121.710115480013215, 24.93219566999317 ], [ 121.709198394500191, 24.932332595099467 ], [ 121.70837259323396, 24.932721222563234 ], [ 121.707791132777146, 24.933256967335858 ] ] ], [ [ [ 121.677400405800142, 24.913444044657506 ], [ 121.678230388796692, 24.913824975520271 ], [ 121.679148828718965, 24.913953355452744 ], [ 121.680065816796585, 24.9138166170831 ], [ 121.680891586492777, 24.913428146243557 ], [ 121.68154530252427, 24.912825971317332 ], [ 121.681962974801237, 24.912069039933726 ], [ 121.682103722150288, 24.911231447788534 ], [ 121.681953772711466, 24.910395184885552 ], [ 121.681527809933868, 24.909642109536161 ], [ 121.680867533212805, 24.909045935852259 ], [ 121.680037574844121, 24.908665018916729 ], [ 121.679119173437641, 24.908536643555589 ], [ 121.678202223052068, 24.908673375394599 ], [ 121.677376475827103, 24.909061831096007 ], [ 121.676722758462788, 24.909663988058849 ], [ 121.676305061557969, 24.910420905515224 ], [ 121.676164275693083, 24.911258493089079 ], [ 121.676314187439857, 24.912094762522695 ], [ 121.676740127746214, 24.912847853010224 ], [ 121.677400405800142, 24.913444044657506 ] ] ], [ [ [ 121.630052003655166, 24.953894510587645 ], [ 121.630882121540566, 24.954275700539512 ], [ 121.631800820428566, 24.954404366478705 ], [ 121.632718166191438, 24.954267913025891 ], [ 121.633544357263702, 24.953879698115493 ], [ 121.63419851709692, 24.953277725076564 ], [ 121.634616612145919, 24.95252092178114 ], [ 121.634757719850228, 24.951683371396747 ], [ 121.634608033083822, 24.950847059850506 ], [ 121.634182209599587, 24.950093850223517 ], [ 121.633521935175693, 24.949497469773711 ], [ 121.632691841896147, 24.949116293818804 ], [ 121.631773181579959, 24.948987632529541 ], [ 121.630855873621698, 24.94912407950914 ], [ 121.630029705146811, 24.949512279295725 ], [ 121.629375544072261, 24.950114234337025 ], [ 121.628957424417408, 24.950871023635489 ], [ 121.628816278141286, 24.951708569369949 ], [ 121.628965927103067, 24.952544887389401 ], [ 121.62939172798994, 24.953298112140207 ], [ 121.630052003655166, 24.953894510587645 ] ] ], [ [ [ 121.644480264141905, 24.953876673533816 ], [ 121.645310424404769, 24.954257782193043 ], [ 121.646229136018448, 24.954386358843898 ], [ 121.647146463608308, 24.954249816850169 ], [ 121.647972607389136, 24.953861522816226 ], [ 121.648626695445003, 24.95325948781808 ], [ 121.649044701260806, 24.952502645792716 ], [ 121.649185711014098, 24.95166508369697 ], [ 121.649035927168086, 24.950828788601374 ], [ 121.648610016977258, 24.950075621973774 ], [ 121.647949674703881, 24.949479306861239 ], [ 121.647119539069536, 24.949098212185852 ], [ 121.646200866035954, 24.948969640164023 ], [ 121.645283576241482, 24.949106175663815 ], [ 121.644457455034782, 24.949494454561329 ], [ 121.643803365709246, 24.950096471562148 ], [ 121.643385335264952, 24.950853299603654 ], [ 121.643244286931576, 24.951690857070378 ], [ 121.643394032982144, 24.952527158659912 ], [ 121.643819920598858, 24.953280340423948 ], [ 121.644480264141905, 24.953876673533816 ] ] ], [ [ [ 121.679174719784129, 24.966459064831508 ], [ 121.680005067424332, 24.96683997547915 ], [ 121.68092390346284, 24.966968335188469 ], [ 121.681841280338986, 24.966831578565738 ], [ 121.682667393442529, 24.966443093232247 ], [ 121.68332137386615, 24.965840908995236 ], [ 121.683739205640336, 24.965083974401619 ], [ 121.683879991989059, 24.964246385466147 ], [ 121.683729957250478, 24.963410131879918 ], [ 121.683303793238622, 24.962657071039999 ], [ 121.682643219055933, 24.962060915632723 ], [ 121.681812896115019, 24.961680018945753 ], [ 121.680894098702524, 24.961551663818277 ], [ 121.679976759625305, 24.961688413893949 ], [ 121.679150669055673, 24.96207688405222 ], [ 121.678496687293773, 24.962679050282262 ], [ 121.678078830820297, 24.963435970915231 ], [ 121.677938005845562, 24.964273555268843 ], [ 121.678088002785216, 24.965109815402137 ], [ 121.678514144263133, 24.965862891417274 ], [ 121.679174719784129, 24.966459064831508 ] ] ], [ [ [ 121.737186780543894, 24.965599717518554 ], [ 121.738017292273952, 24.965980300842642 ], [ 121.738936172483804, 24.966108301368141 ], [ 121.739853469284469, 24.96597118887269 ], [ 121.740679385909601, 24.9655823858247 ], [ 121.741333072697984, 24.964979953138634 ], [ 121.741750542439306, 24.964222863681055 ], [ 121.741890933808662, 24.963385228618282 ], [ 121.741740509812047, 24.962549042144712 ], [ 121.7413140003612, 24.961796155076154 ], [ 121.740653158359081, 24.961200263081885 ], [ 121.739822671418239, 24.960819693665123 ], [ 121.738903829865947, 24.96069169763717 ], [ 121.737986570825299, 24.96082880350248 ], [ 121.737160676639633, 24.961217591325148 ], [ 121.736506988398986, 24.961820006006231 ], [ 121.736089493868462, 24.962577081556503 ], [ 121.735949063841517, 24.963414712121722 ], [ 121.736099450078129, 24.96425090522543 ], [ 121.736525937089553, 24.965003807519317 ], [ 121.737186780543894, 24.965599717518554 ] ] ], [ [ [ 121.769445142363026, 24.967721359390499 ], [ 121.77027576264399, 24.968101759991313 ], [ 121.771194686389606, 24.968229560232974 ], [ 121.772111957446043, 24.968092249504874 ], [ 121.772937781569325, 24.967703269686456 ], [ 121.773591318160001, 24.967100698999925 ], [ 121.774008594719149, 24.966343523820406 ], [ 121.774148768839453, 24.965505863701328 ], [ 121.77399812479598, 24.9646697152832 ], [ 121.773571414037903, 24.963916925650036 ], [ 121.772910409166514, 24.963321180929249 ], [ 121.772079813728112, 24.962940794207785 ], [ 121.771160928662894, 24.962812998417412 ], [ 121.770243695350061, 24.962950302468524 ], [ 121.769417893616861, 24.963339267032037 ], [ 121.76876435551047, 24.963941819712613 ], [ 121.768347054108773, 24.964698981012784 ], [ 121.768206841308071, 24.965536636680557 ], [ 121.76835744760794, 24.96637279177569 ], [ 121.768784135975949, 24.96712559666376 ], [ 121.769445142363026, 24.967721359390499 ] ] ], [ [ [ 121.846671664202944, 24.973131943735574 ], [ 121.847502545623158, 24.973511906213812 ], [ 121.848421574911256, 24.973639226611986 ], [ 121.84933878557429, 24.973501441305633 ], [ 121.850164389285538, 24.973112038645166 ], [ 121.850817567037708, 24.972509138253585 ], [ 121.851234381479131, 24.971751758780197 ], [ 121.851374035455976, 24.970914039766637 ], [ 121.851222864166402, 24.9700779836027 ], [ 121.850795670664581, 24.969325428325973 ], [ 121.850134274789369, 24.96873003711335 ], [ 121.849303418339701, 24.968350088447604 ], [ 121.848384427787124, 24.968222772390035 ], [ 121.847467254828928, 24.968360550907164 ], [ 121.846641673389868, 24.968749938241821 ], [ 121.845988493969983, 24.969352820624941 ], [ 121.845571654558, 24.970110186285851 ], [ 121.84543196184562, 24.970947900958791 ], [ 121.845583095430371, 24.971783963911964 ], [ 121.846010266660016, 24.972536534514507 ], [ 121.846671664202944, 24.973131943735574 ] ] ], [ [ [ 121.88533291740147, 25.006637377874814 ], [ 121.886164139297378, 25.007017113435406 ], [ 121.887083450943265, 25.007144186616539 ], [ 121.888000858194161, 25.007006157999871 ], [ 121.888826553473777, 25.006616539761854 ], [ 121.88947970881452, 25.006013472635697 ], [ 121.889896389069534, 25.005255991595625 ], [ 121.890035810234863, 25.004418246123453 ], [ 121.889884330310863, 25.00358224119211 ], [ 121.889456782569098, 25.002829809815058 ], [ 121.888795021520906, 25.00223460303306 ], [ 121.887963824699852, 25.00185488127174 ], [ 121.887044551880635, 25.001727812383315 ], [ 121.886127182377763, 25.001865834146457 ], [ 121.885301509349091, 25.002255437002528 ], [ 121.884648352263056, 25.002858486093686 ], [ 121.88423164693323, 25.003615953334482 ], [ 121.884092186941203, 25.004453694513945 ], [ 121.884243629117194, 25.005289706298818 ], [ 121.884671154608029, 25.00604215305782 ], [ 121.88533291740147, 25.006637377874814 ] ] ], [ [ [ 121.656003496302461, 24.993635227816245 ], [ 121.656722529864183, 24.993965137547139 ], [ 121.656787035486829, 24.993974157075247 ], [ 121.656993398933494, 24.994068840443251 ], [ 121.657912417700743, 24.994197338049471 ], [ 121.658830024865566, 24.99406071903649 ], [ 121.659656393265507, 24.993672357551716 ], [ 121.659676252162825, 24.993654081744399 ], [ 121.659793460263401, 24.993707856339721 ], [ 121.660712478821523, 24.99383633665084 ], [ 121.661630079793014, 24.993699700479766 ], [ 121.662456436622023, 24.99331132365403 ], [ 121.663110656534371, 24.992709225359434 ], [ 121.663528700112138, 24.991952345733441 ], [ 121.663669649847009, 24.991114775415323 ], [ 121.663519714089958, 24.99027850227889 ], [ 121.663093574975619, 24.989525385638039 ], [ 121.662432949178594, 24.98892914364124 ], [ 121.66160250316949, 24.988548138048934 ], [ 121.660683523281165, 24.9884196623556 ], [ 121.659765960176301, 24.988556292001608 ], [ 121.658939625946999, 24.988944653651785 ], [ 121.658919767677858, 24.988962929358994 ], [ 121.658802564491367, 24.988909153941304 ], [ 121.658738061395866, 24.98890013522983 ], [ 121.658531705400193, 24.988805454067077 ], [ 121.658278594396364, 24.988770063848595 ], [ 121.657559587431464, 24.988440160875946 ], [ 121.656640611935245, 24.988311660109229 ], [ 121.655723044546264, 24.988448264901759 ], [ 121.654896697775598, 24.98883660435035 ], [ 121.654242456991867, 24.989438667238485 ], [ 121.653824364024047, 24.990195522016329 ], [ 121.653683348231624, 24.991033084453644 ], [ 121.653833218714695, 24.991869368760689 ], [ 121.654259310485529, 24.992622512677293 ], [ 121.654919917924872, 24.993218791074504 ], [ 121.655750375991076, 24.993599833506959 ], [ 121.656003496302461, 24.993635227816245 ] ] ], [ [ [ 121.647183327476114, 25.000889528739219 ], [ 121.647609411621204, 25.00164269098606 ], [ 121.647620090041173, 25.001652329825742 ], [ 121.647620135669072, 25.001652410478716 ], [ 121.648280761128902, 25.002248717311442 ], [ 121.649111261000115, 25.002629795533824 ], [ 121.650030336660734, 25.002758340563432 ], [ 121.650030388792487, 25.002758332805207 ], [ 121.650065190717939, 25.002763200202882 ], [ 121.650982871135568, 25.002626628282993 ], [ 121.651809321906725, 25.002238309166852 ], [ 121.652463641057579, 25.001636256390775 ], [ 121.652881779453068, 25.000879405637633 ], [ 121.653022810302744, 25.000041844722642 ], [ 121.652872934019214, 24.999205560601656 ], [ 121.652446826919046, 24.998452413665667 ], [ 121.651786202547044, 24.997856125029124 ], [ 121.651764612617953, 24.997846218568871 ], [ 121.651748668584972, 24.997831827150229 ], [ 121.65091819355095, 24.997450762921485 ], [ 121.649999156719858, 24.997322222507478 ], [ 121.649081514326582, 24.997458787681374 ], [ 121.648255086220985, 24.997847091417128 ], [ 121.647600765730189, 24.998449125994078 ], [ 121.647598159847107, 24.99845384243222 ], [ 121.647592722567126, 24.998458845189433 ], [ 121.647174559239289, 24.999215681808177 ], [ 121.647033489411783, 25.000053238052033 ], [ 121.647183327476114, 25.000889528739219 ] ] ], [ [ [ 121.671207979279558, 25.010368975020363 ], [ 121.672038601949239, 25.010749922216348 ], [ 121.672957758596667, 25.010878323679655 ], [ 121.673875470265429, 25.010741609926182 ], [ 121.674701899560077, 25.010353164380891 ], [ 121.675356146612728, 25.009751012959502 ], [ 121.675774169352351, 25.008994101001832 ], [ 121.675915052316199, 25.008156522312035 ], [ 121.675765010397342, 25.007320265581477 ], [ 121.675338736126079, 25.006567188514992 ], [ 121.674677959407305, 25.005971005384097 ], [ 121.673847361481378, 25.005590072185065 ], [ 121.672928243545982, 25.005461675326014 ], [ 121.672010569770791, 25.005598382532362 ], [ 121.671184163077285, 25.005986812879939 ], [ 121.670529914700396, 25.006588946258049 ], [ 121.670111867217059, 25.007345844218772 ], [ 121.669970945541166, 25.008183418304316 ], [ 121.67012094956641, 25.009019681581997 ], [ 121.670547201236559, 25.009772773846187 ], [ 121.671207979279558, 25.010368975020363 ] ] ], [ [ [ 121.640036260406475, 25.00823144452534 ], [ 121.639618018620325, 25.008988260496825 ], [ 121.639476887809508, 25.009825809725893 ], [ 121.63948956881633, 25.009896605018906 ], [ 121.639301189268608, 25.010069893425264 ], [ 121.638882936970518, 25.010826707356603 ], [ 121.638741799353923, 25.011664255822989 ], [ 121.638891597448676, 25.01250055440606 ], [ 121.639317673360338, 25.013253739450509 ], [ 121.639978323029041, 25.01385008180139 ], [ 121.64002082616436, 25.01386958572046 ], [ 121.63997478419266, 25.014142821740041 ], [ 121.640124594018488, 25.014979118578339 ], [ 121.640133332561703, 25.014994565350534 ], [ 121.640137998285041, 25.015020611024138 ], [ 121.640564090780316, 25.015773791919361 ], [ 121.641224760114497, 25.016370128143283 ], [ 121.642055335191017, 25.016751243587287 ], [ 121.642974510025226, 25.016879830023189 ], [ 121.643892303881174, 25.016743299854102 ], [ 121.644718871313898, 25.016355018528579 ], [ 121.645373298925662, 25.015752995884174 ], [ 121.645791526962711, 25.014996164655926 ], [ 121.645932619860801, 25.014158610750073 ], [ 121.645782771962459, 25.013322320438331 ], [ 121.645774032843775, 25.013306874006474 ], [ 121.645769366009148, 25.01328082852622 ], [ 121.645364029133248, 25.012564388577438 ], [ 121.64621491214082, 25.012437794280039 ], [ 121.647041443458377, 25.012049500544094 ], [ 121.64769583718325, 25.011447468016602 ], [ 121.648114036879306, 25.010690630399509 ], [ 121.648255109756292, 25.009853074223738 ], [ 121.648229891979241, 25.009712345992046 ], [ 121.648241949984211, 25.009690523631814 ], [ 121.648383021012592, 25.008852967263266 ], [ 121.648361477618195, 25.008732743596376 ], [ 121.648368805770758, 25.008689235152204 ], [ 121.648218948966189, 25.007852946882643 ], [ 121.647792838804719, 25.007099787512775 ], [ 121.647132189133458, 25.006503479373922 ], [ 121.646301668764153, 25.006122390698849 ], [ 121.645382571308758, 25.005993823111147 ], [ 121.644464858934342, 25.006130361042679 ], [ 121.643638358338052, 25.006518640133443 ], [ 121.642983969940332, 25.007120655075443 ], [ 121.642952772849995, 25.007177110666834 ], [ 121.642434911143908, 25.007104659302495 ], [ 121.641517186848134, 25.007241179254621 ], [ 121.640690669240755, 25.007629442239459 ], [ 121.640036260406475, 25.00823144452534 ] ] ], [ [ [ 121.611662379948115, 25.003725581381932 ], [ 121.612581430245001, 25.003854358400147 ], [ 121.613407697966693, 25.003731605787515 ], [ 121.61364735840354, 25.00415548871754 ], [ 121.614307837069319, 25.004751949181408 ], [ 121.614948896983989, 25.005046279928223 ], [ 121.615486037501242, 25.005531344691295 ], [ 121.616316462811213, 25.005912607414405 ], [ 121.617235533624921, 25.00604135523211 ], [ 121.618153279393979, 25.005904984745417 ], [ 121.618979859381298, 25.00551684576639 ], [ 121.619634358956247, 25.004914934194499 ], [ 121.620052711313562, 25.004158171891039 ], [ 121.620094786647229, 25.003908702778194 ], [ 121.620737428421023, 25.00331767910864 ], [ 121.621155768765547, 25.002560913775639 ], [ 121.621297017085439, 25.00172337885547 ], [ 121.621147352503769, 25.000887058766036 ], [ 121.62072143061755, 25.000133817425588 ], [ 121.620060946849151, 24.999537385193317 ], [ 121.619230553778152, 24.99915614244987 ], [ 121.618311532563041, 24.999027405897284 ], [ 121.617867944137046, 24.999093324449657 ], [ 121.617787496011573, 24.999056388496104 ], [ 121.616868476838448, 24.998927642983322 ], [ 121.616030680834669, 24.999052132527648 ], [ 121.615577505100916, 24.998988642346177 ], [ 121.614659807330241, 24.999124996136707 ], [ 121.614554854945226, 24.999174277848862 ], [ 121.614303955380421, 24.99894768826211 ], [ 121.613473583339285, 24.998566412935276 ], [ 121.612554571705047, 24.998437640607087 ], [ 121.611636874248916, 24.998573975744321 ], [ 121.610810316206965, 24.998962073830938 ], [ 121.610155803616621, 24.999563947272076 ], [ 121.60973740490094, 25.000320683063602 ], [ 121.60959607934015, 25.001158208629136 ], [ 121.609745666355977, 25.001994541797611 ], [ 121.61017152871537, 25.002747815534612 ], [ 121.610831983267303, 25.003344292007959 ], [ 121.611662379948115, 25.003725581381932 ] ] ], [ [ [ 121.695378437718929, 25.008839247823726 ], [ 121.696209121077871, 25.009220058718363 ], [ 121.697128287589223, 25.009348310514049 ], [ 121.698045957329526, 25.009211448382217 ], [ 121.698872297010197, 25.008822870277026 ], [ 121.699526415541214, 25.00822061509291 ], [ 121.699944283438867, 25.007463638326481 ], [ 121.700085000402595, 25.006626040122551 ], [ 121.699934797576176, 25.005789811077619 ], [ 121.699508383238012, 25.005036806181604 ], [ 121.698847500997999, 25.00444073263861 ], [ 121.698016842418809, 25.00405993571793 ], [ 121.69709771463026, 25.003931688491075 ], [ 121.696180082764954, 25.004068544041459 ], [ 121.695353765644583, 25.004457106928829 ], [ 121.694699645741821, 25.005059344071434 ], [ 121.694281753064431, 25.005816306863906 ], [ 121.694140997377929, 25.006653900499014 ], [ 121.694291162329336, 25.007490136125387 ], [ 121.694717554107186, 25.008243156239221 ], [ 121.695378437718929, 25.008839247823726 ] ] ], [ [ [ 121.801691439005069, 25.016020752585575 ], [ 121.802118507995488, 25.016773447709735 ], [ 121.802779943401887, 25.017369047929364 ], [ 121.803610999093962, 25.017749249181499 ], [ 121.804530322004908, 25.0178768327462 ], [ 121.8054479168905, 25.017739309227856 ], [ 121.806273957796762, 25.01735014134395 ], [ 121.806927582903, 25.016747425734703 ], [ 121.80734481105533, 25.015990162966993 ], [ 121.80743136097459, 25.015472273965393 ], [ 121.807587121550753, 25.01518956668794 ], [ 121.807727112701912, 25.014351884635822 ], [ 121.807576173119031, 25.013515782737194 ], [ 121.807149083191788, 25.012763103513755 ], [ 121.806487652638069, 25.012167522276428 ], [ 121.805656626663293, 25.011787336103648 ], [ 121.804737348334996, 25.011659758295878 ], [ 121.803819797510698, 25.011797276431029 ], [ 121.802993785086755, 25.012186430232674 ], [ 121.802340163733419, 25.012789128790342 ], [ 121.801922914687012, 25.013546378332698 ], [ 121.801836342669489, 25.014064264803661 ], [ 121.80168057008467, 25.014346966392033 ], [ 121.801540537736571, 25.015184643775552 ], [ 121.801691439005069, 25.016020752585575 ] ] ], [ [ [ 121.941712824518675, 25.014603605060646 ], [ 121.940887253695237, 25.014993513328662 ], [ 121.940234311231578, 25.015596799737754 ], [ 121.939817911948168, 25.016354412973389 ], [ 121.939678819483319, 25.017192194527588 ], [ 121.93976621282647, 25.017673348068854 ], [ 121.939646289111835, 25.018395665009376 ], [ 121.939798125875683, 25.019231607448688 ], [ 121.940226035680027, 25.019983882036211 ], [ 121.940888134883025, 25.02057884870095 ], [ 121.941719612338701, 25.02095826539686 ], [ 121.942639073663784, 25.021084990219489 ], [ 121.942786999245953, 25.021062679743135 ], [ 121.94285710756111, 25.021094670324597 ], [ 121.943776570827495, 25.021221388044655 ], [ 121.944694006702179, 25.021083008675689 ], [ 121.944740063535718, 25.021061256219642 ], [ 121.944776047785595, 25.02105582848316 ], [ 121.945601645437421, 25.020665898103644 ], [ 121.94625458677676, 25.020062588507962 ], [ 121.94644984646888, 25.019707294434717 ], [ 121.947195342450684, 25.020047444459351 ], [ 121.94811480138199, 25.020174135460046 ], [ 121.949032223700257, 25.020035729667605 ], [ 121.949857800356099, 25.019645776191997 ], [ 121.950510715005407, 25.019042448590589 ], [ 121.950927056079053, 25.018284807336016 ], [ 121.951066072790525, 25.017447017586296 ], [ 121.950914162739565, 25.016611088636409 ], [ 121.950486201299782, 25.015858846049323 ], [ 121.949824083466396, 25.015263922376928 ], [ 121.948992621680404, 25.014884550330837 ], [ 121.948538649904251, 25.014821998353352 ], [ 121.948114199805133, 25.014075883946312 ], [ 121.94745210289723, 25.013480948950647 ], [ 121.946620660134215, 25.013101562981085 ], [ 121.945701255350215, 25.012974861026763 ], [ 121.944783880769364, 25.013113244959996 ], [ 121.94395833004873, 25.013503169782769 ], [ 121.943305410695899, 25.014106469129246 ], [ 121.94317249096639, 25.014348326046317 ], [ 121.943073332005397, 25.014395159457116 ], [ 121.942949812829553, 25.014509289913153 ], [ 121.942630214227449, 25.014465239679311 ], [ 121.941712824518675, 25.014603605060646 ] ] ], [ [ [ 121.906128308808306, 25.018688446119778 ], [ 121.906959673151889, 25.019068060763011 ], [ 121.907879092038598, 25.019195002053145 ], [ 121.908796560820718, 25.01905684348613 ], [ 121.909622265897326, 25.018667109963545 ], [ 121.910275378344522, 25.018063953507188 ], [ 121.910691967220018, 25.017306417836853 ], [ 121.9108312574716, 25.016468657780386 ], [ 121.910679619919591, 25.015632679734455 ], [ 121.91025190326684, 25.014880314076105 ], [ 121.909589978556227, 25.014285205409379 ], [ 121.908758639335787, 25.01390560455436 ], [ 121.907839259312453, 25.013778667529692 ], [ 121.906921828289398, 25.013916819210166 ], [ 121.90609614544492, 25.014306537324632 ], [ 121.90544303121095, 25.014909675736657 ], [ 121.905026417212312, 25.015667197618772 ], [ 121.904887088097354, 25.016504953409768 ], [ 121.905038687890283, 25.01734093834224 ], [ 121.905466382310934, 25.01809331940872 ], [ 121.906128308808306, 25.018688446119778 ] ] ], [ [ [ 121.986991606473794, 25.018999509559549 ], [ 121.987823205507155, 25.019378664500167 ], [ 121.988742692001182, 25.019505103096318 ], [ 121.989660054683739, 25.0193664480678 ], [ 121.990485490347041, 25.018976272929798 ], [ 121.991138196457783, 25.018372772942481 ], [ 121.991554281871345, 25.017615025452567 ], [ 121.991693020835882, 25.016777206011774 ], [ 121.991540838142086, 25.015941326813053 ], [ 121.991112635847699, 25.015189208541113 ], [ 121.990450332515053, 25.014594471574089 ], [ 121.989618758731737, 25.014215330347845 ], [ 121.9886993111473, 25.014088895899814 ], [ 121.987781986171711, 25.014227543925767 ], [ 121.986956572609984, 25.014617703585248 ], [ 121.986303864553363, 25.015221185530375 ], [ 121.985887753889799, 25.015978919305926 ], [ 121.985748976015643, 25.016816734598599 ], [ 121.98590112100247, 25.01765262079989 ], [ 121.986329301195255, 25.018404754550339 ], [ 121.986991606473794, 25.018999509559549 ] ] ], [ [ [ 121.859826588797077, 25.023459369732596 ], [ 121.860657851838582, 25.023839246111216 ], [ 121.861577268221751, 25.02396647405104 ], [ 121.862494833546378, 25.023828598979044 ], [ 121.863320724755511, 25.023439118037089 ], [ 121.863974094693887, 25.022836158517347 ], [ 121.864390987201261, 25.022078744862831 ], [ 121.864530597494422, 25.021241019964094 ], [ 121.86437926506342, 25.02040498678603 ], [ 121.863951808749462, 25.019652481111653 ], [ 121.863290074123071, 25.019057161256008 ], [ 121.862458836138444, 25.018677298711086 ], [ 121.861539458602223, 25.018550075105111 ], [ 121.860621931076508, 25.018687943355726 ], [ 121.859796062180237, 25.019077408926602 ], [ 121.859142690545994, 25.019680350396801 ], [ 121.858725772981757, 25.02043775021761 ], [ 121.858586123841576, 25.021275470782502 ], [ 121.858737418473694, 25.022111510781951 ], [ 121.859164852474791, 25.022864031827407 ], [ 121.859826588797077, 25.023459369732596 ] ] ], [ [ [ 121.907207408438182, 25.022718146630911 ], [ 121.907635135616061, 25.023470520023544 ], [ 121.908297101966909, 25.024065635545174 ], [ 121.909128509358382, 25.024445236578064 ], [ 121.910047970272075, 25.024572163169001 ], [ 121.910965475944693, 25.024433990253048 ], [ 121.911791209162772, 25.024044244137009 ], [ 121.911895201647582, 25.023948207439929 ], [ 121.9120470135868, 25.023969161879279 ], [ 121.912664223392213, 25.023876204147861 ], [ 121.913380600773124, 25.02420325982526 ], [ 121.914300063352172, 25.024330160042691 ], [ 121.915217561576895, 25.024191961059355 ], [ 121.916043278963343, 25.023802191734564 ], [ 121.91669638538329, 25.023199007595956 ], [ 121.917112950486228, 25.022441455073661 ], [ 121.917252201549388, 25.021603690644717 ], [ 121.917100513231105, 25.020767721132696 ], [ 121.916672739204486, 25.020015376077762 ], [ 121.916010756128017, 25.019420298065864 ], [ 121.915179363261174, 25.019040734915823 ], [ 121.914259939559713, 25.018913838955786 ], [ 121.913642755873809, 25.019006802636859 ], [ 121.912926408476821, 25.018679747162029 ], [ 121.91200698931786, 25.018552837119287 ], [ 121.911089528531349, 25.018691015302679 ], [ 121.910263828208045, 25.019080756847732 ], [ 121.910159838387514, 25.019176792385473 ], [ 121.910008032626308, 25.019155835829611 ], [ 121.909090564722334, 25.019294001854494 ], [ 121.908264853739453, 25.019683732556899 ], [ 121.907611722863606, 25.020286880569017 ], [ 121.907195105349203, 25.021044408124258 ], [ 121.907055786190284, 25.021882165106309 ], [ 121.907207408438182, 25.022718146630911 ] ] ], [ [ [ 121.721526185285853, 25.023114840362258 ], [ 121.721385598527817, 25.023952454210736 ], [ 121.721535971462387, 25.02478865585131 ], [ 121.721962589921816, 25.025541591100758 ], [ 121.722623696721143, 25.026137555244347 ], [ 121.72345457791883, 25.026518208594425 ], [ 121.724373897544979, 25.026646288165356 ], [ 121.725291660680895, 25.026509255992138 ], [ 121.726118024893239, 25.026120526679975 ], [ 121.726375274985998, 25.025883611145932 ], [ 121.726975954155492, 25.025967286847777 ], [ 121.727893708935284, 25.025830238774098 ], [ 121.728720060067275, 25.025441495247577 ], [ 121.72937411534447, 25.024839111360539 ], [ 121.72979185148327, 25.024082055209785 ], [ 121.729932381090322, 25.02324443470852 ], [ 121.729781953656484, 25.022408242630302 ], [ 121.729355299448471, 25.02165533033978 ], [ 121.7286941855523, 25.021059395970887 ], [ 121.727863326198403, 25.020678771167752 ], [ 121.72694404816005, 25.020550712156101 ], [ 121.726026331270063, 25.020687753601109 ], [ 121.725200002670789, 25.021076481872566 ], [ 121.724942760037166, 25.021313395349733 ], [ 121.724342104762314, 25.021229710838568 ], [ 121.723424379519244, 25.021366736386664 ], [ 121.722598037844691, 25.021755450445585 ], [ 121.721943964618092, 25.022357805140878 ], [ 121.721526185285853, 25.023114840362258 ] ] ], [ [ [ 121.7323817694014, 25.026024258716898 ], [ 121.733301093094468, 25.026152282952957 ], [ 121.734218841151517, 25.026015195955278 ], [ 121.734617908475471, 25.025827440817618 ], [ 121.734911515736215, 25.026345499424615 ], [ 121.735226018526291, 25.026628957368757 ], [ 121.735116527455006, 25.02728173058064 ], [ 121.735266997738236, 25.028117915758628 ], [ 121.735282914887193, 25.028146000188244 ], [ 121.735285764031318, 25.028161833158975 ], [ 121.735712477545576, 25.028914726437332 ], [ 121.73637366761038, 25.029510627235773 ], [ 121.737204612129659, 25.029891202066928 ], [ 121.738123968931504, 25.030019195632619 ], [ 121.73904173945607, 25.029882078389345 ], [ 121.739868080547041, 25.029493273272493 ], [ 121.740522100982091, 25.028890841405033 ], [ 121.740939780891424, 25.028133755580864 ], [ 121.741043531660011, 25.027515031012445 ], [ 121.741799009083536, 25.02740214399563 ], [ 121.742625324666861, 25.027013324001409 ], [ 121.743279318491972, 25.026410880413881 ], [ 121.743696973294476, 25.025653787173894 ], [ 121.743837409646247, 25.024816155823569 ], [ 121.743686886168192, 25.023979980195605 ], [ 121.743260142527632, 25.023227110041496 ], [ 121.742598954562041, 25.022631239368714 ], [ 121.741768043748323, 25.022250693586219 ], [ 121.740848741893615, 25.022122721186292 ], [ 121.74031441852037, 25.022202562158704 ], [ 121.740142374470281, 25.021899016450647 ], [ 121.739481208467595, 25.021303131294562 ], [ 121.738650315840601, 25.020922567591001 ], [ 121.73773102661707, 25.020794575586226 ], [ 121.736813321723815, 25.020931683388515 ], [ 121.735987027129795, 25.021320470874368 ], [ 121.735550088443389, 25.021722942075037 ], [ 121.735019073309246, 25.02124432473736 ], [ 121.734188194156019, 25.020863735766294 ], [ 121.733268909241232, 25.020735716050748 ], [ 121.732351199070294, 25.020872796410615 ], [ 121.731524890128384, 25.021261559407733 ], [ 121.730870864092978, 25.021863952378286 ], [ 121.730453141793603, 25.022621011465262 ], [ 121.730312616329186, 25.023458632432327 ], [ 121.730463048818905, 25.024294823745823 ], [ 121.73088971926434, 25.025047732231595 ], [ 121.731550865389707, 25.025643655793687 ], [ 121.7323817694014, 25.026024258716898 ] ] ], [ [ [ 121.830741933573819, 25.031948311358747 ], [ 121.831403586831726, 25.032543777412105 ], [ 121.832234829457704, 25.032923813000998 ], [ 121.833154290077275, 25.033051215624063 ], [ 121.834071959959644, 25.032913513602857 ], [ 121.834898005807773, 25.032524187134392 ], [ 121.835551565321168, 25.031921348387243 ], [ 121.83596866377475, 25.031164009983545 ], [ 121.836108476221256, 25.030326307452292 ], [ 121.835957322362873, 25.029490241575086 ], [ 121.835530003566149, 25.02873765134121 ], [ 121.834896530236534, 25.028167562348372 ], [ 121.834575466960644, 25.02760209200482 ], [ 121.833913826078501, 25.027006639392642 ], [ 121.833082619010113, 25.026626611999419 ], [ 121.832163206540855, 25.02649920758531 ], [ 121.831245581652354, 25.02663689676039 ], [ 121.830419562489098, 25.027026202511802 ], [ 121.82976600238473, 25.027629019059969 ], [ 121.829348876587815, 25.028386341085483 ], [ 121.829209019830643, 25.029224038601484 ], [ 121.829360127784355, 25.030060112560996 ], [ 121.829787414324045, 25.03081272125689 ], [ 121.830420878683768, 25.03138283208634 ], [ 121.830741933573819, 25.031948311358747 ] ] ], [ [ [ 121.887557509540798, 25.033016482954107 ], [ 121.888388918249944, 25.033396199662061 ], [ 121.88930842915299, 25.033523253158041 ], [ 121.890226028592323, 25.033385205950172 ], [ 121.891051890171511, 25.032995572036196 ], [ 121.891705169640275, 25.032392493686576 ], [ 121.892121919702035, 25.03163500697724 ], [ 121.892261349525086, 25.030797261947153 ], [ 121.892109816270221, 25.029961263526413 ], [ 121.891682158436822, 25.029208844089748 ], [ 121.891020241316895, 25.028613653506305 ], [ 121.890188857720574, 25.028233950613011 ], [ 121.889269385700018, 25.028106901412965 ], [ 121.888351824061047, 25.028244941757141 ], [ 121.887525984761666, 25.028634560269495 ], [ 121.886872703541997, 25.029237620562462 ], [ 121.886455928367425, 25.029995093457131 ], [ 121.88631645966187, 25.030832834191276 ], [ 121.886467955116373, 25.031668839475714 ], [ 121.886895590669951, 25.032421274314007 ], [ 121.887557509540798, 25.033016482954107 ] ] ], [ [ [ 121.862916095899834, 25.03294056480177 ], [ 121.862878740328412, 25.033164680754943 ], [ 121.862873437615534, 25.033167181270393 ], [ 121.8622200090539, 25.033770136731665 ], [ 121.86199631787288, 25.034176489356135 ], [ 121.86175110565361, 25.034142561830237 ], [ 121.86083346300417, 25.034280434193747 ], [ 121.860007492016265, 25.03466990290077 ], [ 121.859354041313182, 25.035272846224888 ], [ 121.858937075442881, 25.036030246437736 ], [ 121.858797413490947, 25.036867965895855 ], [ 121.858948732064235, 25.037704003398549 ], [ 121.859376224420444, 25.038456520801049 ], [ 121.860038047802263, 25.039051854272156 ], [ 121.860869418085514, 25.039431725857778 ], [ 121.861788951392242, 25.039558949113445 ], [ 121.862706631872214, 25.039421069924124 ], [ 121.863532625191894, 25.03903158583536 ], [ 121.863535196862941, 25.03902921287704 ], [ 121.863653911475083, 25.039238168228419 ], [ 121.863688701503534, 25.039430337419276 ], [ 121.864116228671463, 25.040182840076923 ], [ 121.864778083792672, 25.040778151435791 ], [ 121.865609479634841, 25.041157995706122 ], [ 121.866529029816675, 25.041285189117687 ], [ 121.867446716835232, 25.041147280477738 ], [ 121.868272705716862, 25.040757770215667 ], [ 121.868926139743451, 25.040154788495961 ], [ 121.869343056482904, 25.039397361936736 ], [ 121.869482648784341, 25.038559634692731 ], [ 121.869331257904435, 25.037723609957986 ], [ 121.869125109268268, 25.037360789631737 ], [ 121.869090311497303, 25.037168621873032 ], [ 121.868662765485013, 25.036416133762053 ], [ 121.868195693603752, 25.03599603094737 ], [ 121.868216584976778, 25.03587066175518 ], [ 121.868203593270636, 25.035798912191304 ], [ 121.868398399954145, 25.035707043123168 ], [ 121.869051807386754, 25.035104061183038 ], [ 121.86946870727499, 25.034346634243423 ], [ 121.869608294116631, 25.033508906495769 ], [ 121.86945690970127, 25.032672881183252 ], [ 121.869029377961809, 25.031920393317442 ], [ 121.868367551852941, 25.031325099468365 ], [ 121.867536215282286, 25.03094526858089 ], [ 121.866616741703368, 25.030818079183895 ], [ 121.865699130075598, 25.030955980847036 ], [ 121.865630145786426, 25.030988512851842 ], [ 121.864939350675911, 25.031092323513199 ], [ 121.864113414413126, 25.031481814289876 ], [ 121.864028083189112, 25.031560557196126 ], [ 121.863986441947318, 25.031580193931816 ], [ 121.863333027141351, 25.032183154043917 ], [ 121.862916095899834, 25.03294056480177 ] ] ], [ [ [ 121.662314723963846, 25.029668325809542 ], [ 121.66314545179894, 25.030049319594532 ], [ 121.664064744806424, 25.030177772927505 ], [ 121.6649826106771, 25.030041111244486 ], [ 121.665809196914694, 25.029652712872331 ], [ 121.66646358828325, 25.029050599109823 ], [ 121.66688172858268, 25.028293711612786 ], [ 121.667022690844306, 25.027456141793952 ], [ 121.666872682203859, 25.026619877478829 ], [ 121.666446391940497, 25.025866777115795 ], [ 121.66578555153005, 25.025270557256057 ], [ 121.664954848449767, 25.024889577488874 ], [ 121.664035594189031, 25.024761128777815 ], [ 121.663117766257102, 25.024897783921428 ], [ 121.662291202658906, 25.025286167090716 ], [ 121.661636809982923, 25.025888262793842 ], [ 121.661218644928653, 25.026645136273071 ], [ 121.661077643920265, 25.027482701469992 ], [ 121.661227614622021, 25.028318972324513 ], [ 121.661653882245957, 25.029072087890423 ], [ 121.662314723963846, 25.029668325809542 ] ] ], [ [ [ 121.851928876360645, 25.038794007590049 ], [ 121.852760221348689, 25.039173925275698 ], [ 121.853679745963476, 25.039301198999802 ], [ 121.854597435206372, 25.039163369705484 ], [ 121.855423453885322, 25.038773930052539 ], [ 121.856076942362918, 25.038171003291968 ], [ 121.856493932873363, 25.037413610661908 ], [ 121.856633611041318, 25.036575892997366 ], [ 121.856482309716625, 25.035739852557239 ], [ 121.856054844700765, 25.034987325836472 ], [ 121.855393062420575, 25.034391973209772 ], [ 121.854561742497054, 25.034012069375169 ], [ 121.853642256756515, 25.033884800000134 ], [ 121.852724605348897, 25.03402262248035 ], [ 121.851898609014498, 25.034412046758785 ], [ 121.851245118855871, 25.035014955456973 ], [ 121.850828103280875, 25.035772334235983 ], [ 121.850688386238701, 25.036610047551463 ], [ 121.850839649728101, 25.037446094805677 ], [ 121.851267092399411, 25.038198636900958 ], [ 121.851928876360645, 25.038794007590049 ] ] ], [ [ [ 121.775902719893097, 25.045519468398929 ], [ 121.775882113034712, 25.045642556397492 ], [ 121.776032884485602, 25.046478691201482 ], [ 121.776459910001449, 25.047231458257503 ], [ 121.777121392543066, 25.047827169305982 ], [ 121.777952581373242, 25.048207509431599 ], [ 121.778872110392726, 25.048335246314323 ], [ 121.779789964175109, 25.04819787554435 ], [ 121.779929930704327, 25.048131980506096 ], [ 121.779931875820026, 25.048142765359696 ], [ 121.780358930881363, 25.048895520325775 ], [ 121.781020440925857, 25.049491213207318 ], [ 121.78185165252313, 25.049871530867126 ], [ 121.782771197344104, 25.04999924318464 ], [ 121.783689058414765, 25.049861848155416 ], [ 121.784515383713867, 25.049472795916294 ], [ 121.785169283571605, 25.04887017178774 ], [ 121.785586749933742, 25.048112967385702 ], [ 121.785726921831383, 25.047275305130292 ], [ 121.785576083782161, 25.046439181871591 ], [ 121.785149006248446, 25.045686442225431 ], [ 121.784487497745829, 25.045090767416912 ], [ 121.783656311115791, 25.044710463679944 ], [ 121.78273680515079, 25.044582755817039 ], [ 121.781818981983079, 25.044720144131141 ], [ 121.78167902033627, 25.044786040861172 ], [ 121.781677075129934, 25.044775256028046 ], [ 121.781250027137474, 25.044022504287422 ], [ 121.780627697620332, 25.043462069211518 ], [ 121.780648299420321, 25.043338980642023 ], [ 121.780497501261721, 25.042502850835316 ], [ 121.780070468648049, 25.041750095110945 ], [ 121.779409005698241, 25.041154396268862 ], [ 121.778577860796233, 25.040774062895991 ], [ 121.777658388651673, 25.040646322695526 ], [ 121.776740588087861, 25.040783679134918 ], [ 121.775914294436504, 25.041172687761211 ], [ 121.775260387885041, 25.041775271874123 ], [ 121.774842877579601, 25.042532448908439 ], [ 121.774702635881255, 25.043370103078495 ], [ 121.774853396141637, 25.044206239591993 ], [ 121.775280406279592, 25.044959010629203 ], [ 121.775902719893097, 25.045519468398929 ] ] ], [ [ [ 121.921615965827613, 25.056421479947943 ], [ 121.921767736775763, 25.057257438765948 ], [ 121.922195678416543, 25.058009760855661 ], [ 121.922857904002441, 25.058604801494827 ], [ 121.923689590021141, 25.058984311391754 ], [ 121.924609321670587, 25.059111139512904 ], [ 121.925527063674622, 25.05897287043404 ], [ 121.926352975677418, 25.058583039879348 ], [ 121.927006208496522, 25.057979809374658 ], [ 121.927383634407406, 25.057293485674169 ], [ 121.927766095410021, 25.057235855921697 ], [ 121.92859198844242, 25.056846013360605 ], [ 121.929245201042193, 25.056242773446314 ], [ 121.929661792468977, 25.055485188072481 ], [ 121.929800987432159, 25.054647416933371 ], [ 121.929780127141541, 25.054532558023148 ], [ 121.929823541219193, 25.05427126015789 ], [ 121.929671720279146, 25.053435310704781 ], [ 121.929243750589492, 25.052683010556922 ], [ 121.928581527964326, 25.052087997899768 ], [ 121.92774987510812, 25.051708514150977 ], [ 121.926830196417356, 25.05158170386494 ], [ 121.926710922957753, 25.051599676170063 ], [ 121.926181401100351, 25.051123874662835 ], [ 121.925349761779088, 25.050744377025811 ], [ 121.924430092273681, 25.050617551583244 ], [ 121.92351241071168, 25.050755812289637 ], [ 121.922686540786771, 25.051145626206367 ], [ 121.922033321241003, 25.051748837824796 ], [ 121.921616694012712, 25.052506403155746 ], [ 121.921477445055814, 25.053344168386232 ], [ 121.921629210560255, 25.054180127822683 ], [ 121.922057140033985, 25.05493245094862 ], [ 121.922094786302566, 25.054966279100771 ], [ 121.921755216596125, 25.055583714857747 ], [ 121.921615965827613, 25.056421479947943 ] ] ], [ [ [ 121.607551069271054, 25.036399551232183 ], [ 121.608470359962865, 25.036528348579598 ], [ 121.609388342613059, 25.036392028265958 ], [ 121.609619995617749, 25.036283294373249 ], [ 121.609918477763713, 25.036325109701526 ], [ 121.610836457101854, 25.036188780496872 ], [ 121.611663261687568, 25.035800679466252 ], [ 121.612317954898003, 25.03519879879649 ], [ 121.612736450971582, 25.034442057327485 ], [ 121.612877788102978, 25.033604532185329 ], [ 121.612728136730382, 25.032768206833616 ], [ 121.612302151167853, 25.032014945706234 ], [ 121.611641533078384, 25.031418481097298 ], [ 121.610810948192068, 25.031037196552923 ], [ 121.610055883345453, 25.030931415265048 ], [ 121.6092978907961, 25.030583443305073 ], [ 121.608378643801871, 25.030454650154621 ], [ 121.60746070393003, 25.030590963526794 ], [ 121.60663392013636, 25.030979041036403 ], [ 121.605979220549841, 25.031580897105336 ], [ 121.605560691896969, 25.032337620433754 ], [ 121.605419306182043, 25.033175139668757 ], [ 121.605509799759304, 25.033681033737775 ], [ 121.605484290386016, 25.033832141265748 ], [ 121.605633894264955, 25.034668474695799 ], [ 121.606059849073347, 25.035421755266405 ], [ 121.606720462617375, 25.036018244473897 ], [ 121.607551069271054, 25.036399551232183 ] ] ], [ [ [ 121.603545589829423, 25.045288945584922 ], [ 121.604376250164336, 25.045670268631618 ], [ 121.605295607321963, 25.045799084226669 ], [ 121.606213662713998, 25.045662782332705 ], [ 121.607040545282558, 25.045274706046492 ], [ 121.607695310768605, 25.044672845133004 ], [ 121.608113866334406, 25.0439161164994 ], [ 121.608255244351852, 25.04307859601683 ], [ 121.60810561125939, 25.042242266694061 ], [ 121.607679619584772, 25.041488993354303 ], [ 121.607018971592083, 25.040892509486746 ], [ 121.606188335939763, 25.040511200521578 ], [ 121.605269017527107, 25.040382389637511 ], [ 121.604351000143254, 25.040518685072474 ], [ 121.603524140328162, 25.040906746196807 ], [ 121.602869373649924, 25.041508589036884 ], [ 121.602450793401545, 25.042265303588948 ], [ 121.602309376639056, 25.043102819360541 ], [ 121.602458971723394, 25.043939155142318 ], [ 121.602884940644486, 25.044692443643946 ], [ 121.603545589829423, 25.045288945584922 ] ] ], [ [ [ 121.697170734898677, 25.062901268625705 ], [ 121.698001792081371, 25.063282058759178 ], [ 121.69892136463568, 25.063410289777398 ], [ 121.699839432875848, 25.063273408884118 ], [ 121.700666124489757, 25.062884815872366 ], [ 121.70132051392865, 25.062282551101124 ], [ 121.701738545191205, 25.061525571011781 ], [ 121.701879301996001, 25.060687976079262 ], [ 121.701729011602893, 25.059851756581381 ], [ 121.701302390877501, 25.059098766571125 ], [ 121.700641203641325, 25.058502711790105 ], [ 121.69981017131154, 25.058121935664744 ], [ 121.698890637592768, 25.057993709226096 ], [ 121.697972607336951, 25.058130583521173 ], [ 121.697145938347461, 25.058519161277236 ], [ 121.696491547531295, 25.059121407962451 ], [ 121.696073491415831, 25.059878374043684 ], [ 121.695932695775483, 25.060715964396632 ], [ 121.696082948184255, 25.061552190492719 ], [ 121.696509546285256, 25.062305195758661 ], [ 121.697170734898677, 25.062901268625705 ] ] ], [ [ [ 121.848030490563659, 25.06212896576832 ], [ 121.848861983932352, 25.062508900265779 ], [ 121.848935501307338, 25.062519075851796 ], [ 121.849048197001167, 25.063141850163014 ], [ 121.849475723006705, 25.063894392780742 ], [ 121.850137640507924, 25.064489766007036 ], [ 121.850969156170208, 25.064869687993291 ], [ 121.851888871882338, 25.064996967357775 ], [ 121.852806753932327, 25.064859144490232 ], [ 121.853632948247224, 25.064469711421946 ], [ 121.854286577992212, 25.063866790761615 ], [ 121.854703661572927, 25.063109403153252 ], [ 121.854843375508054, 25.062271688942939 ], [ 121.854692049153726, 25.061435650052736 ], [ 121.854264500769062, 25.060683122825253 ], [ 121.853602584946572, 25.060087767682568 ], [ 121.852771094379591, 25.059707859565975 ], [ 121.852697578433208, 25.059697685839499 ], [ 121.852584868081522, 25.059074914415849 ], [ 121.852157341027805, 25.058322380327635 ], [ 121.851495448136404, 25.057727015000566 ], [ 121.850663979856634, 25.057347094373124 ], [ 121.849744322533525, 25.057219805753899 ], [ 121.848826493106117, 25.057357608420705 ], [ 121.848000329733424, 25.057747014256059 ], [ 121.847346699863905, 25.058349907688584 ], [ 121.846929585580341, 25.059107275876407 ], [ 121.846789820497662, 25.059944984314605 ], [ 121.846941091323714, 25.060781032884485 ], [ 121.847368595997807, 25.061533582359523 ], [ 121.848030490563659, 25.06212896576832 ] ] ], [ [ [ 121.644819635630299, 25.06191294158354 ], [ 121.644969544019091, 25.062749226382358 ], [ 121.645395837644472, 25.063502384735635 ], [ 121.646056791142769, 25.064098690095587 ], [ 121.646887705599823, 25.064479769369242 ], [ 121.646890962046129, 25.064480224621562 ], [ 121.646984251620069, 25.064523009233813 ], [ 121.647112235363707, 25.064540901256326 ], [ 121.647661989908698, 25.064793028108031 ], [ 121.647666516772958, 25.064818278012591 ], [ 121.64809283416794, 25.065571427940114 ], [ 121.648753811777496, 25.066167720644248 ], [ 121.649584748326504, 25.066548784270609 ], [ 121.650504302436048, 25.066677315659565 ], [ 121.651422456228801, 25.066540732602395 ], [ 121.65197805052118, 25.066279807874412 ], [ 121.651905205002052, 25.066712203819502 ], [ 121.651949929859825, 25.066961615556753 ], [ 121.651582496507217, 25.067016276233648 ], [ 121.650755615796783, 25.067404599508347 ], [ 121.650100946948157, 25.068006646685468 ], [ 121.649682573691507, 25.068763487762293 ], [ 121.649541452836544, 25.069601039857655 ], [ 121.649691403790285, 25.070437318197772 ], [ 121.650117753711228, 25.071190461104479 ], [ 121.6507787717253, 25.071786743540706 ], [ 121.6516097526018, 25.072167794656522 ], [ 121.652368624006115, 25.072273850698409 ], [ 121.652350387354488, 25.072382097471788 ], [ 121.652393581583752, 25.072622955752621 ], [ 121.652082276319035, 25.072480208369338 ], [ 121.651162677320912, 25.072351687760943 ], [ 121.650244480031361, 25.072488269983484 ], [ 121.649417558595729, 25.072876586345124 ], [ 121.648762854618738, 25.07347862789657 ], [ 121.64834445526877, 25.074235465186437 ], [ 121.648203319910479, 25.075073015704923 ], [ 121.64835326937208, 25.075909294833082 ], [ 121.648779630959808, 25.076662440815682 ], [ 121.649440672658883, 25.077258728314202 ], [ 121.650271686920448, 25.077639785982534 ], [ 121.651191324756283, 25.07776831124329 ], [ 121.652109560090096, 25.077631722487382 ], [ 121.652936504245005, 25.077243390902183 ], [ 121.653591206938273, 25.076641331251864 ], [ 121.654009581491792, 25.075884479900967 ], [ 121.654150678012385, 25.075046924730124 ], [ 121.654107479392351, 25.074806067125433 ], [ 121.65441879284802, 25.074948810050405 ], [ 121.655338414217098, 25.075077309979783 ], [ 121.656256624325266, 25.074940696016881 ], [ 121.657083536966027, 25.074552341817267 ], [ 121.65773820494293, 25.073950264359027 ], [ 121.658156544977288, 25.073193401749528 ], [ 121.658297610555309, 25.072355842970698 ], [ 121.658185513222563, 25.071730937251139 ], [ 121.658474481017223, 25.071771309478422 ], [ 121.659242757794445, 25.071656984084065 ], [ 121.659328704096438, 25.071734503119789 ], [ 121.659133756722483, 25.071913798324545 ], [ 121.65871542691707, 25.072670663606811 ], [ 121.658574363882877, 25.07350822269688 ], [ 121.658724381368941, 25.074344490134571 ], [ 121.659150800021365, 25.075097605306937 ], [ 121.659811882236866, 25.075693845890243 ], [ 121.660642916497622, 25.076074845130961 ], [ 121.661562551855766, 25.076203306172516 ], [ 121.662480762477102, 25.076066653694227 ], [ 121.663307662105183, 25.075678265123109 ], [ 121.6635019415302, 25.075499578512854 ], [ 121.664150955645681, 25.076084895051444 ], [ 121.664982005403914, 25.07646586964723 ], [ 121.665471821723543, 25.076534276421082 ], [ 121.665327290178396, 25.076795793106363 ], [ 121.665186268247567, 25.077633357192802 ], [ 121.665336336201491, 25.078469616461938 ], [ 121.665762809746724, 25.079222711098932 ], [ 121.66642394590589, 25.079818920788952 ], [ 121.66725502787888, 25.080199881802088 ], [ 121.667933878277182, 25.080294674246225 ], [ 121.667949311966964, 25.0803806664942 ], [ 121.668375808224695, 25.081133752963023 ], [ 121.669036967246598, 25.081729950386048 ], [ 121.669868069993882, 25.082110896233914 ], [ 121.670787758811571, 25.082239298877113 ], [ 121.671706002629975, 25.082102588713077 ], [ 121.672532911942127, 25.081714148817653 ], [ 121.673187539879692, 25.081112004560016 ], [ 121.673605807087654, 25.080355100587123 ], [ 121.673746774185801, 25.079517529928516 ], [ 121.673708809294112, 25.079306055083954 ], [ 121.673712768529853, 25.079282530727419 ], [ 121.673562642753154, 25.078446281219776 ], [ 121.673490197374562, 25.078318370487331 ], [ 121.673704751489254, 25.077930100111935 ], [ 121.673845715549291, 25.077092529159511 ], [ 121.673695591917379, 25.076256279504502 ], [ 121.673269081142706, 25.07550320815702 ], [ 121.672607936293403, 25.074907028822434 ], [ 121.671776874645218, 25.074526097117335 ], [ 121.670857242775952, 25.074397699296853 ], [ 121.670254239415215, 25.07448747780602 ], [ 121.670030910537463, 25.074385106976212 ], [ 121.66911128127542, 25.074256698275921 ], [ 121.668787882802832, 25.074304844109456 ], [ 121.668860640821762, 25.073872630631257 ], [ 121.668710555397723, 25.073036374789758 ], [ 121.668284086402977, 25.072283287929352 ], [ 121.667996151172346, 25.072023620565041 ], [ 121.668301942835342, 25.072163799189926 ], [ 121.669221555692147, 25.072292213281703 ], [ 121.670139727574536, 25.072155514128447 ], [ 121.670966576019893, 25.071767083727472 ], [ 121.671621160119344, 25.071164946517452 ], [ 121.672039404808572, 25.0704080464543 ], [ 121.672180372909438, 25.069570476184118 ], [ 121.67203027099886, 25.068734223577007 ], [ 121.671603797497738, 25.067981145932674 ], [ 121.671235951646352, 25.067649416808329 ], [ 121.671254876185785, 25.067646598991121 ], [ 121.672081691040106, 25.067258162846539 ], [ 121.672736246150222, 25.066656020968139 ], [ 121.673154469289742, 25.065899117768286 ], [ 121.673295425389412, 25.065061546199541 ], [ 121.673145322199659, 25.064225294258755 ], [ 121.672718858265199, 25.063472219180326 ], [ 121.672057782067128, 25.062876035036062 ], [ 121.671226804161321, 25.062495097914759 ], [ 121.670307262930663, 25.062366694602773 ], [ 121.66938916396343, 25.062503393454676 ], [ 121.668562371785058, 25.062891814365642 ], [ 121.667907815353857, 25.063493938153801 ], [ 121.667489567400736, 25.064250827316641 ], [ 121.66734857247296, 25.06508839426326 ], [ 121.667498637651079, 25.06592465276232 ], [ 121.66792507890959, 25.066677743074361 ], [ 121.668292913080464, 25.067009480690427 ], [ 121.668273988561367, 25.067012298129672 ], [ 121.667447162799363, 25.06740071329498 ], [ 121.666992526625279, 25.067818910411557 ], [ 121.66688570627673, 25.067223637460859 ], [ 121.66645926932604, 25.066470544126091 ], [ 121.665798206275952, 25.065874332055145 ], [ 121.665317192485304, 25.065653806787573 ], [ 121.665184996607394, 25.065420338420434 ], [ 121.664523945347526, 25.064824120348696 ], [ 121.663878185727299, 25.064528055614847 ], [ 121.664287507606858, 25.063787370628098 ], [ 121.664428522151553, 25.062949806044461 ], [ 121.664278481865296, 25.062113543605456 ], [ 121.663852079135467, 25.061360441575022 ], [ 121.663191056453769, 25.060764216664527 ], [ 121.662360119139976, 25.060383228953455 ], [ 121.661440601605904, 25.060254770179316 ], [ 121.660522507121598, 25.060391414123927 ], [ 121.659695699773536, 25.060779786055303 ], [ 121.659464840745486, 25.06099212901503 ], [ 121.659133459679509, 25.060840180347178 ], [ 121.658213941595506, 25.060711701600397 ], [ 121.657295839649009, 25.060848325728657 ], [ 121.656983673897656, 25.060994949442385 ], [ 121.656330571161675, 25.060903686385455 ], [ 121.656135127028179, 25.060932768634778 ], [ 121.655905045714519, 25.06072521795781 ], [ 121.655074130197107, 25.060344189007203 ], [ 121.654154619445549, 25.060215684952876 ], [ 121.653236516066556, 25.060352284007493 ], [ 121.65240968501665, 25.060740615831723 ], [ 121.651755059055759, 25.061342669961899 ], [ 121.651661767632177, 25.061511449817591 ], [ 121.651534853021744, 25.06145324750312 ], [ 121.651530325507821, 25.061427997718603 ], [ 121.651104002289145, 25.060674857377951 ], [ 121.650993847349028, 25.060575481844399 ], [ 121.650929351195856, 25.060461542018555 ], [ 121.650895272778172, 25.06043079829524 ], [ 121.65090332592726, 25.0603829968714 ], [ 121.650753380671091, 25.059546718549516 ], [ 121.650327068937131, 25.058793575561737 ], [ 121.649666124312304, 25.05819728863051 ], [ 121.648835244479528, 25.057816223906649 ], [ 121.647915758227427, 25.057687680664671 ], [ 121.646997665765809, 25.057824240952005 ], [ 121.646170830982697, 25.058212538222765 ], [ 121.645516187002443, 25.058814565394623 ], [ 121.645097815119641, 25.059571394422044 ], [ 121.644956672006799, 25.060408943603065 ], [ 121.645047889426365, 25.060917818070621 ], [ 121.644960781154921, 25.061075392648313 ], [ 121.644819635630299, 25.06191294158354 ] ], [ [ 121.667097746428027, 25.071446305910147 ], [ 121.666791957876328, 25.071306124725968 ], [ 121.665872354568776, 25.071177695360866 ], [ 121.664954184556407, 25.071314368083154 ], [ 121.66412731931608, 25.07170276534519 ], [ 121.66393304667352, 25.071881452723101 ], [ 121.663354281820091, 25.071359470636825 ], [ 121.663549222054073, 25.071180170019716 ], [ 121.663791556972541, 25.070741681484748 ], [ 121.664076873271668, 25.070781532903133 ], [ 121.664995040434036, 25.070644865659361 ], [ 121.665821895796583, 25.070256463711424 ], [ 121.666276544828065, 25.069838270048663 ], [ 121.666383364825279, 25.070433543243446 ], [ 121.666809815643035, 25.071186636123443 ], [ 121.667097746428027, 25.071446305910147 ] ] ], [ [ [ 121.56024965842002, 25.105417654190674 ], [ 121.559331101742757, 25.105553679565919 ], [ 121.558503662198049, 25.105941496848182 ], [ 121.557848332080098, 25.106543145933372 ], [ 121.557429259823053, 25.10729973579155 ], [ 121.557287470646102, 25.10813720814809 ], [ 121.557436849379968, 25.108973586054976 ], [ 121.557862779215611, 25.109726998105177 ], [ 121.558523570427809, 25.110323692923799 ], [ 121.559354540012393, 25.110705259289261 ], [ 121.560274343368746, 25.110834344814553 ], [ 121.561192938216081, 25.110698313028067 ], [ 121.562020400667933, 25.110310480579798 ], [ 121.562675729680322, 25.10970881336673 ], [ 121.563094777241432, 25.108952209343038 ], [ 121.563142332055563, 25.108671251270803 ], [ 121.563898422048524, 25.108777343877531 ], [ 121.564816997090915, 25.108641289939101 ], [ 121.565644433974043, 25.108253437600208 ], [ 121.566299734157994, 25.107651754705117 ], [ 121.566718752453838, 25.106895140742822 ], [ 121.566860475940544, 25.106057660370901 ], [ 121.566711037254663, 25.105221292682565 ], [ 121.566285069916191, 25.10446790626262 ], [ 121.565624273827609, 25.103871245668493 ], [ 121.564793332155347, 25.103489713622128 ], [ 121.563873579751728, 25.103360655127684 ], [ 121.562955042872858, 25.103496702650201 ], [ 121.562127628888462, 25.103884539821287 ], [ 121.561472327591886, 25.104486204590255 ], [ 121.561053284597065, 25.105242804391686 ], [ 121.561005726156949, 25.105523761983058 ], [ 121.56024965842002, 25.105417654190674 ] ] ], [ [ [ 121.571355599653515, 25.168059866848278 ], [ 121.571781826757316, 25.168813227835969 ], [ 121.571877533589742, 25.168899590015354 ], [ 121.571889516655489, 25.168920770004256 ], [ 121.57255069950412, 25.169517390758436 ], [ 121.573382115710032, 25.169898867639763 ], [ 121.574302376940111, 25.170027857016745 ], [ 121.575221396075094, 25.169891731830262 ], [ 121.576049207680299, 25.169503817878006 ], [ 121.576704776526896, 25.168902089042543 ], [ 121.5771239311306, 25.168145449316981 ], [ 121.577265645241283, 25.167307965885222 ], [ 121.577116052432146, 25.166471618140022 ], [ 121.576689801326765, 25.165718272709601 ], [ 121.576594093702212, 25.165631913620579 ], [ 121.576582110165404, 25.165610734011832 ], [ 121.575920929556645, 25.16501413092498 ], [ 121.575089539204185, 25.164632667606622 ], [ 121.574169317866762, 25.164503682328913 ], [ 121.573250337684115, 25.164639800389871 ], [ 121.572422549402688, 25.165027698520699 ], [ 121.571766979446195, 25.165629408710664 ], [ 121.571347799729992, 25.166386033955366 ], [ 121.571206046006125, 25.167223512520064 ], [ 121.571355599653515, 25.168059866848278 ] ] ], [ [ [ 121.563632468241394, 25.170427268329501 ], [ 121.564460321467408, 25.170039418512083 ], [ 121.565115951090974, 25.169437739998894 ], [ 121.56553517967518, 25.168681131857252 ], [ 121.565666142892283, 25.167907628372987 ], [ 121.5657689092411, 25.167859479903996 ], [ 121.566424520887409, 25.167257795733182 ], [ 121.566843734146758, 25.166501183934347 ], [ 121.566985517024747, 25.165663708958899 ], [ 121.56683599636186, 25.164827349373898 ], [ 121.566409813719929, 25.164073972968691 ], [ 121.566409528959895, 25.164073715980894 ], [ 121.566325303863579, 25.16392482736331 ], [ 121.565664181453698, 25.163328177298805 ], [ 121.564832833332844, 25.162946655535723 ], [ 121.563912634128428, 25.162817606066035 ], [ 121.562993653814942, 25.162953660469263 ], [ 121.56216584315132, 25.163341501705712 ], [ 121.561510230750017, 25.163943167332427 ], [ 121.561090992678373, 25.164699764706995 ], [ 121.560949170398047, 25.165537234823969 ], [ 121.560963505603624, 25.165617442424519 ], [ 121.560957739859575, 25.165651489304064 ], [ 121.560959648699168, 25.165662169535448 ], [ 121.560941741601184, 25.165670558852753 ], [ 121.560286110865462, 25.166272219188784 ], [ 121.55986685750382, 25.167028813127473 ], [ 121.559725024474758, 25.167866282000066 ], [ 121.559874500919406, 25.16870264920119 ], [ 121.560300660481246, 25.169456044369063 ], [ 121.560961790957919, 25.170052717775334 ], [ 121.561793176134799, 25.170434260287436 ], [ 121.562713430718588, 25.170563321847947 ], [ 121.563632468241394, 25.170427268329501 ] ] ], [ [ [ 121.549593703451336, 25.119455676390665 ], [ 121.549576769234292, 25.119555650908637 ], [ 121.549726111132131, 25.120392035960883 ], [ 121.550152035170072, 25.121145469140032 ], [ 121.550812852194312, 25.121742197002817 ], [ 121.551643876676081, 25.122123805091725 ], [ 121.552563758640716, 25.122252936933471 ], [ 121.553482448109932, 25.122116951520688 ], [ 121.554310011930994, 25.121729160962825 ], [ 121.554965439133468, 25.121127527056487 ], [ 121.55538457209181, 25.120370944496901 ], [ 121.555526386660986, 25.119533474870455 ], [ 121.555377006564797, 25.118697096221325 ], [ 121.555285851937853, 25.118535862177726 ], [ 121.555302781372887, 25.118435887075549 ], [ 121.555153404282819, 25.117599508028935 ], [ 121.554727462612348, 25.116846089174565 ], [ 121.554066653756308, 25.116249378245055 ], [ 121.553235662134014, 25.115867782888028 ], [ 121.552315827487618, 25.115738654302302 ], [ 121.551397184121015, 25.115874631811092 ], [ 121.550569649823032, 25.116262405897547 ], [ 121.549914226159288, 25.116864020685888 ], [ 121.54949507071872, 25.117620588504618 ], [ 121.549353216863153, 25.118458053238484 ], [ 121.549502555756987, 25.119294438687618 ], [ 121.549593703451336, 25.119455676390665 ] ] ], [ [ [ 121.554638882844486, 25.165657825657256 ], [ 121.555299965425348, 25.166254525478156 ], [ 121.556131307639134, 25.166636100728706 ], [ 121.557051528400137, 25.166765198146436 ], [ 121.557970544552873, 25.166629180093 ], [ 121.558798390953939, 25.16624136187551 ], [ 121.559454028965135, 25.165639708002896 ], [ 121.559873280326912, 25.164883115130024 ], [ 121.560015109313383, 25.164045645856447 ], [ 121.559865638250457, 25.163209278192465 ], [ 121.559439503845013, 25.162455880719733 ], [ 121.558778422365037, 25.161859199072936 ], [ 121.557947104914732, 25.161477638027971 ], [ 121.557026923121072, 25.161348545421248 ], [ 121.55610794525532, 25.161484557053473 ], [ 121.555280121836532, 25.161872360070202 ], [ 121.554624482724478, 25.16247399576871 ], [ 121.55420520659915, 25.163230574435996 ], [ 121.554063338645364, 25.164068038898577 ], [ 121.554212771421305, 25.164904412983777 ], [ 121.554638882844486, 25.165657825657256 ] ] ], [ [ [ 121.546527419230998, 25.144924980363772 ], [ 121.547188349310773, 25.145521720619289 ], [ 121.5480195254042, 25.145903345283049 ], [ 121.548939582692142, 25.146032496256581 ], [ 121.549858454027785, 25.145896530658195 ], [ 121.550686188448793, 25.145508758657918 ], [ 121.551341758280174, 25.144907140237603 ], [ 121.551760991933918, 25.144150568579402 ], [ 121.551902855411839, 25.143313104205305 ], [ 121.551753467656866, 25.142476724646961 ], [ 121.551327457215748, 25.141723299652771 ], [ 121.550666528220191, 25.141126577554378 ], [ 121.549835376850496, 25.140744967089788 ], [ 121.548915358482162, 25.140615820933856 ], [ 121.547996525396016, 25.140751780128117 ], [ 121.547168813944424, 25.14113953694871 ], [ 121.546513243028826, 25.141741137211898 ], [ 121.54609398465135, 25.142497694670936 ], [ 121.54595208225382, 25.143335154227422 ], [ 121.546101431759283, 25.144171540189895 ], [ 121.546527419230998, 25.144924980363772 ] ] ], [ [ [ 121.67772629229593, 25.073385438993935 ], [ 121.678387452998365, 25.073981595303241 ], [ 121.679218530448253, 25.07436248967128 ], [ 121.680138169466233, 25.074490835509696 ], [ 121.681056343858842, 25.074354068778586 ], [ 121.681883170918127, 25.073965578092565 ], [ 121.682537711830733, 25.073363393792988 ], [ 121.682955895762817, 25.072606464445446 ], [ 121.683096791486463, 25.071768885561404 ], [ 121.682946612664907, 25.070932645851983 ], [ 121.682520065247274, 25.070179601352045 ], [ 121.68185890588552, 25.069583463138304 ], [ 121.681027853273363, 25.069202582802809 ], [ 121.680108253103029, 25.069074241573947 ], [ 121.679190116729472, 25.069211001730945 ], [ 121.678363312338689, 25.069599477170264 ], [ 121.677708770085431, 25.070201643374286 ], [ 121.677290561315544, 25.070958558689284 ], [ 121.677149626744267, 25.071796132963765 ], [ 121.677299767546771, 25.072632379247295 ], [ 121.67772629229593, 25.073385438993935 ] ] ], [ [ [ 121.634744987192491, 25.077007620950834 ], [ 121.635405964298016, 25.077603972242496 ], [ 121.636236939351406, 25.077985109293792 ], [ 121.63715656720548, 25.078113721754939 ], [ 121.638074822762121, 25.077977219478164 ], [ 121.638901815363454, 25.077588965182805 ], [ 121.639556589981254, 25.076986966065654 ], [ 121.639975052892993, 25.076230152565909 ], [ 121.640116245553287, 25.075392608860945 ], [ 121.639966352556712, 25.074556320227273 ], [ 121.639540051878768, 25.073803147497454 ], [ 121.63887907602934, 25.07320681430523 ], [ 121.638048125750686, 25.072825691327957 ], [ 121.637128536726905, 25.072697083539602 ], [ 121.636210319224247, 25.072833579303104 ], [ 121.635383349365256, 25.073221818386973 ], [ 121.634728573491373, 25.073823799404686 ], [ 121.634310085804884, 25.074580598830405 ], [ 121.634168854314296, 25.075418137862577 ], [ 121.634318709256917, 25.07625443300952 ], [ 121.634744987192491, 25.077007620950834 ] ] ], [ [ [ 121.89561421127739, 25.063588343970871 ], [ 121.896276343371653, 25.064183505494174 ], [ 121.897107990783709, 25.064563165257884 ], [ 121.898027742495515, 25.064690157554466 ], [ 121.898945561267595, 25.064552050883385 ], [ 121.899771599225417, 25.064162365066 ], [ 121.900424994850127, 25.063559247457523 ], [ 121.90084178947761, 25.062801737980401 ], [ 121.900981187921531, 25.061963988904058 ], [ 121.90082955042412, 25.061128005553968 ], [ 121.900401725697023, 25.060375618826672 ], [ 121.899739595372367, 25.05978047538547 ], [ 121.898907973127606, 25.059400829449036 ], [ 121.89798826036774, 25.059273841443353 ], [ 121.897070479453973, 25.059411941229989 ], [ 121.896244463800215, 25.059801611617193 ], [ 121.895591066405927, 25.06040471114358 ], [ 121.895174246611134, 25.06116220679343 ], [ 121.895034809215247, 25.061999951578869 ], [ 121.895186408854343, 25.062835941813407 ], [ 121.89561421127739, 25.063588343970871 ] ] ], [ [ [ 121.820164120860127, 25.067149154355725 ], [ 121.820825918701601, 25.067744661216462 ], [ 121.821657371330431, 25.068124748985774 ], [ 121.822577086811506, 25.068252210049824 ], [ 121.823495031456815, 25.068114567006184 ], [ 121.824321345062543, 25.067725294277864 ], [ 121.824975139109526, 25.067122498775035 ], [ 121.825392415912205, 25.066365188890945 ], [ 121.825532333069432, 25.065527497367572 ], [ 121.825381200043111, 25.064691423912389 ], [ 121.8249538161717, 25.063938808257305 ], [ 121.824292019951343, 25.063343319483636 ], [ 121.823460592376094, 25.062963245612927 ], [ 121.822540915811501, 25.062835788950199 ], [ 121.821623009080724, 25.06297342521675 ], [ 121.820796717905594, 25.063362682578173 ], [ 121.820142922237508, 25.063965459993931 ], [ 121.81972562038122, 25.064722755979432 ], [ 121.819585664307567, 25.065560443101472 ], [ 121.819736759419342, 25.066396523333747 ], [ 121.820164120860127, 25.067149154355725 ] ] ], [ [ [ 121.825071778691722, 25.088591237972281 ], [ 121.825733718083598, 25.089186717703083 ], [ 121.826565331910075, 25.089566772808809 ], [ 121.827485212451776, 25.089694198871591 ], [ 121.828403309856768, 25.089556521915405 ], [ 121.829229748962192, 25.089167219684693 ], [ 121.829883628961511, 25.088564401980179 ], [ 121.830300943757052, 25.087807079370844 ], [ 121.830440847233746, 25.086969385845688 ], [ 121.830289650199376, 25.086133321307866 ], [ 121.82986215826368, 25.085380724614584 ], [ 121.829200220503552, 25.084785262988408 ], [ 121.828368631766409, 25.084405221790973 ], [ 121.827448790188399, 25.084277800127669 ], [ 121.826530730738639, 25.084415470294047 ], [ 121.82570431408233, 25.084804757139157 ], [ 121.825050432451292, 25.085407556739046 ], [ 121.824633092566387, 25.086164865440107 ], [ 121.824493150126003, 25.087002554565789 ], [ 121.824644309205198, 25.087838625893415 ], [ 121.825071778691722, 25.088591237972281 ] ] ], [ [ [ 121.830852734733, 25.095004331207821 ], [ 121.831355096809943, 25.09545619228069 ], [ 121.83104891077646, 25.096011822943648 ], [ 121.830909003080336, 25.096849516189863 ], [ 121.831060219731668, 25.097685578455376 ], [ 121.83148776398491, 25.098438169174884 ], [ 121.832149788019649, 25.099033617338122 ], [ 121.832981488077834, 25.099413633757024 ], [ 121.833901447995871, 25.099541017800558 ], [ 121.834819610148472, 25.099403299606823 ], [ 121.835646093032636, 25.099013960958548 ], [ 121.836299991556118, 25.098411115223005 ], [ 121.836717297809884, 25.097653775714168 ], [ 121.836857166518271, 25.096816078075374 ], [ 121.836705911895748, 25.095980022611485 ], [ 121.836278345191573, 25.09522744728979 ], [ 121.835775966506176, 25.094775603319409 ], [ 121.836082127978102, 25.094219963436672 ], [ 121.836221997855191, 25.09338226600239 ], [ 121.836070752479984, 25.092546209287278 ], [ 121.83564320219557, 25.091793631381417 ], [ 121.834981201790171, 25.091198197666962 ], [ 121.834149552241712, 25.090818190772662 ], [ 121.833229657636466, 25.090690806446197 ], [ 121.832311558131906, 25.09082851332931 ], [ 121.83148511831277, 25.091217832678385 ], [ 121.830831232678321, 25.091820657389075 ], [ 121.830413908343047, 25.092577981350466 ], [ 121.830273999485712, 25.093415674392116 ], [ 121.830425206896336, 25.094251737907008 ], [ 121.830852734733, 25.095004331207821 ] ] ], [ [ [ 121.771459851831224, 25.099154392241157 ], [ 121.772121597101588, 25.099750115344015 ], [ 121.772953126549041, 25.100130472801215 ], [ 121.773873040723771, 25.100258230590686 ], [ 121.774791286482881, 25.100120882253261 ], [ 121.775617974133624, 25.099731873355331 ], [ 121.776272178525886, 25.099129284978542 ], [ 121.776689861793187, 25.098372105245097 ], [ 121.776830141741897, 25.097534454166272 ], [ 121.776679292326818, 25.096698327501691 ], [ 121.776252085138353, 25.095945570200513 ], [ 121.775590341394476, 25.095349865212338 ], [ 121.77475883696593, 25.094969521719349 ], [ 121.773838961746122, 25.094841768409779 ], [ 121.772920753998505, 25.09497911003162 ], [ 121.77209408889675, 25.095368103583603 ], [ 121.771439882978001, 25.095970673845713 ], [ 121.771022174691794, 25.096727839614935 ], [ 121.770881855788161, 25.097565486213863 ], [ 121.771032667191747, 25.098401619594028 ], [ 121.771459851831224, 25.099154392241157 ] ] ], [ [ [ 121.815093229644162, 25.099581458433647 ], [ 121.815755182859135, 25.100176981547047 ], [ 121.816586842911491, 25.100557090938842 ], [ 121.81750679755713, 25.100684576874922 ], [ 121.818424989687841, 25.100546959516024 ], [ 121.819251534864335, 25.100157710771157 ], [ 121.819905521892807, 25.099554935205294 ], [ 121.820322934196085, 25.098797639263918 ], [ 121.820462916114224, 25.097959954327909 ], [ 121.820311770779, 25.097123879462103 ], [ 121.819884298743631, 25.096371254536308 ], [ 121.819222347141221, 25.095775749536845 ], [ 121.818390712176907, 25.095395654069733 ], [ 121.81747079651204, 25.095268172550309 ], [ 121.816552642365465, 25.095405783130829 ], [ 121.815726119667858, 25.095795016491401 ], [ 121.815072131026852, 25.096397773943316 ], [ 121.814654693635504, 25.09715505596002 ], [ 121.814514672736593, 25.09799273647937 ], [ 121.81466578008768, 25.098828818123554 ], [ 121.815093229644162, 25.099581458433647 ] ] ], [ [ [ 121.779806948661815, 25.099990524689691 ], [ 121.78046873790764, 25.100586209403875 ], [ 121.781300297546622, 25.100966519262307 ], [ 121.782220225171599, 25.101094224903211 ], [ 121.783138466322143, 25.100956824973796 ], [ 121.783965131757114, 25.100567770092361 ], [ 121.78461929850279, 25.099965145842848 ], [ 121.785036932380237, 25.09920794385901 ], [ 121.785177156032361, 25.098370286329136 ], [ 121.785026248925661, 25.097534169642636 ], [ 121.784598988297233, 25.096781437770208 ], [ 121.783937200594409, 25.096185771171189 ], [ 121.783105665988501, 25.095805475269913 ], [ 121.782185777324969, 25.095677774096991 ], [ 121.781267574182266, 25.095815167298614 ], [ 121.780440931283806, 25.096204206826258 ], [ 121.779786762995116, 25.096806812960608 ], [ 121.779369104084594, 25.09756400098728 ], [ 121.77922884147101, 25.098401654049169 ], [ 121.779379710569899, 25.099237777463461 ], [ 121.779806948661815, 25.099990524689691 ] ] ], [ [ [ 121.760187219237324, 25.100550960404448 ], [ 121.759532926634293, 25.101153479759034 ], [ 121.759115127386195, 25.101910613615317 ], [ 121.758974722145368, 25.102748250421786 ], [ 121.759105215974984, 25.103472102319813 ], [ 121.758987687687593, 25.104173251488803 ], [ 121.759138427939419, 25.105009397942752 ], [ 121.759565564844493, 25.105762205363476 ], [ 121.760227290474319, 25.106357981536718 ], [ 121.761058830300897, 25.106738405165377 ], [ 121.761978783859902, 25.10686623574788 ], [ 121.762897094152265, 25.106728959696902 ], [ 121.763723865165218, 25.106340015500756 ], [ 121.764378163584695, 25.105737477906768 ], [ 121.764795942336889, 25.104980330066997 ], [ 121.764936309880028, 25.104142688872891 ], [ 121.764805781043165, 25.103418842996042 ], [ 121.764923275422376, 25.102717689943766 ], [ 121.764809742754181, 25.102088087638787 ], [ 121.764873907795717, 25.102057900105418 ], [ 121.76552817824475, 25.101455357763829 ], [ 121.765945936024707, 25.100698206762338 ], [ 121.766086291646104, 25.09986056430132 ], [ 121.76593551165621, 25.099024425299145 ], [ 121.765508360851243, 25.098271635914767 ], [ 121.764846654932853, 25.097675882239411 ], [ 121.764015166072184, 25.097295478220808 ], [ 121.763095282640691, 25.097167658470241 ], [ 121.762177043705847, 25.097304934237108 ], [ 121.761350327492508, 25.097693868964381 ], [ 121.760696055538077, 25.098296393189113 ], [ 121.760278272753084, 25.099053530215038 ], [ 121.760137878178128, 25.099891168179983 ], [ 121.760251384679094, 25.100520774856999 ], [ 121.760187219237324, 25.100550960404448 ] ] ], [ [ [ 121.774737302984619, 25.104142219140805 ], [ 121.775399091252851, 25.10473792620115 ], [ 121.776230664485922, 25.105118263978202 ], [ 121.777150618946365, 25.105246000376262 ], [ 121.778068897546063, 25.10510863103061 ], [ 121.778895607376469, 25.104719603564938 ], [ 121.77954982111622, 25.104117000879295 ], [ 121.779967499984878, 25.103359812497118 ], [ 121.780107762220922, 25.102522159276312 ], [ 121.779956883514799, 25.101686037185683 ], [ 121.779529638325272, 25.100933290725809 ], [ 121.778867851590192, 25.100337601784172 ], [ 121.778036303387665, 25.099957277971647 ], [ 121.777116387894367, 25.099829546049964 ], [ 121.776198147314275, 25.099966908673998 ], [ 121.775371460033725, 25.100355920787525 ], [ 121.774717244760794, 25.100958505354452 ], [ 121.774299540861577, 25.101715679772099 ], [ 121.774159239658402, 25.102553328516525 ], [ 121.774310080344932, 25.10338945732876 ], [ 121.774737302984619, 25.104142219140805 ] ] ], [ [ [ 121.819906193911976, 25.104064283369731 ], [ 121.819244199655571, 25.103468780130225 ], [ 121.81841251187393, 25.103088686493301 ], [ 121.817492538397076, 25.102961206694445 ], [ 121.816574327100625, 25.103098818717196 ], [ 121.815747753507281, 25.103488053100804 ], [ 121.815093725205287, 25.104090811057144 ], [ 121.814676263270101, 25.104848093011189 ], [ 121.814536235348484, 25.105685772907652 ], [ 121.814687353887635, 25.106521853429953 ], [ 121.815114831750009, 25.107274492228704 ], [ 121.815776827619331, 25.107870013588499 ], [ 121.816608540499146, 25.108250121155159 ], [ 121.817528552972718, 25.108377605372546 ], [ 121.818446802269037, 25.108239986569352 ], [ 121.819273398350759, 25.107850736796259 ], [ 121.819927425039808, 25.107247960719629 ], [ 121.820344861876848, 25.106490664835839 ], [ 121.820484850801748, 25.105652980520862 ], [ 121.820403683717473, 25.105204032487205 ], [ 121.820661565231077, 25.105658030978617 ], [ 121.821323578272057, 25.106253527243993 ], [ 121.822155296263944, 25.106633603622587 ], [ 121.823075301288682, 25.106761053612008 ], [ 121.823993531304453, 25.106623400892637 ], [ 121.824820098162149, 25.106234120836167 ], [ 121.825474088545946, 25.105631321073851 ], [ 121.825891485551836, 25.104874010420374 ], [ 121.826031435019615, 25.10403632169659 ], [ 121.825880243259761, 25.103200254337168 ], [ 121.825452715371185, 25.102447647475774 ], [ 121.824790703954008, 25.101852169329209 ], [ 121.82395901106689, 25.101472106874233 ], [ 121.823039045038698, 25.101344661294874 ], [ 121.822120853015932, 25.101482307226274 ], [ 121.821294308635586, 25.101871571889504 ], [ 121.820640316628001, 25.102474353533005 ], [ 121.820222894517357, 25.103231650262877 ], [ 121.820082906053031, 25.10406933457659 ], [ 121.820164071095547, 25.104518282902447 ], [ 121.819906193911976, 25.104064283369731 ] ] ], [ [ [ 121.843352236783232, 25.106392484868568 ], [ 121.843357644667336, 25.106397347757301 ], [ 121.842696213537181, 25.106496592992208 ], [ 121.841869704647479, 25.106885971269385 ], [ 121.841215790426105, 25.107488841343468 ], [ 121.840918693042426, 25.108028027393079 ], [ 121.840891783102194, 25.108052836360226 ], [ 121.840474469634131, 25.108810186814242 ], [ 121.840334614587036, 25.109647886239724 ], [ 121.840485913489189, 25.110483935403291 ], [ 121.840913561546643, 25.111236495019732 ], [ 121.841040584010955, 25.111350715560256 ], [ 121.841099559911029, 25.111454498025509 ], [ 121.841761701225025, 25.11204989922485 ], [ 121.842593518632242, 25.112429858022303 ], [ 121.843513584477506, 25.112557179427263 ], [ 121.84443183076209, 25.112419399710856 ], [ 121.845258367744648, 25.11203000668052 ], [ 121.845912285037343, 25.111427119029262 ], [ 121.846329572896622, 25.11066975417555 ], [ 121.846456847332874, 25.109907187429727 ], [ 121.846467555536421, 25.109887752069351 ], [ 121.846607368825715, 25.109050047967756 ], [ 121.846456030554407, 25.108214005929963 ], [ 121.846028360162492, 25.107461462606611 ], [ 121.846022952127669, 25.107456599819951 ], [ 121.846684385246036, 25.107357339693145 ], [ 121.84751088116252, 25.106967934918202 ], [ 121.848164760946759, 25.106365037918451 ], [ 121.848582018527381, 25.105607667026852 ], [ 121.848721813397248, 25.104769960957917 ], [ 121.848570467002062, 25.103933920839516 ], [ 121.848142799575626, 25.103181383134132 ], [ 121.847480677371877, 25.102586009286195 ], [ 121.846648913287709, 25.102206076063002 ], [ 121.845728922616047, 25.102078772001359 ], [ 121.844810754913581, 25.102216557888291 ], [ 121.843984281438608, 25.102605947249724 ], [ 121.843330399985788, 25.103208826130661 ], [ 121.842913117263791, 25.103966183118892 ], [ 121.842773283382925, 25.104803884810533 ], [ 121.842924591798337, 25.105639931749685 ], [ 121.843352236783232, 25.106392484868568 ] ] ], [ [ [ 121.797531053351861, 25.10706027012171 ], [ 121.798192965204265, 25.10765587214885 ], [ 121.799024625201113, 25.10803607974805 ], [ 121.799944621106292, 25.108163673569013 ], [ 121.800862891772042, 25.108026163208059 ], [ 121.801689545067703, 25.107637010097193 ], [ 121.801845291656576, 25.107493506004669 ], [ 121.801784678000885, 25.107855874425091 ], [ 121.80189647060655, 25.108474732764233 ], [ 121.801274643424918, 25.10904767417118 ], [ 121.800857079275104, 25.109804919256735 ], [ 121.800716952157472, 25.110642588032846 ], [ 121.800735587284265, 25.110745750639662 ], [ 121.800602363590542, 25.110808464553067 ], [ 121.799948221147588, 25.111411157933603 ], [ 121.799530641118693, 25.112168399444688 ], [ 121.799390502708405, 25.113006066992529 ], [ 121.799541529180331, 25.1138421644727 ], [ 121.799968942412633, 25.114594847878667 ], [ 121.800630907420199, 25.115190437129741 ], [ 121.801462626231682, 25.115570629225161 ], [ 121.802382680851892, 25.115698206331864 ], [ 121.803301004383172, 25.115560679682524 ], [ 121.804127699518034, 25.115171512304322 ], [ 121.804781840377643, 25.114568800797077 ], [ 121.805199395322617, 25.113811545337569 ], [ 121.805339494729608, 25.112973873347411 ], [ 121.805320855361913, 25.112870711454203 ], [ 121.805454078725035, 25.112807993322331 ], [ 121.806108200671076, 25.112205276246691 ], [ 121.806444952362867, 25.111594535969541 ], [ 121.807085049333821, 25.111498655988491 ], [ 121.807911704914446, 25.111109468276123 ], [ 121.808114253890764, 25.110922828478284 ], [ 121.808315103161988, 25.111103523349719 ], [ 121.809146816414355, 25.111483672639483 ], [ 121.810066846854966, 25.111611202690206 ], [ 121.810985129953707, 25.111473629342438 ], [ 121.811811772362759, 25.111084420195979 ], [ 121.81246585336693, 25.110481675939745 ], [ 121.812883347188063, 25.109724399955724 ], [ 121.813023390187013, 25.10888672167323 ], [ 121.812872279519141, 25.108050639507713 ], [ 121.81244481234809, 25.107297994044639 ], [ 121.811996371182445, 25.106894562280171 ], [ 121.811958255272501, 25.106683657383137 ], [ 121.811530798624474, 25.105931008888231 ], [ 121.810868833476391, 25.10533546763963 ], [ 121.810037157361663, 25.104955326790517 ], [ 121.809117176969778, 25.104827795196542 ], [ 121.808243203656716, 25.104958725047499 ], [ 121.807753206962133, 25.104890794305664 ], [ 121.807554268613856, 25.104920595822005 ], [ 121.807371889448703, 25.10475650700133 ], [ 121.806540227526668, 25.104376346142459 ], [ 121.805620254460393, 25.104248792645251 ], [ 121.804702018085877, 25.104386331704905 ], [ 121.803875396379183, 25.104775501000393 ], [ 121.803221301635276, 25.105378208113557 ], [ 121.803091584098269, 25.105613464756541 ], [ 121.802996447467422, 25.105658253221485 ], [ 121.802840704519596, 25.10580175846739 ], [ 121.802901314217664, 25.10543938961813 ], [ 121.802750277024188, 25.104603294932154 ], [ 121.802322883567072, 25.103850618101582 ], [ 121.801660973292911, 25.103255034194998 ], [ 121.800829338366285, 25.102874840541457 ], [ 121.799909381447364, 25.102747251164494 ], [ 121.79899114879241, 25.102884754770326 ], [ 121.798164518013323, 25.103273892507179 ], [ 121.797510402292104, 25.103876575045209 ], [ 121.797092831256478, 25.104633810191885 ], [ 121.796952683228682, 25.105471476476016 ], [ 121.797103682411318, 25.106307577917118 ], [ 121.797531053351861, 25.10706027012171 ] ] ], [ [ [ 121.785084859280573, 25.108403610466851 ], [ 121.785746719888209, 25.108999269243192 ], [ 121.786578352655994, 25.10937954730349 ], [ 121.787498348015745, 25.10950721839848 ], [ 121.78841664487372, 25.109369784557742 ], [ 121.78924334853383, 25.108980699720462 ], [ 121.789897532280335, 25.108378052404323 ], [ 121.790315160271646, 25.107620836501976 ], [ 121.79045535572962, 25.106783175564235 ], [ 121.790304400883457, 25.10594706631332 ], [ 121.789877077645386, 25.105194351990683 ], [ 121.789215218591522, 25.104598711336312 ], [ 121.78838361087611, 25.104218447233929 ], [ 121.787463654498254, 25.104090780601332 ], [ 121.786545395661932, 25.10422820770448 ], [ 121.785718714540209, 25.104617277177699 ], [ 121.785064529239961, 25.105219906371854 ], [ 121.784646876196234, 25.105977108316299 ], [ 121.784506641756352, 25.106814764791633 ], [ 121.784657558580875, 25.107650880780152 ], [ 121.785084859280573, 25.108403610466851 ] ] ], [ [ [ 121.853378360703246, 25.107762551091099 ], [ 121.852874631935393, 25.108227035879125 ], [ 121.852457392805505, 25.108984418124724 ], [ 121.852317619621473, 25.109822126701935 ], [ 121.852468999899344, 25.110658161479069 ], [ 121.852896720878476, 25.111410684576711 ], [ 121.85292259706101, 25.111433948695495 ], [ 121.852924720743673, 25.111437685027528 ], [ 121.853586917583144, 25.112033031916226 ], [ 121.854164374897223, 25.112296746875018 ], [ 121.854499714493087, 25.112886710365661 ], [ 121.855161926769512, 25.113482049697254 ], [ 121.855993793059952, 25.113861931893084 ], [ 121.856913880920985, 25.113989169462435 ], [ 121.857832120197259, 25.113851306885568 ], [ 121.858658621834309, 25.113461840083666 ], [ 121.859312478906986, 25.112858894972813 ], [ 121.859729687570294, 25.112101494596132 ], [ 121.859869412109177, 25.1112637805535 ], [ 121.859717980856601, 25.110427754751239 ], [ 121.859667093798237, 25.110338236026873 ], [ 121.860129429795606, 25.109911883529708 ], [ 121.860546623928698, 25.109154480955695 ], [ 121.860686340168201, 25.108316766050855 ], [ 121.860534907658689, 25.107480740805642 ], [ 121.860107155063332, 25.106728240224069 ], [ 121.859444956970904, 25.106132922114803 ], [ 121.858613133703429, 25.105753057788704 ], [ 121.857693106343774, 25.105625829039635 ], [ 121.856941105302411, 25.105738738976129 ], [ 121.856233138489387, 25.105640828008205 ], [ 121.855314958146522, 25.105778679259068 ], [ 121.854488496206969, 25.106168126735103 ], [ 121.853834649338069, 25.106771050794286 ], [ 121.853417420866165, 25.107528435602436 ], [ 121.853378360703246, 25.107762551091099 ] ] ], [ [ [ 121.820791283007367, 25.111532176725124 ], [ 121.821453329166928, 25.112127671126551 ], [ 121.822285087842403, 25.112507745460622 ], [ 121.823205137132263, 25.112635193424552 ], [ 121.82412341065988, 25.112497538896811 ], [ 121.824950016015322, 25.11210825742636 ], [ 121.825604036113234, 25.11150545678343 ], [ 121.826021451141116, 25.110748145869596 ], [ 121.826161405175768, 25.109910457531743 ], [ 121.826010204082337, 25.109074391166931 ], [ 121.825582653875088, 25.108321785811228 ], [ 121.824920609339841, 25.107726309533454 ], [ 121.824088875777022, 25.107346249126767 ], [ 121.823168865495958, 25.107218805574156 ], [ 121.822250629973254, 25.107356453312192 ], [ 121.821424047102269, 25.107745719385335 ], [ 121.820770025380028, 25.108348501904615 ], [ 121.82035258523949, 25.109105798891065 ], [ 121.820212592196057, 25.109943482817595 ], [ 121.820363755284561, 25.110779555972115 ], [ 121.820791283007367, 25.111532176725124 ] ] ], [ [ [ 121.917150395204857, 25.114190450078109 ], [ 121.917812908924915, 25.11478550088766 ], [ 121.918644966149031, 25.115165025867316 ], [ 121.919565115729625, 25.115291872501206 ], [ 121.920483281464413, 25.115153623549954 ], [ 121.921309581502982, 25.114763812768597 ], [ 121.921963128668395, 25.114160599752161 ], [ 121.92237994946899, 25.113403033768165 ], [ 121.922519246170694, 25.112565272619253 ], [ 121.922367388991574, 25.11172932280995 ], [ 121.921939248159987, 25.110977011947323 ], [ 121.921276736254441, 25.110381979260975 ], [ 121.920444704297807, 25.110002468122321 ], [ 121.919524593786335, 25.109875625760427 ], [ 121.918606465999233, 25.110013867782929 ], [ 121.917780188292141, 25.110403663081321 ], [ 121.917126639312244, 25.111006857974548 ], [ 121.916709793244166, 25.111764410117544 ], [ 121.916570457473355, 25.11260216699446 ], [ 121.916722276704789, 25.113438123732511 ], [ 121.917150395204857, 25.114190450078109 ] ] ], [ [ [ 121.81720902105269, 25.122705123133848 ], [ 121.817871112193714, 25.123300631563758 ], [ 121.818702937095281, 25.123680723798756 ], [ 121.819623067371921, 25.123808191782267 ], [ 121.820541428716467, 25.123670557431979 ], [ 121.82136812011926, 25.123281294321423 ], [ 121.822022216069243, 25.122678508424269 ], [ 121.822439689328064, 25.121921207199996 ], [ 121.822579678273712, 25.121083522548517 ], [ 121.822428485357065, 25.120247453507179 ], [ 121.822000915795527, 25.119494839374347 ], [ 121.821338826272253, 25.118899349077402 ], [ 121.820507026492336, 25.11851927078045 ], [ 121.819586935245638, 25.118391807216206 ], [ 121.818668611931201, 25.118529434778981 ], [ 121.817841943032491, 25.118918682487831 ], [ 121.817187845464773, 25.119521450252023 ], [ 121.816770347084301, 25.120278737538243 ], [ 121.816630319108697, 25.121116417770455 ], [ 121.816781473995235, 25.121952493599313 ], [ 121.81720902105269, 25.122705123133848 ] ] ], [ [ [ 121.884288474588786, 25.122345091945405 ], [ 121.884950879348551, 25.122940292183117 ], [ 121.885782897297673, 25.1233200025105 ], [ 121.886703081138918, 25.123447052263518 ], [ 121.887621351316554, 25.123309004313022 ], [ 121.888447815751221, 25.122919372732291 ], [ 121.889101571164673, 25.122316299571668 ], [ 121.889518623671378, 25.121558820409685 ], [ 121.889658152850402, 25.120721084555313 ], [ 121.889506506163116, 25.119885096044122 ], [ 121.889078533238845, 25.119132686277975 ], [ 121.888416130229189, 25.118537504171126 ], [ 121.887584137506664, 25.118157807720209 ], [ 121.886663992732807, 25.118030762288939 ], [ 121.885745760540942, 25.11816880335569 ], [ 121.884919318501161, 25.118558419476546 ], [ 121.884265561337614, 25.119161474506306 ], [ 121.883848483604339, 25.119918939791791 ], [ 121.8837089153579, 25.120756671324425 ], [ 121.883860524059401, 25.121592666719366 ], [ 121.884288474588786, 25.122345091945405 ] ] ], [ [ [ 121.916090805963506, 25.12099187757531 ], [ 121.91517259095005, 25.121130100584615 ], [ 121.914346228144453, 25.121519878586081 ], [ 121.913692604521145, 25.122123059592408 ], [ 121.913275701570512, 25.122880602619226 ], [ 121.91313633224739, 25.123718356044503 ], [ 121.91328814454404, 25.12455431533445 ], [ 121.913716283409286, 25.12530664998593 ], [ 121.914378842803714, 25.125901714041689 ], [ 121.915210966541324, 25.126281255909934 ], [ 121.916131196962425, 25.126408121420123 ], [ 121.917049449948522, 25.126269891484043 ], [ 121.917875835104923, 25.125880097995111 ], [ 121.918529456919941, 25.125276898856292 ], [ 121.918946334593869, 25.12451934197799 ], [ 121.919085664826753, 25.123681584272997 ], [ 121.919081779194727, 25.123660193601754 ], [ 121.919136389890554, 25.123667721288786 ], [ 121.920054618475945, 25.12352947335738 ], [ 121.920880975381735, 25.12313966376157 ], [ 121.921534567862807, 25.122536451981112 ], [ 121.921951417991636, 25.121778887163497 ], [ 121.922090725164779, 25.120941126998051 ], [ 121.921938858577718, 25.120105177893407 ], [ 121.921510689382188, 25.11935286738743 ], [ 121.920848132934736, 25.118757834674053 ], [ 121.920016044618365, 25.118378323126361 ], [ 121.919095871444711, 25.118251480012624 ], [ 121.918177680824414, 25.118389721013671 ], [ 121.917351346261142, 25.11877951512124 ], [ 121.916697751965998, 25.119382708771571 ], [ 121.916280876559341, 25.12014025974225 ], [ 121.916141530299939, 25.120978015633021 ], [ 121.916145415321836, 25.120999406405879 ], [ 121.916090805963506, 25.12099187757531 ] ] ], [ [ [ 121.641963222640243, 25.088382905200135 ], [ 121.641822029801006, 25.089220449251957 ], [ 121.641971955604674, 25.090056733765028 ], [ 121.642398329677931, 25.09080989645777 ], [ 121.643059418787828, 25.091406210355405 ], [ 121.643890510746303, 25.091787301526015 ], [ 121.644810248958436, 25.091915864110614 ], [ 121.645728597518797, 25.0917793128448 ], [ 121.646555656662358, 25.091391015245364 ], [ 121.646963662378312, 25.091015894658845 ], [ 121.647650574956231, 25.090913745787422 ], [ 121.648477622022128, 25.090525437666045 ], [ 121.649132416091817, 25.08992339689884 ], [ 121.649550861541442, 25.089166558003512 ], [ 121.649692001539478, 25.088329007643281 ], [ 121.649542025840034, 25.087492731744632 ], [ 121.649115620517065, 25.086739589891096 ], [ 121.648454528323882, 25.086143302691585 ], [ 121.647623461388591, 25.085762236319887 ], [ 121.646703766809864, 25.085633690209054 ], [ 121.645785465181831, 25.085770246686096 ], [ 121.644958440858929, 25.0861585395789 ], [ 121.644550444647464, 25.086533654695629 ], [ 121.643863553516127, 25.086635788837281 ], [ 121.643036517119725, 25.087024071209246 ], [ 121.642381707663873, 25.087626085593669 ], [ 121.641963222640243, 25.088382905200135 ] ] ], [ [ [ 121.640004084553141, 25.099024305190394 ], [ 121.640665207412951, 25.09962062845733 ], [ 121.641496348388571, 25.100001731668797 ], [ 121.642416146085978, 25.100130307786127 ], [ 121.643334558774669, 25.09999377021942 ], [ 121.644161680409681, 25.099605485144352 ], [ 121.64481654332937, 25.099003462773378 ], [ 121.645235045169201, 25.098246635824534 ], [ 121.645376223578467, 25.097409089793047 ], [ 121.645226264553628, 25.096572810182888 ], [ 121.644799852539478, 25.095819656941433 ], [ 121.644138730946878, 25.095223351791994 ], [ 121.643307614782941, 25.094842262664354 ], [ 121.642387855964429, 25.094713691217652 ], [ 121.641469481371459, 25.094850222257747 ], [ 121.640642382497688, 25.095238492101934 ], [ 121.639987518310789, 25.095840496355414 ], [ 121.639568991659274, 25.096597309220424 ], [ 121.639427774371114, 25.097434850581283 ], [ 121.639577695300247, 25.098271136718051 ], [ 121.640004084553141, 25.099024305190394 ] ] ], [ [ [ 121.647161370862349, 25.162129640931969 ], [ 121.647822874882124, 25.162725919775074 ], [ 121.648654469028656, 25.163106970670917 ], [ 121.649574747535084, 25.163235491696771 ], [ 121.650493621586847, 25.163098901654767 ], [ 121.651321139959776, 25.16271057186102 ], [ 121.651976296147211, 25.162108516912287 ], [ 121.652394959079899, 25.161351672722919 ], [ 121.652536150651471, 25.160514126480791 ], [ 121.652386055589204, 25.159677863711227 ], [ 121.651959371671865, 25.158924742709321 ], [ 121.651297868935657, 25.15832848203565 ], [ 121.65046629969433, 25.157947445258998 ], [ 121.649546060201772, 25.157818928909016 ], [ 121.648627224370614, 25.157955512397574 ], [ 121.64779972882603, 25.158343826911736 ], [ 121.647144571355014, 25.158945863691031 ], [ 121.646725883517149, 25.159702693761215 ], [ 121.646584652931665, 25.160540235327456 ], [ 121.646734709773355, 25.16137650465047 ], [ 121.647161370862349, 25.162129640931969 ] ] ], [ [ [ 121.637543785443114, 25.169694695177768 ], [ 121.637921219812625, 25.169747432015203 ], [ 121.637980195566215, 25.169800596835458 ], [ 121.638811808952809, 25.170181702318487 ], [ 121.639732131886021, 25.170310283565396 ], [ 121.640651071201162, 25.170173753481155 ], [ 121.641478669282733, 25.169785477511038 ], [ 121.642133911818064, 25.169183464982655 ], [ 121.642552659282856, 25.168426647658791 ], [ 121.642693925295291, 25.167589110099481 ], [ 121.642543887297066, 25.166752836982397 ], [ 121.642117237484143, 25.165999687617266 ], [ 121.641455742557838, 25.165403383341605 ], [ 121.64062415407011, 25.165022291991402 ], [ 121.640246733296237, 25.164969561749068 ], [ 121.640187758954838, 25.164916397770963 ], [ 121.639356177577525, 25.164535299130456 ], [ 121.638435898476843, 25.164406714586711 ], [ 121.637516999441516, 25.164543230224346 ], [ 121.636689423280615, 25.164931483870134 ], [ 121.636034175668755, 25.165533472721052 ], [ 121.635615396986026, 25.166290272495232 ], [ 121.635474083742892, 25.167127804365499 ], [ 121.635624074206319, 25.167964085544174 ], [ 121.636050691696894, 25.168717254074497 ], [ 121.636712179169564, 25.169313582403603 ], [ 121.637543785443114, 25.169694695177768 ] ] ], [ [ [ 121.685481954715854, 25.177572137038979 ], [ 121.685803945072948, 25.177719557630525 ], [ 121.685818020222214, 25.17774438183352 ], [ 121.686372553008326, 25.178243883178752 ], [ 121.686381213516057, 25.178292051154894 ], [ 121.68662725975291, 25.178725992058602 ], [ 121.686633204700513, 25.178759056104457 ], [ 121.68706017122274, 25.179512069309112 ], [ 121.687122169373012, 25.179567913232049 ], [ 121.686346098326709, 25.179932290045006 ], [ 121.685691021665477, 25.180534494166555 ], [ 121.685272504102514, 25.181291427691654 ], [ 121.685131516602027, 25.18212899869561 ], [ 121.685281865553463, 25.1829652205504 ], [ 121.685708839186006, 25.183718237095555 ], [ 121.686370645584162, 25.18431433564799 ], [ 121.687202502334074, 25.184695163344504 ], [ 121.688122977950783, 25.184823440113639 ], [ 121.689041964315649, 25.184686608674255 ], [ 121.689869499207731, 25.184298063980791 ], [ 121.69052457450843, 25.183695841672787 ], [ 121.690943067077114, 25.182938894049272 ], [ 121.691084015496571, 25.182101318420031 ], [ 121.690933628304975, 25.181265103179822 ], [ 121.690732396517006, 25.180910235559882 ], [ 121.690735227153809, 25.180909814041634 ], [ 121.690994474819007, 25.18078808531908 ], [ 121.691270534647245, 25.181274908045744 ], [ 121.691932353967047, 25.181870981623177 ], [ 121.692764210419668, 25.182251778160506 ], [ 121.693684672548443, 25.182380020637311 ], [ 121.694603633555246, 25.18224315513044 ], [ 121.695431133702641, 25.181854579930167 ], [ 121.696086168274761, 25.18125233366267 ], [ 121.696504618119363, 25.180495370972018 ], [ 121.696645526002101, 25.179657790641926 ], [ 121.696495104428905, 25.178821581526055 ], [ 121.696068083141313, 25.178068596657791 ], [ 121.695406265192929, 25.177472541264674 ], [ 121.694574433740186, 25.177091758819081 ], [ 121.693654010690594, 25.176963520958868 ], [ 121.692735087915352, 25.177100379843811 ], [ 121.692475849765643, 25.177222111473334 ], [ 121.692440632686129, 25.177160006684073 ], [ 121.692435755435071, 25.177132887781099 ], [ 121.692008764941278, 25.176379890371056 ], [ 121.691812067400079, 25.176202725639609 ], [ 121.691605759972447, 25.175838896900082 ], [ 121.691051217490951, 25.17533941522494 ], [ 121.691042555392968, 25.175291247537491 ], [ 121.690615580063309, 25.174538245603376 ], [ 121.689953807514215, 25.173942164573756 ], [ 121.689631822436411, 25.173794752832215 ], [ 121.689617746997953, 25.173769928985536 ], [ 121.68895598343174, 25.17317384324183 ], [ 121.688124200609366, 25.172793023275645 ], [ 121.687203815680263, 25.172664744397185 ], [ 121.686284916786008, 25.172801562780187 ], [ 121.685457446723859, 25.173190086626864 ], [ 121.684802400792478, 25.173792286691921 ], [ 121.684383899643805, 25.174549218019202 ], [ 121.684242912633849, 25.175386788898653 ], [ 121.68439324610199, 25.176223012714363 ], [ 121.684820189791139, 25.176976033114364 ], [ 121.685481954715854, 25.177572137038979 ] ] ], [ [ [ 121.681849145048346, 25.190110665731371 ], [ 121.682510968429781, 25.190706780707565 ], [ 121.683342857650743, 25.191087629119497 ], [ 121.684263378047476, 25.191215928866864 ], [ 121.685182417116351, 25.191079120418205 ], [ 121.686010007475232, 25.190690596476955 ], [ 121.686665135573975, 25.190088390651368 ], [ 121.687083673102705, 25.189331453627851 ], [ 121.687224654243479, 25.18849388167969 ], [ 121.687074284333079, 25.187657662842319 ], [ 121.686647288059319, 25.186904651102314 ], [ 121.685985466031042, 25.186308554317947 ], [ 121.685153601806604, 25.185927720012195 ], [ 121.684233120501958, 25.185799424897294 ], [ 121.683314119688859, 25.185936226735247 ], [ 121.682486552137092, 25.1863247353477 ], [ 121.681831422685178, 25.18692692298146 ], [ 121.681412860159938, 25.187683845898793 ], [ 121.681271839927064, 25.188521413214495 ], [ 121.681422171581673, 25.18935763866256 ], [ 121.681849145048346, 25.190110665731371 ] ] ], [ [ [ 121.682656613775279, 25.205372004220919 ], [ 121.683318525383797, 25.205968112550657 ], [ 121.684150521913793, 25.206348953410906 ], [ 121.685071158194347, 25.206477245439242 ], [ 121.685631127773277, 25.20639389481693 ], [ 121.685651633848479, 25.206430052203618 ], [ 121.686313565558279, 25.207026146614357 ], [ 121.687145578257045, 25.207406970220095 ], [ 121.687780405488979, 25.2074954209228 ], [ 121.68806663622567, 25.208000091036634 ], [ 121.688728588110862, 25.20859617408269 ], [ 121.689560618777804, 25.208976983633956 ], [ 121.690481279712316, 25.20910524139321 ], [ 121.69140044464811, 25.20896839193971 ], [ 121.692228133877677, 25.208579831992683 ], [ 121.692883324171021, 25.207977598687361 ], [ 121.693301881132001, 25.207220645402138 ], [ 121.693305474205573, 25.207199295101503 ], [ 121.693777311000375, 25.206765584592024 ], [ 121.694195858414133, 25.206008628858878 ], [ 121.69433680700466, 25.205171052631247 ], [ 121.694186365300467, 25.204334844362599 ], [ 121.693759265021285, 25.203581857002888 ], [ 121.693097316957989, 25.202985796021395 ], [ 121.693084272435627, 25.202979825846182 ], [ 121.692952809680378, 25.202861447157851 ], [ 121.692120811010369, 25.202480655724056 ], [ 121.691200198630199, 25.202352407039051 ], [ 121.691083852783621, 25.20236973012226 ], [ 121.691051137979272, 25.202365172551335 ], [ 121.690132022, 25.202502018911947 ], [ 121.68981429589445, 25.202651178143302 ], [ 121.689788372492202, 25.202627833640715 ], [ 121.688956384817303, 25.20224702414853 ], [ 121.688035777012288, 25.202118755651927 ], [ 121.687475828787854, 25.202202114981546 ], [ 121.687455322920314, 25.202165957823734 ], [ 121.6867934126671, 25.201569867698417 ], [ 121.685961441154859, 25.201189040953739 ], [ 121.685040843998593, 25.201060753560473 ], [ 121.684121730105915, 25.201197562524406 ], [ 121.683294063311109, 25.201586076970369 ], [ 121.682638858164964, 25.202188268575718 ], [ 121.682220250903924, 25.202945193215729 ], [ 121.682079221275842, 25.203782759837914 ], [ 121.682229579800023, 25.204618982244522 ], [ 121.682656613775279, 25.205372004220919 ] ] ], [ [ [ 121.602414422894029, 25.11109811462368 ], [ 121.602564111721748, 25.111934441127296 ], [ 121.602990325988614, 25.112687718064659 ], [ 121.603651348117566, 25.113284207280731 ], [ 121.604482472488016, 25.113665517679539 ], [ 121.605402339337118, 25.113794321935384 ], [ 121.60632090016442, 25.113658011118481 ], [ 121.607148234416712, 25.113269929201589 ], [ 121.607803353609043, 25.112668066507329 ], [ 121.608222130280751, 25.111911340125175 ], [ 121.608363575172973, 25.111073825712246 ], [ 121.608213848197877, 25.110237505685568 ], [ 121.607787611092974, 25.10948424395583 ], [ 121.607126590158686, 25.108887772869245 ], [ 121.60629549055929, 25.108506476596961 ], [ 121.605375662595904, 25.108377677068816 ], [ 121.604457139915993, 25.108513981408773 ], [ 121.60362982850171, 25.10890204811805 ], [ 121.602974708114715, 25.10950389268282 ], [ 121.602555906671967, 25.110260604938457 ], [ 121.602414422894029, 25.11109811462368 ] ] ], [ [ [ 121.58963790222414, 25.132315867668581 ], [ 121.589787533413485, 25.133152205815833 ], [ 121.590213746652537, 25.133905517435235 ], [ 121.590874824471484, 25.134502060976406 ], [ 121.591706055801964, 25.134883440023128 ], [ 121.592626070410049, 25.135012320526307 ], [ 121.593544805326403, 25.134876086089175 ], [ 121.594372322949482, 25.134488073206072 ], [ 121.595027616837967, 25.133886265442552 ], [ 121.595446542427297, 25.133129574513589 ], [ 121.595588095882505, 25.132292072609573 ], [ 121.595438426494113, 25.13145574092643 ], [ 121.595012190369928, 25.130702444517688 ], [ 121.594351113721117, 25.130105919123764 ], [ 121.593519907169124, 25.129724554229256 ], [ 121.592599931483264, 25.129595678477571 ], [ 121.591681234765971, 25.129731906450598 ], [ 121.590853740028038, 25.130119904123038 ], [ 121.590198444969403, 25.130721693739311 ], [ 121.589779494601601, 25.13147837051606 ], [ 121.58963790222414, 25.132315867668581 ] ] ], [ [ [ 121.581886395468331, 25.094964199551086 ], [ 121.582312423255033, 25.095717541010444 ], [ 121.582973254054735, 25.096314127246913 ], [ 121.583804200981405, 25.096695557669406 ], [ 121.584723921649456, 25.096824493202412 ], [ 121.58475169549375, 25.096820375230557 ], [ 121.584657597484025, 25.097376952607735 ], [ 121.58480714716238, 25.098213301085419 ], [ 121.585233204343254, 25.098966633302062 ], [ 121.585894066827876, 25.099563205695045 ], [ 121.586725044627784, 25.099944619028012 ], [ 121.587644792334046, 25.100073535898357 ], [ 121.588563273114147, 25.099937336349619 ], [ 121.588957349676789, 25.099752525484224 ], [ 121.589090520963666, 25.099872734862721 ], [ 121.589921510397204, 25.100254130053248 ], [ 121.590841263341133, 25.100383026993399 ], [ 121.591759742449852, 25.100246807678261 ], [ 121.592587035172016, 25.099858807120299 ], [ 121.59324215708692, 25.099257007675067 ], [ 121.593660980463298, 25.098500320239229 ], [ 121.593802511464702, 25.0976628166582 ], [ 121.593652901569271, 25.096826478291234 ], [ 121.593226801051273, 25.096073170847752 ], [ 121.592565922842098, 25.09547663115185 ], [ 121.591734958139156, 25.095095250092164 ], [ 121.590815244044734, 25.094966357897508 ], [ 121.589896803065187, 25.095102570760154 ], [ 121.58950274271406, 25.09528738393972 ], [ 121.589369576095564, 25.09516717477436 ], [ 121.588538623020852, 25.09478577557493 ], [ 121.587618914161581, 25.094656863454638 ], [ 121.587591140911911, 25.09466098195394 ], [ 121.58768522379782, 25.094104402791384 ], [ 121.587535660219785, 25.093268057018587 ], [ 121.587109609582882, 25.09251473073731 ], [ 121.586448779936504, 25.091918162616714 ], [ 121.585617857726177, 25.091536746328256 ], [ 121.584698175896705, 25.091407815548713 ], [ 121.5837797537977, 25.091543990246208 ], [ 121.582952487568761, 25.091931941607399 ], [ 121.582297352546789, 25.092533696405319 ], [ 121.581878478075453, 25.093290353260443 ], [ 121.581736870016073, 25.094127847335535 ], [ 121.581886395468331, 25.094964199551086 ] ] ], [ [ [ 121.578352759885647, 25.105066324578946 ], [ 121.57877880258043, 25.105819674928401 ], [ 121.579439671926849, 25.10641627543475 ], [ 121.58027067726654, 25.106797724108876 ], [ 121.581190470495017, 25.106926680087255 ], [ 121.582109010322213, 25.106790519583701 ], [ 121.582936378250494, 25.106402571852055 ], [ 121.583591582494009, 25.105800814076275 ], [ 121.58401048725996, 25.105044153074939 ], [ 121.584152090743999, 25.104206658107721 ], [ 121.584002537330221, 25.103370309692899 ], [ 121.583576471766932, 25.102616974525198 ], [ 121.582915603567216, 25.102020392143125 ], [ 121.582084622951371, 25.101638957612941 ], [ 121.581164868580345, 25.101510006395671 ], [ 121.580246366901861, 25.101646160458909 ], [ 121.579419021842099, 25.1020340930088 ], [ 121.578763816451911, 25.102635832660308 ], [ 121.578344886962057, 25.103392479517694 ], [ 121.578203244620596, 25.104229969723811 ], [ 121.578352759885647, 25.105066324578946 ] ] ], [ [ [ 121.574998831931524, 25.115350920403628 ], [ 121.57542489127917, 25.116104279081927 ], [ 121.576085801039227, 25.116700893018777 ], [ 121.576916866598239, 25.117082358909173 ], [ 121.577836733955849, 25.117211334202949 ], [ 121.578755354563057, 25.117075193222139 ], [ 121.579582802011544, 25.116687263309252 ], [ 121.580238076728889, 25.11608551990459 ], [ 121.580657036022984, 25.115328868421194 ], [ 121.580798672752962, 25.114491377188457 ], [ 121.580649128051363, 25.113655026360174 ], [ 121.58022304581695, 25.112901682867591 ], [ 121.579562137197286, 25.112305087063575 ], [ 121.578731096370234, 25.111923635326985 ], [ 121.577811267889359, 25.111794664801739 ], [ 121.576892685454126, 25.111930799344368 ], [ 121.576065260892406, 25.112318714071542 ], [ 121.575409985034668, 25.112920439343384 ], [ 121.574991001008627, 25.113677076672953 ], [ 121.574849325401871, 25.114514563137163 ], [ 121.574998831931524, 25.115350920403628 ] ] ], [ [ [ 121.581701761408667, 25.120584048876051 ], [ 121.582127880274371, 25.12133738670148 ], [ 121.582788850633065, 25.121933969248627 ], [ 121.583619971937637, 25.122315396284534 ], [ 121.584539884728486, 25.122444329062759 ], [ 121.585458536007152, 25.122308146068232 ], [ 121.586285996362065, 25.121920178757641 ], [ 121.586941264958128, 25.121318406233371 ], [ 121.587360199704221, 25.120561736759477 ], [ 121.58750179586491, 25.119724240426027 ], [ 121.587352198546085, 25.1188878978849 ], [ 121.586926056797893, 25.118134575254587 ], [ 121.586265087592963, 25.117538010844466 ], [ 121.585433991037732, 25.11715659795976 ], [ 121.584514117138383, 25.117027669941649 ], [ 121.583595504038158, 25.117163846486978 ], [ 121.582768066565706, 25.117551798602456 ], [ 121.582112796815892, 25.118153552989703 ], [ 121.581693837320458, 25.118910208312389 ], [ 121.581552202268242, 25.119747699885735 ], [ 121.581701761408667, 25.120584048876051 ] ] ], [ [ [ 121.587281081330573, 25.253243304116786 ], [ 121.587707713631474, 25.253996603514484 ], [ 121.588369440924779, 25.254593137109079 ], [ 121.589201488567227, 25.25497450944389 ], [ 121.590122406396944, 25.255103387115188 ], [ 121.591042042995724, 25.254967153998614 ], [ 121.591870372463731, 25.254579146463232 ], [ 121.592526308868685, 25.25397734756228 ], [ 121.592945644751907, 25.253220668157304 ], [ 121.593087336137671, 25.25238317932228 ], [ 121.592937518850121, 25.251546860978635 ], [ 121.592510863509773, 25.250793576870173 ], [ 121.591849137385509, 25.250197061522108 ], [ 121.591017114674131, 25.249815703421564 ], [ 121.590096236014602, 25.249686830535286 ], [ 121.589176637863545, 25.249823057159883 ], [ 121.588348331435, 25.250211049406037 ], [ 121.587692393860991, 25.250812830060465 ], [ 121.587273033046728, 25.251569495231166 ], [ 121.587131302490718, 25.252406979281176 ], [ 121.587281081330573, 25.253243304116786 ] ] ], [ [ [ 121.568460163758729, 25.184607413145237 ], [ 121.568886432947579, 25.18536078009954 ], [ 121.569547691860549, 25.185957411652943 ], [ 121.570146322194248, 25.186232056631589 ], [ 121.5693304124284, 25.186117687944659 ], [ 121.56841126466054, 25.186253778501531 ], [ 121.56758331593727, 25.186641651265109 ], [ 121.566927608382485, 25.187243340709237 ], [ 121.566508327379381, 25.187999951862793 ], [ 121.56636651859759, 25.188837424373062 ], [ 121.56651606881141, 25.189673781277964 ], [ 121.566942344448876, 25.190427153221432 ], [ 121.567603621947526, 25.191023792745664 ], [ 121.568435170699246, 25.191405294032236 ], [ 121.569355589393481, 25.191534311058064 ], [ 121.570274775491399, 25.191398214055784 ], [ 121.571102747208045, 25.191010326063996 ], [ 121.571758453636861, 25.190408618425515 ], [ 121.572177709824743, 25.189651993061087 ], [ 121.572319479580628, 25.188814515751492 ], [ 121.572169891036737, 25.187978165292005 ], [ 121.57174359240588, 25.187224808576751 ], [ 121.57108231603317, 25.186628187246871 ], [ 121.570483681726444, 25.186353546140719 ], [ 121.571299594010028, 25.186467908417654 ], [ 121.572218739790642, 25.186331799949031 ], [ 121.573046671213419, 25.185943901523249 ], [ 121.573702341317357, 25.185342185504236 ], [ 121.574121568705593, 25.184585554632463 ], [ 121.574263320005684, 25.183748075227101 ], [ 121.574113725155087, 25.182911726287976 ], [ 121.573687432982339, 25.182158374560196 ], [ 121.573026175199018, 25.181561761196917 ], [ 121.572194680163037, 25.18118028428772 ], [ 121.571274336877806, 25.181051283433195 ], [ 121.570355229415568, 25.18118738545493 ], [ 121.569527320976704, 25.181575268654196 ], [ 121.56887164974313, 25.18217696648308 ], [ 121.568452397543183, 25.182933583149108 ], [ 121.568310607226536, 25.183771057759234 ], [ 121.568460163758729, 25.184607413145237 ] ] ], [ [ [ 121.5736346430228, 25.129497211946624 ], [ 121.573748416424579, 25.130133622687072 ], [ 121.573639623097336, 25.130330059351376 ], [ 121.573497921470789, 25.131167543155311 ], [ 121.573647441519753, 25.132003899719521 ], [ 121.574073552607402, 25.132757259721977 ], [ 121.574734547266758, 25.133353876878356 ], [ 121.575565722574154, 25.133735347566564 ], [ 121.576485713783512, 25.133864328765036 ], [ 121.577404460217551, 25.133728194216935 ], [ 121.578232023146171, 25.133340270635447 ], [ 121.578887391689733, 25.132738532842545 ], [ 121.579306413971409, 25.131981885703887 ], [ 121.57944807668747, 25.131144397125322 ], [ 121.579334272794654, 25.130507991389422 ], [ 121.579443057074926, 25.130311550708399 ], [ 121.579584717175138, 25.129474061862506 ], [ 121.579435160270975, 25.128637711669544 ], [ 121.57900903146016, 25.127884366998284 ], [ 121.578348046452433, 25.127287768315671 ], [ 121.577516906903298, 25.12690631228061 ], [ 121.57659696702747, 25.126777336456183 ], [ 121.575678271424195, 25.126913465216887 ], [ 121.574850742994528, 25.127301374245661 ], [ 121.574195382733336, 25.127903094461701 ], [ 121.573776342030101, 25.128659727874741 ], [ 121.5736346430228, 25.129497211946624 ] ] ], [ [ [ 121.573017043475929, 25.279848931150369 ], [ 121.573443685147268, 25.28060226898674 ], [ 121.57410549114779, 25.281198863068926 ], [ 121.57493767913364, 25.281580312016121 ], [ 121.575858785203479, 25.281709274920882 ], [ 121.576778639506145, 25.281573127311749 ], [ 121.577607194822349, 25.281185197185764 ], [ 121.578263343104169, 25.280583460019578 ], [ 121.578682856149058, 25.279826820634852 ], [ 121.578824672641204, 25.278989346192489 ], [ 121.578674916165156, 25.278153015208922 ], [ 121.578248251397852, 25.277399692667167 ], [ 121.577586446538973, 25.276803116853792 ], [ 121.576754283496314, 25.276421682171531 ], [ 121.575833216643744, 25.276292724079113 ], [ 121.574913400852793, 25.276428865209859 ], [ 121.574084868632568, 25.27681678004123 ], [ 121.573428719209105, 25.277418498938609 ], [ 121.573009181221025, 25.278175124058393 ], [ 121.572867325511567, 25.279012593688414 ], [ 121.573017043475929, 25.279848931150369 ] ] ], [ [ [ 121.561601965807014, 25.290482909712914 ], [ 121.561460018982359, 25.291320368586149 ], [ 121.561609675831576, 25.292156717327472 ], [ 121.562036292374941, 25.292910087377109 ], [ 121.562698111699092, 25.293506731453459 ], [ 121.563530350159212, 25.293888243280463 ], [ 121.564451538913403, 25.294017275792946 ], [ 121.565113091151915, 25.293919421432495 ], [ 121.565165761752525, 25.294213711771757 ], [ 121.565592407522004, 25.294967070824473 ], [ 121.566254255296826, 25.295563698286212 ], [ 121.567086518646178, 25.295945189507023 ], [ 121.568007726290688, 25.296074199439065 ], [ 121.568927698432731, 25.295938099005376 ], [ 121.56975637631318, 25.295550211584089 ], [ 121.570412639882306, 25.294948508471983 ], [ 121.570832249650266, 25.29419189115902 ], [ 121.570974134834245, 25.293354424647895 ], [ 121.570824412298307, 25.292518086680825 ], [ 121.570580710681327, 25.292087798636629 ], [ 121.570717896872509, 25.291840426776542 ], [ 121.570859780448174, 25.291002960143786 ], [ 121.570710061922199, 25.290166621731395 ], [ 121.570283402260984, 25.289413277250723 ], [ 121.569621569168319, 25.288816667135745 ], [ 121.56878934731796, 25.288435189145446 ], [ 121.56808354928306, 25.288336343403518 ], [ 121.56773178239682, 25.288019230545242 ], [ 121.566899571730175, 25.287637741655836 ], [ 121.565978429046183, 25.287508723533037 ], [ 121.56505851663681, 25.287644804683914 ], [ 121.564229876464609, 25.288032665455596 ], [ 121.563573618318486, 25.288634341505055 ], [ 121.563517710669686, 25.288735142593264 ], [ 121.563506540341521, 25.288736794831763 ], [ 121.562677887702279, 25.289124647041216 ], [ 121.562021615988741, 25.289726316330309 ], [ 121.561601965807014, 25.290482909712914 ] ] ], [ [ [ 121.619834112167709, 25.087282972942457 ], [ 121.619983886373419, 25.088119282841063 ], [ 121.620410120335208, 25.088872511666764 ], [ 121.621071094539829, 25.089468925974142 ], [ 121.621902108053149, 25.089850142002621 ], [ 121.622821811964315, 25.089978841668636 ], [ 121.623740173727867, 25.089842426284807 ], [ 121.624567292284951, 25.08945425006231 ], [ 121.625222200272432, 25.088852312554948 ], [ 121.62564079090879, 25.088095538172585 ], [ 121.625782093144963, 25.087258007266449 ], [ 121.625632280851804, 25.086421703863603 ], [ 121.625206024109787, 25.085668490244796 ], [ 121.624545051133396, 25.085072094046936 ], [ 121.623714062387648, 25.084690892113358 ], [ 121.622794397323034, 25.084562197143875 ], [ 121.621876073646916, 25.084698606031939 ], [ 121.621048977870075, 25.085086767047535 ], [ 121.620394068654335, 25.085688686445383 ], [ 121.619975453250433, 25.086445446732842 ], [ 121.619834112167709, 25.087282972942457 ] ] ], [ [ [ 121.624577096586094, 25.207074889042136 ], [ 121.625003788752068, 25.207828084151323 ], [ 121.625665439303859, 25.208424455695852 ], [ 121.626293921759085, 25.208712440978413 ], [ 121.62633678816907, 25.208788105609919 ], [ 121.626998450378053, 25.209384470887706 ], [ 121.627830302747469, 25.209765631524615 ], [ 121.628750914229869, 25.20989427484864 ], [ 121.629670163404597, 25.209757807684557 ], [ 121.630498062312313, 25.209369589317813 ], [ 121.631153567183915, 25.20876762343979 ], [ 121.631572512812866, 25.208010837251507 ], [ 121.631713893424575, 25.207173312270381 ], [ 121.631563875253704, 25.206337031946504 ], [ 121.631137148567916, 25.20558385629581 ], [ 121.630475487602965, 25.204987509226434 ], [ 121.629847015054963, 25.204699541394174 ], [ 121.629804147989375, 25.204623877752965 ], [ 121.629142498678974, 25.204027524416077 ], [ 121.628310681812792, 25.203646370194456 ], [ 121.627390117880523, 25.203517723106906 ], [ 121.626470912541549, 25.203654175356629 ], [ 121.625643038575689, 25.204042370974445 ], [ 121.624987530799245, 25.204644312839864 ], [ 121.624568555056143, 25.205401081274928 ], [ 121.624427127151293, 25.206238600525246 ], [ 121.624577096586094, 25.207074889042136 ] ] ], [ [ [ 121.619193763398499, 25.221066502022861 ], [ 121.619343717693624, 25.221902794516929 ], [ 121.619770431811133, 25.222656002858447 ], [ 121.620432139260686, 25.223252395594429 ], [ 121.621264067332547, 25.223633591060164 ], [ 121.622184777567867, 25.223762273172209 ], [ 121.623104138875789, 25.223625844956636 ], [ 121.623932152316016, 25.223237661885552 ], [ 121.62458776290417, 25.222635724195833 ], [ 121.625006795083706, 25.221878956330876 ], [ 121.625148234608901, 25.221041438016663 ], [ 121.624998241951133, 25.220205152052497 ], [ 121.624571504885367, 25.21945195900728 ], [ 121.623909798667313, 25.218855584491291 ], [ 121.623077895536355, 25.218474403209846 ], [ 121.622157224424768, 25.21834572582847 ], [ 121.621237901479446, 25.218482147514116 ], [ 121.620409910987505, 25.218870315288925 ], [ 121.619754299167823, 25.219472234758648 ], [ 121.619335242047399, 25.220228988439299 ], [ 121.619193763398499, 25.221066502022861 ] ] ], [ [ [ 121.625633762603073, 25.221249631820083 ], [ 121.625783761037965, 25.222085916913937 ], [ 121.626210515054794, 25.222839105872829 ], [ 121.626872254256156, 25.223435469140263 ], [ 121.627704202822386, 25.223816627936131 ], [ 121.628624920287052, 25.223945269767295 ], [ 121.629544274851042, 25.223808801604125 ], [ 121.630372268234737, 25.223420582830389 ], [ 121.631027847418494, 25.222818617178621 ], [ 121.631446839921622, 25.22206183182934 ], [ 121.631588235383731, 25.221224308219195 ], [ 121.631438198589976, 25.220388029664573 ], [ 121.631011421635066, 25.219634856007744 ], [ 121.630349683677991, 25.219038510960328 ], [ 121.629517760063067, 25.218657366343017 ], [ 121.628597081726255, 25.218528729233213 ], [ 121.627677765521113, 25.218665190857148 ], [ 121.626849795075486, 25.219053394328824 ], [ 121.626194214647469, 25.219655341760564 ], [ 121.625775197193022, 25.220412112931292 ], [ 121.625633762603073, 25.221249631820083 ] ] ], [ [ [ 121.627114096518056, 25.239641695017866 ], [ 121.627264130533788, 25.240477975912238 ], [ 121.62769096041545, 25.241231157323398 ], [ 121.628352808342441, 25.24182751043173 ], [ 121.629184887851736, 25.2422086574494 ], [ 121.630105745655527, 25.242337287034669 ], [ 121.631025236211826, 25.24220080735628 ], [ 121.631077006432861, 25.242176537079832 ], [ 121.631300073613886, 25.242377519311795 ], [ 121.632132165715035, 25.24275864944892 ], [ 121.633053030350766, 25.242887260510443 ], [ 121.633972521309829, 25.242750762478913 ], [ 121.634800626956192, 25.242362517663423 ], [ 121.635456283278842, 25.241760532348046 ], [ 121.635875310247457, 25.241003735640298 ], [ 121.636016694132479, 25.240166210089896 ], [ 121.635866600858307, 25.239329939202918 ], [ 121.63543972805347, 25.238576782069451 ], [ 121.634777864261693, 25.23798046078133 ], [ 121.633945797143639, 25.237599344831313 ], [ 121.633024971677742, 25.237470738489431 ], [ 121.632105519113665, 25.237607229970376 ], [ 121.63205375101991, 25.237631500580797 ], [ 121.631830691471933, 25.237430519215014 ], [ 121.630998636940348, 25.237049386386772 ], [ 121.630077818303505, 25.236920761525287 ], [ 121.629158366142988, 25.237057234657488 ], [ 121.628330277389665, 25.237445447771851 ], [ 121.62767460787947, 25.238047402038763 ], [ 121.627255539288853, 25.238804176570216 ], [ 121.627114096518056, 25.239641695017866 ] ] ], [ [ [ 121.614261400469104, 25.241159764434993 ], [ 121.614411348922957, 25.241996059845839 ], [ 121.614838105948238, 25.242749279644972 ], [ 121.614840639656379, 25.24275156304763 ], [ 121.614843467919755, 25.242756554853937 ], [ 121.61550526289659, 25.243352966439698 ], [ 121.616337314489627, 25.24373418631717 ], [ 121.617258172146265, 25.243862896010789 ], [ 121.618177690339536, 25.243726495845031 ], [ 121.619005854765732, 25.243338338546025 ], [ 121.61966159565624, 25.242736421829193 ], [ 121.620080724698269, 25.241979668087364 ], [ 121.620222218167228, 25.241142155666555 ], [ 121.620072231259599, 25.240305866790926 ], [ 121.619645451193762, 25.239552662314615 ], [ 121.619642917465427, 25.239550378993833 ], [ 121.619640089085266, 25.239545387279566 ], [ 121.618978295396715, 25.238948993904675 ], [ 121.618146268829122, 25.238567788197503 ], [ 121.617225450394997, 25.238439083212011 ], [ 121.616305970656697, 25.238575476815505 ], [ 121.615477829242991, 25.23896361877874 ], [ 121.61482208714132, 25.239565517235391 ], [ 121.614402933130293, 25.24032225676077 ], [ 121.614261400469104, 25.241159764434993 ] ] ], [ [ [ 121.601032468925567, 25.215456632397196 ], [ 121.60089086934579, 25.216294131233692 ], [ 121.601040692330884, 25.217130445275629 ], [ 121.601467277612898, 25.21788370935457 ], [ 121.602128871316253, 25.218480186564332 ], [ 121.602960711870566, 25.218861486971829 ], [ 121.603881369388901, 25.218990284219267 ], [ 121.604800717943618, 25.218853970058873 ], [ 121.605628759842489, 25.218465888794281 ], [ 121.606284437312084, 25.217864030694134 ], [ 121.606703568243788, 25.217107312410533 ], [ 121.606845128720423, 25.216269808817987 ], [ 121.606695267370867, 25.215433501278373 ], [ 121.606268659116907, 25.214680252476427 ], [ 121.605607066608698, 25.214083793483073 ], [ 121.60477525096006, 25.213702507273339 ], [ 121.603854632544838, 25.213573714781951 ], [ 121.602935322354625, 25.21371002244004 ], [ 121.602107303427701, 25.214098088427615 ], [ 121.601451624762973, 25.214699928311354 ], [ 121.601032468925567, 25.215456632397196 ] ] ], [ [ [ 121.589254660098035, 25.269190811435536 ], [ 121.589404476533119, 25.270027131593306 ], [ 121.589831182718555, 25.270780421858888 ], [ 121.590493012955932, 25.271376942759133 ], [ 121.591325182524386, 25.271758300078009 ], [ 121.592246229323479, 25.271887161880318 ], [ 121.593165989305447, 25.271750913594957 ], [ 121.59399442448813, 25.271362893076841 ], [ 121.594650438588673, 25.270761084651927 ], [ 121.595069816543656, 25.27000440011599 ], [ 121.595211510262715, 25.269166911046597 ], [ 121.595061655346655, 25.268330597388264 ], [ 121.594634926104135, 25.26757732242508 ], [ 121.593973097040589, 25.266980819785211 ], [ 121.593140952428485, 25.266599476709846 ], [ 121.59221994483579, 25.266470619693632 ], [ 121.591300223334784, 25.26660686147957 ], [ 121.590471811209142, 25.266994866695292 ], [ 121.589815795934797, 25.267596656859826 ], [ 121.589396393023478, 25.268353327152255 ], [ 121.589254660098035, 25.269190811435536 ] ] ], [ [ [ 121.605527321112149, 25.279913253330012 ], [ 121.605677263522495, 25.280749553475424 ], [ 121.606104108112305, 25.281502793070995 ], [ 121.606766075633359, 25.282099237600473 ], [ 121.607598367921838, 25.282480500322286 ], [ 121.608519510859026, 25.282609258562164 ], [ 121.609439330981914, 25.282472907889382 ], [ 121.61026778441969, 25.282084796184979 ], [ 121.610923773104375, 25.281482916703915 ], [ 121.611343084465105, 25.28072618819867 ], [ 121.611484676935859, 25.279888686549739 ], [ 121.61133469603287, 25.279052392930012 ], [ 121.610907828398894, 25.278299168658354 ], [ 121.610245862084284, 25.277702742397818 ], [ 121.60941359479196, 25.277321493911856 ], [ 121.608492491093017, 25.277192740437116 ], [ 121.607572709462787, 25.277329084584217 ], [ 121.606744279069162, 25.2777171809647 ], [ 121.606088289178032, 25.278319042176818 ], [ 121.605668952821148, 25.279075756446218 ], [ 121.605527321112149, 25.279913253330012 ] ] ], [ [ [ 121.626655688186617, 25.265361673015786 ], [ 121.626805754760568, 25.266197950934913 ], [ 121.627232675431515, 25.266951129392446 ], [ 121.627894663496392, 25.267547479855484 ], [ 121.628726918774561, 25.267928624792127 ], [ 121.629647970768076, 25.268057253061844 ], [ 121.630567654918664, 25.267920772961144 ], [ 121.631395940671624, 25.267532545044165 ], [ 121.632051746380625, 25.266930573942812 ], [ 121.632470877391597, 25.266173787376225 ], [ 121.632612309794411, 25.265336266904228 ], [ 121.632462204771372, 25.264499995537388 ], [ 121.632035261108783, 25.263746832412522 ], [ 121.631373274291704, 25.263150500205963 ], [ 121.630541044024156, 25.262769369476267 ], [ 121.629620031250894, 25.262640745937397 ], [ 121.628700385549379, 25.262777219485809 ], [ 121.627872122788062, 25.263165432070117 ], [ 121.627216315831248, 25.263767384914981 ], [ 121.626797159809669, 25.264524157274622 ], [ 121.626655688186617, 25.265361673015786 ] ] ], [ [ [ 121.61722957910321, 25.307320455719616 ], [ 121.617379639500101, 25.308156738746405 ], [ 121.617806655455212, 25.308909938542371 ], [ 121.618468830948089, 25.309506324483038 ], [ 121.619301347453799, 25.309887515558739 ], [ 121.620222708897856, 25.310016196107327 ], [ 121.621142720419257, 25.309879769304494 ], [ 121.621971319404793, 25.309491590486839 ], [ 121.622627393537044, 25.308889659482929 ], [ 121.623046721884393, 25.308132900091834 ], [ 121.623188261225749, 25.307295391218439 ], [ 121.623038162287159, 25.306459114741394 ], [ 121.622611123272463, 25.305705930298082 ], [ 121.621948949010147, 25.305109562648813 ], [ 121.62111645755509, 25.30472838581656 ], [ 121.62019513541324, 25.304599710022924 ], [ 121.619275162433524, 25.304736130276023 ], [ 121.618446586507574, 25.305124293741006 ], [ 121.617790511144733, 25.305726206453524 ], [ 121.617371157746788, 25.306482951601193 ], [ 121.61722957910321, 25.307320455719616 ] ] ], [ [ [ 121.654942318599183, 25.207183465450584 ], [ 121.655369195958087, 25.207936569223317 ], [ 121.656030991846762, 25.208532801939054 ], [ 121.656862924888429, 25.208913797598822 ], [ 121.657783556132557, 25.209042259683553 ], [ 121.658702762221893, 25.208905612765008 ], [ 121.659530559417519, 25.208517233730159 ], [ 121.660185913913438, 25.207915142001237 ], [ 121.660604675231113, 25.20715827709823 ], [ 121.660745855643924, 25.206320728239888 ], [ 121.660595640985576, 25.205484481207527 ], [ 121.660168740754429, 25.204731392752397 ], [ 121.659506946167227, 25.204135178243778 ], [ 121.658675038103524, 25.20375419672613 ], [ 121.657754445973197, 25.203625739316724 ], [ 121.656835278193341, 25.203762379657991 ], [ 121.656007503869944, 25.20415074337523 ], [ 121.655352148072566, 25.204752816897042 ], [ 121.654933361776926, 25.205509667657918 ], [ 121.654792142250315, 25.206347211840939 ], [ 121.654942318599183, 25.207183465450584 ] ] ], [ [ [ 121.644957606386058, 25.210319611376434 ], [ 121.644302162739933, 25.210921637162279 ], [ 121.643883287155205, 25.211678457777172 ], [ 121.643741985638144, 25.212515992357119 ], [ 121.643773217919488, 25.212689989347474 ], [ 121.643477756044007, 25.212648734923214 ], [ 121.642558502654936, 25.212785288010348 ], [ 121.641730620752966, 25.213173573439605 ], [ 121.6410751459333, 25.213775585302017 ], [ 121.640888473376648, 25.21411283715037 ], [ 121.64073414059834, 25.214254579928241 ], [ 121.640315231781187, 25.215011390753702 ], [ 121.640173902449732, 25.215848922104502 ], [ 121.640188878511736, 25.215932366048531 ], [ 121.640121279390144, 25.215901400673499 ], [ 121.639200612268667, 25.215772829373211 ], [ 121.638281330082478, 25.215909356360957 ], [ 121.637453413131198, 25.216297618354542 ], [ 121.636797900439376, 25.216899611738825 ], [ 121.636378958335527, 25.217656411794202 ], [ 121.636268901068945, 25.218308483201042 ], [ 121.636184709068672, 25.218269915061381 ], [ 121.635264027620408, 25.218141319550913 ], [ 121.634344722726013, 25.218277822446421 ], [ 121.633516776906845, 25.218666062823321 ], [ 121.632861232011976, 25.219268039182175 ], [ 121.632442257520992, 25.220024828470255 ], [ 121.632300869120769, 25.220862352892297 ], [ 121.632450912450636, 25.221698630392272 ], [ 121.632877705672328, 25.222451799372152 ], [ 121.633539474549238, 25.223048132230328 ], [ 121.633722896926798, 25.223132158061414 ], [ 121.633905330430892, 25.223296550312416 ], [ 121.634200288844696, 25.223431669447315 ], [ 121.633791035991933, 25.223807470364637 ], [ 121.63337205242378, 25.224564262016802 ], [ 121.633230665892796, 25.225401786795413 ], [ 121.63338072185681, 25.226238062609504 ], [ 121.633807537242078, 25.226991228025696 ], [ 121.633820481125639, 25.227002891477813 ], [ 121.633847751959138, 25.227051013652641 ], [ 121.634509550882441, 25.227647341222649 ], [ 121.635341551213656, 25.228028455791247 ], [ 121.636012924825764, 25.228122220857376 ], [ 121.636126684350302, 25.228756115622886 ], [ 121.636553525619917, 25.229509272352239 ], [ 121.63721535104446, 25.230105587090467 ], [ 121.6380473763612, 25.230486685807076 ], [ 121.638968153587243, 25.230615261890605 ], [ 121.639887545070792, 25.230478728749169 ], [ 121.640715548917299, 25.230090452129421 ], [ 121.641371111084126, 25.229488441428195 ], [ 121.641790060759249, 25.228731628236517 ], [ 121.641845758791504, 25.228401561458096 ], [ 121.642488230189286, 25.22849126079981 ], [ 121.643407601304631, 25.228354706108796 ], [ 121.644235579277705, 25.227966410156867 ], [ 121.644891112599765, 25.227364384233471 ], [ 121.645310033283309, 25.226607561419417 ], [ 121.645444362117487, 25.225811374203349 ], [ 121.646254577153798, 25.225431386843329 ], [ 121.646910087028559, 25.224829352224376 ], [ 121.647328986769409, 25.224072523848733 ], [ 121.647470275100076, 25.223234987362879 ], [ 121.647320127294407, 25.222398727340394 ], [ 121.646893246312857, 25.22164560180617 ], [ 121.646231421493979, 25.221049329759058 ], [ 121.645399436680279, 25.220668275873795 ], [ 121.644478728794297, 25.220539738348165 ], [ 121.643559417580178, 25.220676298663594 ], [ 121.643349503707526, 25.220774746855085 ], [ 121.643425206664304, 25.220326070231216 ], [ 121.643275090466133, 25.219489805154879 ], [ 121.64284824469479, 25.218736666950367 ], [ 121.642537418681627, 25.218456604999062 ], [ 121.643165238776163, 25.218544264083476 ], [ 121.644084534520942, 25.218407706488268 ], [ 121.644912443663458, 25.218019407597321 ], [ 121.645567921434491, 25.217417378986919 ], [ 121.645754585774839, 25.217080121534284 ], [ 121.645908916097596, 25.2169383736132 ], [ 121.646152517405909, 25.21649823994148 ], [ 121.646356648863389, 25.216591736106807 ], [ 121.647277328625933, 25.216720262552851 ], [ 121.648196605508332, 25.216583679712713 ], [ 121.649024488838791, 25.216195358199084 ], [ 121.649679936375975, 25.21559331180303 ], [ 121.650098788530954, 25.214836475607981 ], [ 121.650240048684367, 25.21399893602463 ], [ 121.650089894865815, 25.213162677928835 ], [ 121.649918847572152, 25.212860899613172 ], [ 121.650557690333699, 25.212274081901967 ], [ 121.650976526130307, 25.211517243217457 ], [ 121.651117776970679, 25.210679702618272 ], [ 121.650967621795047, 25.209843445079404 ], [ 121.650540764281331, 25.209090328382359 ], [ 121.64987899146773, 25.208494070661711 ], [ 121.649047082105241, 25.208113035191282 ], [ 121.648126465732176, 25.207984518367955 ], [ 121.647207253138177, 25.208121099647858 ], [ 121.64637941781379, 25.208509410435862 ], [ 121.645723990796853, 25.209111442340827 ], [ 121.645305130031787, 25.209868266871553 ], [ 121.645252308518636, 25.210181382498472 ], [ 121.644957606386058, 25.210319611376434 ] ], [ [ 121.639459447106546, 25.224593695074024 ], [ 121.639812586958953, 25.224643007060052 ], [ 121.63963800380418, 25.224958383310522 ], [ 121.639582301140322, 25.225288449495821 ], [ 121.639189225785145, 25.225233560621895 ], [ 121.639075454147914, 25.224599668160042 ], [ 121.638936250030937, 25.224354045985493 ], [ 121.639459447106546, 25.224593695074024 ] ] ] ] } }
]
}
