{
"type": "FeatureCollection",
"name": "最近三個大醫院",
"crs": { "type": "name", "properties": { "name": "urn:ogc:def:crs:OGC:1.3:CRS84" } },
"features": [
{ "type": "Feature", "properties": { "Distrct": "新北市三峽區", "Name": "有木國小", "Capacty": 109.0, "shltr_d": 1, "name_1": "清福醫院", "name_2": "永聖醫療社團法人文化醫院", "name_3": "行天宮醫療志業醫療財團法人恩主公醫院", "dstn__1": 10181.618990840732, "dstn__2": 10450.632891853769, "dstn__3": 12047.796398178069 }, "geometry": { "type": "Point", "coordinates": [ 121.4373, 24.8533 ] } },
{ "type": "Feature", "properties": { "Distrct": "新北市三峽區", "Name": "五寮市民活動中心", "Capacty": 137.0, "shltr_d": 2, "name_1": "清福醫院", "name_2": "永聖醫療社團法人文化醫院", "name_3": "行天宮醫療志業醫療財團法人恩主公醫院", "dstn__1": 7415.1499385031502, "dstn__2": 7564.5823589072961, "dstn__3": 8303.8095563569277 }, "geometry": { "type": "Point", "coordinates": [ 121.365455, 24.863449 ] } },
{ "type": "Feature", "properties": { "Distrct": "新北市烏來區", "Name": "烏來國民中小學", "Capacty": 152.0, "shltr_d": 3, "name_1": "怡濟慈園醫療社團法人宏濟神經精神科醫院", "name_2": "新北仁康醫院", "name_3": "豐榮醫院", "dstn__1": 11258.608961678348, "dstn__2": 11513.706448677802, "dstn__3": 11792.759766480724 }, "geometry": { "type": "Point", "coordinates": [ 121.553147, 24.863755 ] } },
{ "type": "Feature", "properties": { "Distrct": "新北市烏來區", "Name": "信賢活動中心", "Capacty": 30.0, "shltr_d": 4, "name_1": "怡濟慈園醫療社團法人宏濟神經精神科醫院", "name_2": "新北仁康醫院", "name_3": "豐榮醫院", "dstn__1": 9031.4603973346402, "dstn__2": 9362.1495161526836, "dstn__3": 9567.2436105134129 }, "geometry": { "type": "Point", "coordinates": [ 121.548453, 24.883684 ] } },
{ "type": "Feature", "properties": { "Distrct": "新北市烏來區", "Name": "綜合活動中心", "Capacty": 30.0, "shltr_d": 5, "name_1": "怡濟慈園醫療社團法人宏濟神經精神科醫院", "name_2": "新北仁康醫院", "name_3": "豐榮醫院", "dstn__1": 9031.4603973346402, "dstn__2": 9362.1495161526836, "dstn__3": 9567.2436105134129 }, "geometry": { "type": "Point", "coordinates": [ 121.548453, 24.883684 ] } },
{ "type": "Feature", "properties": { "Distrct": "新北市烏來區", "Name": "忠治活動中心", "Capacty": 30.0, "shltr_d": 6, "name_1": "怡濟慈園醫療社團法人宏濟神經精神科醫院", "name_2": "新北仁康醫院", "name_3": "豐榮醫院", "dstn__1": 9031.4603973346402, "dstn__2": 9362.1495161526836, "dstn__3": 9567.2436105134129 }, "geometry": { "type": "Point", "coordinates": [ 121.548453, 24.883684 ] } },
{ "type": "Feature", "properties": { "Distrct": "新北市烏來區", "Name": "福山活動中心", "Capacty": 50.0, "shltr_d": 7, "name_1": "怡濟慈園醫療社團法人宏濟神經精神科醫院", "name_2": "新北仁康醫院", "name_3": "豐榮醫院", "dstn__1": 9031.4603973346402, "dstn__2": 9362.1495161526836, "dstn__3": 9567.2436105134129 }, "geometry": { "type": "Point", "coordinates": [ 121.548453, 24.883684 ] } },
{ "type": "Feature", "properties": { "Distrct": "新北市烏來區", "Name": "烏來活動中心", "Capacty": 50.0, "shltr_d": 8, "name_1": "怡濟慈園醫療社團法人宏濟神經精神科醫院", "name_2": "新北仁康醫院", "name_3": "豐榮醫院", "dstn__1": 9031.4603973346402, "dstn__2": 9362.1495161526836, "dstn__3": 9567.2436105134129 }, "geometry": { "type": "Point", "coordinates": [ 121.548453, 24.883684 ] } },
{ "type": "Feature", "properties": { "Distrct": "新北市烏來區", "Name": "福山國小", "Capacty": 305.0, "shltr_d": 9, "name_1": "怡濟慈園醫療社團法人宏濟神經精神科醫院", "name_2": "新北仁康醫院", "name_3": "豐榮醫院", "dstn__1": 9031.4603973346402, "dstn__2": 9362.1495161526836, "dstn__3": 9567.2436105134129 }, "geometry": { "type": "Point", "coordinates": [ 121.548453, 24.883684 ] } },
{ "type": "Feature", "properties": { "Distrct": "新北市新店區", "Name": "龜山國小", "Capacty": 75.0, "shltr_d": 10, "name_1": "怡濟慈園醫療社團法人宏濟神經精神科醫院", "name_2": "豐榮醫院", "name_3": "新北仁康醫院", "dstn__1": 7427.4453485204767, "dstn__2": 7961.9241739045356, "dstn__3": 8010.0756776377966 }, "geometry": { "type": "Point", "coordinates": [ 121.5532, 24.9022 ] } },
{ "type": "Feature", "properties": { "Distrct": "新北市新店區", "Name": "廣興里辦公處", "Capacty": 37.0, "shltr_d": 11, "name_1": "怡濟慈園醫療社團法人宏濟神經精神科醫院", "name_2": "新北仁康醫院", "name_3": "豐榮醫院", "dstn__1": 6558.3030467479302, "dstn__2": 6809.7479861557531, "dstn__3": 7089.4298998765025 }, "geometry": { "type": "Point", "coordinates": [ 121.533799, 24.902531 ] } },
{ "type": "Feature", "properties": { "Distrct": "新北市新店區", "Name": "龜山市民活動中心", "Capacty": 133.0, "shltr_d": 12, "name_1": "怡濟慈園醫療社團法人宏濟神經精神科醫院", "name_2": "豐榮醫院", "name_3": "新北仁康醫院", "dstn__1": 7278.6144899005139, "dstn__2": 7813.4210945652931, "dstn__3": 7854.724036267372 }, "geometry": { "type": "Point", "coordinates": [ 121.552, 24.9031 ] } },
{ "type": "Feature", "properties": { "Distrct": "新北市坪林區", "Name": "石里倉庫", "Capacty": 10.0, "shltr_d": 13, "name_1": "臺北市立聯合醫院附設政大門診部", "name_2": "國泰醫療財團法人汐止國泰綜合醫院", "name_3": "臺北市立萬芳醫院-委託臺北醫學大學辦理", "dstn__1": 19356.227091418608, "dstn__2": 20475.06970790993, "dstn__3": 21642.517947654313 }, "geometry": { "type": "Point", "coordinates": [ 121.745228, 24.904686 ] } },
{ "type": "Feature", "properties": { "Distrct": "新北市三峽區", "Name": "大埔國小", "Capacty": 625.0, "shltr_d": 14, "name_1": "清福醫院", "name_2": "永聖醫療社團法人文化醫院", "name_3": "行天宮醫療志業醫療財團法人恩主公醫院", "dstn__1": 2930.8886949663179, "dstn__2": 3015.9804881389346, "dstn__3": 3637.4666459461691 }, "geometry": { "type": "Point", "coordinates": [ 121.3665, 24.9057 ] } },
{ "type": "Feature", "properties": { "Distrct": "新北市三峽區", "Name": "明德高中", "Capacty": 1569.0, "shltr_d": 15, "name_1": "清福醫院", "name_2": "永聖醫療社團法人文化醫院", "name_3": "行天宮醫療志業醫療財團法人恩主公醫院", "dstn__1": 2952.2292000029838, "dstn__2": 3011.1260307154175, "dstn__3": 3488.5749013740356 }, "geometry": { "type": "Point", "coordinates": [ 121.3639, 24.9069 ] } },
{ "type": "Feature", "properties": { "Distrct": "新北市三峽區", "Name": "竹崙市民活動中心", "Capacty": 113.0, "shltr_d": 16, "name_1": "清福醫院", "name_2": "永聖醫療社團法人文化醫院", "name_3": "元復醫院", "dstn__1": 5963.9267527701022, "dstn__2": 6220.1564453903993, "dstn__3": 7102.1576607219904 }, "geometry": { "type": "Point", "coordinates": [ 121.4349, 24.9088 ] } },
{ "type": "Feature", "properties": { "Distrct": "新北市三峽區", "Name": "臺北榮家", "Capacty": 339.0, "shltr_d": 17, "name_1": "清福醫院", "name_2": "永聖醫療社團法人文化醫院", "name_3": "行天宮醫療志業醫療財團法人恩主公醫院", "dstn__1": 2493.129376751298, "dstn__2": 2761.3204411262423, "dstn__3": 4399.5703070322197 }, "geometry": { "type": "Point", "coordinates": [ 121.3937, 24.9102 ] } },
{ "type": "Feature", "properties": { "Distrct": "新北市新店區", "Name": "康橋高級中學", "Capacty": 250.0, "shltr_d": 18, "name_1": "新北仁康醫院", "name_2": "怡濟慈園醫療社團法人宏濟神經精神科醫院", "name_3": "豐榮醫院", "dstn__1": 4948.2603477939365, "dstn__2": 5561.9368791400493, "dstn__3": 5962.0572933825806 }, "geometry": { "type": "Point", "coordinates": [ 121.4978, 24.9109 ] } },
{ "type": "Feature", "properties": { "Distrct": "新北市三峽區", "Name": "民義國小", "Capacty": 975.0, "shltr_d": 19, "name_1": "清福醫院", "name_2": "永聖醫療社團法人文化醫院", "name_3": "行天宮醫療志業醫療財團法人恩主公醫院", "dstn__1": 1945.1184241059934, "dstn__2": 2094.3556774109138, "dstn__3": 3183.2508309713257 }, "geometry": { "type": "Point", "coordinates": [ 121.3755, 24.912 ] } },
{ "type": "Feature", "properties": { "Distrct": "新北市新店區", "Name": "屈尺國小廣興分校", "Capacty": 37.0, "shltr_d": 20, "name_1": "怡濟慈園醫療社團法人宏濟神經精神科醫院", "name_2": "新北仁康醫院", "name_3": "豐榮醫院", "dstn__1": 5756.0676635722602, "dstn__2": 6245.6646721250909, "dstn__3": 6293.007631441892 }, "geometry": { "type": "Point", "coordinates": [ 121.5396, 24.9125 ] } },
{ "type": "Feature", "properties": { "Distrct": "新北市新店區", "Name": "屈尺國小", "Capacty": 320.0, "shltr_d": 21, "name_1": "怡濟慈園醫療社團法人宏濟神經精神科醫院", "name_2": "豐榮醫院", "name_3": "新北仁康醫院", "dstn__1": 5189.9074916945774, "dstn__2": 5715.4147000703588, "dstn__3": 5965.7676818918126 }, "geometry": { "type": "Point", "coordinates": [ 121.5463, 24.9225 ] } },
{ "type": "Feature", "properties": { "Distrct": "新北市新店區", "Name": "屈尺市民活動中心", "Capacty": 75.0, "shltr_d": 22, "name_1": "怡濟慈園醫療社團法人宏濟神經精神科醫院", "name_2": "豐榮醫院", "name_3": "新北仁康醫院", "dstn__1": 5019.6715519807231, "dstn__2": 5545.8550770675783, "dstn__3": 5792.8217676107852 }, "geometry": { "type": "Point", "coordinates": [ 121.544999, 24.923518 ] } },
{ "type": "Feature", "properties": { "Distrct": "新北市三峽區", "Name": "大成國小", "Capacty": 187.0, "shltr_d": 23, "name_1": "清福醫院", "name_2": "永聖醫療社團法人文化醫院", "name_3": "元復醫院", "dstn__1": 4807.7257410945604, "dstn__2": 5028.7032676696408, "dstn__3": 5517.2627954691861 }, "geometry": { "type": "Point", "coordinates": [ 121.4275, 24.9243 ] } },
{ "type": "Feature", "properties": { "Distrct": "新北市三峽區", "Name": "建安國小", "Capacty": 292.0, "shltr_d": 24, "name_1": "元復醫院", "name_2": "新北市立土城醫院(委託長庚醫療財團法人興建經營)", "name_3": "新北仁康醫院", "dstn__1": 5178.3250333180276, "dstn__2": 5544.7050968514613, "dstn__3": 6211.7112155114874 }, "geometry": { "type": "Point", "coordinates": [ 121.4471, 24.9264 ] } },
{ "type": "Feature", "properties": { "Distrct": "新北市三峽區", "Name": "安溪國中", "Capacty": 1675.0, "shltr_d": 25, "name_1": "永聖醫療社團法人文化醫院", "name_2": "清福醫院", "name_3": "行天宮醫療志業醫療財團法人恩主公醫院", "dstn__1": 714.17633875267722, "dstn__2": 792.97653066918133, "dstn__3": 1637.7043159762436 }, "geometry": { "type": "Point", "coordinates": [ 121.3728, 24.9266 ] } },
{ "type": "Feature", "properties": { "Distrct": "新北市三峽區", "Name": "中園國小", "Capacty": 926.0, "shltr_d": 26, "name_1": "永聖醫療社團法人文化醫院", "name_2": "行天宮醫療志業醫療財團法人恩主公醫院", "name_3": "清福醫院", "dstn__1": 1159.439184468815, "dstn__2": 1246.5723493947603, "dstn__3": 1318.4463850143436 }, "geometry": { "type": "Point", "coordinates": [ 121.3672, 24.9278 ] } },
{ "type": "Feature", "properties": { "Distrct": "新北市三峽區", "Name": "介壽國小", "Capacty": 289.0, "shltr_d": 27, "name_1": "永聖醫療社團法人文化醫院", "name_2": "清福醫院", "name_3": "行天宮醫療志業醫療財團法人恩主公醫院", "dstn__1": 108.60220234429096, "dstn__2": 190.04048283985054, "dstn__3": 1830.9360761201119 }, "geometry": { "type": "Point", "coordinates": [ 121.3785, 24.9298 ] } },
{ "type": "Feature", "properties": { "Distrct": "新北市三峽區", "Name": "安溪國小", "Capacty": 435.0, "shltr_d": 28, "name_1": "永聖醫療社團法人文化醫院", "name_2": "清福醫院", "name_3": "行天宮醫療志業醫療財團法人恩主公醫院", "dstn__1": 538.24790898459116, "dstn__2": 751.03753272690881, "dstn__3": 1334.317791889782 }, "geometry": { "type": "Point", "coordinates": [ 121.3729, 24.9304 ] } },
{ "type": "Feature", "properties": { "Distrct": "新北市三峽區", "Name": "成福國小", "Capacty": 261.0, "shltr_d": 29, "name_1": "清福醫院", "name_2": "永聖醫療社團法人文化醫院", "name_3": "行天宮醫療志業醫療財團法人恩主公醫院", "dstn__1": 2618.0991237121252, "dstn__2": 2789.117347310033, "dstn__3": 4349.7260136424247 }, "geometry": { "type": "Point", "coordinates": [ 121.4057, 24.9332 ] } },
{ "type": "Feature", "properties": { "Distrct": "新北市三峽區", "Name": "三峽國小", "Capacty": 581.0, "shltr_d": 30, "name_1": "行天宮醫療志業醫療財團法人恩主公醫院", "name_2": "永聖醫療社團法人文化醫院", "name_3": "清福醫院", "dstn__1": 801.23407288411704, "dstn__2": 955.32193602473694, "dstn__3": 1219.6946660471167 }, "geometry": { "type": "Point", "coordinates": [ 121.3697, 24.9345 ] } },
{ "type": "Feature", "properties": { "Distrct": "新北市三峽區", "Name": "長青市民活動中心", "Capacty": 166.0, "shltr_d": 31, "name_1": "行天宮醫療志業醫療財團法人恩主公醫院", "name_2": "永聖醫療社團法人文化醫院", "name_3": "清福醫院", "dstn__1": 566.68826579766926, "dstn__2": 1218.1167536169269, "dstn__3": 1476.2799110772507 }, "geometry": { "type": "Point", "coordinates": [ 121.367, 24.93479 ] } },
{ "type": "Feature", "properties": { "Distrct": "新北市坪林區", "Name": "新北市坪林區公所", "Capacty": 50.0, "shltr_d": 32, "name_1": "臺北市立聯合醫院附設政大門診部", "name_2": "國泰醫療財團法人汐止國泰綜合醫院", "name_3": "臺北市立聯合醫院附設南港門診部", "dstn__1": 14800.739610748009, "dstn__2": 15986.906978643621, "dstn__3": 16863.539579930821 }, "geometry": { "type": "Point", "coordinates": [ 121.711784, 24.93614 ] } },
{ "type": "Feature", "properties": { "Distrct": "新北市坪林區", "Name": "新北市坪林區坪林國民小學", "Capacty": 314.0, "shltr_d": 33, "name_1": "臺北市立聯合醫院附設政大門診部", "name_2": "國泰醫療財團法人汐止國泰綜合醫院", "name_3": "臺北市立聯合醫院附設南港門診部", "dstn__1": 14712.336825498747, "dstn__2": 15947.625456353951, "dstn__3": 16797.841683141301 }, "geometry": { "type": "Point", "coordinates": [ 121.71088, 24.936238 ] } },
{ "type": "Feature", "properties": { "Distrct": "新北市新店區", "Name": "直潭國小", "Capacty": 1600.0, "shltr_d": 34, "name_1": "怡濟慈園醫療社團法人宏濟神經精神科醫院", "name_2": "豐榮醫院", "name_3": "新北仁康醫院", "dstn__1": 2921.520133416534, "dstn__2": 3451.1841445828818, "dstn__3": 3751.9556916597871 }, "geometry": { "type": "Point", "coordinates": [ 121.5313, 24.9378 ] } },
{ "type": "Feature", "properties": { "Distrct": "新北市坪林區", "Name": "新北市立坪林國民中學", "Capacty": 1144.0, "shltr_d": 35, "name_1": "臺北市立聯合醫院附設政大門診部", "name_2": "國泰醫療財團法人汐止國泰綜合醫院", "name_3": "臺北市立聯合醫院附設南港門診部", "dstn__1": 14819.778275850262, "dstn__2": 15825.481700663337, "dstn__3": 16770.079294262479 }, "geometry": { "type": "Point", "coordinates": [ 121.712825, 24.938007 ] } },
{ "type": "Feature", "properties": { "Distrct": "新北市三峽區", "Name": "三峽國中", "Capacty": 1149.0, "shltr_d": 36, "name_1": "行天宮醫療志業醫療財團法人恩主公醫院", "name_2": "永聖醫療社團法人文化醫院", "name_3": "清福醫院", "dstn__1": 640.34039542968947, "dstn__2": 1291.1569511306593, "dstn__3": 1565.6795421064016 }, "geometry": { "type": "Point", "coordinates": [ 121.3693, 24.9391 ] } },
{ "type": "Feature", "properties": { "Distrct": "新北市鶯歌區", "Name": "鶯歌高職", "Capacty": 1513.0, "shltr_d": 37, "name_1": "行天宮醫療志業醫療財團法人恩主公醫院", "name_2": "永聖醫療社團法人文化醫院", "name_3": "清福醫院", "dstn__1": 2830.390476947161, "dstn__2": 4466.2245442905241, "dstn__3": 4702.8719428535569 }, "geometry": { "type": "Point", "coordinates": [ 121.335, 24.9393 ] } },
{ "type": "Feature", "properties": { "Distrct": "新北市三峽區", "Name": "龍埔國小", "Capacty": 855.0, "shltr_d": 38, "name_1": "永聖醫療社團法人文化醫院", "name_2": "清福醫院", "name_3": "行天宮醫療志業醫療財團法人恩主公醫院", "dstn__1": 1100.7625503782206, "dstn__2": 1310.6102638913128, "dstn__3": 1523.5616441413615 }, "geometry": { "type": "Point", "coordinates": [ 121.377883, 24.940679 ] } },
{ "type": "Feature", "properties": { "Distrct": "新北市鶯歌區", "Name": "二橋國小", "Capacty": 1284.0, "shltr_d": 39, "name_1": "行天宮醫療志業醫療財團法人恩主公醫院", "name_2": "永聖醫療社團法人文化醫院", "name_3": "清福醫院", "dstn__1": 2581.05409797122, "dstn__2": 4253.3511072790561, "dstn__3": 4497.0674026806373 }, "geometry": { "type": "Point", "coordinates": [ 121.3376, 24.9409 ] } },
{ "type": "Feature", "properties": { "Distrct": "新北市鶯歌區", "Name": "新北市立尖山國民中學", "Capacty": 622.0, "shltr_d": 40, "name_1": "行天宮醫療志業醫療財團法人恩主公醫院", "name_2": "永聖醫療社團法人文化醫院", "name_3": "清福醫院", "dstn__1": 2182.2922617974509, "dstn__2": 3910.1208671871468, "dstn__3": 4165.876573900423 }, "geometry": { "type": "Point", "coordinates": [ 121.3422, 24.9437 ] } },
{ "type": "Feature", "properties": { "Distrct": "新北市三峽區", "Name": "北大高中", "Capacty": 1122.0, "shltr_d": 41, "name_1": "行天宮醫療志業醫療財團法人恩主公醫院", "name_2": "永聖醫療社團法人文化醫院", "name_3": "清福醫院", "dstn__1": 1741.1664860946844, "dstn__2": 1989.9287012474122, "dstn__3": 2206.8518271434909 }, "geometry": { "type": "Point", "coordinates": [ 121.376106, 24.948608 ] } },
{ "type": "Feature", "properties": { "Distrct": "新北市樹林區", "Name": "桃子腳國民中小學", "Capacty": 3155.0, "shltr_d": 42, "name_1": "永聖醫療社團法人文化醫院", "name_2": "清福醫院", "name_3": "行天宮醫療志業醫療財團法人恩主公醫院", "dstn__1": 2102.9980291129377, "dstn__2": 2254.6534256750811, "dstn__3": 2346.893238939088 }, "geometry": { "type": "Point", "coordinates": [ 121.382973, 24.94923 ] } },
{ "type": "Feature", "properties": { "Distrct": "新北市鶯歌區", "Name": "南靖里活動中心", "Capacty": 56.0, "shltr_d": 43, "name_1": "行天宮醫療志業醫療財團法人恩主公醫院", "name_2": "永聖醫療社團法人文化醫院", "name_3": "清福醫院", "dstn__1": 1674.6994040836453, "dstn__2": 3359.1765212868258, "dstn__3": 3633.3725595920691 }, "geometry": { "type": "Point", "coordinates": [ 121.352776, 24.950284 ] } },
{ "type": "Feature", "properties": { "Distrct": "新北市鶯歌區", "Name": "鶯歌國中", "Capacty": 1093.0, "shltr_d": 44, "name_1": "行天宮醫療志業醫療財團法人恩主公醫院", "name_2": "永聖醫療社團法人文化醫院", "name_3": "清福醫院", "dstn__1": 2269.8088878470767, "dstn__2": 4015.9145693009955, "dstn__3": 4286.0229288887704 }, "geometry": { "type": "Point", "coordinates": [ 121.3448, 24.9504 ] } },
{ "type": "Feature", "properties": { "Distrct": "新北市坪林區", "Name": "新昇倉庫", "Capacty": 10.0, "shltr_d": 45, "name_1": "國泰醫療財團法人汐止國泰綜合醫院", "name_2": "臺北市立聯合醫院附設政大門診部", "name_3": "臺北市立聯合醫院附設南港門診部", "dstn__1": 14967.546162158169, "dstn__2": 15558.271002186155, "dstn__3": 16568.320396300063 }, "geometry": { "type": "Point", "coordinates": [ 121.725304, 24.951077 ] } },
{ "type": "Feature", "properties": { "Distrct": "新北市鶯歌區", "Name": "鶯歌國小", "Capacty": 1501.0, "shltr_d": 46, "name_1": "行天宮醫療志業醫療財團法人恩主公醫院", "name_2": "永聖醫療社團法人文化醫院", "name_3": "清福醫院", "dstn__1": 2243.7726944513452, "dstn__2": 3981.1734067108505, "dstn__3": 4252.7176922452973 }, "geometry": { "type": "Point", "coordinates": [ 121.3458, 24.9512 ] } },
{ "type": "Feature", "properties": { "Distrct": "新北市新店區", "Name": "雙峰國小", "Capacty": 255.0, "shltr_d": 47, "name_1": "臺北市立聯合醫院附設政大門診部", "name_2": "天主教耕莘醫療財團法人耕莘醫院", "name_3": "同仁醫院", "dstn__1": 4002.1570363673463, "dstn__2": 4861.1858405681405, "dstn__3": 5150.4088149556183 }, "geometry": { "type": "Point", "coordinates": [ 121.5755, 24.9515 ] } },
{ "type": "Feature", "properties": { "Distrct": "新北市新店區", "Name": "景文科技大學", "Capacty": 1855.0, "shltr_d": 48, "name_1": "怡濟慈園醫療社團法人宏濟神經精神科醫院", "name_2": "新北仁康醫院", "name_3": "豐榮醫院", "dstn__1": 897.5989086707051, "dstn__2": 1050.3780765442459, "dstn__3": 1266.0984659222252 }, "geometry": { "type": "Point", "coordinates": [ 121.5093, 24.952 ] } },
{ "type": "Feature", "properties": { "Distrct": "新北市新店區", "Name": "雙城國小", "Capacty": 399.0, "shltr_d": 49, "name_1": "新北仁康醫院", "name_2": "豐榮醫院", "name_3": "怡濟慈園醫療社團法人宏濟神經精神科醫院", "dstn__1": 1381.6408768846086, "dstn__2": 2816.3600854925648, "dstn__3": 2872.5958330259959 }, "geometry": { "type": "Point", "coordinates": [ 121.4865, 24.9521 ] } },
{ "type": "Feature", "properties": { "Distrct": "新北市土城區", "Name": "祖田市民活動中心", "Capacty": 50.0, "shltr_d": 50, "name_1": "元復醫院", "name_2": "仁愛醫院", "name_3": "清福醫院", "dstn__1": 3614.6641967424794, "dstn__2": 3896.4682608790695, "dstn__3": 4147.1770118839941 }, "geometry": { "type": "Point", "coordinates": [ 121.411937, 24.952776 ] } },
{ "type": "Feature", "properties": { "Distrct": "新北市新店區", "Name": "新店國小", "Capacty": 1795.0, "shltr_d": 51, "name_1": "天主教耕莘醫療財團法人耕莘醫院", "name_2": "怡濟慈園醫療社團法人宏濟神經精神科醫院", "name_3": "豐榮醫院", "dstn__1": 2609.2933387861799, "dstn__2": 2732.9109622009291, "dstn__3": 3109.587277144125 }, "geometry": { "type": "Point", "coordinates": [ 121.5402, 24.9529 ] } },
{ "type": "Feature", "properties": { "Distrct": "新北市新店區", "Name": "青潭國小", "Capacty": 203.0, "shltr_d": 52, "name_1": "天主教耕莘醫療財團法人耕莘醫院", "name_2": "同仁醫院", "name_3": "佛教慈濟醫療財團法人台北慈濟醫院", "dstn__1": 3052.5636296256635, "dstn__2": 3599.7153202188078, "dstn__3": 3827.5983633905712 }, "geometry": { "type": "Point", "coordinates": [ 121.5523, 24.9531 ] } },
{ "type": "Feature", "properties": { "Distrct": "新北市石碇區", "Name": "雲海國小", "Capacty": 299.0, "shltr_d": 53, "name_1": "臺北市立聯合醫院附設政大門診部", "name_2": "臺北市立萬芳醫院-委託臺北醫學大學辦理", "name_3": "同仁醫院", "dstn__1": 7192.928672307492, "dstn__2": 9497.2360393222698, "dstn__3": 10539.90680142426 }, "geometry": { "type": "Point", "coordinates": [ 121.637, 24.9533 ] } },
{ "type": "Feature", "properties": { "Distrct": "新北市新店區", "Name": "達觀國民中小學", "Capacty": 407.0, "shltr_d": 54, "name_1": "新北仁康醫院", "name_2": "怡濟慈園醫療社團法人宏濟神經精神科醫院", "name_3": "豐榮醫院", "dstn__1": 215.45422502544403, "dstn__2": 1527.3844659426738, "dstn__3": 1582.9083402821107 }, "geometry": { "type": "Point", "coordinates": [ 121.49998, 24.95362 ] } },
{ "type": "Feature", "properties": { "Distrct": "新北市新店區", "Name": "雙城活動中心", "Capacty": 132.0, "shltr_d": 55, "name_1": "新北仁康醫院", "name_2": "豐榮醫院", "name_3": "怡濟慈園醫療社團法人宏濟神經精神科醫院", "dstn__1": 631.14967806387551, "dstn__2": 2085.6670243517447, "dstn__3": 2121.617481648193 }, "geometry": { "type": "Point", "coordinates": [ 121.4937, 24.9538 ] } },
{ "type": "Feature", "properties": { "Distrct": "新北市樹林區", "Name": "柑園國中", "Capacty": 1238.0, "shltr_d": 56, "name_1": "永聖醫療社團法人文化醫院", "name_2": "行天宮醫療志業醫療財團法人恩主公醫院", "name_3": "清福醫院", "dstn__1": 2723.6435915142579, "dstn__2": 2797.2641462964762, "dstn__3": 2874.8382840287773 }, "geometry": { "type": "Point", "coordinates": [ 121.384115, 24.95474 ] } },
{ "type": "Feature", "properties": { "Distrct": "新北市鶯歌區", "Name": "建國國小", "Capacty": 376.0, "shltr_d": 57, "name_1": "行天宮醫療志業醫療財團法人恩主公醫院", "name_2": "永聖醫療社團法人文化醫院", "name_3": "清福醫院", "dstn__1": 2510.383859965209, "dstn__2": 4211.4479491990833, "dstn__3": 4485.4966706434752 }, "geometry": { "type": "Point", "coordinates": [ 121.3461, 24.955 ] } },
{ "type": "Feature", "properties": { "Distrct": "新北市坪林區", "Name": "樹梅嶺倉庫", "Capacty": 10.0, "shltr_d": 58, "name_1": "臺北市立聯合醫院附設政大門診部", "name_2": "國泰醫療財團法人汐止國泰綜合醫院", "name_3": "臺北市立聯合醫院附設南港門診部", "dstn__1": 12673.422380588845, "dstn__2": 13508.486939040133, "dstn__3": 14265.608426693962 }, "geometry": { "type": "Point", "coordinates": [ 121.696956, 24.955382 ] } },
{ "type": "Feature", "properties": { "Distrct": "新北市鶯歌區", "Name": "昌福國小", "Capacty": 1391.0, "shltr_d": 59, "name_1": "行天宮醫療志業醫療財團法人恩主公醫院", "name_2": "永聖醫療社團法人文化醫院", "name_3": "清福醫院", "dstn__1": 3068.5583036023036, "dstn__2": 4806.5854873516573, "dstn__3": 5078.2741075594922 }, "geometry": { "type": "Point", "coordinates": [ 121.3392, 24.9556 ] } },
{ "type": "Feature", "properties": { "Distrct": "新北市鶯歌區", "Name": "北鶯里活動中心", "Capacty": 37.0, "shltr_d": 60, "name_1": "行天宮醫療志業醫療財團法人恩主公醫院", "name_2": "永聖醫療社團法人文化醫院", "name_3": "清福醫院", "dstn__1": 2120.4693300902818, "dstn__2": 3675.1499082905793, "dstn__3": 3948.6314753472511 }, "geometry": { "type": "Point", "coordinates": [ 121.354434, 24.955861 ] } },
{ "type": "Feature", "properties": { "Distrct": "新北市土城區", "Name": "頂埔國小", "Capacty": 873.0, "shltr_d": 61, "name_1": "元復醫院", "name_2": "仁愛醫院", "name_3": "新北市立土城醫院(委託長庚醫療財團法人興建經營)", "dstn__1": 3187.2112735062192, "dstn__2": 3473.9708364685757, "dstn__3": 4125.830480497174 }, "geometry": { "type": "Point", "coordinates": [ 121.414403, 24.95623 ] } },
{ "type": "Feature", "properties": { "Distrct": "新北市樹林區", "Name": "柑園國小", "Capacty": 467.0, "shltr_d": 62, "name_1": "永聖醫療社團法人文化醫院", "name_2": "清福醫院", "name_3": "行天宮醫療志業醫療財團法人恩主公醫院", "dstn__1": 3048.9733115838071, "dstn__2": 3162.0892001976808, "dstn__3": 3321.5019053627129 }, "geometry": { "type": "Point", "coordinates": [ 121.389362, 24.956328 ] } },
{ "type": "Feature", "properties": { "Distrct": "新北市新店區", "Name": "文山國中", "Capacty": 703.0, "shltr_d": 63, "name_1": "天主教耕莘醫療財團法人耕莘醫院", "name_2": "怡濟慈園醫療社團法人宏濟神經精神科醫院", "name_3": "豐榮醫院", "dstn__1": 2177.2920581668623, "dstn__2": 2561.3629971585674, "dstn__3": 2882.4532646398657 }, "geometry": { "type": "Point", "coordinates": [ 121.5392, 24.9567 ] } },
{ "type": "Feature", "properties": { "Distrct": "新北市新店區", "Name": "能仁家商", "Capacty": 1373.0, "shltr_d": 64, "name_1": "天主教耕莘醫療財團法人耕莘醫院", "name_2": "怡濟慈園醫療社團法人宏濟神經精神科醫院", "name_3": "同仁醫院", "dstn__1": 2179.052085517827, "dstn__2": 2680.0789936869132, "dstn__3": 2877.6720361682287 }, "geometry": { "type": "Point", "coordinates": [ 121.5404, 24.9569 ] } },
{ "type": "Feature", "properties": { "Distrct": "新北市鶯歌區", "Name": "西鶯里活動中心", "Capacty": 207.0, "shltr_d": 65, "name_1": "行天宮醫療志業醫療財團法人恩主公醫院", "name_2": "永聖醫療社團法人文化醫院", "name_3": "清福醫院", "dstn__1": 2290.2992837853549, "dstn__2": 3842.5860877497339, "dstn__3": 4115.8403127916017 }, "geometry": { "type": "Point", "coordinates": [ 121.3536, 24.9572 ] } },
{ "type": "Feature", "properties": { "Distrct": "新北市新店區", "Name": "文中廣明活動中心", "Capacty": 45.0, "shltr_d": 66, "name_1": "天主教耕莘醫療財團法人耕莘醫院", "name_2": "怡濟慈園醫療社團法人宏濟神經精神科醫院", "name_3": "同仁醫院", "dstn__1": 2081.6673286056662, "dstn__2": 2623.7566328889579, "dstn__3": 2785.0595053156003 }, "geometry": { "type": "Point", "coordinates": [ 121.5399, 24.9577 ] } },
{ "type": "Feature", "properties": { "Distrct": "新北市鶯歌區", "Name": "永吉國小", "Capacty": 440.0, "shltr_d": 67, "name_1": "行天宮醫療志業醫療財團法人恩主公醫院", "name_2": "永聖醫療社團法人文化醫院", "name_3": "清福醫院", "dstn__1": 3789.0670050789449, "dstn__2": 5531.5672637068401, "dstn__3": 5802.6840854704242 }, "geometry": { "type": "Point", "coordinates": [ 121.3329, 24.9588 ] } },
{ "type": "Feature", "properties": { "Distrct": "新北市土城區", "Name": "頂埔市民活動中心", "Capacty": 60.0, "shltr_d": 68, "name_1": "元復醫院", "name_2": "仁愛醫院", "name_3": "新北市立土城醫院(委託長庚醫療財團法人興建經營)", "dstn__1": 2773.9984739821621, "dstn__2": 3136.1109108867813, "dstn__3": 3715.9638491353835 }, "geometry": { "type": "Point", "coordinates": [ 121.417311, 24.958966 ] } },
{ "type": "Feature", "properties": { "Distrct": "新北市坪林區", "Name": "新北市坪林區坪林國小漁光校區", "Capacty": 62.0, "shltr_d": 69, "name_1": "國泰醫療財團法人汐止國泰綜合醫院", "name_2": "臺北市立聯合醫院附設政大門診部", "name_3": "瑞芳礦工醫院", "dstn__1": 15210.218381767474, "dstn__2": 17415.180903299719, "dstn__3": 17445.149906385621 }, "geometry": { "type": "Point", "coordinates": [ 121.746242, 24.959584 ] } },
{ "type": "Feature", "properties": { "Distrct": "新北市新店區", "Name": "頂城市民活動中心", "Capacty": 119.0, "shltr_d": 70, "name_1": "天主教耕莘醫療財團法人耕莘醫院", "name_2": "怡濟慈園醫療社團法人宏濟神經精神科醫院", "name_3": "豐榮醫院", "dstn__1": 1736.1024333038204, "dstn__2": 1848.5563387796753, "dstn__3": 2096.1757958159023 }, "geometry": { "type": "Point", "coordinates": [ 121.532147, 24.960733 ] } },
{ "type": "Feature", "properties": { "Distrct": "新北市土城區", "Name": "永寧市民活動中心", "Capacty": 30.0, "shltr_d": 71, "name_1": "元復醫院", "name_2": "新北市立土城醫院(委託長庚醫療財團法人興建經營)", "name_3": "仁愛醫院", "dstn__1": 1742.9032078633375, "dstn__2": 2645.9573457466795, "dstn__3": 3015.5469930566319 }, "geometry": { "type": "Point", "coordinates": [ 121.42864, 24.961098 ] } },
{ "type": "Feature", "properties": { "Distrct": "新北市新店區", "Name": "安坑國小", "Capacty": 901.0, "shltr_d": 72, "name_1": "怡濟慈園醫療社團法人宏濟神經精神科醫院", "name_2": "豐榮醫院", "name_3": "新北仁康醫院", "dstn__1": 266.33541473672403, "dstn__2": 341.65905723824056, "dstn__3": 1601.5864948505182 }, "geometry": { "type": "Point", "coordinates": [ 121.5142, 24.9613 ] } },
{ "type": "Feature", "properties": { "Distrct": "新北市土城區", "Name": "土城國中", "Capacty": 1384.0, "shltr_d": 73, "name_1": "元復醫院", "name_2": "新北市立土城醫院(委託長庚醫療財團法人興建經營)", "name_3": "仁愛醫院", "dstn__1": 1520.8031574984398, "dstn__2": 2424.6258543621857, "dstn__3": 2916.1744547252183 }, "geometry": { "type": "Point", "coordinates": [ 121.430192, 24.962522 ] } },
{ "type": "Feature", "properties": { "Distrct": "新北市土城區", "Name": "沛陂市民活動中心", "Capacty": 50.0, "shltr_d": 74, "name_1": "元復醫院", "name_2": "仁愛醫院", "name_3": "新北市立土城醫院(委託長庚醫療財團法人興建經營)", "dstn__1": 2316.9806242854324, "dstn__2": 2581.2100128385259, "dstn__3": 3265.3122243882904 }, "geometry": { "type": "Point", "coordinates": [ 121.419474, 24.963872 ] } },
{ "type": "Feature", "properties": { "Distrct": "新北市新店區", "Name": "及人高中", "Capacty": 2774.0, "shltr_d": 75, "name_1": "豐榮醫院", "name_2": "怡濟慈園醫療社團法人宏濟神經精神科醫院", "name_3": "新北仁康醫院", "dstn__1": 477.25722725795032, "dstn__2": 824.55957792613947, "dstn__3": 1947.0080259188132 }, "geometry": { "type": "Point", "coordinates": [ 121.5149, 24.9663 ] } },
{ "type": "Feature", "properties": { "Distrct": "新北市新店區", "Name": "五峰國中", "Capacty": 1103.0, "shltr_d": 76, "name_1": "天主教耕莘醫療財團法人耕莘醫院", "name_2": "同仁醫院", "name_3": "佛教慈濟醫療財團法人台北慈濟醫院", "dstn__1": 1366.2435146984524, "dstn__2": 1919.7316528682707, "dstn__3": 2138.4441508443492 }, "geometry": { "type": "Point", "coordinates": [ 121.544, 24.9664 ] } },
{ "type": "Feature", "properties": { "Distrct": "新北市鶯歌區", "Name": "鳳鳴國中", "Capacty": 527.0, "shltr_d": 77, "name_1": "行天宮醫療志業醫療財團法人恩主公醫院", "name_2": "永聖醫療社團法人文化醫院", "name_3": "清福醫院", "dstn__1": 4477.3733030295216, "dstn__2": 6179.3547756810203, "dstn__3": 6453.6797535759479 }, "geometry": { "type": "Point", "coordinates": [ 121.3318, 24.9671 ] } },
{ "type": "Feature", "properties": { "Distrct": "新北市新店區", "Name": "安康高中", "Capacty": 1119.0, "shltr_d": 78, "name_1": "豐榮醫院", "name_2": "怡濟慈園醫療社團法人宏濟神經精神科醫院", "name_3": "新北仁康醫院", "dstn__1": 701.48024524269692, "dstn__2": 1100.0640552575112, "dstn__3": 2127.7737117554261 }, "geometry": { "type": "Point", "coordinates": [ 121.5149, 24.9688 ] } },
{ "type": "Feature", "properties": { "Distrct": "新北市鶯歌區", "Name": "鳳鳴國小", "Capacty": 342.0, "shltr_d": 79, "name_1": "行天宮醫療志業醫療財團法人恩主公醫院", "name_2": "永聖醫療社團法人文化醫院", "name_3": "清福醫院", "dstn__1": 4417.6563995160832, "dstn__2": 6083.1175136100819, "dstn__3": 6357.7798904774536 }, "geometry": { "type": "Point", "coordinates": [ 121.3351, 24.9691 ] } },
{ "type": "Feature", "properties": { "Distrct": "新北市樹林區", "Name": "育德國小", "Capacty": 484.0, "shltr_d": 80, "name_1": "仁愛醫院", "name_2": "行天宮醫療志業醫療財團法人恩主公醫院", "name_3": "永聖醫療社團法人文化醫院", "dstn__1": 3295.4785051880731, "dstn__2": 4695.4001305089487, "dstn__3": 4700.2502528306541 }, "geometry": { "type": "Point", "coordinates": [ 121.392558, 24.971116 ] } },
{ "type": "Feature", "properties": { "Distrct": "新北市新店區", "Name": "中正國小", "Capacty": 1001.0, "shltr_d": 81, "name_1": "天主教耕莘醫療財團法人耕莘醫院", "name_2": "同仁醫院", "name_3": "佛教慈濟醫療財團法人台北慈濟醫院", "dstn__1": 495.57823583356503, "dstn__2": 1231.2764361704046, "dstn__3": 1380.2435171498732 }, "geometry": { "type": "Point", "coordinates": [ 121.5366, 24.9717 ] } },
{ "type": "Feature", "properties": { "Distrct": "新北市新店區", "Name": "崇光女中", "Capacty": 522.0, "shltr_d": 82, "name_1": "天主教耕莘醫療財團法人耕莘醫院", "name_2": "同仁醫院", "name_3": "佛教慈濟醫療財團法人台北慈濟醫院", "dstn__1": 590.49113537230062, "dstn__2": 1222.4336004808847, "dstn__3": 1410.1891195839112 }, "geometry": { "type": "Point", "coordinates": [ 121.5391, 24.9718 ] } },
{ "type": "Feature", "properties": { "Distrct": "新北市土城區", "Name": "土城國小", "Capacty": 958.0, "shltr_d": 83, "name_1": "元復醫院", "name_2": "新北市立土城醫院(委託長庚醫療財團法人興建經營)", "name_3": "廣川醫院", "dstn__1": 173.42767215017511, "dstn__2": 819.91258133196186, "dstn__3": 1708.7913633026801 }, "geometry": { "type": "Point", "coordinates": [ 121.441935, 24.972383 ] } },
{ "type": "Feature", "properties": { "Distrct": "新北市土城區", "Name": "土城區公所", "Capacty": 162.0, "shltr_d": 84, "name_1": "元復醫院", "name_2": "新北市立土城醫院(委託長庚醫療財團法人興建經營)", "name_3": "廣川醫院", "dstn__1": 264.66655144948686, "dstn__2": 732.55726198399589, "dstn__3": 1625.8185908883288 }, "geometry": { "type": "Point", "coordinates": [ 121.442873, 24.972533 ] } },
{ "type": "Feature", "properties": { "Distrct": "新北市雙溪區", "Name": "泰平里活動中心", "Capacty": 100.0, "shltr_d": 85, "name_1": "瑞芳礦工醫院", "name_2": "國泰醫療財團法人汐止國泰綜合醫院", "name_3": "臺北市立聯合醫院附設南港門診部", "dstn__1": 15261.241589056061, "dstn__2": 20088.250039623799, "dstn__3": 24007.125726991242 }, "geometry": { "type": "Point", "coordinates": [ 121.827, 24.9727 ] } },
{ "type": "Feature", "properties": { "Distrct": "新北市樹林區", "Name": "山佳市民活動中心", "Capacty": 80.0, "shltr_d": 86, "name_1": "仁愛醫院", "name_2": "元復醫院", "name_3": "永聖醫療社團法人文化醫院", "dstn__1": 3046.8034238753467, "dstn__2": 4634.356716896943, "dstn__3": 4926.8648147484982 }, "geometry": { "type": "Point", "coordinates": [ 121.39436, 24.972721 ] } },
{ "type": "Feature", "properties": { "Distrct": "新北市鶯歌區", "Name": "中湖里活動中心", "Capacty": 119.0, "shltr_d": 87, "name_1": "行天宮醫療志業醫療財團法人恩主公醫院", "name_2": "永聖醫療社團法人文化醫院", "name_3": "清福醫院", "dstn__1": 4118.9527952144717, "dstn__2": 5581.4745064031395, "dstn__3": 5849.0852520575463 }, "geometry": { "type": "Point", "coordinates": [ 121.3481, 24.973 ] } },
{ "type": "Feature", "properties": { "Distrct": "新北市鶯歌區", "Name": "中湖國小", "Capacty": 465.0, "shltr_d": 88, "name_1": "行天宮醫療志業醫療財團法人恩主公醫院", "name_2": "永聖醫療社團法人文化醫院", "name_3": "清福醫院", "dstn__1": 4118.9527952144717, "dstn__2": 5581.4745064031395, "dstn__3": 5849.0852520575463 }, "geometry": { "type": "Point", "coordinates": [ 121.3481, 24.973 ] } },
{ "type": "Feature", "properties": { "Distrct": "新北市新店區", "Name": "北新國小　", "Capacty": 1737.0, "shltr_d": 89, "name_1": "天主教耕莘醫療財團法人耕莘醫院", "name_2": "同仁醫院", "name_3": "佛教慈濟醫療財團法人台北慈濟醫院", "dstn__1": 876.79464088102497, "dstn__2": 1180.9939546470187, "dstn__3": 1426.2043825054666 }, "geometry": { "type": "Point", "coordinates": [ 121.5439, 24.9737 ] } },
{ "type": "Feature", "properties": { "Distrct": "新北市土城區", "Name": "清化市民活動中心", "Capacty": 30.0, "shltr_d": 90, "name_1": "廣川醫院", "name_2": "新北市立土城醫院(委託長庚醫療財團法人興建經營)", "name_3": "元復醫院", "dstn__1": 1000.0077444864669, "dstn__2": 1044.2770721531101, "dstn__3": 1861.5257406268356 }, "geometry": { "type": "Point", "coordinates": [ 121.458661, 24.973802 ] } },
{ "type": "Feature", "properties": { "Distrct": "新北市土城區", "Name": "清和市民活動中心", "Capacty": 30.0, "shltr_d": 91, "name_1": "廣川醫院", "name_2": "新北市立土城醫院(委託長庚醫療財團法人興建經營)", "name_3": "元復醫院", "dstn__1": 1000.0077444864669, "dstn__2": 1044.2770721531101, "dstn__3": 1861.5257406268356 }, "geometry": { "type": "Point", "coordinates": [ 121.458661, 24.973802 ] } },
{ "type": "Feature", "properties": { "Distrct": "新北市樹林區", "Name": "樂山市民活動中心", "Capacty": 61.0, "shltr_d": 92, "name_1": "仁愛醫院", "name_2": "行天宮醫療志業醫療財團法人恩主公醫院", "name_3": "永聖醫療社團法人文化醫院", "dstn__1": 3379.7951888450489, "dstn__2": 4782.2889999448662, "dstn__3": 4927.4155947360559 }, "geometry": { "type": "Point", "coordinates": [ 121.389871, 24.973944 ] } },
{ "type": "Feature", "properties": { "Distrct": "新北市新店區", "Name": "新店高中", "Capacty": 1307.0, "shltr_d": 93, "name_1": "天主教耕莘醫療財團法人耕莘醫院", "name_2": "同仁醫院", "name_3": "佛教慈濟醫療財團法人台北慈濟醫院", "dstn__1": 389.27964567029869, "dstn__2": 995.23296076446888, "dstn__3": 1020.1508001273663 }, "geometry": { "type": "Point", "coordinates": [ 121.5318, 24.9756 ] } },
{ "type": "Feature", "properties": { "Distrct": "新北市樹林區", "Name": "山佳國小", "Capacty": 654.0, "shltr_d": 94, "name_1": "仁愛醫院", "name_2": "元復醫院", "name_3": "新北市立土城醫院(委託長庚醫療財團法人興建經營)", "dstn__1": 2242.7225306459673, "dstn__2": 3909.9837122631097, "dstn__3": 4751.0144460050751 }, "geometry": { "type": "Point", "coordinates": [ 121.401678, 24.975774 ] } },
{ "type": "Feature", "properties": { "Distrct": "新北市新店區", "Name": "耕莘健康管理專科學校", "Capacty": 87.0, "shltr_d": 95, "name_1": "天主教耕莘醫療財團法人耕莘醫院", "name_2": "同仁醫院", "name_3": "佛教慈濟醫療財團法人台北慈濟醫院", "dstn__1": 12.141058390874113, "dstn__2": 772.47696029577014, "dstn__3": 889.35980878143846 }, "geometry": { "type": "Point", "coordinates": [ 121.5355, 24.9761 ] } },
{ "type": "Feature", "properties": { "Distrct": "臺北市文山區", "Name": "指南國小", "Capacty": 20.0, "shltr_d": 96, "name_1": "臺北市立聯合醫院附設政大門診部", "name_2": "臺北市立萬芳醫院-委託臺北醫學大學辦理", "name_3": "同仁醫院", "dstn__1": 1433.5156650127149, "dstn__2": 3676.9420572598724, "dstn__3": 4682.9270486085588 }, "geometry": { "type": "Point", "coordinates": [ 121.5836, 24.9764 ] } },
{ "type": "Feature", "properties": { "Distrct": "新北市新店區", "Name": "大豐社福館", "Capacty": 1540.0, "shltr_d": 97, "name_1": "天主教耕莘醫療財團法人耕莘醫院", "name_2": "同仁醫院", "name_3": "佛教慈濟醫療財團法人台北慈濟醫院", "dstn__1": 219.49472725644412, "dstn__2": 650.01986824640119, "dstn__3": 825.38384661906935 }, "geometry": { "type": "Point", "coordinates": [ 121.5376, 24.9769 ] } },
{ "type": "Feature", "properties": { "Distrct": "新北市新店區", "Name": "大豐國小", "Capacty": 5794.0, "shltr_d": 98, "name_1": "天主教耕莘醫療財團法人耕莘醫院", "name_2": "同仁醫院", "name_3": "佛教慈濟醫療財團法人台北慈濟醫院", "dstn__1": 310.01698147212034, "dstn__2": 574.15641457132938, "dstn__3": 768.80633179365373 }, "geometry": { "type": "Point", "coordinates": [ 121.5382, 24.9776 ] } },
{ "type": "Feature", "properties": { "Distrct": "新北市土城區", "Name": "員林市民活動中心", "Capacty": 77.0, "shltr_d": 99, "name_1": "新北市立土城醫院(委託長庚醫療財團法人興建經營)", "name_2": "元復醫院", "name_3": "廣川醫院", "dstn__1": 615.06771262125676, "dstn__2": 673.28052936869199, "dstn__3": 1288.0273468883572 }, "geometry": { "type": "Point", "coordinates": [ 121.442984, 24.978282 ] } },
{ "type": "Feature", "properties": { "Distrct": "新北市中和區", "Name": "竹林中學", "Capacty": 430.0, "shltr_d": 100, "name_1": "豐榮醫院", "name_2": "怡濟慈園醫療社團法人宏濟神經精神科醫院", "name_3": "怡和醫院", "dstn__1": 1929.0001076328062, "dstn__2": 2460.0160481170919, "dstn__3": 2549.705316510896 }, "geometry": { "type": "Point", "coordinates": [ 121.506, 24.9799 ] } },
{ "type": "Feature", "properties": { "Distrct": "新北市新店區", "Name": "開明工商", "Capacty": 1945.0, "shltr_d": 101, "name_1": "同仁醫院", "name_2": "天主教耕莘醫療財團法人耕莘醫院", "name_3": "佛教慈濟醫療財團法人台北慈濟醫院", "dstn__1": 906.92966411405018, "dstn__2": 1152.9899994285659, "dstn__3": 1162.4244889288962 }, "geometry": { "type": "Point", "coordinates": [ 121.5462, 24.98 ] } },
{ "type": "Feature", "properties": { "Distrct": "新北市石碇區", "Name": "華梵大學于藝館3樓", "Capacty": 100.0, "shltr_d": 102, "name_1": "國泰醫療財團法人汐止國泰綜合醫院", "name_2": "臺北市立聯合醫院附設政大門診部", "name_3": "臺北市立聯合醫院附設南港門診部", "dstn__1": 10753.026327130183, "dstn__2": 11698.972725488111, "dstn__3": 11930.977241081388 }, "geometry": { "type": "Point", "coordinates": [ 121.6921, 24.98 ] } },
{ "type": "Feature", "properties": { "Distrct": "新北市土城區", "Name": "青山市民活動中心", "Capacty": 18.0, "shltr_d": 103, "name_1": "廣川醫院", "name_2": "新北市立土城醫院(委託長庚醫療財團法人興建經營)", "name_3": "恩樺醫院", "dstn__1": 976.27397535678165, "dstn__2": 1643.7748945005305, "dstn__3": 1990.8103431047352 }, "geometry": { "type": "Point", "coordinates": [ 121.464447, 24.98031 ] } },
{ "type": "Feature", "properties": { "Distrct": "新北市土城區", "Name": "永富市民活動中心", "Capacty": 25.0, "shltr_d": 104, "name_1": "廣川醫院", "name_2": "新北市立土城醫院(委託長庚醫療財團法人興建經營)", "name_3": "恩樺醫院", "dstn__1": 976.27397535678165, "dstn__2": 1643.7748945005305, "dstn__3": 1990.8103431047352 }, "geometry": { "type": "Point", "coordinates": [ 121.464447, 24.98031 ] } },
{ "type": "Feature", "properties": { "Distrct": "臺北市文山區", "Name": "景美女中", "Capacty": 300.0, "shltr_d": 105, "name_1": "同仁醫院", "name_2": "佛教慈濟醫療財團法人台北慈濟醫院", "name_3": "天主教耕莘醫療財團法人耕莘醫院", "dstn__1": 1877.1742460360717, "dstn__2": 2112.6858876797569, "dstn__3": 2139.8785228497472 }, "geometry": { "type": "Point", "coordinates": [ 121.5562, 24.9807 ] } },
{ "type": "Feature", "properties": { "Distrct": "新北市土城區", "Name": "廷寮市民活動中心", "Capacty": 80.0, "shltr_d": 106, "name_1": "廣川醫院", "name_2": "新北市立土城醫院(委託長庚醫療財團法人興建經營)", "name_3": "恩樺醫院", "dstn__1": 1241.1780199491388, "dstn__2": 1926.3382229112865, "dstn__3": 2189.2288442737918 }, "geometry": { "type": "Point", "coordinates": [ 121.467199, 24.980803 ] } },
{ "type": "Feature", "properties": { "Distrct": "新北市新店區", "Name": "南強工商", "Capacty": 1132.0, "shltr_d": 107, "name_1": "同仁醫院", "name_2": "佛教慈濟醫療財團法人台北慈濟醫院", "name_3": "天主教耕莘醫療財團法人耕莘醫院", "dstn__1": 741.64321070051756, "dstn__2": 993.91243423398839, "dstn__3": 1069.4793983033073 }, "geometry": { "type": "Point", "coordinates": [ 121.5448, 24.9809 ] } },
{ "type": "Feature", "properties": { "Distrct": "臺北市文山區", "Name": "力行國小", "Capacty": 30.0, "shltr_d": 108, "name_1": "臺北市立聯合醫院附設政大門診部", "name_2": "臺北市立萬芳醫院-委託臺北醫學大學辦理", "name_3": "同仁醫院", "dstn__1": 1734.9013726499602, "dstn__2": 2166.3864970988384, "dstn__3": 2356.8508410341251 }, "geometry": { "type": "Point", "coordinates": [ 121.561, 24.9809 ] } },
{ "type": "Feature", "properties": { "Distrct": "新北市樹林區", "Name": "大同國小", "Capacty": 450.0, "shltr_d": 109, "name_1": "仁愛醫院", "name_2": "元復醫院", "name_3": "新北市立土城醫院(委託長庚醫療財團法人興建經營)", "dstn__1": 682.13392615494365, "dstn__2": 2501.7441943742992, "dstn__3": 3210.1669531368534 }, "geometry": { "type": "Point", "coordinates": [ 121.417421, 24.981493 ] } },
{ "type": "Feature", "properties": { "Distrct": "新北市樹林區", "Name": "東陽市民活動中心", "Capacty": 78.0, "shltr_d": 110, "name_1": "仁愛醫院", "name_2": "元復醫院", "name_3": "新北市立土城醫院(委託長庚醫療財團法人興建經營)", "dstn__1": 1110.245930236146, "dstn__2": 3122.319568313831, "dstn__3": 3861.5567322372322 }, "geometry": { "type": "Point", "coordinates": [ 121.410902, 24.981593 ] } },
{ "type": "Feature", "properties": { "Distrct": "新北市樹林區", "Name": "彭福國小", "Capacty": 1704.0, "shltr_d": 111, "name_1": "仁愛醫院", "name_2": "元復醫院", "name_3": "新北市立土城醫院(委託長庚醫療財團法人興建經營)", "dstn__1": 717.47038725415825, "dstn__2": 1927.0926029271775, "dstn__3": 2571.168385928203 }, "geometry": { "type": "Point", "coordinates": [ 121.42394, 24.981755 ] } },
{ "type": "Feature", "properties": { "Distrct": "新北市土城區", "Name": "清水高中", "Capacty": 1033.0, "shltr_d": 112, "name_1": "廣川醫院", "name_2": "新北市立土城醫院(委託長庚醫療財團法人興建經營)", "name_3": "恩樺醫院", "dstn__1": 1041.1952782642725, "dstn__2": 1784.3304349444866, "dstn__3": 1956.6832703888988 }, "geometry": { "type": "Point", "coordinates": [ 121.465311, 24.982013 ] } },
{ "type": "Feature", "properties": { "Distrct": "新北市中和區", "Name": "華夏科技大學", "Capacty": 1447.0, "shltr_d": 113, "name_1": "豐榮醫院", "name_2": "怡和醫院", "name_3": "中祥醫院", "dstn__1": 2137.8653446457633, "dstn__2": 2365.5322873233008, "dstn__3": 2397.5788678505564 }, "geometry": { "type": "Point", "coordinates": [ 121.5076, 24.9822 ] } },
{ "type": "Feature", "properties": { "Distrct": "新北市土城區", "Name": "青雲,柑林市民活動中心", "Capacty": 50.0, "shltr_d": 114, "name_1": "廣川醫院", "name_2": "新北市立土城醫院(委託長庚醫療財團法人興建經營)", "name_3": "恩樺醫院", "dstn__1": 354.04618581091376, "dstn__2": 1185.3495481547122, "dstn__3": 1386.7325605310155 }, "geometry": { "type": "Point", "coordinates": [ 121.458501, 24.98237 ] } },
{ "type": "Feature", "properties": { "Distrct": "新北市土城區", "Name": "裕德高中", "Capacty": 975.0, "shltr_d": 115, "name_1": "元復醫院", "name_2": "新北市立土城醫院(委託長庚醫療財團法人興建經營)", "name_3": "恩樺醫院", "dstn__1": 1136.6750732381529, "dstn__2": 1173.5468892232202, "dstn__3": 1296.7520946189377 }, "geometry": { "type": "Point", "coordinates": [ 121.439585, 24.982977 ] } },
{ "type": "Feature", "properties": { "Distrct": "新北市土城區", "Name": "新北高工", "Capacty": 2785.0, "shltr_d": 116, "name_1": "廣川醫院", "name_2": "新北市立土城醫院(委託長庚醫療財團法人興建經營)", "name_3": "恩樺醫院", "dstn__1": 482.52003421008538, "dstn__2": 779.11107804487449, "dstn__3": 887.8391979077926 }, "geometry": { "type": "Point", "coordinates": [ 121.45038, 24.983308 ] } },
{ "type": "Feature", "properties": { "Distrct": "臺北市文山區", "Name": "實踐國中", "Capacty": 300.0, "shltr_d": 117, "name_1": "同仁醫院", "name_2": "臺北市立萬芳醫院-委託臺北醫學大學辦理", "name_3": "佛教慈濟醫療財團法人台北慈濟醫院", "dstn__1": 1713.1392757994233, "dstn__2": 1908.1642501057784, "dstn__3": 1928.5041828866097 }, "geometry": { "type": "Point", "coordinates": [ 121.5547, 24.9834 ] } },
{ "type": "Feature", "properties": { "Distrct": "新北市土城區", "Name": "中正國中", "Capacty": 415.0, "shltr_d": 118, "name_1": "廣川醫院", "name_2": "新北市立土城醫院(委託長庚醫療財團法人興建經營)", "name_3": "恩樺醫院", "dstn__1": 232.88623939851271, "dstn__2": 1129.2580976878303, "dstn__3": 1183.5462163934048 }, "geometry": { "type": "Point", "coordinates": [ 121.456842, 24.983456 ] } },
{ "type": "Feature", "properties": { "Distrct": "新北市樹林區", "Name": "樹林高級中學", "Capacty": 1404.0, "shltr_d": 119, "name_1": "仁愛醫院", "name_2": "元復醫院", "name_3": "新北市立土城醫院(委託長庚醫療財團法人興建經營)", "dstn__1": 492.87674554044014, "dstn__2": 2128.1302067918027, "dstn__3": 2731.9355973608881 }, "geometry": { "type": "Point", "coordinates": [ 121.422804, 24.983502 ] } },
{ "type": "Feature", "properties": { "Distrct": "臺北市文山區", "Name": "實踐國小", "Capacty": 75.0, "shltr_d": 120, "name_1": "臺北市立萬芳醫院-委託臺北醫學大學辦理", "name_2": "臺北市立聯合醫院附設政大門診部", "name_3": "同仁醫院", "dstn__1": 1852.3853894496679, "dstn__2": 1971.3927527424275, "dstn__3": 1996.5171491249071 }, "geometry": { "type": "Point", "coordinates": [ 121.5575, 24.9836 ] } },
{ "type": "Feature", "properties": { "Distrct": "新北市樹林區", "Name": "東昇市民活動中心", "Capacty": 214.0, "shltr_d": 121, "name_1": "仁愛醫院", "name_2": "元復醫院", "name_3": "恩樺醫院", "dstn__1": 591.12758554719585, "dstn__2": 2835.8245846635614, "dstn__3": 3477.2240913098667 }, "geometry": { "type": "Point", "coordinates": [ 121.415159, 24.984222 ] } },
{ "type": "Feature", "properties": { "Distrct": "新北市土城區", "Name": "清水國小", "Capacty": 597.0, "shltr_d": 122, "name_1": "廣川醫院", "name_2": "恩樺醫院", "name_3": "新北市立土城醫院(委託長庚醫療財團法人興建經營)", "dstn__1": 701.22667536670292, "dstn__2": 1491.4027702432227, "dstn__3": 1562.8966142831703 }, "geometry": { "type": "Point", "coordinates": [ 121.461508, 24.984402 ] } },
{ "type": "Feature", "properties": { "Distrct": "新北市新店區", "Name": "新和國小", "Capacty": 648.0, "shltr_d": 123, "name_1": "佛教慈濟醫療財團法人台北慈濟醫院", "name_2": "同仁醫院", "name_3": "天主教耕莘醫療財團法人耕莘醫院", "dstn__1": 1758.879102403029, "dstn__2": 1983.653087163638, "dstn__3": 1995.6228684018934 }, "geometry": { "type": "Point", "coordinates": [ 121.5182, 24.9846 ] } },
{ "type": "Feature", "properties": { "Distrct": "臺北市文山區", "Name": "北政國中", "Capacty": 20.0, "shltr_d": 124, "name_1": "臺北市立聯合醫院附設政大門診部", "name_2": "臺北市立萬芳醫院-委託臺北醫學大學辦理", "name_3": "同仁醫院", "dstn__1": 350.62723869291943, "dstn__2": 2641.2428574094515, "dstn__3": 4101.0965260549674 }, "geometry": { "type": "Point", "coordinates": [ 121.5783, 24.9849 ] } },
{ "type": "Feature", "properties": { "Distrct": "新北市土城區", "Name": "樂利國小", "Capacty": 1168.0, "shltr_d": 125, "name_1": "恩樺醫院", "name_2": "廣川醫院", "name_3": "新北市立土城醫院(委託長庚醫療財團法人興建經營)", "dstn__1": 629.77384197665913, "dstn__2": 840.84855702700793, "dstn__3": 1022.0455078879631 }, "geometry": { "type": "Point", "coordinates": [ 121.447559, 24.985602 ] } },
{ "type": "Feature", "properties": { "Distrct": "新北市新店區", "Name": "莊敬工家", "Capacty": 8362.0, "shltr_d": 126, "name_1": "佛教慈濟醫療財團法人台北慈濟醫院", "name_2": "同仁醫院", "name_3": "天主教耕莘醫療財團法人耕莘醫院", "dstn__1": 391.28638708414553, "dstn__2": 652.90510082403216, "dstn__3": 1130.2137093523365 }, "geometry": { "type": "Point", "coordinates": [ 121.5322, 24.9858 ] } },
{ "type": "Feature", "properties": { "Distrct": "新北市土城區", "Name": "廣興市民活動中心", "Capacty": 50.0, "shltr_d": 127, "name_1": "廣川醫院", "name_2": "恩樺醫院", "name_3": "新北市立土城醫院(委託長庚醫療財團法人興建經營)", "dstn__1": 497.61085456912315, "dstn__2": 1081.9569399257323, "dstn__3": 1390.3336319095563 }, "geometry": { "type": "Point", "coordinates": [ 121.457766, 24.985909 ] } },
{ "type": "Feature", "properties": { "Distrct": "新北市土城區", "Name": "廣福市民活動中心", "Capacty": 50.0, "shltr_d": 128, "name_1": "廣川醫院", "name_2": "恩樺醫院", "name_3": "新北市立土城醫院(委託長庚醫療財團法人興建經營)", "dstn__1": 497.61085456912315, "dstn__2": 1081.9569399257323, "dstn__3": 1390.3336319095563 }, "geometry": { "type": "Point", "coordinates": [ 121.457766, 24.985909 ] } },
{ "type": "Feature", "properties": { "Distrct": "新北市樹林區", "Name": "育林國小", "Capacty": 135.0, "shltr_d": 129, "name_1": "仁愛醫院", "name_2": "元復醫院", "name_3": "恩樺醫院", "dstn__1": 457.56543856134539, "dstn__2": 2887.2324059974417, "dstn__3": 3386.3904389697482 }, "geometry": { "type": "Point", "coordinates": [ 121.415677, 24.986051 ] } },
{ "type": "Feature", "properties": { "Distrct": "新北市樹林區", "Name": "育林國中", "Capacty": 574.0, "shltr_d": 130, "name_1": "仁愛醫院", "name_2": "元復醫院", "name_3": "恩樺醫院", "dstn__1": 457.56543856134539, "dstn__2": 2887.2324059974417, "dstn__3": 3386.3904389697482 }, "geometry": { "type": "Point", "coordinates": [ 121.415677, 24.986051 ] } },
{ "type": "Feature", "properties": { "Distrct": "新北市中和區", "Name": "中和國中", "Capacty": 2649.0, "shltr_d": 131, "name_1": "永和復康醫院", "name_2": "中祥醫院", "name_3": "怡和醫院", "dstn__1": 1996.7754823489095, "dstn__2": 1997.1181214027374, "dstn__3": 2008.7879478071127 }, "geometry": { "type": "Point", "coordinates": [ 121.5085, 24.9862 ] } },
{ "type": "Feature", "properties": { "Distrct": "新北市中和區", "Name": "興南國小", "Capacty": 1278.0, "shltr_d": 132, "name_1": "永和復康醫院", "name_2": "中祥醫院", "name_3": "怡和醫院", "dstn__1": 1932.0945319670122, "dstn__2": 1965.8968430629275, "dstn__3": 1992.9293042233191 }, "geometry": { "type": "Point", "coordinates": [ 121.5091, 24.9867 ] } },
{ "type": "Feature", "properties": { "Distrct": "新北市土城區", "Name": "廣福國小", "Capacty": 608.0, "shltr_d": 133, "name_1": "廣川醫院", "name_2": "恩樺醫院", "name_3": "新北市立土城醫院(委託長庚醫療財團法人興建經營)", "dstn__1": 527.5892040991771, "dstn__2": 777.90455173285181, "dstn__3": 1320.7375786320406 }, "geometry": { "type": "Point", "coordinates": [ 121.454896, 24.986953 ] } },
{ "type": "Feature", "properties": { "Distrct": "新北市板橋區", "Name": "溪洲國小", "Capacty": 1021.0, "shltr_d": 134, "name_1": "仁愛醫院", "name_2": "恩樺醫院", "name_3": "元復醫院", "dstn__1": 1096.4411078944283, "dstn__2": 1852.1809289439793, "dstn__3": 1869.8629114060116 }, "geometry": { "type": "Point", "coordinates": [ 121.4309, 24.9873 ] } },
{ "type": "Feature", "properties": { "Distrct": "臺北市文山區", "Name": "明道國小", "Capacty": 42.0, "shltr_d": 135, "name_1": "臺北市立聯合醫院附設政大門診部", "name_2": "臺北市立萬芳醫院-委託臺北醫學大學辦理", "name_3": "同仁醫院", "dstn__1": 1405.7712170573693, "dstn__2": 1493.1427682217279, "dstn__3": 2561.1698846222089 }, "geometry": { "type": "Point", "coordinates": [ 121.5626, 24.9874 ] } },
{ "type": "Feature", "properties": { "Distrct": "臺北市文山區", "Name": "木柵國中", "Capacty": 30.0, "shltr_d": 136, "name_1": "臺北市立聯合醫院附設政大門診部", "name_2": "臺北市立萬芳醫院-委託臺北醫學大學辦理", "name_3": "同仁醫院", "dstn__1": 890.79221102974839, "dstn__2": 1704.9359631031814, "dstn__3": 3069.2118650815496 }, "geometry": { "type": "Point", "coordinates": [ 121.5677, 24.9875 ] } },
{ "type": "Feature", "properties": { "Distrct": "臺北市文山區", "Name": "永建國小", "Capacty": 30.0, "shltr_d": 137, "name_1": "同仁醫院", "name_2": "佛教慈濟醫療財團法人台北慈濟醫院", "name_3": "臺北市立萬芳醫院-委託臺北醫學大學辦理", "dstn__1": 1348.037263469497, "dstn__2": 1502.3338385048764, "dstn__3": 1639.5145408581604 }, "geometry": { "type": "Point", "coordinates": [ 121.55, 24.9876 ] } },
{ "type": "Feature", "properties": { "Distrct": "新北市土城區", "Name": "安和國小", "Capacty": 2293.0, "shltr_d": 138, "name_1": "廣川醫院", "name_2": "板橋中興醫院", "name_3": "恩樺醫院", "dstn__1": 1229.1338825708017, "dstn__2": 1528.4805043953181, "dstn__3": 1639.3666326651846 }, "geometry": { "type": "Point", "coordinates": [ 121.464774, 24.988807 ] } },
{ "type": "Feature", "properties": { "Distrct": "新北市中和區", "Name": "景新國小", "Capacty": 897.0, "shltr_d": 139, "name_1": "永和復康醫院", "name_2": "中祥醫院", "name_3": "佛教慈濟醫療財團法人台北慈濟醫院", "dstn__1": 1648.5887699819846, "dstn__2": 2023.0436983006834, "dstn__3": 2158.5177431039524 }, "geometry": { "type": "Point", "coordinates": [ 121.515, 24.9893 ] } },
{ "type": "Feature", "properties": { "Distrct": "臺北市文山區", "Name": "景美國小", "Capacty": 74.0, "shltr_d": 140, "name_1": "佛教慈濟醫療財團法人台北慈濟醫院", "name_2": "同仁醫院", "name_3": "天主教耕莘醫療財團法人耕莘醫院", "dstn__1": 792.49297562423192, "dstn__2": 807.03622567979858, "dstn__3": 1575.4174902550665 }, "geometry": { "type": "Point", "coordinates": [ 121.5408, 24.9895 ] } },
{ "type": "Feature", "properties": { "Distrct": "新北市中和區", "Name": "復興國小", "Capacty": 946.0, "shltr_d": 141, "name_1": "怡和醫院", "name_2": "中祥醫院", "name_3": "永和復康醫院", "dstn__1": 1402.941716355946, "dstn__2": 1511.9474473047387, "dstn__3": 1889.1286304825824 }, "geometry": { "type": "Point", "coordinates": [ 121.5019, 24.9896 ] } },
{ "type": "Feature", "properties": { "Distrct": "臺北市文山區", "Name": "行政中心大禮堂", "Capacty": 60.0, "shltr_d": 142, "name_1": "臺北市立聯合醫院附設政大門診部", "name_2": "臺北市立萬芳醫院-委託臺北醫學大學辦理", "name_3": "同仁醫院", "dstn__1": 684.49878294280256, "dstn__2": 1678.6900571657998, "dstn__3": 3352.915204920047 }, "geometry": { "type": "Point", "coordinates": [ 121.5701, 24.9896 ] } },
{ "type": "Feature", "properties": { "Distrct": "新北市板橋區", "Name": "沙崙國小", "Capacty": 1692.0, "shltr_d": 143, "name_1": "仁愛醫院", "name_2": "恩樺醫院", "name_3": "元復醫院", "dstn__1": 1092.5072363809918, "dstn__2": 1849.2096378488432, "dstn__3": 2121.9853218368139 }, "geometry": { "type": "Point", "coordinates": [ 121.4305, 24.9897 ] } },
{ "type": "Feature", "properties": { "Distrct": "新北市中和區", "Name": "復興大樓圖書館", "Capacty": 25.0, "shltr_d": 144, "name_1": "中祥醫院", "name_2": "怡和醫院", "name_3": "永和復康醫院", "dstn__1": 1566.1834888898711, "dstn__2": 1572.2738843150514, "dstn__3": 1673.0394556536314 }, "geometry": { "type": "Point", "coordinates": [ 121.5065, 24.9897 ] } },
{ "type": "Feature", "properties": { "Distrct": "新北市樹林區", "Name": "樹林區公所", "Capacty": 215.0, "shltr_d": 145, "name_1": "仁愛醫院", "name_2": "恩樺醫院", "name_3": "元復醫院", "dstn__1": 558.51073873765336, "dstn__2": 2437.8059604840128, "dstn__3": 2477.6987547935341 }, "geometry": { "type": "Point", "coordinates": [ 121.424633, 24.989981 ] } },
{ "type": "Feature", "properties": { "Distrct": "新北市樹林區", "Name": "樹林國小", "Capacty": 304.0, "shltr_d": 146, "name_1": "仁愛醫院", "name_2": "元復醫院", "name_3": "恩樺醫院", "dstn__1": 372.38289298464645, "dstn__2": 2945.4274267222199, "dstn__3": 3096.2056822571317 }, "geometry": { "type": "Point", "coordinates": [ 121.418101, 24.99003 ] } },
{ "type": "Feature", "properties": { "Distrct": "新北市中和區", "Name": "錦和國小", "Capacty": 1173.0, "shltr_d": 147, "name_1": "怡和醫院", "name_2": "蕙生醫院", "name_3": "中祥醫院", "dstn__1": 1602.1396880445388, "dstn__2": 1898.0095790086189, "dstn__3": 1944.5552117173197 }, "geometry": { "type": "Point", "coordinates": [ 121.4893, 24.9901 ] } },
{ "type": "Feature", "properties": { "Distrct": "臺北市文山區", "Name": "木柵國小", "Capacty": 155.0, "shltr_d": 148, "name_1": "臺北市立聯合醫院附設政大門診部", "name_2": "臺北市立萬芳醫院-委託臺北醫學大學辦理", "name_3": "同仁醫院", "dstn__1": 703.97102620659734, "dstn__2": 1632.2360192609233, "dstn__3": 3381.0375027713035 }, "geometry": { "type": "Point", "coordinates": [ 121.5702, 24.9903 ] } },
{ "type": "Feature", "properties": { "Distrct": "新北市石碇區", "Name": "石碇國小", "Capacty": 109.0, "shltr_d": 149, "name_1": "臺北市立聯合醫院附設政大門診部", "name_2": "臺北市立聯合醫院附設南港門診部", "name_3": "國泰醫療財團法人汐止國泰綜合醫院", "dstn__1": 8331.6898916924038, "dstn__2": 8855.3535271233977, "dstn__3": 9148.8202720805202 }, "geometry": { "type": "Point", "coordinates": [ 121.659, 24.9903 ] } },
{ "type": "Feature", "properties": { "Distrct": "臺北市文山區", "Name": "萬興國小", "Capacty": 125.0, "shltr_d": 150, "name_1": "臺北市立聯合醫院附設政大門診部", "name_2": "臺北市立萬芳醫院-委託臺北醫學大學辦理", "name_3": "同仁醫院", "dstn__1": 308.07167427873355, "dstn__2": 2146.0265830319431, "dstn__3": 4012.6547077671585 }, "geometry": { "type": "Point", "coordinates": [ 121.5766, 24.9904 ] } },
{ "type": "Feature", "properties": { "Distrct": "新北市板橋區", "Name": "信義國小", "Capacty": 1024.0, "shltr_d": 151, "name_1": "恩樺醫院", "name_2": "廣川醫院", "name_3": "板橋中興醫院", "dstn__1": 413.27005827521697, "dstn__2": 1076.437924198357, "dstn__3": 1367.6780131393448 }, "geometry": { "type": "Point", "coordinates": [ 121.4528, 24.9917 ] } },
{ "type": "Feature", "properties": { "Distrct": "新北市中和區", "Name": "錦和中學", "Capacty": 2543.0, "shltr_d": 152, "name_1": "怡和醫院", "name_2": "中祥醫院", "name_3": "蕙生醫院", "dstn__1": 1280.2083070852179, "dstn__2": 1625.5392303236222, "dstn__3": 1763.4948728215595 }, "geometry": { "type": "Point", "coordinates": [ 121.4911, 24.9925 ] } },
{ "type": "Feature", "properties": { "Distrct": "臺北市文山區", "Name": "景美國中", "Capacty": 80.0, "shltr_d": 153, "name_1": "佛教慈濟醫療財團法人台北慈濟醫院", "name_2": "同仁醫院", "name_3": "臺北市立萬芳醫院-委託臺北醫學大學辦理", "dstn__1": 1227.4196206880431, "dstn__2": 1247.2203823000063, "dstn__3": 1755.3259106257108 }, "geometry": { "type": "Point", "coordinates": [ 121.5429, 24.993 ] } },
{ "type": "Feature", "properties": { "Distrct": "新北市中和區", "Name": "中和高中", "Capacty": 2072.0, "shltr_d": 154, "name_1": "蕙生醫院", "name_2": "板橋中興醫院", "name_3": "怡和醫院", "dstn__1": 1294.6706282667794, "dstn__2": 2021.6874489357454, "dstn__3": 2218.6975987210749 }, "geometry": { "type": "Point", "coordinates": [ 121.4783, 24.994 ] } },
{ "type": "Feature", "properties": { "Distrct": "臺北市文山區", "Name": "溪口國小", "Capacty": 90.0, "shltr_d": 155, "name_1": "佛教慈濟醫療財團法人台北慈濟醫院", "name_2": "同仁醫院", "name_3": "天主教耕莘醫療財團法人耕莘醫院", "dstn__1": 1147.5786975094836, "dstn__2": 1259.0088232663177, "dstn__3": 2019.6668901174642 }, "geometry": { "type": "Point", "coordinates": [ 121.5387, 24.9941 ] } },
{ "type": "Feature", "properties": { "Distrct": "新北市中和區", "Name": "秀山國小", "Capacty": 4228.0, "shltr_d": 156, "name_1": "永和復康醫院", "name_2": "佛教慈濟醫療財團法人台北慈濟醫院", "name_3": "天主教耕莘醫療財團法人永和耕莘醫院", "dstn__1": 1420.8019690903336, "dstn__2": 1833.5877812388662, "dstn__3": 1986.3500789324391 }, "geometry": { "type": "Point", "coordinates": [ 121.5212, 24.9942 ] } },
{ "type": "Feature", "properties": { "Distrct": "新北市板橋區", "Name": "重慶國小", "Capacty": 2135.0, "shltr_d": 157, "name_1": "板橋中興醫院", "name_2": "恩樺醫院", "name_3": "蕭中正醫院", "dstn__1": 856.26152578691438, "dstn__2": 1426.4975052696611, "dstn__3": 1497.5193321904812 }, "geometry": { "type": "Point", "coordinates": [ 121.4624, 24.9945 ] } },
{ "type": "Feature", "properties": { "Distrct": "臺北市文山區", "Name": "景華公園", "Capacty": 1350.0, "shltr_d": 158, "name_1": "臺北市立萬芳醫院-委託臺北醫學大學辦理", "name_2": "佛教慈濟醫療財團法人台北慈濟醫院", "name_3": "同仁醫院", "dstn__1": 1480.8017355346879, "dstn__2": 1561.2099156448842, "dstn__3": 1580.9551747824012 }, "geometry": { "type": "Point", "coordinates": [ 121.5446, 24.9956 ] } },
{ "type": "Feature", "properties": { "Distrct": "新北市永和區", "Name": "智光商工", "Capacty": 722.0, "shltr_d": 159, "name_1": "永和復康醫院", "name_2": "中祥醫院", "name_3": "怡和醫院", "dstn__1": 940.49517678205166, "dstn__2": 1491.6360723696869, "dstn__3": 1735.1617135977274 }, "geometry": { "type": "Point", "coordinates": [ 121.5143, 24.9957 ] } },
{ "type": "Feature", "properties": { "Distrct": "臺北市文山區", "Name": "木柵高工", "Capacty": 169.0, "shltr_d": 160, "name_1": "臺北市立聯合醫院附設政大門診部", "name_2": "臺北市立萬芳醫院-委託臺北醫學大學辦理", "name_3": "國立臺灣大學醫學院附設醫院癌醫中心分院", "dstn__1": 1029.0838684668756, "dstn__2": 1454.1565582644064, "dstn__3": 3495.9142459680052 }, "geometry": { "type": "Point", "coordinates": [ 121.5719, 24.9959 ] } },
{ "type": "Feature", "properties": { "Distrct": "臺北市文山區", "Name": "景興國小", "Capacty": 126.0, "shltr_d": 161, "name_1": "臺北市立萬芳醫院-委託臺北醫學大學辦理", "name_2": "同仁醫院", "name_3": "佛教慈濟醫療財團法人台北慈濟醫院", "dstn__1": 1123.7414788186154, "dstn__2": 1815.2129204030462, "dstn__3": 1836.4624410076724 }, "geometry": { "type": "Point", "coordinates": [ 121.5482, 24.9961 ] } },
{ "type": "Feature", "properties": { "Distrct": "臺北市文山區", "Name": "景興國中", "Capacty": 100.0, "shltr_d": 162, "name_1": "臺北市立萬芳醫院-委託臺北醫學大學辦理", "name_2": "佛教慈濟醫療財團法人台北慈濟醫院", "name_3": "同仁醫院", "dstn__1": 1487.5330731542253, "dstn__2": 1598.9543951754131, "dstn__3": 1628.4272562255521 }, "geometry": { "type": "Point", "coordinates": [ 121.5443, 24.9962 ] } },
{ "type": "Feature", "properties": { "Distrct": "臺北市文山區", "Name": "臺北市文山運動中心", "Capacty": 189.0, "shltr_d": 163, "name_1": "臺北市立萬芳醫院-委託臺北醫學大學辦理", "name_2": "佛教慈濟醫療財團法人台北慈濟醫院", "name_3": "同仁醫院", "dstn__1": 1487.5330731542253, "dstn__2": 1598.9543951754131, "dstn__3": 1628.4272562255521 }, "geometry": { "type": "Point", "coordinates": [ 121.5443, 24.9962 ] } },
{ "type": "Feature", "properties": { "Distrct": "新北市樹林區", "Name": "文林國小", "Capacty": 1151.0, "shltr_d": 164, "name_1": "仁愛醫院", "name_2": "恩樺醫院", "name_3": "新泰綜合醫院", "dstn__1": 1321.331607977274, "dstn__2": 2401.8300591118464, "dstn__3": 2765.0302460796947 }, "geometry": { "type": "Point", "coordinates": [ 121.426072, 24.997757 ] } },
{ "type": "Feature", "properties": { "Distrct": "新北市永和區", "Name": "民權市民活動中心", "Capacty": 125.0, "shltr_d": 165, "name_1": "永和復康醫院", "name_2": "天主教耕莘醫療財團法人永和耕莘醫院", "name_3": "中祥醫院", "dstn__1": 1030.7285207306302, "dstn__2": 1550.3923800521236, "dstn__3": 1892.0395390965721 }, "geometry": { "type": "Point", "coordinates": [ 121.5199, 24.998 ] } },
{ "type": "Feature", "properties": { "Distrct": "新北市板橋區", "Name": "重慶國中", "Capacty": 2826.0, "shltr_d": 166, "name_1": "板橋中興醫院", "name_2": "蕭中正醫院", "name_3": "恩樺醫院", "dstn__1": 512.05523357949539, "dstn__2": 1179.6371775498762, "dstn__3": 1653.182860661203 }, "geometry": { "type": "Point", "coordinates": [ 121.4632, 24.9982 ] } },
{ "type": "Feature", "properties": { "Distrct": "新北市中和區", "Name": "中和區公所", "Capacty": 65.0, "shltr_d": 167, "name_1": "怡和醫院", "name_2": "中祥醫院", "name_3": "永和復康醫院", "dstn__1": 442.27704715518865, "dstn__2": 590.05646521987785, "dstn__3": 1353.2859243709556 }, "geometry": { "type": "Point", "coordinates": [ 121.5002, 24.9982 ] } },
{ "type": "Feature", "properties": { "Distrct": "新北市深坑區", "Name": "阿柔市民活動中心", "Capacty": 57.0, "shltr_d": 168, "name_1": "臺北市立聯合醫院附設政大門診部", "name_2": "臺北市立萬芳醫院-委託臺北醫學大學辦理", "name_3": "臺北市立聯合醫院附設信義門診部", "dstn__1": 3315.1465676814882, "dstn__2": 4938.1510241522574, "dstn__3": 5095.5752185612282 }, "geometry": { "type": "Point", "coordinates": [ 121.6072, 24.9983 ] } },
{ "type": "Feature", "properties": { "Distrct": "新北市板橋區", "Name": "溪崑國中", "Capacty": 785.0, "shltr_d": 169, "name_1": "仁愛醫院", "name_2": "恩樺醫院", "name_3": "新泰綜合醫院", "dstn__1": 1685.0153606978804, "dstn__2": 1933.9645730616521, "dstn__3": 2583.6874698805595 }, "geometry": { "type": "Point", "coordinates": [ 121.4313, 24.9984 ] } },
{ "type": "Feature", "properties": { "Distrct": "新北市中和區", "Name": "自強國小", "Capacty": 562.0, "shltr_d": 170, "name_1": "蕙生醫院", "name_2": "板橋中興醫院", "name_3": "蕭中正醫院", "dstn__1": 1191.9857896565291, "dstn__2": 1233.7775418003719, "dstn__3": 1817.4667078148123 }, "geometry": { "type": "Point", "coordinates": [ 121.4719, 24.9985 ] } },
{ "type": "Feature", "properties": { "Distrct": "臺北市文山區", "Name": "志清國小", "Capacty": 35.0, "shltr_d": 171, "name_1": "佛教慈濟醫療財團法人台北慈濟醫院", "name_2": "同仁醫院", "name_3": "國立臺灣大學醫學院附設醫院癌醫中心分院", "dstn__1": 1645.742599253254, "dstn__2": 1768.045913656016, "dstn__3": 1824.2726517068159 }, "geometry": { "type": "Point", "coordinates": [ 121.5388, 24.9987 ] } },
{ "type": "Feature", "properties": { "Distrct": "新北市中和區", "Name": "自強國中", "Capacty": 936.0, "shltr_d": 172, "name_1": "蕙生醫院", "name_2": "板橋中興醫院", "name_3": "蕭中正醫院", "dstn__1": 1116.7384865922929, "dstn__2": 1291.592958312729, "dstn__3": 1862.4091014929088 }, "geometry": { "type": "Point", "coordinates": [ 121.4726, 24.9988 ] } },
{ "type": "Feature", "properties": { "Distrct": "臺北市文山區", "Name": "興華國小", "Capacty": 30.0, "shltr_d": 173, "name_1": "臺北市立萬芳醫院-委託臺北醫學大學辦理", "name_2": "臺北市立聯合醫院附設政大門診部", "name_3": "國立臺灣大學醫學院附設醫院癌醫中心分院", "dstn__1": 170.96792371313515, "dstn__2": 2184.2100689319027, "dstn__3": 2291.1522352536103 }, "geometry": { "type": "Point", "coordinates": [ 121.5587, 24.9988 ] } },
{ "type": "Feature", "properties": { "Distrct": "新北市中和區", "Name": "積穗國小", "Capacty": 545.0, "shltr_d": 174, "name_1": "蕙生醫院", "name_2": "怡和醫院", "name_3": "中祥醫院", "dstn__1": 704.02939192822078, "dstn__2": 1754.0114820198287, "dstn__3": 2135.8297253861824 }, "geometry": { "type": "Point", "coordinates": [ 121.4814, 24.9991 ] } },
{ "type": "Feature", "properties": { "Distrct": "新北市永和區", "Name": "秀朗國小", "Capacty": 2124.0, "shltr_d": 175, "name_1": "永和復康醫院", "name_2": "天主教耕莘醫療財團法人永和耕莘醫院", "name_3": "中祥醫院", "dstn__1": 1055.2227200896093, "dstn__2": 1394.7774640702935, "dstn__3": 1991.0841242803081 }, "geometry": { "type": "Point", "coordinates": [ 121.5214, 24.9997 ] } },
{ "type": "Feature", "properties": { "Distrct": "新北市中和區", "Name": "中和國小", "Capacty": 2866.0, "shltr_d": 176, "name_1": "中祥醫院", "name_2": "怡和醫院", "name_3": "永和復康醫院", "dstn__1": 373.91169295555795, "dstn__2": 381.78313963151828, "dstn__3": 1144.4612337512115 }, "geometry": { "type": "Point", "coordinates": [ 121.5016, 24.9999 ] } },
{ "type": "Feature", "properties": { "Distrct": "新北市中和區", "Name": "積穗國中", "Capacty": 597.0, "shltr_d": 177, "name_1": "蕙生醫院", "name_2": "怡和醫院", "name_3": "板橋中興醫院", "dstn__1": 569.80001631630216, "dstn__2": 1895.3471933633268, "dstn__3": 1976.999211724042 }, "geometry": { "type": "Point", "coordinates": [ 121.4798, 25.0004 ] } },
{ "type": "Feature", "properties": { "Distrct": "臺北市文山區", "Name": "萬芳高中", "Capacty": 131.0, "shltr_d": 178, "name_1": "臺北市立萬芳醫院-委託臺北醫學大學辦理", "name_2": "國立臺灣大學醫學院附設醫院癌醫中心分院", "name_3": "臺北市立聯合醫院附設政大門診部", "dstn__1": 52.044687348844455, "dstn__2": 2158.767785082513, "dstn__3": 2288.3083713722049 }, "geometry": { "type": "Point", "coordinates": [ 121.5588, 25.0005 ] } },
{ "type": "Feature", "properties": { "Distrct": "新北市深坑區", "Name": "萬順市民活動中心", "Capacty": 22.0, "shltr_d": 179, "name_1": "臺北市立聯合醫院附設政大門診部", "name_2": "臺北市立萬芳醫院-委託臺北醫學大學辦理", "name_3": "臺北市立聯合醫院附設信義門診部", "dstn__1": 3143.4928881519886, "dstn__2": 4620.4948013319536, "dstn__3": 4704.301488084966 }, "geometry": { "type": "Point", "coordinates": [ 121.6041, 25.0008 ] } },
{ "type": "Feature", "properties": { "Distrct": "新北市中和區", "Name": "鶴齡交誼中心", "Capacty": 82.0, "shltr_d": 180, "name_1": "中祥醫院", "name_2": "怡和醫院", "name_3": "永和復康醫院", "dstn__1": 226.7361350555725, "dstn__2": 267.24113876302602, "dstn__3": 1139.1658088041986 }, "geometry": { "type": "Point", "coordinates": [ 121.5011, 25.0014 ] } },
{ "type": "Feature", "properties": { "Distrct": "新北市中和區", "Name": "南山高中", "Capacty": 2130.0, "shltr_d": 181, "name_1": "中祥醫院", "name_2": "怡和醫院", "name_3": "永和復康醫院", "dstn__1": 227.10274922379759, "dstn__2": 494.99995657682479, "dstn__3": 909.41378060480668 }, "geometry": { "type": "Point", "coordinates": [ 121.5034, 25.0016 ] } },
{ "type": "Feature", "properties": { "Distrct": "臺北市文山區", "Name": "興德國小", "Capacty": 30.0, "shltr_d": 182, "name_1": "臺北市立萬芳醫院-委託臺北醫學大學辦理", "name_2": "國立臺灣大學醫學院附設醫院癌醫中心分院", "name_3": "臺北市立聯合醫院附設大安門診部", "dstn__1": 775.64762165834975, "dstn__2": 1578.4911413170373, "dstn__3": 2297.1511940268547 }, "geometry": { "type": "Point", "coordinates": [ 121.5508, 25.0017 ] } },
{ "type": "Feature", "properties": { "Distrct": "新北市深坑區", "Name": "深坑國中", "Capacty": 304.0, "shltr_d": 183, "name_1": "臺北市立聯合醫院附設政大門診部", "name_2": "臺北市立聯合醫院附設信義門診部", "name_3": "臺北市立聯合醫院附設南港門診部", "dstn__1": 4496.5168485003705, "dstn__2": 5431.0688316296109, "dstn__3": 5966.5911584415126 }, "geometry": { "type": "Point", "coordinates": [ 121.6183, 25.0017 ] } },
{ "type": "Feature", "properties": { "Distrct": "新北市深坑區", "Name": "深坑國小", "Capacty": 632.0, "shltr_d": 184, "name_1": "臺北市立聯合醫院附設政大門診部", "name_2": "臺北市立聯合醫院附設信義門診部", "name_3": "臺北市立萬芳醫院-委託臺北醫學大學辦理", "dstn__1": 4368.2062392293838, "dstn__2": 5330.6563235488265, "dstn__3": 5914.5486103207477 }, "geometry": { "type": "Point", "coordinates": [ 121.6169, 25.0018 ] } },
{ "type": "Feature", "properties": { "Distrct": "臺北市文山區", "Name": "萬芳國小", "Capacty": 135.0, "shltr_d": 185, "name_1": "臺北市立萬芳醫院-委託臺北醫學大學辦理", "name_2": "臺北市立聯合醫院附設政大門診部", "name_3": "國立臺灣大學醫學院附設醫院癌醫中心分院", "dstn__1": 922.4800155613674, "dstn__2": 1835.441364780057, "dstn__3": 2741.7986539791473 }, "geometry": { "type": "Point", "coordinates": [ 121.5673, 25.0019 ] } },
{ "type": "Feature", "properties": { "Distrct": "新北市樹林區", "Name": "武林國小", "Capacty": 822.0, "shltr_d": 186, "name_1": "仁愛醫院", "name_2": "新泰綜合醫院", "name_3": "恩樺醫院", "dstn__1": 1710.044610005089, "dstn__2": 2883.0159536679889, "dstn__3": 3570.3419855148099 }, "geometry": { "type": "Point", "coordinates": [ 121.415438, 25.002028 ] } },
{ "type": "Feature", "properties": { "Distrct": "臺北市文山區", "Name": "博嘉國小", "Capacty": 30.0, "shltr_d": 187, "name_1": "臺北市立聯合醫院附設政大門診部", "name_2": "臺北市立萬芳醫院-委託臺北醫學大學辦理", "name_3": "臺北醫學大學附設醫院", "dstn__1": 1605.5980592733144, "dstn__2": 1774.6050648968996, "dstn__3": 3020.2257524536008 }, "geometry": { "type": "Point", "coordinates": [ 121.5758, 25.0021 ] } },
{ "type": "Feature", "properties": { "Distrct": "新北市板橋區", "Name": "中山國小", "Capacty": 1136.0, "shltr_d": 188, "name_1": "蕭中正醫院", "name_2": "恩樺醫院", "name_3": "板橋中興醫院", "dstn__1": 1014.8123206263344, "dstn__2": 1235.7832488873273, "dstn__3": 1271.5310383510482 }, "geometry": { "type": "Point", "coordinates": [ 121.4477, 25.0023 ] } },
{ "type": "Feature", "properties": { "Distrct": "臺北市文山區", "Name": "興隆國小", "Capacty": 133.0, "shltr_d": 189, "name_1": "臺北市立萬芳醫院-委託臺北醫學大學辦理", "name_2": "國立臺灣大學醫學院附設醫院癌醫中心分院", "name_3": "臺北市立聯合醫院附設大安門診部", "dstn__1": 689.27653468905714, "dstn__2": 1563.47991875909, "dstn__3": 2258.2218889158157 }, "geometry": { "type": "Point", "coordinates": [ 121.5519, 25.0024 ] } },
{ "type": "Feature", "properties": { "Distrct": "新北市深坑區", "Name": "深坑市民活動中心", "Capacty": 36.0, "shltr_d": 190, "name_1": "臺北市立聯合醫院附設政大門診部", "name_2": "臺北市立聯合醫院附設信義門診部", "name_3": "臺北市立萬芳醫院-委託臺北醫學大學辦理", "dstn__1": 4191.6074720126335, "dstn__2": 5129.7373009991834, "dstn__3": 5695.3270937702373 }, "geometry": { "type": "Point", "coordinates": [ 121.6147, 25.0025 ] } },
{ "type": "Feature", "properties": { "Distrct": "新北市深坑區", "Name": "深坑區公所", "Capacty": 100.0, "shltr_d": 191, "name_1": "臺北市立聯合醫院附設政大門診部", "name_2": "臺北市立聯合醫院附設信義門診部", "name_3": "臺北市立萬芳醫院-委託臺北醫學大學辦理", "dstn__1": 4312.5778336586236, "dstn__2": 5212.870703288495, "dstn__3": 5826.4370455121352 }, "geometry": { "type": "Point", "coordinates": [ 121.616, 25.0025 ] } },
{ "type": "Feature", "properties": { "Distrct": "新北市中和區", "Name": "漳和國中", "Capacty": 1067.0, "shltr_d": 192, "name_1": "中祥醫院", "name_2": "永和復康醫院", "name_3": "怡和醫院", "dstn__1": 352.19684944851952, "dstn__2": 673.89597666859754, "dstn__3": 711.76998137481166 }, "geometry": { "type": "Point", "coordinates": [ 121.5055, 25.0027 ] } },
{ "type": "Feature", "properties": { "Distrct": "臺北市文山區", "Name": "興德里營區", "Capacty": 200.0, "shltr_d": 193, "name_1": "臺北市立萬芳醫院-委託臺北醫學大學辦理", "name_2": "國立臺灣大學醫學院附設醫院癌醫中心分院", "name_3": "臺北市立聯合醫院附設大安門診部", "dstn__1": 312.98860739361282, "dstn__2": 1849.469969869989, "dstn__3": 2438.8923784620515 }, "geometry": { "type": "Point", "coordinates": [ 121.5571, 25.0029 ] } },
{ "type": "Feature", "properties": { "Distrct": "新北市板橋區", "Name": "後埔國小", "Capacty": 703.0, "shltr_d": 194, "name_1": "板橋中興醫院", "name_2": "蕭中正醫院", "name_3": "板新醫院", "dstn__1": 283.18459691163235, "dstn__2": 747.68294701752643, "dstn__3": 1630.3277875169865 }, "geometry": { "type": "Point", "coordinates": [ 121.4627, 25.0033 ] } },
{ "type": "Feature", "properties": { "Distrct": "新北市永和區", "Name": "復興商工", "Capacty": 827.0, "shltr_d": 195, "name_1": "永和復康醫院", "name_2": "天主教耕莘醫療財團法人永和耕莘醫院", "name_3": "中祥醫院", "dstn__1": 664.25247049511665, "dstn__2": 930.50062350320343, "dstn__3": 1669.4549094216527 }, "geometry": { "type": "Point", "coordinates": [ 121.5186, 25.0035 ] } },
{ "type": "Feature", "properties": { "Distrct": "新北市永和區", "Name": "永和國小", "Capacty": 1329.0, "shltr_d": 196, "name_1": "永和復康醫院", "name_2": "天主教耕莘醫療財團法人永和耕莘醫院", "name_3": "中祥醫院", "dstn__1": 502.37035900661016, "dstn__2": 920.69068466501437, "dstn__3": 1508.2187383296032 }, "geometry": { "type": "Point", "coordinates": [ 121.517, 25.0036 ] } },
{ "type": "Feature", "properties": { "Distrct": "臺北市文山區", "Name": "武功國小", "Capacty": 50.0, "shltr_d": 197, "name_1": "國立臺灣大學醫學院附設醫院癌醫中心分院", "name_2": "臺北市立萬芳醫院-委託臺北醫學大學辦理", "name_3": "臺北市立聯合醫院附設大安門診部", "dstn__1": 1223.2735912752844, "dstn__2": 1843.3196047724241, "dstn__3": 1994.9479788215115 }, "geometry": { "type": "Point", "coordinates": [ 121.5405, 25.0039 ] } },
{ "type": "Feature", "properties": { "Distrct": "新北市永和區", "Name": "福和國中", "Capacty": 1401.0, "shltr_d": 198, "name_1": "永和復康醫院", "name_2": "天主教耕莘醫療財團法人永和耕莘醫院", "name_3": "中祥醫院", "dstn__1": 894.67870138758303, "dstn__2": 924.27633556209423, "dstn__3": 1903.2012594666176 }, "geometry": { "type": "Point", "coordinates": [ 121.5209, 25.004 ] } },
{ "type": "Feature", "properties": { "Distrct": "新北市深坑區", "Name": "東南科技大學", "Capacty": 916.0, "shltr_d": 199, "name_1": "臺北市立聯合醫院附設政大門診部", "name_2": "臺北市立聯合醫院附設信義門診部", "name_3": "臺北市立萬芳醫院-委託臺北醫學大學辦理", "dstn__1": 3397.8767972442538, "dstn__2": 4383.1114285326503, "dstn__3": 4702.5823842500049 }, "geometry": { "type": "Point", "coordinates": [ 121.6047, 25.0044 ] } },
{ "type": "Feature", "properties": { "Distrct": "新北市板橋區", "Name": "忠孝國中", "Capacty": 191.0, "shltr_d": 200, "name_1": "板橋中興醫院", "name_2": "蕭中正醫院", "name_3": "板新醫院", "dstn__1": 338.29564991312344, "dstn__2": 571.52631057602434, "dstn__3": 1434.6202108492603 }, "geometry": { "type": "Point", "coordinates": [ 121.4616, 25.0048 ] } },
{ "type": "Feature", "properties": { "Distrct": "臺北市文山區", "Name": "萬福國小", "Capacty": 32.0, "shltr_d": 201, "name_1": "國立臺灣大學醫學院附設醫院癌醫中心分院", "name_2": "臺北市立聯合醫院附設大安門診部", "name_3": "天主教耕莘醫療財團法人永和耕莘醫院", "dstn__1": 1297.6816942776243, "dstn__2": 2010.1384340865282, "dstn__3": 2055.8728932769259 }, "geometry": { "type": "Point", "coordinates": [ 121.5367, 25.0048 ] } },
{ "type": "Feature", "properties": { "Distrct": "臺北市文山區", "Name": "興福國中", "Capacty": 300.0, "shltr_d": 202, "name_1": "臺北市立萬芳醫院-委託臺北醫學大學辦理", "name_2": "國立臺灣大學醫學院附設醫院癌醫中心分院", "name_3": "臺北市立聯合醫院附設大安門診部", "dstn__1": 1008.8700197501749, "dstn__2": 1212.6568539108328, "dstn__3": 1925.7581273235664 }, "geometry": { "type": "Point", "coordinates": [ 121.5497, 25.0049 ] } },
{ "type": "Feature", "properties": { "Distrct": "新北市深坑區", "Name": "昇高市民活動中心", "Capacty": 87.0, "shltr_d": 203, "name_1": "臺北市立聯合醫院附設政大門診部", "name_2": "臺北市立聯合醫院附設南港門診部", "name_3": "臺北市立聯合醫院附設信義門診部", "dstn__1": 5604.1822981567148, "dstn__2": 5926.5694855180282, "dstn__3": 5943.7527364817988 }, "geometry": { "type": "Point", "coordinates": [ 121.6287, 25.0049 ] } },
{ "type": "Feature", "properties": { "Distrct": "新北市板橋區", "Name": "實踐國小", "Capacty": 1018.0, "shltr_d": 204, "name_1": "板橋中興醫院", "name_2": "蕭中正醫院", "name_3": "蕙生醫院", "dstn__1": 701.00790369906929, "dstn__2": 1029.0750208585957, "dstn__3": 1466.8345772224523 }, "geometry": { "type": "Point", "coordinates": [ 121.4664, 25.005 ] } },
{ "type": "Feature", "properties": { "Distrct": "新北市平溪區", "Name": "東勢市民活動中心", "Capacty": 25.0, "shltr_d": 205, "name_1": "國泰醫療財團法人汐止國泰綜合醫院", "name_2": "瑞芳礦工醫院", "name_3": "臺北市立聯合醫院附設南港門診部", "dstn__1": 11754.055789082882, "dstn__2": 12572.181577110494, "dstn__3": 15529.947262597807 }, "geometry": { "type": "Point", "coordinates": [ 121.7508, 25.0052 ] } },
{ "type": "Feature", "properties": { "Distrct": "新北市平溪區", "Name": "嶺腳市民活動中心", "Capacty": 47.0, "shltr_d": 206, "name_1": "國泰醫療財團法人汐止國泰綜合醫院", "name_2": "瑞芳礦工醫院", "name_3": "臺北市立聯合醫院附設南港門診部", "dstn__1": 11754.055789082882, "dstn__2": 12572.181577110494, "dstn__3": 15529.947262597807 }, "geometry": { "type": "Point", "coordinates": [ 121.7508, 25.0052 ] } },
{ "type": "Feature", "properties": { "Distrct": "新北市新店區", "Name": "直潭派出所", "Capacty": 75.0, "shltr_d": 207, "name_1": "蕭中正醫院", "name_2": "板橋中興醫院", "name_3": "板新醫院", "dstn__1": 104.58799959572727, "dstn__2": 575.80124340178111, "dstn__3": 1210.4502391937099 }, "geometry": { "type": "Point", "coordinates": [ 121.456585, 25.005939 ] } },
{ "type": "Feature", "properties": { "Distrct": "新北市中和區", "Name": "山北市民活動中心", "Capacty": 92.0, "shltr_d": 208, "name_1": "中祥醫院", "name_2": "怡和醫院", "name_3": "永和復康醫院", "dstn__1": 319.21378720201778, "dstn__2": 561.94218007053098, "dstn__3": 1080.3942190622122 }, "geometry": { "type": "Point", "coordinates": [ 121.5016, 25.0061 ] } },
{ "type": "Feature", "properties": { "Distrct": "臺北市文山區", "Name": "辛亥國小", "Capacty": 30.0, "shltr_d": 209, "name_1": "臺北市立萬芳醫院-委託臺北醫學大學辦理", "name_2": "國立臺灣大學醫學院附設醫院癌醫中心分院", "name_3": "臺北市立聯合醫院附設大安門診部", "dstn__1": 664.12273714475702, "dstn__2": 1729.4287424430911, "dstn__3": 2217.4457841381518 }, "geometry": { "type": "Point", "coordinates": [ 121.5585, 25.0063 ] } },
{ "type": "Feature", "properties": { "Distrct": "新北市樹林區", "Name": "三多國中", "Capacty": 847.0, "shltr_d": 210, "name_1": "仁愛醫院", "name_2": "新泰綜合醫院", "name_3": "財團法人台灣省私立台北仁濟院附設新莊仁濟醫院", "dstn__1": 2199.3438773001358, "dstn__2": 2597.2572762988539, "dstn__3": 3617.1392442549873 }, "geometry": { "type": "Point", "coordinates": [ 121.414672, 25.006414 ] } },
{ "type": "Feature", "properties": { "Distrct": "新北市永和區", "Name": "永和國中", "Capacty": 1109.0, "shltr_d": 211, "name_1": "天主教耕莘醫療財團法人永和耕莘醫院", "name_2": "永和復康醫院", "name_3": "中祥醫院", "dstn__1": 793.04485800142959, "dstn__2": 1177.3802123887233, "dstn__3": 2177.4283228734948 }, "geometry": { "type": "Point", "coordinates": [ 121.5233, 25.0067 ] } },
{ "type": "Feature", "properties": { "Distrct": "新北市永和區", "Name": "育才國小", "Capacty": 207.0, "shltr_d": 212, "name_1": "天主教耕莘醫療財團法人永和耕莘醫院", "name_2": "永和復康醫院", "name_3": "中祥醫院", "dstn__1": 649.17736840225155, "dstn__2": 1026.9268761905275, "dstn__3": 2017.6183657229633 }, "geometry": { "type": "Point", "coordinates": [ 121.5216, 25.0071 ] } },
{ "type": "Feature", "properties": { "Distrct": "新北市石碇區", "Name": "永定國小", "Capacty": 330.0, "shltr_d": 213, "name_1": "國泰醫療財團法人汐止國泰綜合醫院", "name_2": "臺北市立聯合醫院附設南港門診部", "name_3": "康寧醫療財團法人康寧醫院", "dstn__1": 7702.7475856976853, "dstn__2": 9696.1228498969813, "dstn__3": 10995.277954454294 }, "geometry": { "type": "Point", "coordinates": [ 121.688, 25.0078 ] } },
{ "type": "Feature", "properties": { "Distrct": "新北市永和區", "Name": "永平國小", "Capacty": 943.0, "shltr_d": 214, "name_1": "中祥醫院", "name_2": "永和復康醫院", "name_3": "怡和醫院", "dstn__1": 650.724484119198, "dstn__2": 788.54113567024274, "dstn__3": 1000.8021260168763 }, "geometry": { "type": "Point", "coordinates": [ 121.5057, 25.0081 ] } },
{ "type": "Feature", "properties": { "Distrct": "新北市板橋區", "Name": "大觀國小", "Capacty": 1784.0, "shltr_d": 215, "name_1": "蕭中正醫院", "name_2": "板新醫院", "name_3": "板橋中興醫院", "dstn__1": 743.14088912295813, "dstn__2": 1164.8365157040339, "dstn__3": 1329.4478647928504 }, "geometry": { "type": "Point", "coordinates": [ 121.4493, 25.0086 ] } },
{ "type": "Feature", "properties": { "Distrct": "新北市深坑區", "Name": "土庫第1市民活動中心", "Capacty": 100.0, "shltr_d": 216, "name_1": "臺北市立聯合醫院附設南港門診部", "name_2": "臺北市立聯合醫院附設信義門診部", "name_3": "臺北市立聯合醫院附設政大門診部", "dstn__1": 5676.5844592536241, "dstn__2": 6106.3984107748465, "dstn__3": 6365.2243765165349 }, "geometry": { "type": "Point", "coordinates": [ 121.6346, 25.01 ] } },
{ "type": "Feature", "properties": { "Distrct": "新北市石碇區", "Name": "石碇綜合活動大樓", "Capacty": 200.0, "shltr_d": 217, "name_1": "臺北市立聯合醫院附設南港門診部", "name_2": "臺北市立聯合醫院附設信義門診部", "name_3": "臺北市立聯合醫院附設政大門診部", "dstn__1": 6089.7565939695351, "dstn__2": 6777.4600961303458, "dstn__3": 7091.485211627526 }, "geometry": { "type": "Point", "coordinates": [ 121.6423, 25.0101 ] } },
{ "type": "Feature", "properties": { "Distrct": "新北市板橋區", "Name": "海山高中", "Capacty": 2122.0, "shltr_d": 218, "name_1": "中英醫療社團法人板英醫院", "name_2": "蕙生醫院", "name_3": "中英醫療社團法人中英醫院", "dstn__1": 1117.10920046713, "dstn__2": 1140.8460060958964, "dstn__3": 1174.7946610127271 }, "geometry": { "type": "Point", "coordinates": [ 121.4709, 25.0102 ] } },
{ "type": "Feature", "properties": { "Distrct": "新北市板橋區", "Name": "板橋國小", "Capacty": 641.0, "shltr_d": 219, "name_1": "蕭中正醫院", "name_2": "板新醫院", "name_3": "板橋中興醫院", "dstn__1": 471.15081883305464, "dstn__2": 695.16103371446263, "dstn__3": 998.64583409946215 }, "geometry": { "type": "Point", "coordinates": [ 121.4582, 25.0108 ] } },
{ "type": "Feature", "properties": { "Distrct": "新北市永和區", "Name": "永平高中", "Capacty": 5315.0, "shltr_d": 220, "name_1": "永和復康醫院", "name_2": "天主教耕莘醫療財團法人永和耕莘醫院", "name_3": "中祥醫院", "dstn__1": 835.64041987330734, "dstn__2": 943.14464799734162, "dstn__3": 1065.2909051222155 }, "geometry": { "type": "Point", "coordinates": [ 121.5086, 25.0108 ] } },
{ "type": "Feature", "properties": { "Distrct": "新北市板橋區", "Name": "大觀國中", "Capacty": 1611.0, "shltr_d": 221, "name_1": "蕭中正醫院", "name_2": "板新醫院", "name_3": "板橋中興醫院", "dstn__1": 931.6744803840661, "dstn__2": 1017.4495579156461, "dstn__3": 1567.7639339756038 }, "geometry": { "type": "Point", "coordinates": [ 121.4485, 25.0112 ] } },
{ "type": "Feature", "properties": { "Distrct": "臺北市大安區", "Name": "民族國中", "Capacty": 139.0, "shltr_d": 222, "name_1": "國立臺灣大學醫學院附設醫院癌醫中心分院", "name_2": "臺北市立聯合醫院附設大安門診部", "name_3": "天主教耕莘醫療財團法人永和耕莘醫院", "dstn__1": 632.42658600987124, "dstn__2": 1276.1674116662318, "dstn__3": 2113.9202787894637 }, "geometry": { "type": "Point", "coordinates": [ 121.5388, 25.0112 ] } },
{ "type": "Feature", "properties": { "Distrct": "臺北市大安區", "Name": "臺北市大安運動中心", "Capacty": 389.0, "shltr_d": 223, "name_1": "國立臺灣大學醫學院附設醫院癌醫中心分院", "name_2": "臺北市立聯合醫院附設大安門診部", "name_3": "天主教耕莘醫療財團法人永和耕莘醫院", "dstn__1": 632.42658600987124, "dstn__2": 1276.1674116662318, "dstn__3": 2113.9202787894637 }, "geometry": { "type": "Point", "coordinates": [ 121.5388, 25.0112 ] } },
{ "type": "Feature", "properties": { "Distrct": "新北市板橋區", "Name": "板橋高中", "Capacty": 1136.0, "shltr_d": 224, "name_1": "蕭中正醫院", "name_2": "板新醫院", "name_3": "中英醫療社團法人板英醫院", "dstn__1": 599.76479873050073, "dstn__2": 632.33691482387553, "dstn__3": 939.44391260053931 }, "geometry": { "type": "Point", "coordinates": [ 121.4591, 25.0117 ] } },
{ "type": "Feature", "properties": { "Distrct": "臺中市大甲區", "Name": "大甲高中活動中心", "Capacty": 598.0, "shltr_d": 225, "name_1": "中英醫療社團法人板英醫院", "name_2": "中英醫療社團法人中英醫院", "name_3": "板新醫院", "dstn__1": 723.97672763122716, "dstn__2": 882.07587222173277, "dstn__3": 1057.7544721119407 }, "geometry": { "type": "Point", "coordinates": [ 121.465467, 25.012024 ] } },
{ "type": "Feature", "properties": { "Distrct": "臺北市大安區", "Name": "公館國小", "Capacty": 50.0, "shltr_d": 226, "name_1": "國立臺灣大學醫學院附設醫院癌醫中心分院", "name_2": "臺北市立聯合醫院附設大安門診部", "name_3": "臺北市立萬芳醫院-委託臺北醫學大學辦理", "dstn__1": 253.80888735609551, "dstn__2": 1026.0023939437576, "dstn__3": 2054.3375110208699 }, "geometry": { "type": "Point", "coordinates": [ 121.5429, 25.0124 ] } },
{ "type": "Feature", "properties": { "Distrct": "新北市石碇區", "Name": "石碇高中", "Capacty": 963.0, "shltr_d": 227, "name_1": "臺北市立聯合醫院附設南港門診部", "name_2": "臺北市立聯合醫院附設信義門診部", "name_3": "國泰醫療財團法人汐止國泰綜合醫院", "dstn__1": 5878.031722153567, "dstn__2": 6675.3885147029641, "dstn__3": 6921.2731262776633 }, "geometry": { "type": "Point", "coordinates": [ 121.6426, 25.0127 ] } },
{ "type": "Feature", "properties": { "Distrct": "新北市永和區", "Name": "網溪國小", "Capacty": 853.0, "shltr_d": 228, "name_1": "天主教耕莘醫療財團法人永和耕莘醫院", "name_2": "永和復康醫院", "name_3": "同仁院醫療財團法人萬華醫院", "dstn__1": 183.73070115823617, "dstn__2": 1234.1793200555926, "dstn__3": 1561.9438710162658 }, "geometry": { "type": "Point", "coordinates": [ 121.5193, 25.0129 ] } },
{ "type": "Feature", "properties": { "Distrct": "新北市板橋區", "Name": "民生公園市民活動中心", "Capacty": 292.0, "shltr_d": 229, "name_1": "蕙生醫院", "name_2": "中英醫療社團法人中英醫院", "name_3": "中英醫療社團法人板英醫院", "dstn__1": 1005.0315536898607, "dstn__2": 1264.3255643443956, "dstn__3": 1338.3676566102608 }, "geometry": { "type": "Point", "coordinates": [ 121.4768, 25.0137 ] } },
{ "type": "Feature", "properties": { "Distrct": "臺北市中正區", "Name": "臺北市中正運動中心", "Capacty": 250.0, "shltr_d": 230, "name_1": "國立臺灣大學醫學院附設醫院癌醫中心分院", "name_2": "臺北市立聯合醫院附設大安門診部", "name_3": "天主教耕莘醫療財團法人永和耕莘醫院", "dstn__1": 904.26183337837972, "dstn__2": 1281.2718664183674, "dstn__3": 1740.8202030343066 }, "geometry": { "type": "Point", "coordinates": [ 121.535, 25.0137 ] } },
{ "type": "Feature", "properties": { "Distrct": "臺北市大安區", "Name": "銘傳國小", "Capacty": 161.0, "shltr_d": 231, "name_1": "國立臺灣大學醫學院附設醫院癌醫中心分院", "name_2": "臺北市立聯合醫院附設大安門診部", "name_3": "天主教耕莘醫療財團法人永和耕莘醫院", "dstn__1": 880.37651373515507, "dstn__2": 1229.0743042649558, "dstn__3": 1768.0850884670338 }, "geometry": { "type": "Point", "coordinates": [ 121.5352, 25.0142 ] } },
{ "type": "Feature", "properties": { "Distrct": "新北市永和區", "Name": "竹林小學", "Capacty": 58.0, "shltr_d": 232, "name_1": "天主教耕莘醫療財團法人永和耕莘醫院", "name_2": "永和復康醫院", "name_3": "同仁院醫療財團法人萬華醫院", "dstn__1": 296.47366454909894, "dstn__2": 1285.019189101901, "dstn__3": 1299.2383446602739 }, "geometry": { "type": "Point", "coordinates": [ 121.5173, 25.0145 ] } },
{ "type": "Feature", "properties": { "Distrct": "新北市中和區", "Name": "光復國小", "Capacty": 855.0, "shltr_d": 233, "name_1": "蕙生醫院", "name_2": "臺北市立聯合醫院附設萬華門診部", "name_3": "中英醫療社團法人中英醫院", "dstn__1": 1055.6403289126208, "dstn__2": 1750.991101483768, "dstn__3": 1768.1692391994882 }, "geometry": { "type": "Point", "coordinates": [ 121.4829, 25.0148 ] } },
{ "type": "Feature", "properties": { "Distrct": "新北市雙溪區", "Name": "柑林國小", "Capacty": 133.0, "shltr_d": 234, "name_1": "瑞芳礦工醫院", "name_2": "國泰醫療財團法人汐止國泰綜合醫院", "name_3": "臺北市立聯合醫院附設南港門診部", "dstn__1": 10356.891694731528, "dstn__2": 15827.945212988721, "dstn__3": 20433.069910443373 }, "geometry": { "type": "Point", "coordinates": [ 121.804558, 25.01513 ] } },
{ "type": "Feature", "properties": { "Distrct": "新北市貢寮區", "Name": "虎子山", "Capacty": 50.0, "shltr_d": 235, "name_1": "瑞芳礦工醫院", "name_2": "國泰醫療財團法人汐止國泰綜合醫院", "name_3": "臺北市立聯合醫院附設南港門診部", "dstn__1": 17691.80511853901, "dstn__2": 29294.465001789515, "dstn__3": 34351.207621279762 }, "geometry": { "type": "Point", "coordinates": [ 121.944391, 25.015188 ] } },
{ "type": "Feature", "properties": { "Distrct": "新北市永和區", "Name": "頂溪國小", "Capacty": 888.0, "shltr_d": 236, "name_1": "天主教耕莘醫療財團法人永和耕莘醫院", "name_2": "同仁院醫療財團法人萬華醫院", "name_3": "永和復康醫院", "dstn__1": 749.48168712644065, "dstn__2": 963.83215292131342, "dstn__3": 1281.5897965389222 }, "geometry": { "type": "Point", "coordinates": [ 121.5116, 25.0155 ] } },
{ "type": "Feature", "properties": { "Distrct": "新北市永和區", "Name": "及人國小", "Capacty": 1041.0, "shltr_d": 237, "name_1": "天主教耕莘醫療財團法人永和耕莘醫院", "name_2": "同仁院醫療財團法人萬華醫院", "name_3": "永和復康醫院", "dstn__1": 728.38279725946563, "dstn__2": 950.57349477696744, "dstn__3": 1302.9896334697767 }, "geometry": { "type": "Point", "coordinates": [ 121.512, 25.0157 ] } },
{ "type": "Feature", "properties": { "Distrct": "新北市雙溪區", "Name": "長源社區活動中心", "Capacty": 172.0, "shltr_d": 238, "name_1": "瑞芳礦工醫院", "name_2": "國泰醫療財團法人汐止國泰綜合醫院", "name_3": "臺北市立聯合醫院附設南港門診部", "dstn__1": 10291.142923624278, "dstn__2": 15640.132772101157, "dstn__3": 20246.230790575992 }, "geometry": { "type": "Point", "coordinates": [ 121.8028, 25.0157 ] } },
{ "type": "Feature", "properties": { "Distrct": "新北市永和區", "Name": "金甌女中", "Capacty": 239.0, "shltr_d": 239, "name_1": "天主教耕莘醫療財團法人永和耕莘醫院", "name_2": "同仁院醫療財團法人萬華醫院", "name_3": "郵政醫院（委託中英醫療社團法人經營）", "dstn__1": 458.18681847368572, "dstn__2": 1322.6436069373065, "dstn__3": 1435.5581834349778 }, "geometry": { "type": "Point", "coordinates": [ 121.5193, 25.0158 ] } },
{ "type": "Feature", "properties": { "Distrct": "新北市貢寮區", "Name": "福連國小", "Capacty": 300.0, "shltr_d": 240, "name_1": "瑞芳礦工醫院", "name_2": "國泰醫療財團法人汐止國泰綜合醫院", "name_3": "臺北市立聯合醫院附設南港門診部", "dstn__1": 21432.960234949922, "dstn__2": 33661.097900092456, "dstn__3": 38788.47724975404 }, "geometry": { "type": "Point", "coordinates": [ 121.9888, 25.0162 ] } },
{ "type": "Feature", "properties": { "Distrct": "新北市貢寮區", "Name": "貢寮國中", "Capacty": 661.0, "shltr_d": 241, "name_1": "瑞芳礦工醫院", "name_2": "國泰醫療財團法人汐止國泰綜合醫院", "name_3": "臺北市立聯合醫院附設南港門診部", "dstn__1": 14710.762348545404, "dstn__2": 25601.75043850108, "dstn__3": 30602.87710473227 }, "geometry": { "type": "Point", "coordinates": [ 121.9071, 25.0164 ] } },
{ "type": "Feature", "properties": { "Distrct": "新北市樹林區", "Name": "三多國小", "Capacty": 807.0, "shltr_d": 242, "name_1": "新泰綜合醫院", "name_2": "仁愛醫院", "name_3": "財團法人台灣省私立台北仁濟院附設新莊仁濟醫院", "dstn__1": 2918.8074380806997, "dstn__2": 3563.7455414548745, "dstn__3": 3880.7939697612987 }, "geometry": { "type": "Point", "coordinates": [ 121.4059, 25.016651 ] } },
{ "type": "Feature", "properties": { "Distrct": "新北市板橋區", "Name": "光復高中", "Capacty": 416.0, "shltr_d": 243, "name_1": "蕙生醫院", "name_2": "臺北市立聯合醫院附設萬華門診部", "name_3": "中英醫療社團法人中英醫院", "dstn__1": 1272.3268565737865, "dstn__2": 1653.4854486367865, "dstn__3": 1699.7198712281936 }, "geometry": { "type": "Point", "coordinates": [ 121.4828, 25.0168 ] } },
{ "type": "Feature", "properties": { "Distrct": "新北市永和區", "Name": "忠孝市民活動中心", "Capacty": 85.0, "shltr_d": 244, "name_1": "天主教耕莘醫療財團法人永和耕莘醫院", "name_2": "同仁院醫療財團法人萬華醫院", "name_3": "郵政醫院（委託中英醫療社團法人經營）", "dstn__1": 614.13228615412652, "dstn__2": 965.64760411067618, "dstn__3": 1356.5024158992594 }, "geometry": { "type": "Point", "coordinates": [ 121.5153, 25.0169 ] } },
{ "type": "Feature", "properties": { "Distrct": "新北市貢寮區", "Name": "福隆國小", "Capacty": 430.0, "shltr_d": 245, "name_1": "瑞芳礦工醫院", "name_2": "國泰醫療財團法人汐止國泰綜合醫院", "name_3": "臺北市立聯合醫院附設南港門診部", "dstn__1": 17925.554706208557, "dstn__2": 29673.954189589029, "dstn__3": 34756.448481755127 }, "geometry": { "type": "Point", "coordinates": [ 121.9487, 25.0171 ] } },
{ "type": "Feature", "properties": { "Distrct": "新北市新莊區", "Name": "丹鳳國小", "Capacty": 297.0, "shltr_d": 246, "name_1": "新泰綜合醫院", "name_2": "財團法人台灣省私立台北仁濟院附設新莊仁濟醫院", "name_3": "板新醫院", "dstn__1": 978.91125567169809, "dstn__2": 1999.7571234202892, "dstn__3": 3102.7504772487146 }, "geometry": { "type": "Point", "coordinates": [ 121.4257, 25.0175 ] } },
{ "type": "Feature", "properties": { "Distrct": "新北市板橋區", "Name": "光復國小", "Capacty": 855.0, "shltr_d": 247, "name_1": "蕙生醫院", "name_2": "臺北市立聯合醫院附設萬華門診部", "name_3": "西園醫療社團法人西園醫院", "dstn__1": 1392.89017831866, "dstn__2": 1501.8832678327708, "dstn__3": 1561.5444092385153 }, "geometry": { "type": "Point", "coordinates": [ 121.484, 25.0177 ] } },
{ "type": "Feature", "properties": { "Distrct": "新北市貢寮區", "Name": "靈鷲山無生道場", "Capacty": 100.0, "shltr_d": 248, "name_1": "瑞芳礦工醫院", "name_2": "國泰醫療財團法人汐止國泰綜合醫院", "name_3": "臺北市立聯合醫院附設南港門診部", "dstn__1": 19953.596780346219, "dstn__2": 32053.80015765459, "dstn__3": 37175.030613085255 }, "geometry": { "type": "Point", "coordinates": [ 121.9729, 25.0177 ] } },
{ "type": "Feature", "properties": { "Distrct": "新北市板橋區", "Name": "埔墘國小", "Capacty": 628.0, "shltr_d": 249, "name_1": "中英醫療社團法人中英醫院", "name_2": "中英醫療社團法人板英醫院", "name_3": "蕙生醫院", "dstn__1": 811.73488352323659, "dstn__2": 956.02866665650572, "dstn__3": 1562.1817045053674 }, "geometry": { "type": "Point", "coordinates": [ 121.4741, 25.0181 ] } },
{ "type": "Feature", "properties": { "Distrct": "新北市貢寮區", "Name": "福隆青少年活動中心", "Capacty": 403.0, "shltr_d": 250, "name_1": "瑞芳礦工醫院", "name_2": "國泰醫療財團法人汐止國泰綜合醫院", "name_3": "臺北市立聯合醫院附設南港門診部", "dstn__1": 17594.479083805953, "dstn__2": 29347.818488632216, "dstn__3": 34438.653011744122 }, "geometry": { "type": "Point", "coordinates": [ 121.9457, 25.0184 ] } },
{ "type": "Feature", "properties": { "Distrct": "新北市板橋區", "Name": "中山國中", "Capacty": 2280.0, "shltr_d": 251, "name_1": "中英醫療社團法人中英醫院", "name_2": "中英醫療社團法人板英醫院", "name_3": "板新醫院", "dstn__1": 206.24023453265204, "dstn__2": 298.88940433376234, "dstn__3": 1141.3797210000403 }, "geometry": { "type": "Point", "coordinates": [ 121.4676, 25.0185 ] } },
{ "type": "Feature", "properties": { "Distrct": "新北市雙溪區", "Name": "外柑市民活動中心", "Capacty": 72.0, "shltr_d": 252, "name_1": "瑞芳礦工醫院", "name_2": "國泰醫療財團法人汐止國泰綜合醫院", "name_3": "臺北市立聯合醫院附設南港門診部", "dstn__1": 9995.1470304712093, "dstn__2": 15983.783242619696, "dstn__3": 20678.287982229827 }, "geometry": { "type": "Point", "coordinates": [ 121.807814, 25.018517 ] } },
{ "type": "Feature", "properties": { "Distrct": "臺北市大安區", "Name": "芳和國中", "Capacty": 30.0, "shltr_d": 253, "name_1": "臺北市立聯合醫院附設大安門診部", "name_2": "國立臺灣大學醫學院附設醫院癌醫中心分院", "name_3": "臺北醫學大學附設醫院", "dstn__1": 684.27001741232084, "dstn__2": 794.96580372041024, "dstn__3": 1529.2041212973199 }, "geometry": { "type": "Point", "coordinates": [ 121.5503, 25.0187 ] } },
{ "type": "Feature", "properties": { "Distrct": "臺北市中正區", "Name": "螢橋國中", "Capacty": 52.0, "shltr_d": 254, "name_1": "天主教耕莘醫療財團法人永和耕莘醫院", "name_2": "郵政醫院（委託中英醫療社團法人經營）", "name_3": "臺北市立聯合醫院附設中正門診部", "dstn__1": 1175.4876262710945, "dstn__2": 1336.4100929089905, "dstn__3": 1659.517897896453 }, "geometry": { "type": "Point", "coordinates": [ 121.5265, 25.019 ] } },
{ "type": "Feature", "properties": { "Distrct": "新北市板橋區", "Name": "國光國小", "Capacty": 1211.0, "shltr_d": 255, "name_1": "板新醫院", "name_2": "中英醫療社團法人板英醫院", "name_3": "中英醫療社團法人中英醫院", "dstn__1": 422.88292945500228, "dstn__2": 1148.5534982758952, "dstn__3": 1315.2343767695211 }, "geometry": { "type": "Point", "coordinates": [ 121.4533, 25.0194 ] } },
{ "type": "Feature", "properties": { "Distrct": "臺北市大安區", "Name": "大安國小", "Capacty": 60.0, "shltr_d": 256, "name_1": "臺北市立聯合醫院附設大安門診部", "name_2": "國立臺灣大學醫學院附設醫院癌醫中心分院", "name_3": "臺北醫學大學附設醫院", "dstn__1": 582.28476290234312, "dstn__2": 797.68527308836258, "dstn__3": 1540.3933391076907 }, "geometry": { "type": "Point", "coordinates": [ 121.5496, 25.0195 ] } },
{ "type": "Feature", "properties": { "Distrct": "臺北市大安區", "Name": "和平高中", "Capacty": 300.0, "shltr_d": 257, "name_1": "臺北市立聯合醫院附設大安門診部", "name_2": "國立臺灣大學醫學院附設醫院癌醫中心分院", "name_3": "臺北醫學大學附設醫院", "dstn__1": 531.63495417329148, "dstn__2": 770.29383428582469, "dstn__3": 1578.465755578568 }, "geometry": { "type": "Point", "coordinates": [ 121.5491, 25.0196 ] } },
{ "type": "Feature", "properties": { "Distrct": "新北市板橋區", "Name": "板橋莊敬市民活動中心", "Capacty": 188.0, "shltr_d": 258, "name_1": "中英醫療社團法人中英醫院", "name_2": "中英醫療社團法人板英醫院", "name_3": "板新醫院", "dstn__1": 453.23551282156382, "dstn__2": 635.51851660447255, "dstn__3": 1483.4925274370848 }, "geometry": { "type": "Point", "coordinates": [ 121.4708, 25.0197 ] } },
{ "type": "Feature", "properties": { "Distrct": "新北市貢寮區", "Name": "貢寮市民活動中心", "Capacty": 176.0, "shltr_d": 259, "name_1": "瑞芳礦工醫院", "name_2": "國泰醫療財團法人汐止國泰綜合醫院", "name_3": "臺北市立聯合醫院附設南港門診部", "dstn__1": 14421.228169860437, "dstn__2": 25530.966995941344, "dstn__3": 30581.693889674014 }, "geometry": { "type": "Point", "coordinates": [ 121.9075, 25.0206 ] } },
{ "type": "Feature", "properties": { "Distrct": "臺北市大安區", "Name": "古亭國小", "Capacty": 62.0, "shltr_d": 260, "name_1": "郵政醫院（委託中英醫療社團法人經營）", "name_2": "天主教耕莘醫療財團法人永和耕莘醫院", "name_3": "臺北市立聯合醫院附設大安門診部", "dstn__1": 1331.682154040275, "dstn__2": 1451.5128929032885, "dstn__3": 1597.4696805874314 }, "geometry": { "type": "Point", "coordinates": [ 121.5285, 25.0207 ] } },
{ "type": "Feature", "properties": { "Distrct": "新北市新莊區", "Name": "四維市民活動中心", "Capacty": 300.0, "shltr_d": 261, "name_1": "新泰綜合醫院", "name_2": "財團法人台灣省私立台北仁濟院附設新莊仁濟醫院", "name_3": "大順醫院", "dstn__1": 1261.1061883536904, "dstn__2": 2197.510171044471, "dstn__3": 3373.3287418893251 }, "geometry": { "type": "Point", "coordinates": [ 121.421825, 25.021171 ] } },
{ "type": "Feature", "properties": { "Distrct": "新北市新莊區", "Name": "裕民行政大樓", "Capacty": 300.0, "shltr_d": 262, "name_1": "新泰綜合醫院", "name_2": "財團法人台灣省私立台北仁濟院附設新莊仁濟醫院", "name_3": "仁愛醫院", "dstn__1": 1828.5010979795818, "dstn__2": 2746.3025705659766, "dstn__3": 3789.1859959954536 }, "geometry": { "type": "Point", "coordinates": [ 121.4162, 25.0212 ] } },
{ "type": "Feature", "properties": { "Distrct": "新北市新莊區", "Name": "中平國中", "Capacty": 1384.0, "shltr_d": 263, "name_1": "新泰綜合醫院", "name_2": "財團法人台灣省私立台北仁濟院附設新莊仁濟醫院", "name_3": "大順醫院", "dstn__1": 657.34079879614512, "dstn__2": 1610.1292024904199, "dstn__3": 2832.0183564519148 }, "geometry": { "type": "Point", "coordinates": [ 121.4278, 25.0216 ] } },
{ "type": "Feature", "properties": { "Distrct": "新北市新莊區", "Name": "榮富國小", "Capacty": 2819.0, "shltr_d": 264, "name_1": "新泰綜合醫院", "name_2": "財團法人台灣省私立台北仁濟院附設新莊仁濟醫院", "name_3": "大順醫院", "dstn__1": 1646.8090288470544, "dstn__2": 2552.1477765226559, "dstn__3": 3682.4123848333938 }, "geometry": { "type": "Point", "coordinates": [ 121.418, 25.0219 ] } },
{ "type": "Feature", "properties": { "Distrct": "新北市貢寮區", "Name": "貢寮國小", "Capacty": 633.0, "shltr_d": 265, "name_1": "瑞芳礦工醫院", "name_2": "國泰醫療財團法人汐止國泰綜合醫院", "name_3": "臺北市立聯合醫院附設南港門診部", "dstn__1": 14894.890590611851, "dstn__2": 26244.616009197121, "dstn__3": 31324.619241189765 }, "geometry": { "type": "Point", "coordinates": [ 121.9151, 25.022 ] } },
{ "type": "Feature", "properties": { "Distrct": "臺北市萬華區", "Name": "青年公園", "Capacty": 33756.0, "shltr_d": 266, "name_1": "同仁院醫療財團法人萬華醫院", "name_2": "臺北市立聯合醫院附設萬華門診部", "name_3": "臺北市立聯合醫院附設中正門診部", "dstn__1": 357.76338199496354, "dstn__2": 954.82049538994954, "dstn__3": 1296.4000120304704 }, "geometry": { "type": "Point", "coordinates": [ 121.507, 25.0221 ] } },
{ "type": "Feature", "properties": { "Distrct": "新北市平溪區", "Name": "白石市民活動中心", "Capacty": 49.0, "shltr_d": 267, "name_1": "國泰醫療財團法人汐止國泰綜合醫院", "name_2": "瑞芳礦工醫院", "name_3": "臺北市立聯合醫院附設南港門診部", "dstn__1": 8534.4325607986175, "dstn__2": 12365.543569867659, "dstn__3": 12432.299677957328 }, "geometry": { "type": "Point", "coordinates": [ 121.7247, 25.0221 ] } },
{ "type": "Feature", "properties": { "Distrct": "新北市板橋區", "Name": "文德國小", "Capacty": 1207.0, "shltr_d": 268, "name_1": "板新醫院", "name_2": "中英醫療社團法人板英醫院", "name_3": "中英醫療社團法人中英醫院", "dstn__1": 657.93174802023793, "dstn__2": 760.61363680077341, "dstn__3": 838.04193651323374 }, "geometry": { "type": "Point", "coordinates": [ 121.4585, 25.0225 ] } },
{ "type": "Feature", "properties": { "Distrct": "新北市平溪區", "Name": "薯榔市民活動中心", "Capacty": 61.0, "shltr_d": 269, "name_1": "國泰醫療財團法人汐止國泰綜合醫院", "name_2": "瑞芳礦工醫院", "name_3": "臺北市立聯合醫院附設南港門診部", "dstn__1": 8758.0197535650168, "dstn__2": 12096.866193782205, "dstn__3": 12748.159861973047 }, "geometry": { "type": "Point", "coordinates": [ 121.728154, 25.022689 ] } },
{ "type": "Feature", "properties": { "Distrct": "臺北市萬華區", "Name": "萬大國小", "Capacty": 66.0, "shltr_d": 270, "name_1": "臺北市立聯合醫院附設萬華門診部", "name_2": "西園醫療社團法人西園醫院", "name_3": "同仁院醫療財團法人萬華醫院", "dstn__1": 171.34428884901797, "dstn__2": 680.50417028261427, "dstn__3": 1068.6613377387539 }, "geometry": { "type": "Point", "coordinates": [ 121.4993, 25.023 ] } },
{ "type": "Feature", "properties": { "Distrct": "臺北市萬華區", "Name": "青年公園棒球場", "Capacty": 68.0, "shltr_d": 271, "name_1": "臺北市立聯合醫院附設萬華門診部", "name_2": "西園醫療社團法人西園醫院", "name_3": "同仁院醫療財團法人萬華醫院", "dstn__1": 20.64849798720541, "dstn__2": 584.04400487497082, "dstn__3": 1218.2520126491772 }, "geometry": { "type": "Point", "coordinates": [ 121.4978, 25.0231 ] } },
{ "type": "Feature", "properties": { "Distrct": "臺北市萬華區", "Name": "東園國小", "Capacty": 102.0, "shltr_d": 272, "name_1": "臺北市立聯合醫院附設萬華門診部", "name_2": "西園醫療社團法人西園醫院", "name_3": "同仁院醫療財團法人萬華醫院", "dstn__1": 20.64849798720541, "dstn__2": 584.04400487497082, "dstn__3": 1218.2520126491772 }, "geometry": { "type": "Point", "coordinates": [ 121.4978, 25.0231 ] } },
{ "type": "Feature", "properties": { "Distrct": "臺北市萬華區", "Name": "臺北市萬華運動中心", "Capacty": 226.0, "shltr_d": 273, "name_1": "臺北市立聯合醫院附設萬華門診部", "name_2": "西園醫療社團法人西園醫院", "name_3": "同仁院醫療財團法人萬華醫院", "dstn__1": 20.64849798720541, "dstn__2": 584.04400487497082, "dstn__3": 1218.2520126491772 }, "geometry": { "type": "Point", "coordinates": [ 121.4978, 25.0231 ] } },
{ "type": "Feature", "properties": { "Distrct": "臺北市中正區", "Name": "河堤國小", "Capacty": 30.0, "shltr_d": 274, "name_1": "郵政醫院（委託中英醫療社團法人經營）", "name_2": "臺北市立聯合醫院附設中正門診部", "name_3": "同仁院醫療財團法人萬華醫院", "dstn__1": 729.9305314958101, "dstn__2": 1050.1431622428115, "dstn__3": 1292.6508695260447 }, "geometry": { "type": "Point", "coordinates": [ 121.5226, 25.0232 ] } },
{ "type": "Feature", "properties": { "Distrct": "新北市平溪區", "Name": "菁桐市民活動中心", "Capacty": 104.0, "shltr_d": 275, "name_1": "國泰醫療財團法人汐止國泰綜合醫院", "name_2": "瑞芳礦工醫院", "name_3": "臺北市立聯合醫院附設南港門診部", "dstn__1": 8548.7997584896511, "dstn__2": 12149.702422681796, "dstn__3": 12533.817109036605 }, "geometry": { "type": "Point", "coordinates": [ 121.7262, 25.0235 ] } },
{ "type": "Feature", "properties": { "Distrct": "新北市平溪區", "Name": "平溪國中", "Capacty": 710.0, "shltr_d": 276, "name_1": "國泰醫療財團法人汐止國泰綜合醫院", "name_2": "瑞芳礦工醫院", "name_3": "臺北市立聯合醫院附設南港門診部", "dstn__1": 9135.2237785670277, "dstn__2": 11693.057973629124, "dstn__3": 13253.542665169414 }, "geometry": { "type": "Point", "coordinates": [ 121.7336, 25.0235 ] } },
{ "type": "Feature", "properties": { "Distrct": "新北市平溪區", "Name": "菁桐國小", "Capacty": 310.0, "shltr_d": 277, "name_1": "國泰醫療財團法人汐止國泰綜合醫院", "name_2": "瑞芳礦工醫院", "name_3": "臺北市立聯合醫院附設南港門診部", "dstn__1": 8572.8032136892216, "dstn__2": 12115.670723356176, "dstn__3": 12569.612152856698 }, "geometry": { "type": "Point", "coordinates": [ 121.7266, 25.0236 ] } },
{ "type": "Feature", "properties": { "Distrct": "臺北市大安區", "Name": "龍安國小", "Capacty": 120.0, "shltr_d": 278, "name_1": "臺北市立聯合醫院附設大安門診部", "name_2": "國立臺灣大學醫學院附設醫院癌醫中心分院", "name_3": "郵政醫院（委託中英醫療社團法人經營）", "dstn__1": 992.67914314144048, "dstn__2": 1389.8361295298548, "dstn__3": 1711.4733413353017 }, "geometry": { "type": "Point", "coordinates": [ 121.5348, 25.0239 ] } },
{ "type": "Feature", "properties": { "Distrct": "新北市板橋區", "Name": "板橋國中", "Capacty": 1628.0, "shltr_d": 279, "name_1": "板新醫院", "name_2": "財團法人台灣省私立台北仁濟院附設新莊仁濟醫院", "name_3": "中英醫療社團法人板英醫院", "dstn__1": 821.71525371397831, "dstn__2": 1197.12909539826, "dstn__3": 1216.0717903193836 }, "geometry": { "type": "Point", "coordinates": [ 121.4542, 25.024 ] } },
{ "type": "Feature", "properties": { "Distrct": "新北市新莊區", "Name": "中港國小", "Capacty": 695.0, "shltr_d": 280, "name_1": "新泰綜合醫院", "name_2": "財團法人台灣省私立台北仁濟院附設新莊仁濟醫院", "name_3": "大順醫院", "dstn__1": 2090.7424216999502, "dstn__2": 2932.6191147879558, "dstn__3": 3982.4715469672296 }, "geometry": { "type": "Point", "coordinates": [ 121.4138, 25.0242 ] } },
{ "type": "Feature", "properties": { "Distrct": "新北市新莊區", "Name": "昌平國小", "Capacty": 635.0, "shltr_d": 281, "name_1": "新泰綜合醫院", "name_2": "財團法人台灣省私立台北仁濟院附設新莊仁濟醫院", "name_3": "大順醫院", "dstn__1": 1103.4533736245926, "dstn__2": 1928.8905378568295, "dstn__3": 3039.5263149700313 }, "geometry": { "type": "Point", "coordinates": [ 121.4238, 25.0243 ] } },
{ "type": "Feature", "properties": { "Distrct": "臺北市中正區", "Name": "古亭國中", "Capacty": 66.0, "shltr_d": 282, "name_1": "同仁院醫療財團法人萬華醫院", "name_2": "臺北市立聯合醫院附設中正門診部", "name_3": "郵政醫院（委託中英醫療社團法人經營）", "dstn__1": 99.068273702286859, "dstn__2": 847.30404646004001, "dstn__3": 937.61834552660537 }, "geometry": { "type": "Point", "coordinates": [ 121.5106, 25.0246 ] } },
{ "type": "Feature", "properties": { "Distrct": "新北市平溪區", "Name": "平溪市民活動中心", "Capacty": 106.0, "shltr_d": 283, "name_1": "國泰醫療財團法人汐止國泰綜合醫院", "name_2": "瑞芳礦工醫院", "name_3": "臺北市立聯合醫院附設南港門診部", "dstn__1": 9343.9212512137346, "dstn__2": 11378.817870087223, "dstn__3": 13561.912214133901 }, "geometry": { "type": "Point", "coordinates": [ 121.7371, 25.0247 ] } },
{ "type": "Feature", "properties": { "Distrct": "新北市板橋區", "Name": "新埔國中", "Capacty": 3276.0, "shltr_d": 284, "name_1": "中英醫療社團法人中英醫院", "name_2": "中英醫療社團法人板英醫院", "name_3": "板新醫院", "dstn__1": 864.13059885170469, "dstn__2": 865.09731063322874, "dstn__3": 948.93988872339048 }, "geometry": { "type": "Point", "coordinates": [ 121.4597, 25.0249 ] } },
{ "type": "Feature", "properties": { "Distrct": "臺北市中正區", "Name": "螢橋國小", "Capacty": 63.0, "shltr_d": 285, "name_1": "同仁院醫療財團法人萬華醫院", "name_2": "郵政醫院（委託中英醫療社團法人經營）", "name_3": "臺北市立聯合醫院附設中正門診部", "dstn__1": 471.13819287567077, "dstn__2": 608.19690360974721, "dstn__3": 639.080356858919 }, "geometry": { "type": "Point", "coordinates": [ 121.5144, 25.0249 ] } },
{ "type": "Feature", "properties": { "Distrct": "臺北市大安區", "Name": "龍門國中", "Capacty": 300.0, "shltr_d": 286, "name_1": "臺北市立聯合醫院附設大安門診部", "name_2": "國立臺灣大學醫學院附設醫院癌醫中心分院", "name_3": "中山醫療社團法人中山醫院", "dstn__1": 734.71741653958497, "dstn__2": 1297.9413350785596, "dstn__3": 1749.9708009088101 }, "geometry": { "type": "Point", "coordinates": [ 121.538, 25.0249 ] } },
{ "type": "Feature", "properties": { "Distrct": "新北市新莊區", "Name": "新莊國中", "Capacty": 1370.0, "shltr_d": 287, "name_1": "新泰綜合醫院", "name_2": "財團法人台灣省私立台北仁濟院附設新莊仁濟醫院", "name_3": "大順醫院", "dstn__1": 1261.9953655063091, "dstn__2": 2047.2961473798687, "dstn__3": 3116.3667771076907 }, "geometry": { "type": "Point", "coordinates": [ 121.4225, 25.0253 ] } },
{ "type": "Feature", "properties": { "Distrct": "新北市平溪區", "Name": "平湖市民活動中心", "Capacty": 71.0, "shltr_d": 288, "name_1": "瑞芳礦工醫院", "name_2": "國泰醫療財團法人汐止國泰綜合醫院", "name_3": "臺北市立聯合醫院附設南港門診部", "dstn__1": 9432.3141618278241, "dstn__2": 13212.442167597694, "dstn__3": 17902.749783042193 }, "geometry": { "type": "Point", "coordinates": [ 121.7813, 25.0256 ] } },
{ "type": "Feature", "properties": { "Distrct": "新北市新莊區", "Name": "豐年市民活動中心", "Capacty": 100.0, "shltr_d": 289, "name_1": "新泰綜合醫院", "name_2": "財團法人台灣省私立台北仁濟院附設新莊仁濟醫院", "name_3": "大順醫院", "dstn__1": 767.10159949655929, "dstn__2": 1459.4495317434687, "dstn__3": 2557.7799283117961 }, "geometry": { "type": "Point", "coordinates": [ 121.4283, 25.0258 ] } },
{ "type": "Feature", "properties": { "Distrct": "臺北市萬華區", "Name": "新和國小", "Capacty": 79.0, "shltr_d": 290, "name_1": "臺北市立聯合醫院附設萬華門診部", "name_2": "同仁院醫療財團法人萬華醫院", "name_3": "西園醫療社團法人西園醫院", "dstn__1": 653.61335720580769, "dstn__2": 693.12063611200699, "dstn__3": 864.95631843928072 }, "geometry": { "type": "Point", "coordinates": [ 121.5033, 25.026 ] } },
{ "type": "Feature", "properties": { "Distrct": "臺北市信義區", "Name": "吳興國小", "Capacty": 60.0, "shltr_d": 291, "name_1": "臺北醫學大學附設醫院", "name_2": "臺北市立聯合醫院附設信義門診部", "name_3": "國泰醫療財團法人國泰綜合醫院", "dstn__1": 598.29715158403042, "dstn__2": 2007.8065260406458, "dstn__3": 2018.6975499096766 }, "geometry": { "type": "Point", "coordinates": [ 121.5686, 25.026 ] } },
{ "type": "Feature", "properties": { "Distrct": "新北市板橋區", "Name": "莒光國小", "Capacty": 428.0, "shltr_d": 292, "name_1": "中英醫療社團法人中英醫院", "name_2": "中英醫療社團法人板英醫院", "name_3": "祥顥醫院", "dstn__1": 1002.1310973185929, "dstn__2": 1234.3316200953527, "dstn__3": 1896.1979954191756 }, "geometry": { "type": "Point", "coordinates": [ 121.4736, 25.0261 ] } },
{ "type": "Feature", "properties": { "Distrct": "臺北市萬華區", "Name": "西園國小", "Capacty": 30.0, "shltr_d": 293, "name_1": "臺北市立聯合醫院附設萬華門診部", "name_2": "西園醫療社團法人西園醫院", "name_3": "財團法人台灣省私立台北仁濟院附設仁濟醫院", "dstn__1": 397.69537677082616, "dstn__2": 408.45228819652505, "dstn__3": 1140.1162840784102 }, "geometry": { "type": "Point", "coordinates": [ 121.4988, 25.0266 ] } },
{ "type": "Feature", "properties": { "Distrct": "新北市平溪區", "Name": "平溪國小", "Capacty": 525.0, "shltr_d": 294, "name_1": "國泰醫療財團法人汐止國泰綜合醫院", "name_2": "瑞芳礦工醫院", "name_3": "臺北市立聯合醫院附設南港門診部", "dstn__1": 9230.6860042801254, "dstn__2": 11124.11965509565, "dstn__3": 13546.162772748277 }, "geometry": { "type": "Point", "coordinates": [ 121.7376, 25.0272 ] } },
{ "type": "Feature", "properties": { "Distrct": "新北市貢寮區", "Name": "昭惠廟", "Capacty": 50.0, "shltr_d": 295, "name_1": "瑞芳礦工醫院", "name_2": "國泰醫療財團法人汐止國泰綜合醫院", "name_3": "臺北市立聯合醫院附設南港門診部", "dstn__1": 15863.199772735999, "dstn__2": 27759.807721163026, "dstn__3": 32919.620441014922 }, "geometry": { "type": "Point", "coordinates": [ 121.9316, 25.0273 ] } },
{ "type": "Feature", "properties": { "Distrct": "臺北市萬華區", "Name": "雙園國中", "Capacty": 30.0, "shltr_d": 296, "name_1": "西園醫療社團法人西園醫院", "name_2": "臺北市立聯合醫院附設萬華門診部", "name_3": "財團法人台灣省私立台北仁濟院附設仁濟醫院", "dstn__1": 225.19401911377534, "dstn__2": 697.12156251230613, "dstn__3": 1157.4887503274742 }, "geometry": { "type": "Point", "coordinates": [ 121.4927, 25.0276 ] } },
{ "type": "Feature", "properties": { "Distrct": "臺北市萬華區", "Name": "華江高中", "Capacty": 300.0, "shltr_d": 297, "name_1": "西園醫療社團法人西園醫院", "name_2": "臺北市立聯合醫院附設萬華門診部", "name_3": "財團法人台灣省私立台北仁濟院附設仁濟醫院", "dstn__1": 157.20390573066538, "dstn__2": 606.69310659384712, "dstn__3": 944.43899072532349 }, "geometry": { "type": "Point", "coordinates": [ 121.4962, 25.0285 ] } },
{ "type": "Feature", "properties": { "Distrct": "臺北市信義區", "Name": "信義國中", "Capacty": 361.0, "shltr_d": 298, "name_1": "臺北醫學大學附設醫院", "name_2": "國泰醫療財團法人國泰綜合醫院", "name_3": "臺北市立聯合醫院附設信義門診部", "dstn__1": 567.78147137850362, "dstn__2": 1795.7096359565951, "dstn__3": 1875.6158901874014 }, "geometry": { "type": "Point", "coordinates": [ 121.5679, 25.0286 ] } },
{ "type": "Feature", "properties": { "Distrct": "新北市板橋區", "Name": "江翠國中", "Capacty": 2895.0, "shltr_d": 299, "name_1": "中英醫療社團法人中英醫院", "name_2": "中英醫療社團法人板英醫院", "name_3": "祥顥醫院", "dstn__1": 1013.4153652901377, "dstn__2": 1211.1667164499008, "dstn__3": 1323.6330598895374 }, "geometry": { "type": "Point", "coordinates": [ 121.4684, 25.0289 ] } },
{ "type": "Feature", "properties": { "Distrct": "新北市雙溪區", "Name": "上林國小", "Capacty": 1309.0, "shltr_d": 300, "name_1": "瑞芳礦工醫院", "name_2": "國泰醫療財團法人汐止國泰綜合醫院", "name_3": "臺北市立聯合醫院附設南港門診部", "dstn__1": 9317.1969961073355, "dstn__2": 17917.93305415818, "dstn__3": 22904.961834992486 }, "geometry": { "type": "Point", "coordinates": [ 121.832, 25.029 ] } },
{ "type": "Feature", "properties": { "Distrct": "臺北市萬華區", "Name": "萬華國中", "Capacty": 50.0, "shltr_d": 301, "name_1": "西園醫療社團法人西園醫院", "name_2": "臺北市立聯合醫院附設萬華門診部", "name_3": "財團法人台灣省私立台北仁濟院附設仁濟醫院", "dstn__1": 411.78440782412378, "dstn__2": 665.2500217390492, "dstn__3": 863.23502521921137 }, "geometry": { "type": "Point", "coordinates": [ 121.4987, 25.0291 ] } },
{ "type": "Feature", "properties": { "Distrct": "新北市新莊區", "Name": "牡丹心市民活動中心", "Capacty": 300.0, "shltr_d": 302, "name_1": "財團法人台灣省私立台北仁濟院附設新莊仁濟醫院", "name_2": "大順醫院", "name_3": "新泰綜合醫院", "dstn__1": 297.39336321176216, "dstn__2": 1076.402278896803, "dstn__3": 1240.8810267273936 }, "geometry": { "type": "Point", "coordinates": [ 121.4431, 25.0294 ] } },
{ "type": "Feature", "properties": { "Distrct": "臺北市大安區", "Name": "建安國小", "Capacty": 30.0, "shltr_d": 303, "name_1": "中山醫療社團法人中山醫院", "name_2": "臺北市立聯合醫院附設大安門診部", "name_3": "國泰醫療財團法人國泰綜合醫院", "dstn__1": 871.95389988546606, "dstn__2": 885.63935315436049, "dstn__3": 1095.3110730667643 }, "geometry": { "type": "Point", "coordinates": [ 121.5461, 25.0294 ] } },
{ "type": "Feature", "properties": { "Distrct": "新北市板橋區", "Name": "文聖國小", "Capacty": 1023.0, "shltr_d": 304, "name_1": "中英醫療社團法人中英醫院", "name_2": "中英醫療社團法人板英醫院", "name_3": "西園醫療社團法人西園醫院", "dstn__1": 1524.8768295111347, "dstn__2": 1757.0605584176797, "dstn__3": 1800.6168587715183 }, "geometry": { "type": "Point", "coordinates": [ 121.4772, 25.0295 ] } },
{ "type": "Feature", "properties": { "Distrct": "臺北市中正區", "Name": "忠義國小", "Capacty": 100.0, "shltr_d": 305, "name_1": "同仁院醫療財團法人萬華醫院", "name_2": "臺北市立聯合醫院附設中正門診部", "name_3": "臺北市立聯合醫院附設萬華門診部", "dstn__1": 715.41090134858871, "dstn__2": 989.14215466819826, "dstn__3": 1121.2683087687381 }, "geometry": { "type": "Point", "coordinates": [ 121.5062, 25.0296 ] } },
{ "type": "Feature", "properties": { "Distrct": "臺北市中正區", "Name": "中華區民活動中心", "Capacty": 35.0, "shltr_d": 306, "name_1": "同仁院醫療財團法人萬華醫院", "name_2": "西園醫療社團法人西園醫院", "name_3": "臺北市立聯合醫院附設萬華門診部", "dstn__1": 824.95473303596725, "dstn__2": 991.44308278838241, "dstn__3": 1002.6010056883581 }, "geometry": { "type": "Point", "coordinates": [ 121.5045, 25.0297 ] } },
{ "type": "Feature", "properties": { "Distrct": "臺北市信義區", "Name": "三興國小", "Capacty": 77.0, "shltr_d": 307, "name_1": "臺北醫學大學附設醫院", "name_2": "國泰醫療財團法人國泰綜合醫院", "name_3": "中山醫療社團法人中山醫院", "dstn__1": 585.18962602307647, "dstn__2": 980.51926012596948, "dstn__3": 1129.5084957948436 }, "geometry": { "type": "Point", "coordinates": [ 121.558, 25.0297 ] } },
{ "type": "Feature", "properties": { "Distrct": "臺北市大安區", "Name": "大安森林公園", "Capacty": 47436.0, "shltr_d": 308, "name_1": "臺北市立聯合醫院附設大安門診部", "name_2": "中山醫療社團法人中山醫院", "name_3": "郵政醫院（委託中英醫療社團法人經營）", "dstn__1": 1303.2009052743044, "dstn__2": 1611.3198230880776, "dstn__3": 1692.1659232225174 }, "geometry": { "type": "Point", "coordinates": [ 121.5354, 25.0301 ] } },
{ "type": "Feature", "properties": { "Distrct": "臺北市大安區", "Name": "新生國小", "Capacty": 35.0, "shltr_d": 309, "name_1": "臺北市立聯合醫院附設大安門診部", "name_2": "郵政醫院（委託中英醫療社團法人經營）", "name_3": "臺北市立聯合醫院附設中正門診部", "dstn__1": 1464.0320439769766, "dstn__2": 1504.9407125670459, "dstn__3": 1770.9327294377281 }, "geometry": { "type": "Point", "coordinates": [ 121.5335, 25.0304 ] } },
{ "type": "Feature", "properties": { "Distrct": "新北市新莊區", "Name": "瓊泰市民活動中心", "Capacty": 150.0, "shltr_d": 310, "name_1": "財團法人台灣省私立台北仁濟院附設新莊仁濟醫院", "name_2": "大順醫院", "name_3": "新莊英仁醫院", "dstn__1": 586.54701668147845, "dstn__2": 727.67056456994783, "dstn__3": 920.92842907808472 }, "geometry": { "type": "Point", "coordinates": [ 121.4467, 25.0306 ] } },
{ "type": "Feature", "properties": { "Distrct": "臺北市大安區", "Name": "大安國中", "Capacty": 274.0, "shltr_d": 311, "name_1": "中山醫療社團法人中山醫院", "name_2": "國泰醫療財團法人國泰綜合醫院", "name_3": "臺北市立聯合醫院附設大安門診部", "dstn__1": 738.677909944573, "dstn__2": 979.16075487506441, "dstn__3": 1028.82955858675 }, "geometry": { "type": "Point", "coordinates": [ 121.5462, 25.0307 ] } },
{ "type": "Feature", "properties": { "Distrct": "臺北市萬華區", "Name": "大理高中", "Capacty": 300.0, "shltr_d": 312, "name_1": "西園醫療社團法人西園醫院", "name_2": "財團法人台灣省私立台北仁濟院附設仁濟醫院", "name_3": "臺北市立聯合醫院附設萬華門診部", "dstn__1": 503.71215432739967, "dstn__2": 953.32324032491954, "dstn__3": 1057.850802333566 }, "geometry": { "type": "Point", "coordinates": [ 121.4913, 25.0308 ] } },
{ "type": "Feature", "properties": { "Distrct": "新北市新莊區", "Name": "思賢國小", "Capacty": 285.0, "shltr_d": 313, "name_1": "財團法人台灣省私立台北仁濟院附設新莊仁濟醫院", "name_2": "大順醫院", "name_3": "新莊英仁醫院", "dstn__1": 464.75982395673316, "dstn__2": 959.08365624041642, "dstn__3": 1192.0656147698817 }, "geometry": { "type": "Point", "coordinates": [ 121.4433, 25.0309 ] } },
{ "type": "Feature", "properties": { "Distrct": "臺北市萬華區", "Name": "雙園國小", "Capacty": 109.0, "shltr_d": 314, "name_1": "西園醫療社團法人西園醫院", "name_2": "財團法人台灣省私立台北仁濟院附設仁濟醫院", "name_3": "臺北市立聯合醫院附設萬華門診部", "dstn__1": 441.1439562546754, "dstn__2": 662.88827575957271, "dstn__3": 855.60234828418481 }, "geometry": { "type": "Point", "coordinates": [ 121.4975, 25.0309 ] } },
{ "type": "Feature", "properties": { "Distrct": "臺北市中正區", "Name": "國語實小", "Capacty": 49.0, "shltr_d": 315, "name_1": "臺北市立聯合醫院附設中正門診部", "name_2": "同仁院醫療財團法人萬華醫院", "name_3": "郵政醫院（委託中英醫療社團法人經營）", "dstn__1": 501.78720828485365, "dstn__2": 767.93639044204735, "dstn__3": 812.62170839485896 }, "geometry": { "type": "Point", "coordinates": [ 121.511, 25.0309 ] } },
{ "type": "Feature", "properties": { "Distrct": "臺北市萬華區", "Name": "大理國小", "Capacty": 84.0, "shltr_d": 316, "name_1": "西園醫療社團法人西園醫院", "name_2": "財團法人台灣省私立台北仁濟院附設仁濟醫院", "name_3": "臺北市立聯合醫院附設萬華門診部", "dstn__1": 406.37740312193824, "dstn__2": 757.43842853895308, "dstn__3": 968.49869431439038 }, "geometry": { "type": "Point", "coordinates": [ 121.4938, 25.0312 ] } },
{ "type": "Feature", "properties": { "Distrct": "臺北市中正區", "Name": "建國中學", "Capacty": 300.0, "shltr_d": 317, "name_1": "臺北市立聯合醫院附設中正門診部", "name_2": "郵政醫院（委託中英醫療社團法人經營）", "name_3": "同仁院醫療財團法人萬華醫院", "dstn__1": 386.66070853760954, "dstn__2": 709.78229428588315, "dstn__3": 827.41938111532033 }, "geometry": { "type": "Point", "coordinates": [ 121.5122, 25.0312 ] } },
{ "type": "Feature", "properties": { "Distrct": "臺北市大安區", "Name": "金華國中", "Capacty": 300.0, "shltr_d": 318, "name_1": "郵政醫院（委託中英醫療社團法人經營）", "name_2": "臺北市立聯合醫院附設大安門診部", "name_3": "臺北市立聯合醫院附設中正門診部", "dstn__1": 1478.5565465235281, "dstn__2": 1553.7385749811378, "dstn__3": 1732.2970457854947 }, "geometry": { "type": "Point", "coordinates": [ 121.5331, 25.0312 ] } },
{ "type": "Feature", "properties": { "Distrct": "臺北市信義區", "Name": "信義國小", "Capacty": 150.0, "shltr_d": 319, "name_1": "臺北醫學大學附設醫院", "name_2": "國泰醫療財團法人國泰綜合醫院", "name_3": "秀傳醫院", "dstn__1": 575.93151975518617, "dstn__2": 1206.6995847225005, "dstn__3": 1406.7945828677096 }, "geometry": { "type": "Point", "coordinates": [ 121.5632, 25.0318 ] } },
{ "type": "Feature", "properties": { "Distrct": "新北市雙溪區", "Name": "共和社區活動中心", "Capacty": 100.0, "shltr_d": 320, "name_1": "瑞芳礦工醫院", "name_2": "國泰醫療財團法人汐止國泰綜合醫院", "name_3": "臺北市立聯合醫院附設南港門診部", "dstn__1": 10676.230734607732, "dstn__2": 21181.39841517248, "dstn__3": 26291.456729901231 }, "geometry": { "type": "Point", "coordinates": [ 121.8661, 25.0318 ] } },
{ "type": "Feature", "properties": { "Distrct": "臺北市大安區", "Name": "大安高工", "Capacty": 100.0, "shltr_d": 321, "name_1": "中山醫療社團法人中山醫院", "name_2": "國泰醫療財團法人國泰綜合醫院", "name_3": "臺北市立聯合醫院附設大安門診部", "dstn__1": 834.96679191752389, "dstn__2": 1131.671243493734, "dstn__3": 1149.0661523052236 }, "geometry": { "type": "Point", "coordinates": [ 121.5432, 25.0319 ] } },
{ "type": "Feature", "properties": { "Distrct": "臺北市大安區", "Name": "金華國小", "Capacty": 56.0, "shltr_d": 322, "name_1": "郵政醫院（委託中英醫療社團法人經營）", "name_2": "臺北市立聯合醫院附設中正門診部", "name_3": "國立台灣大學醫學院附設醫院", "dstn__1": 985.60465564751314, "dstn__2": 1200.53681832799, "dstn__3": 1324.1714033408041 }, "geometry": { "type": "Point", "coordinates": [ 121.5277, 25.0322 ] } },
{ "type": "Feature", "properties": { "Distrct": "臺北市中正區", "Name": "中正國中", "Capacty": 300.0, "shltr_d": 323, "name_1": "郵政醫院（委託中英醫療社團法人經營）", "name_2": "臺北市立聯合醫院附設中正門診部", "name_3": "國立台灣大學醫學院附設醫院", "dstn__1": 522.10273444930215, "dstn__2": 651.88989453718068, "dstn__3": 1004.5686484041464 }, "geometry": { "type": "Point", "coordinates": [ 121.5221, 25.0323 ] } },
{ "type": "Feature", "properties": { "Distrct": "新北市板橋區", "Name": "江翠國小", "Capacty": 784.0, "shltr_d": 324, "name_1": "祥顥醫院", "name_2": "中英醫療社團法人中英醫院", "name_3": "三重中興醫院", "dstn__1": 1516.6415106207473, "dstn__2": 1592.0547098246373, "dstn__3": 1631.3067338704432 }, "geometry": { "type": "Point", "coordinates": [ 121.4742, 25.0324 ] } },
{ "type": "Feature", "properties": { "Distrct": "臺北市信義區", "Name": "永春高中", "Capacty": 300.0, "shltr_d": 325, "name_1": "臺北市立聯合醫院附設信義門診部", "name_2": "臺北醫學大學附設醫院", "name_3": "臺北市立聯合醫院附設松山門診部", "dstn__1": 785.163144283522, "dstn__2": 1739.22856899676, "dstn__3": 1884.0036398788309 }, "geometry": { "type": "Point", "coordinates": [ 121.5786, 25.0327 ] } },
{ "type": "Feature", "properties": { "Distrct": "新北市新莊區", "Name": "輔仁大學", "Capacty": 705.0, "shltr_d": 326, "name_1": "財團法人台灣省私立台北仁濟院附設新莊仁濟醫院", "name_2": "新泰綜合醫院", "name_3": "大順醫院", "dstn__1": 1106.1582508755287, "dstn__2": 1255.8384289474329, "dstn__3": 1751.2850684758544 }, "geometry": { "type": "Point", "coordinates": [ 121.4341, 25.0329 ] } },
{ "type": "Feature", "properties": { "Distrct": "基隆市中正區", "Name": "台北世貿一館", "Capacty": 4245.0, "shltr_d": 327, "name_1": "臺北醫學大學附設醫院", "name_2": "國泰醫療財團法人國泰綜合醫院", "name_3": "秀傳醫院", "dstn__1": 724.53589961587841, "dstn__2": 1060.8910549873303, "dstn__3": 1233.9871964286392 }, "geometry": { "type": "Point", "coordinates": [ 121.56234, 25.033152 ] } },
{ "type": "Feature", "properties": { "Distrct": "新北市雙溪區", "Name": "雙溪國小", "Capacty": 1013.0, "shltr_d": 328, "name_1": "瑞芳礦工醫院", "name_2": "國泰醫療財團法人汐止國泰綜合醫院", "name_3": "臺北市立聯合醫院附設南港門診部", "dstn__1": 10603.823204717748, "dstn__2": 21252.517223586558, "dstn__3": 26385.473147832625 }, "geometry": { "type": "Point", "coordinates": [ 121.8672, 25.0334 ] } },
{ "type": "Feature", "properties": { "Distrct": "臺北市萬華區", "Name": "華江國小", "Capacty": 37.0, "shltr_d": 329, "name_1": "財團法人台灣省私立台北仁濟院附設仁濟醫院", "name_2": "西園醫療社團法人西園醫院", "name_3": "臺北市立聯合醫院附設萬華門診部", "dstn__1": 751.58112939360228, "dstn__2": 804.72917797065134, "dstn__3": 1372.2050011442464 }, "geometry": { "type": "Point", "coordinates": [ 121.4912, 25.0341 ] } },
{ "type": "Feature", "properties": { "Distrct": "新北市新莊區", "Name": "新莊國小", "Capacty": 1029.0, "shltr_d": 330, "name_1": "財團法人台灣省私立台北仁濟院附設新莊仁濟醫院", "name_2": "大順醫院", "name_3": "新莊英仁醫院", "dstn__1": 833.08688108970898, "dstn__2": 970.94163447355209, "dstn__3": 1235.1273265610641 }, "geometry": { "type": "Point", "coordinates": [ 121.4417, 25.0342 ] } },
{ "type": "Feature", "properties": { "Distrct": "臺北市信義區", "Name": "松山家商", "Capacty": 116.0, "shltr_d": 331, "name_1": "臺北市立聯合醫院附設信義門診部", "name_2": "臺北市立聯合醫院附設松山門診部", "name_3": "臺北醫學大學附設醫院", "dstn__1": 507.64337622800156, "dstn__2": 1670.7717630988991, "dstn__3": 1975.0189075233782 }, "geometry": { "type": "Point", "coordinates": [ 121.5801, 25.0348 ] } },
{ "type": "Feature", "properties": { "Distrct": "新北市雙溪區", "Name": "雙溪高中", "Capacty": 1376.0, "shltr_d": 332, "name_1": "瑞芳礦工醫院", "name_2": "國泰醫療財團法人汐止國泰綜合醫院", "name_3": "臺北市立聯合醫院附設南港門診部", "dstn__1": 10225.808101864617, "dstn__2": 20823.373743859556, "dstn__3": 25968.838623102114 }, "geometry": { "type": "Point", "coordinates": [ 121.8632, 25.0349 ] } },
{ "type": "Feature", "properties": { "Distrct": "臺北市中正區", "Name": "南門國小", "Capacty": 30.0, "shltr_d": 333, "name_1": "臺北市立聯合醫院附設中正門診部", "name_2": "財團法人台灣省私立台北仁濟院附設仁濟醫院", "name_3": "國立台灣大學醫學院附設醫院", "dstn__1": 865.98264441063645, "dstn__2": 1135.2403911984884, "dstn__3": 1136.8175816073128 }, "geometry": { "type": "Point", "coordinates": [ 121.5091, 25.0352 ] } },
{ "type": "Feature", "properties": { "Distrct": "臺北市中正區", "Name": "南門國中", "Capacty": 151.0, "shltr_d": 334, "name_1": "臺北市立聯合醫院附設中正門診部", "name_2": "財團法人台灣省私立台北仁濟院附設仁濟醫院", "name_3": "國立台灣大學醫學院附設醫院", "dstn__1": 865.98264441063645, "dstn__2": 1135.2403911984884, "dstn__3": 1136.8175816073128 }, "geometry": { "type": "Point", "coordinates": [ 121.5091, 25.0352 ] } },
{ "type": "Feature", "properties": { "Distrct": "新北市雙溪區", "Name": "平林市民活動中心", "Capacty": 79.0, "shltr_d": 335, "name_1": "瑞芳礦工醫院", "name_2": "國泰醫療財團法人汐止國泰綜合醫院", "name_3": "臺北市立聯合醫院附設南港門診部", "dstn__1": 9372.8324602869325, "dstn__2": 19418.970448850705, "dstn__3": 24548.078779034076 }, "geometry": { "type": "Point", "coordinates": [ 121.849136, 25.035598 ] } },
{ "type": "Feature", "properties": { "Distrct": "臺北市萬華區", "Name": "龍山國小", "Capacty": 50.0, "shltr_d": 336, "name_1": "財團法人台灣省私立台北仁濟院附設仁濟醫院", "name_2": "西園醫療社團法人西園醫院", "name_3": "臺北市立聯合醫院附設萬華門診部", "dstn__1": 229.57622150140395, "dstn__2": 886.7405142385237, "dstn__3": 1383.496580341139 }, "geometry": { "type": "Point", "coordinates": [ 121.4962, 25.0356 ] } },
{ "type": "Feature", "properties": { "Distrct": "臺北市信義區", "Name": "臺北市信義運動中心", "Capacty": 200.0, "shltr_d": 337, "name_1": "臺北市立聯合醫院附設信義門診部", "name_2": "臺北醫學大學附設醫院", "name_3": "臺北市立聯合醫院附設松山門診部", "dstn__1": 1023.3838037123498, "dstn__2": 1459.9576836603178, "dstn__3": 1609.9901241370467 }, "geometry": { "type": "Point", "coordinates": [ 121.5733, 25.0356 ] } },
{ "type": "Feature", "properties": { "Distrct": "臺北市信義區", "Name": "松德公園", "Capacty": 1346.0, "shltr_d": 338, "name_1": "臺北市立聯合醫院附設信義門診部", "name_2": "臺北醫學大學附設醫院", "name_3": "臺北市立聯合醫院附設松山門診部", "dstn__1": 1023.3838037123498, "dstn__2": 1459.9576836603178, "dstn__3": 1609.9901241370467 }, "geometry": { "type": "Point", "coordinates": [ 121.5733, 25.0356 ] } },
{ "type": "Feature", "properties": { "Distrct": "基隆市中正區", "Name": "台北市世貿三館", "Capacty": 1000.0, "shltr_d": 339, "name_1": "臺北醫學大學附設醫院", "name_2": "秀傳醫院", "name_3": "國泰醫療財團法人國泰綜合醫院", "dstn__1": 1012.2675501888349, "dstn__2": 1081.0639098897334, "dstn__3": 1125.207366125419 }, "geometry": { "type": "Point", "coordinates": [ 121.563833, 25.035701 ] } },
{ "type": "Feature", "properties": { "Distrct": "新北市新莊區", "Name": "中信國小", "Capacty": 1084.0, "shltr_d": 340, "name_1": "大順醫院", "name_2": "新莊英仁醫院", "name_3": "益民醫院", "dstn__1": 67.660485154448381, "dstn__2": 334.1287864886537, "dstn__3": 672.30523933682252 }, "geometry": { "type": "Point", "coordinates": [ 121.4505, 25.0358 ] } },
{ "type": "Feature", "properties": { "Distrct": "臺北市大安區", "Name": "仁愛國小", "Capacty": 53.0, "shltr_d": 341, "name_1": "國泰醫療財團法人國泰綜合醫院", "name_2": "中山醫療社團法人中山醫院", "name_3": "中心診所醫療財團法人中心綜合醫院", "dstn__1": 157.97129993511234, "dstn__2": 283.88303590336034, "dstn__3": 844.44176884384547 }, "geometry": { "type": "Point", "coordinates": [ 121.5524, 25.0358 ] } },
{ "type": "Feature", "properties": { "Distrct": "新北市新莊區", "Name": "新莊區公所", "Capacty": 200.0, "shltr_d": 342, "name_1": "大順醫院", "name_2": "新莊英仁醫院", "name_3": "益民醫院", "dstn__1": 62.235793610189766, "dstn__2": 328.28357742540464, "dstn__3": 665.50367663286318 }, "geometry": { "type": "Point", "coordinates": [ 121.450558, 25.035834 ] } },
{ "type": "Feature", "properties": { "Distrct": "新北市新莊區", "Name": "新莊高中", "Capacty": 933.0, "shltr_d": 343, "name_1": "新莊英仁醫院", "name_2": "大順醫院", "name_3": "益民醫院", "dstn__1": 132.66764649778693, "dstn__2": 135.28945922986699, "dstn__3": 538.73586143678847 }, "geometry": { "type": "Point", "coordinates": [ 121.4525, 25.0359 ] } },
{ "type": "Feature", "properties": { "Distrct": "臺北市萬華區", "Name": "龍山國中", "Capacty": 367.0, "shltr_d": 344, "name_1": "財團法人台灣省私立台北仁濟院附設仁濟醫院", "name_2": "臺北市立聯合醫院附設中正門診部", "name_3": "西園醫療社團法人西園醫院", "dstn__1": 672.89673177083034, "dstn__2": 1297.8585264913856, "dstn__3": 1342.3720041602583 }, "geometry": { "type": "Point", "coordinates": [ 121.5046, 25.036 ] } },
{ "type": "Feature", "properties": { "Distrct": "臺北市信義區", "Name": "博愛國小", "Capacty": 80.0, "shltr_d": 345, "name_1": "臺北市立聯合醫院附設信義門診部", "name_2": "臺北醫學大學附設醫院", "name_3": "培靈醫院", "dstn__1": 1214.3894160434447, "dstn__2": 1374.9134895549655, "dstn__3": 1467.8411322556697 }, "geometry": { "type": "Point", "coordinates": [ 121.5711, 25.0364 ] } },
{ "type": "Feature", "properties": { "Distrct": "臺北市信義區", "Name": "興雅國中", "Capacty": 151.0, "shltr_d": 346, "name_1": "臺北市立聯合醫院附設信義門診部", "name_2": "臺北醫學大學附設醫院", "name_3": "培靈醫院", "dstn__1": 1096.0666282215973, "dstn__2": 1452.6208832922882, "dstn__3": 1496.0230941838875 }, "geometry": { "type": "Point", "coordinates": [ 121.5723, 25.0364 ] } },
{ "type": "Feature", "properties": { "Distrct": "新北市新莊區", "Name": "私立恆毅高級中學", "Capacty": 604.0, "shltr_d": 347, "name_1": "新莊英仁醫院", "name_2": "大順醫院", "name_3": "益民醫院", "dstn__1": 87.006583697079634, "dstn__2": 274.69262779588331, "dstn__3": 415.04629906984377 }, "geometry": { "type": "Point", "coordinates": [ 121.453731, 25.036593 ] } },
{ "type": "Feature", "properties": { "Distrct": "新北市新莊區", "Name": "新泰市民活動中心", "Capacty": 250.0, "shltr_d": 348, "name_1": "大順醫院", "name_2": "新莊英仁醫院", "name_3": "益民醫院", "dstn__1": 625.38858495336342, "dstn__2": 887.29337375098419, "dstn__3": 1080.1385022216325 }, "geometry": { "type": "Point", "coordinates": [ 121.4451, 25.0369 ] } },
{ "type": "Feature", "properties": { "Distrct": "新北市新莊區", "Name": "頭前國中", "Capacty": 2352.0, "shltr_d": 349, "name_1": "新莊英仁醫院", "name_2": "益民醫院", "name_3": "祥顥醫院", "dstn__1": 292.58394584997251, "dstn__2": 362.24261156915702, "dstn__3": 483.87164878125668 }, "geometry": { "type": "Point", "coordinates": [ 121.4564, 25.037 ] } },
{ "type": "Feature", "properties": { "Distrct": "臺北市信義區", "Name": "?公國中", "Capacty": 30.0, "shltr_d": 350, "name_1": "臺北市立聯合醫院附設信義門診部", "name_2": "臺北市立聯合醫院附設松山門診部", "name_3": "培靈醫院", "dstn__1": 295.92792723585461, "dstn__2": 1608.704546387381, "dstn__3": 2192.1152986214856 }, "geometry": { "type": "Point", "coordinates": [ 121.5853, 25.0371 ] } },
{ "type": "Feature", "properties": { "Distrct": "臺北市中正區", "Name": "弘道國中", "Capacty": 87.0, "shltr_d": 351, "name_1": "國立台灣大學醫學院附設醫院", "name_2": "臺北市立聯合醫院附設中正門診部", "name_3": "國立臺灣大學醫學院附設醫院兒童醫院", "dstn__1": 489.63115081272076, "dstn__2": 778.85187134108241, "dstn__3": 834.14004603147907 }, "geometry": { "type": "Point", "coordinates": [ 121.5153, 25.0375 ] } },
{ "type": "Feature", "properties": { "Distrct": "臺北市大安區", "Name": "仁愛國中", "Capacty": 125.0, "shltr_d": 352, "name_1": "中山醫療社團法人中山醫院", "name_2": "國泰醫療財團法人國泰綜合醫院", "name_3": "中心診所醫療財團法人中心綜合醫院", "dstn__1": 144.91756457937512, "dstn__2": 215.0312875026093, "dstn__3": 591.11875336154981 }, "geometry": { "type": "Point", "coordinates": [ 121.5507, 25.0375 ] } },
{ "type": "Feature", "properties": { "Distrct": "臺北市大安區", "Name": "幸安國小", "Capacty": 200.0, "shltr_d": 353, "name_1": "中心診所醫療財團法人中心綜合醫院", "name_2": "協和婦女醫院", "name_3": "中山醫療社團法人中山醫院", "dstn__1": 1330.8723205610631, "dstn__2": 1407.8210101153545, "dstn__3": 1489.0329603286625 }, "geometry": { "type": "Point", "coordinates": [ 121.535, 25.0376 ] } },
{ "type": "Feature", "properties": { "Distrct": "新北市新莊區", "Name": "光華國小", "Capacty": 963.0, "shltr_d": 354, "name_1": "大順醫院", "name_2": "新莊英仁醫院", "name_3": "益民醫院", "dstn__1": 777.30534045643594, "dstn__2": 1033.9836597427868, "dstn__3": 1179.5237872052135 }, "geometry": { "type": "Point", "coordinates": [ 121.4438, 25.0378 ] } },
{ "type": "Feature", "properties": { "Distrct": "臺北市萬華區", "Name": "老松國小", "Capacty": 50.0, "shltr_d": 355, "name_1": "財團法人台灣省私立台北仁濟院附設仁濟醫院", "name_2": "西園醫療社團法人西園醫院", "name_3": "臺北市立聯合醫院", "dstn__1": 490.58301423217256, "dstn__2": 1386.3398143692386, "dstn__3": 1538.2911274712019 }, "geometry": { "type": "Point", "coordinates": [ 121.5027, 25.038 ] } },
{ "type": "Feature", "properties": { "Distrct": "臺北市中正區", "Name": "北一女中", "Capacty": 60.0, "shltr_d": 356, "name_1": "國立台灣大學醫學院附設醫院", "name_2": "國立臺灣大學醫學院附設醫院兒童醫院", "name_3": "臺北市立聯合醫院附設中正門診部", "dstn__1": 610.44239014700327, "dstn__2": 861.05693251875141, "dstn__3": 946.04208647857649 }, "geometry": { "type": "Point", "coordinates": [ 121.513, 25.0386 ] } },
{ "type": "Feature", "properties": { "Distrct": "臺北市中正區", "Name": "東門國小", "Capacty": 100.0, "shltr_d": 357, "name_1": "國立台灣大學醫學院附設醫院", "name_2": "國立臺灣大學醫學院附設醫院兒童醫院", "name_3": "臺北市立聯合醫院附設中正門診部", "dstn__1": 329.7285380389427, "dstn__2": 661.62891276203504, "dstn__3": 1037.0952032161654 }, "geometry": { "type": "Point", "coordinates": [ 121.5209, 25.0387 ] } },
{ "type": "Feature", "properties": { "Distrct": "臺北市信義區", "Name": "福德國小", "Capacty": 105.0, "shltr_d": 358, "name_1": "臺北市立聯合醫院附設信義門診部", "name_2": "臺北市立聯合醫院附設松山門診部", "name_3": "培靈醫院", "dstn__1": 366.09861796831967, "dstn__2": 1510.7749362040813, "dstn__3": 2175.3875446467923 }, "geometry": { "type": "Point", "coordinates": [ 121.5865, 25.0389 ] } },
{ "type": "Feature", "properties": { "Distrct": "新北市泰山區", "Name": "貴和市民活動中心", "Capacty": 76.0, "shltr_d": 359, "name_1": "新泰綜合醫院", "name_2": "財團法人台灣省私立台北仁濟院附設新莊仁濟醫院", "name_3": "大順醫院", "dstn__1": 2123.4349791122172, "dstn__2": 2148.3075178634085, "dstn__3": 2511.9161970554978 }, "geometry": { "type": "Point", "coordinates": [ 121.4266, 25.0394 ] } },
{ "type": "Feature", "properties": { "Distrct": "臺北市中正區", "Name": "財團法人臺北市東和禪寺", "Capacty": 30.0, "shltr_d": 360, "name_1": "國立台灣大學醫學院附設醫院", "name_2": "國立臺灣大學醫學院附設醫院兒童醫院", "name_3": "臺北市立聯合醫院附設中正門診部", "dstn__1": 425.98546086445225, "dstn__2": 665.53558253991935, "dstn__3": 1187.3698858413318 }, "geometry": { "type": "Point", "coordinates": [ 121.5225, 25.0394 ] } },
{ "type": "Feature", "properties": { "Distrct": "臺北市信義區", "Name": "松山工農", "Capacty": 50.0, "shltr_d": 361, "name_1": "臺北市立聯合醫院附設信義門診部", "name_2": "培靈醫院", "name_3": "臺北市立聯合醫院附設松山門診部", "dstn__1": 1106.2797625806543, "dstn__2": 1127.664239455002, "dstn__3": 1217.3726027223083 }, "geometry": { "type": "Point", "coordinates": [ 121.572, 25.0398 ] } },
{ "type": "Feature", "properties": { "Distrct": "臺北市信義區", "Name": "光復國小", "Capacty": 40.0, "shltr_d": 362, "name_1": "秀傳醫院", "name_2": "國泰醫療財團法人國泰綜合醫院", "name_3": "中山醫療社團法人中山醫院", "dstn__1": 336.1628570744831, "dstn__2": 605.35190426805752, "dstn__3": 910.86773037115665 }, "geometry": { "type": "Point", "coordinates": [ 121.5578, 25.0402 ] } },
{ "type": "Feature", "properties": { "Distrct": "臺北市南港區", "Name": "舊庄國小", "Capacty": 92.0, "shltr_d": 363, "name_1": "臺北市立聯合醫院附設南港門診部", "name_2": "臺北市立聯合醫院附設信義門診部", "name_3": "康寧醫療財團法人康寧醫院", "dstn__1": 1909.4129319110887, "dstn__2": 3482.5672115253219, "dstn__3": 4048.5830993456334 }, "geometry": { "type": "Point", "coordinates": [ 121.61735, 25.040245 ] } },
{ "type": "Feature", "properties": { "Distrct": "臺北市中正區", "Name": "二二八和平公園", "Capacty": 7909.0, "shltr_d": 364, "name_1": "國立台灣大學醫學院附設醫院", "name_2": "國立臺灣大學醫學院附設醫院兒童醫院", "name_3": "臺北市立聯合醫院附設中正門診部", "dstn__1": 303.10164162668212, "dstn__2": 549.21704097864961, "dstn__3": 1086.7924995893202 }, "geometry": { "type": "Point", "coordinates": [ 121.5156, 25.0403 ] } },
{ "type": "Feature", "properties": { "Distrct": "臺北市大安區", "Name": "懷生國中", "Capacty": 300.0, "shltr_d": 365, "name_1": "中心診所醫療財團法人中心綜合醫院", "name_2": "中山醫療社團法人中山醫院", "name_3": "基督復臨安息日會醫療財團法人臺安醫院", "dstn__1": 642.38016228463391, "dstn__2": 953.91824656424353, "dstn__3": 1055.2550978015738 }, "geometry": { "type": "Point", "coordinates": [ 121.5412, 25.0403 ] } },
{ "type": "Feature", "properties": { "Distrct": "新北市泰山區", "Name": "明志科技大學", "Capacty": 1803.0, "shltr_d": 366, "name_1": "新泰綜合醫院", "name_2": "財團法人台灣省私立台北仁濟院附設新莊仁濟醫院", "name_3": "大順醫院", "dstn__1": 2624.8277511949132, "dstn__2": 2780.6228602710921, "dstn__3": 3154.1962791601745 }, "geometry": { "type": "Point", "coordinates": [ 121.4206, 25.0417 ] } },
{ "type": "Feature", "properties": { "Distrct": "新北市新莊區", "Name": "中港第一市民活動中心", "Capacty": 75.0, "shltr_d": 367, "name_1": "益民醫院", "name_2": "祥顥醫院", "name_3": "新莊英仁醫院", "dstn__1": 192.56444150631813, "dstn__2": 671.56926714637996, "dstn__3": 679.86053050713303 }, "geometry": { "type": "Point", "coordinates": [ 121.455157, 25.041825 ] } },
{ "type": "Feature", "properties": { "Distrct": "新北市平溪區", "Name": "老人文康活動中心", "Capacty": 127.0, "shltr_d": 368, "name_1": "瑞芳礦工醫院", "name_2": "國泰醫療財團法人汐止國泰綜合醫院", "name_3": "臺北市立聯合醫院附設南港門診部", "dstn__1": 7849.6937556578887, "dstn__2": 12072.235851145548, "dstn__3": 17115.164550770038 }, "geometry": { "type": "Point", "coordinates": [ 121.775807, 25.04193 ] } },
{ "type": "Feature", "properties": { "Distrct": "新北市新莊區", "Name": "全安市民活動中心", "Capacty": 200.0, "shltr_d": 369, "name_1": "益民醫院", "name_2": "祥顥醫院", "name_3": "新莊英仁醫院", "dstn__1": 277.22908496976333, "dstn__2": 594.74583677515636, "dstn__3": 768.28177761457823 }, "geometry": { "type": "Point", "coordinates": [ 121.4565, 25.0423 ] } },
{ "type": "Feature", "properties": { "Distrct": "苗栗縣三義鄉", "Name": "龍騰活動中心", "Capacty": 20.0, "shltr_d": 370, "name_1": "協和婦女醫院", "name_2": "中心診所醫療財團法人中心綜合醫院", "name_3": "國立臺灣大學醫學院附設醫院兒童醫院", "dstn__1": 878.80129555016856, "dstn__2": 1445.9401217412192, "dstn__3": 1455.3408873648393 }, "geometry": { "type": "Point", "coordinates": [ 121.533012, 25.042385 ] } },
{ "type": "Feature", "properties": { "Distrct": "苗栗縣三義鄉", "Name": "雙潭活動中心", "Capacty": 20.0, "shltr_d": 371, "name_1": "協和婦女醫院", "name_2": "中心診所醫療財團法人中心綜合醫院", "name_3": "國立臺灣大學醫學院附設醫院兒童醫院", "dstn__1": 878.80129555016856, "dstn__2": 1445.9401217412192, "dstn__3": 1455.3408873648393 }, "geometry": { "type": "Point", "coordinates": [ 121.533012, 25.042385 ] } },
{ "type": "Feature", "properties": { "Distrct": "苗栗縣三義鄉", "Name": "鯉魚潭活動中心室內", "Capacty": 50.0, "shltr_d": 372, "name_1": "協和婦女醫院", "name_2": "中心診所醫療財團法人中心綜合醫院", "name_3": "國立臺灣大學醫學院附設醫院兒童醫院", "dstn__1": 878.80129555016856, "dstn__2": 1445.9401217412192, "dstn__3": 1455.3408873648393 }, "geometry": { "type": "Point", "coordinates": [ 121.533012, 25.042385 ] } },
{ "type": "Feature", "properties": { "Distrct": "苗栗縣三義鄉", "Name": "建中國民小學活動中心室內", "Capacty": 50.0, "shltr_d": 373, "name_1": "協和婦女醫院", "name_2": "中心診所醫療財團法人中心綜合醫院", "name_3": "國立臺灣大學醫學院附設醫院兒童醫院", "dstn__1": 878.80129555016856, "dstn__2": 1445.9401217412192, "dstn__3": 1455.3408873648393 }, "geometry": { "type": "Point", "coordinates": [ 121.533012, 25.042385 ] } },
{ "type": "Feature", "properties": { "Distrct": "苗栗縣三義鄉", "Name": "西湖村活動中心室內", "Capacty": 50.0, "shltr_d": 374, "name_1": "協和婦女醫院", "name_2": "中心診所醫療財團法人中心綜合醫院", "name_3": "國立臺灣大學醫學院附設醫院兒童醫院", "dstn__1": 878.80129555016856, "dstn__2": 1445.9401217412192, "dstn__3": 1455.3408873648393 }, "geometry": { "type": "Point", "coordinates": [ 121.533012, 25.042385 ] } },
{ "type": "Feature", "properties": { "Distrct": "苗栗縣苑裡鎮", "Name": "上?里民眾活動中心", "Capacty": 50.0, "shltr_d": 375, "name_1": "協和婦女醫院", "name_2": "中心診所醫療財團法人中心綜合醫院", "name_3": "國立臺灣大學醫學院附設醫院兒童醫院", "dstn__1": 878.80129555016856, "dstn__2": 1445.9401217412192, "dstn__3": 1455.3408873648393 }, "geometry": { "type": "Point", "coordinates": [ 121.533012, 25.042385 ] } },
{ "type": "Feature", "properties": { "Distrct": "苗栗縣三灣鄉", "Name": "銅鏡社區活動中心", "Capacty": 50.0, "shltr_d": 376, "name_1": "協和婦女醫院", "name_2": "中心診所醫療財團法人中心綜合醫院", "name_3": "國立臺灣大學醫學院附設醫院兒童醫院", "dstn__1": 878.80129555016856, "dstn__2": 1445.9401217412192, "dstn__3": 1455.3408873648393 }, "geometry": { "type": "Point", "coordinates": [ 121.533012, 25.042385 ] } },
{ "type": "Feature", "properties": { "Distrct": "苗栗縣三義鄉", "Name": "西湖村活動中心室外", "Capacty": 150.0, "shltr_d": 377, "name_1": "協和婦女醫院", "name_2": "中心診所醫療財團法人中心綜合醫院", "name_3": "國立臺灣大學醫學院附設醫院兒童醫院", "dstn__1": 878.80129555016856, "dstn__2": 1445.9401217412192, "dstn__3": 1455.3408873648393 }, "geometry": { "type": "Point", "coordinates": [ 121.533012, 25.042385 ] } },
{ "type": "Feature", "properties": { "Distrct": "苗栗縣三義鄉", "Name": "鯉魚潭村活動中心室外", "Capacty": 150.0, "shltr_d": 378, "name_1": "協和婦女醫院", "name_2": "中心診所醫療財團法人中心綜合醫院", "name_3": "國立臺灣大學醫學院附設醫院兒童醫院", "dstn__1": 878.80129555016856, "dstn__2": 1445.9401217412192, "dstn__3": 1455.3408873648393 }, "geometry": { "type": "Point", "coordinates": [ 121.533012, 25.042385 ] } },
{ "type": "Feature", "properties": { "Distrct": "苗栗縣三義鄉", "Name": "建中國民小學操場室外", "Capacty": 300.0, "shltr_d": 379, "name_1": "協和婦女醫院", "name_2": "中心診所醫療財團法人中心綜合醫院", "name_3": "國立臺灣大學醫學院附設醫院兒童醫院", "dstn__1": 878.80129555016856, "dstn__2": 1445.9401217412192, "dstn__3": 1455.3408873648393 }, "geometry": { "type": "Point", "coordinates": [ 121.533012, 25.042385 ] } },
{ "type": "Feature", "properties": { "Distrct": "苗栗縣苑裡鎮", "Name": "苑裡鎮立托兒所", "Capacty": 300.0, "shltr_d": 380, "name_1": "協和婦女醫院", "name_2": "中心診所醫療財團法人中心綜合醫院", "name_3": "國立臺灣大學醫學院附設醫院兒童醫院", "dstn__1": 878.80129555016856, "dstn__2": 1445.9401217412192, "dstn__3": 1455.3408873648393 }, "geometry": { "type": "Point", "coordinates": [ 121.533012, 25.042385 ] } },
{ "type": "Feature", "properties": { "Distrct": "苗栗縣苑裡鎮", "Name": "苑裡鎮老人文康中心", "Capacty": 300.0, "shltr_d": 381, "name_1": "協和婦女醫院", "name_2": "中心診所醫療財團法人中心綜合醫院", "name_3": "國立臺灣大學醫學院附設醫院兒童醫院", "dstn__1": 878.80129555016856, "dstn__2": 1445.9401217412192, "dstn__3": 1455.3408873648393 }, "geometry": { "type": "Point", "coordinates": [ 121.533012, 25.042385 ] } },
{ "type": "Feature", "properties": { "Distrct": "苗栗縣苑裡鎮", "Name": "苑裡鎮苑東苑南苑北社區聯合活動中", "Capacty": 500.0, "shltr_d": 382, "name_1": "協和婦女醫院", "name_2": "中心診所醫療財團法人中心綜合醫院", "name_3": "國立臺灣大學醫學院附設醫院兒童醫院", "dstn__1": 878.80129555016856, "dstn__2": 1445.9401217412192, "dstn__3": 1455.3408873648393 }, "geometry": { "type": "Point", "coordinates": [ 121.533012, 25.042385 ] } },
{ "type": "Feature", "properties": { "Distrct": "苗栗縣苑裡鎮", "Name": "苗栗縣立苑裡高中操場", "Capacty": 1000.0, "shltr_d": 383, "name_1": "協和婦女醫院", "name_2": "中心診所醫療財團法人中心綜合醫院", "name_3": "國立臺灣大學醫學院附設醫院兒童醫院", "dstn__1": 878.80129555016856, "dstn__2": 1445.9401217412192, "dstn__3": 1455.3408873648393 }, "geometry": { "type": "Point", "coordinates": [ 121.533012, 25.042385 ] } },
{ "type": "Feature", "properties": { "Distrct": "苗栗縣苑裡鎮", "Name": "山腳國小田徑場", "Capacty": 1000.0, "shltr_d": 384, "name_1": "協和婦女醫院", "name_2": "中心診所醫療財團法人中心綜合醫院", "name_3": "國立臺灣大學醫學院附設醫院兒童醫院", "dstn__1": 878.80129555016856, "dstn__2": 1445.9401217412192, "dstn__3": 1455.3408873648393 }, "geometry": { "type": "Point", "coordinates": [ 121.533012, 25.042385 ] } },
{ "type": "Feature", "properties": { "Distrct": "苗栗縣苑裡鎮", "Name": "苑裡鎮中山國小操場", "Capacty": 1000.0, "shltr_d": 385, "name_1": "協和婦女醫院", "name_2": "中心診所醫療財團法人中心綜合醫院", "name_3": "國立臺灣大學醫學院附設醫院兒童醫院", "dstn__1": 878.80129555016856, "dstn__2": 1445.9401217412192, "dstn__3": 1455.3408873648393 }, "geometry": { "type": "Point", "coordinates": [ 121.533012, 25.042385 ] } },
{ "type": "Feature", "properties": { "Distrct": "苗栗縣苑裡鎮", "Name": "苑裡鎮立體育場", "Capacty": 2000.0, "shltr_d": 386, "name_1": "協和婦女醫院", "name_2": "中心診所醫療財團法人中心綜合醫院", "name_3": "國立臺灣大學醫學院附設醫院兒童醫院", "dstn__1": 878.80129555016856, "dstn__2": 1445.9401217412192, "dstn__3": 1455.3408873648393 }, "geometry": { "type": "Point", "coordinates": [ 121.533012, 25.042385 ] } },
{ "type": "Feature", "properties": { "Distrct": "雲林縣土庫鎮", "Name": "綺湖社區活動中心", "Capacty": 78.0, "shltr_d": 387, "name_1": "協和婦女醫院", "name_2": "中心診所醫療財團法人中心綜合醫院", "name_3": "國立臺灣大學醫學院附設醫院兒童醫院", "dstn__1": 878.80129555016856, "dstn__2": 1445.9401217412192, "dstn__3": 1455.3408873648393 }, "geometry": { "type": "Point", "coordinates": [ 121.533012, 25.042385 ] } },
{ "type": "Feature", "properties": { "Distrct": "新北市三峽區", "Name": "大有市民活動中心", "Capacty": 148.0, "shltr_d": 388, "name_1": "協和婦女醫院", "name_2": "中心診所醫療財團法人中心綜合醫院", "name_3": "國立臺灣大學醫學院附設醫院兒童醫院", "dstn__1": 878.80129555016856, "dstn__2": 1445.9401217412192, "dstn__3": 1455.3408873648393 }, "geometry": { "type": "Point", "coordinates": [ 121.533012, 25.042385 ] } },
{ "type": "Feature", "properties": { "Distrct": "新北市貢寮區", "Name": "豐珠國中小活動中心", "Capacty": 369.0, "shltr_d": 389, "name_1": "協和婦女醫院", "name_2": "中心診所醫療財團法人中心綜合醫院", "name_3": "國立臺灣大學醫學院附設醫院兒童醫院", "dstn__1": 878.80129555016856, "dstn__2": 1445.9401217412192, "dstn__3": 1455.3408873648393 }, "geometry": { "type": "Point", "coordinates": [ 121.533012, 25.042385 ] } },
{ "type": "Feature", "properties": { "Distrct": "嘉義縣大林鎮", "Name": "大林鎮公所", "Capacty": 50.0, "shltr_d": 390, "name_1": "協和婦女醫院", "name_2": "中心診所醫療財團法人中心綜合醫院", "name_3": "國立臺灣大學醫學院附設醫院兒童醫院", "dstn__1": 878.80129555016856, "dstn__2": 1445.9401217412192, "dstn__3": 1455.3408873648393 }, "geometry": { "type": "Point", "coordinates": [ 121.533012, 25.042385 ] } },
{ "type": "Feature", "properties": { "Distrct": "嘉義縣大埔鄉", "Name": "西興村活動中心前廣場", "Capacty": 50.0, "shltr_d": 391, "name_1": "協和婦女醫院", "name_2": "中心診所醫療財團法人中心綜合醫院", "name_3": "國立臺灣大學醫學院附設醫院兒童醫院", "dstn__1": 878.80129555016856, "dstn__2": 1445.9401217412192, "dstn__3": 1455.3408873648393 }, "geometry": { "type": "Point", "coordinates": [ 121.533012, 25.042385 ] } },
{ "type": "Feature", "properties": { "Distrct": "嘉義縣大埔鄉", "Name": "大埔鄉公所", "Capacty": 50.0, "shltr_d": 392, "name_1": "協和婦女醫院", "name_2": "中心診所醫療財團法人中心綜合醫院", "name_3": "國立臺灣大學醫學院附設醫院兒童醫院", "dstn__1": 878.80129555016856, "dstn__2": 1445.9401217412192, "dstn__3": 1455.3408873648393 }, "geometry": { "type": "Point", "coordinates": [ 121.533012, 25.042385 ] } },
{ "type": "Feature", "properties": { "Distrct": "嘉義縣竹崎鄉", "Name": "文光國際英語村[室內]", "Capacty": 80.0, "shltr_d": 393, "name_1": "協和婦女醫院", "name_2": "中心診所醫療財團法人中心綜合醫院", "name_3": "國立臺灣大學醫學院附設醫院兒童醫院", "dstn__1": 878.80129555016856, "dstn__2": 1445.9401217412192, "dstn__3": 1455.3408873648393 }, "geometry": { "type": "Point", "coordinates": [ 121.533012, 25.042385 ] } },
{ "type": "Feature", "properties": { "Distrct": "嘉義縣竹崎鄉", "Name": "嘉義縣竹崎鄉灣橋村朴子埔收容所暨防災物資整備所", "Capacty": 90.0, "shltr_d": 394, "name_1": "協和婦女醫院", "name_2": "中心診所醫療財團法人中心綜合醫院", "name_3": "國立臺灣大學醫學院附設醫院兒童醫院", "dstn__1": 878.80129555016856, "dstn__2": 1445.9401217412192, "dstn__3": 1455.3408873648393 }, "geometry": { "type": "Point", "coordinates": [ 121.533012, 25.042385 ] } },
{ "type": "Feature", "properties": { "Distrct": "嘉義縣溪口鄉", "Name": "溪口國中室外", "Capacty": 300.0, "shltr_d": 395, "name_1": "協和婦女醫院", "name_2": "中心診所醫療財團法人中心綜合醫院", "name_3": "國立臺灣大學醫學院附設醫院兒童醫院", "dstn__1": 878.80129555016856, "dstn__2": 1445.9401217412192, "dstn__3": 1455.3408873648393 }, "geometry": { "type": "Point", "coordinates": [ 121.533012, 25.042385 ] } },
{ "type": "Feature", "properties": { "Distrct": "嘉義縣鹿草鄉", "Name": "竹園國小室外", "Capacty": 400.0, "shltr_d": 396, "name_1": "協和婦女醫院", "name_2": "中心診所醫療財團法人中心綜合醫院", "name_3": "國立臺灣大學醫學院附設醫院兒童醫院", "dstn__1": 878.80129555016856, "dstn__2": 1445.9401217412192, "dstn__3": 1455.3408873648393 }, "geometry": { "type": "Point", "coordinates": [ 121.533012, 25.042385 ] } },
{ "type": "Feature", "properties": { "Distrct": "嘉義縣鹿草鄉", "Name": "後塘國小室外", "Capacty": 500.0, "shltr_d": 397, "name_1": "協和婦女醫院", "name_2": "中心診所醫療財團法人中心綜合醫院", "name_3": "國立臺灣大學醫學院附設醫院兒童醫院", "dstn__1": 878.80129555016856, "dstn__2": 1445.9401217412192, "dstn__3": 1455.3408873648393 }, "geometry": { "type": "Point", "coordinates": [ 121.533012, 25.042385 ] } },
{ "type": "Feature", "properties": { "Distrct": "彰化縣永靖鄉", "Name": "老人文康活動中心", "Capacty": 50.0, "shltr_d": 398, "name_1": "協和婦女醫院", "name_2": "中心診所醫療財團法人中心綜合醫院", "name_3": "國立臺灣大學醫學院附設醫院兒童醫院", "dstn__1": 878.80129555016856, "dstn__2": 1445.9401217412192, "dstn__3": 1455.3408873648393 }, "geometry": { "type": "Point", "coordinates": [ 121.533012, 25.042385 ] } },
{ "type": "Feature", "properties": { "Distrct": "彰化縣永靖鄉", "Name": "永靖鄉立托兒所", "Capacty": 200.0, "shltr_d": 399, "name_1": "協和婦女醫院", "name_2": "中心診所醫療財團法人中心綜合醫院", "name_3": "國立臺灣大學醫學院附設醫院兒童醫院", "dstn__1": 878.80129555016856, "dstn__2": 1445.9401217412192, "dstn__3": 1455.3408873648393 }, "geometry": { "type": "Point", "coordinates": [ 121.533012, 25.042385 ] } },
{ "type": "Feature", "properties": { "Distrct": "臺中市梧棲區", "Name": "梧棲國小活動中心", "Capacty": 200.0, "shltr_d": 400, "name_1": "協和婦女醫院", "name_2": "中心診所醫療財團法人中心綜合醫院", "name_3": "國立臺灣大學醫學院附設醫院兒童醫院", "dstn__1": 878.80129555016856, "dstn__2": 1445.9401217412192, "dstn__3": 1455.3408873648393 }, "geometry": { "type": "Point", "coordinates": [ 121.533012, 25.042385 ] } },
{ "type": "Feature", "properties": { "Distrct": "臺東縣長濱鄉", "Name": "樟原社區活動中心", "Capacty": 40.0, "shltr_d": 401, "name_1": "協和婦女醫院", "name_2": "中心診所醫療財團法人中心綜合醫院", "name_3": "國立臺灣大學醫學院附設醫院兒童醫院", "dstn__1": 878.80129555016856, "dstn__2": 1445.9401217412192, "dstn__3": 1455.3408873648393 }, "geometry": { "type": "Point", "coordinates": [ 121.533012, 25.042385 ] } },
{ "type": "Feature", "properties": { "Distrct": "臺東縣長濱鄉", "Name": "三間社區活動中心", "Capacty": 80.0, "shltr_d": 402, "name_1": "協和婦女醫院", "name_2": "中心診所醫療財團法人中心綜合醫院", "name_3": "國立臺灣大學醫學院附設醫院兒童醫院", "dstn__1": 878.80129555016856, "dstn__2": 1445.9401217412192, "dstn__3": 1455.3408873648393 }, "geometry": { "type": "Point", "coordinates": [ 121.533012, 25.042385 ] } },
{ "type": "Feature", "properties": { "Distrct": "臺東縣長濱鄉", "Name": "三間村南溪國小", "Capacty": 180.0, "shltr_d": 403, "name_1": "協和婦女醫院", "name_2": "中心診所醫療財團法人中心綜合醫院", "name_3": "國立臺灣大學醫學院附設醫院兒童醫院", "dstn__1": 878.80129555016856, "dstn__2": 1445.9401217412192, "dstn__3": 1455.3408873648393 }, "geometry": { "type": "Point", "coordinates": [ 121.533012, 25.042385 ] } },
{ "type": "Feature", "properties": { "Distrct": "臺南市新化區", "Name": "同義宮", "Capacty": 150.0, "shltr_d": 404, "name_1": "協和婦女醫院", "name_2": "中心診所醫療財團法人中心綜合醫院", "name_3": "國立臺灣大學醫學院附設醫院兒童醫院", "dstn__1": 878.80129555016856, "dstn__2": 1445.9401217412192, "dstn__3": 1455.3408873648393 }, "geometry": { "type": "Point", "coordinates": [ 121.533012, 25.042385 ] } },
{ "type": "Feature", "properties": { "Distrct": "臺南市新化區", "Name": "新化區聯合活動中心", "Capacty": 490.0, "shltr_d": 405, "name_1": "協和婦女醫院", "name_2": "中心診所醫療財團法人中心綜合醫院", "name_3": "國立臺灣大學醫學院附設醫院兒童醫院", "dstn__1": 878.80129555016856, "dstn__2": 1445.9401217412192, "dstn__3": 1455.3408873648393 }, "geometry": { "type": "Point", "coordinates": [ 121.533012, 25.042385 ] } },
{ "type": "Feature", "properties": { "Distrct": "臺北市中正區", "Name": "成功高中", "Capacty": 30.0, "shltr_d": 406, "name_1": "國立臺灣大學醫學院附設醫院兒童醫院", "name_2": "國立台灣大學醫學院附設醫院", "name_3": "協和婦女醫院", "dstn__1": 553.11720959467959, "dstn__2": 558.73263894361344, "dstn__3": 1344.6821620332494 }, "geometry": { "type": "Point", "coordinates": [ 121.5238, 25.0424 ] } },
{ "type": "Feature", "properties": { "Distrct": "臺北市南港區", "Name": "胡適國小", "Capacty": 30.0, "shltr_d": 407, "name_1": "臺北市立聯合醫院附設南港門診部", "name_2": "臺北市立聯合醫院附設信義門診部", "name_3": "康寧醫療財團法人康寧醫院", "dstn__1": 1707.4280825154283, "dstn__2": 3487.9960274135028, "dstn__3": 3812.3251756534341 }, "geometry": { "type": "Point", "coordinates": [ 121.6172, 25.0424 ] } },
{ "type": "Feature", "properties": { "Distrct": "新北市新莊區", "Name": "丹鳳高中", "Capacty": 1337.0, "shltr_d": 408, "name_1": "大順醫院", "name_2": "益民醫院", "name_3": "新莊英仁醫院", "dstn__1": 1020.4166388996912, "dstn__2": 1126.3513368798083, "dstn__3": 1211.3529455624196 }, "geometry": { "type": "Point", "coordinates": [ 121.4444, 25.0426 ] } },
{ "type": "Feature", "properties": { "Distrct": "臺北市中正區", "Name": "忠孝國小", "Capacty": 30.0, "shltr_d": 409, "name_1": "協和婦女醫院", "name_2": "國立臺灣大學醫學院附設醫院兒童醫院", "name_3": "國立台灣大學醫學院附設醫院", "dstn__1": 858.18795408363655, "dstn__2": 1317.8260645203281, "dstn__3": 1344.9785019136509 }, "geometry": { "type": "Point", "coordinates": [ 121.5317, 25.0428 ] } },
{ "type": "Feature", "properties": { "Distrct": "新北市泰山區", "Name": "明志國小", "Capacty": 1024.0, "shltr_d": 410, "name_1": "財團法人台灣省私立台北仁濟院附設新莊仁濟醫院", "name_2": "大順醫院", "name_3": "新莊英仁醫院", "dstn__1": 2117.242041696933, "dstn__2": 2122.1409653896012, "dstn__3": 2369.068091507289 }, "geometry": { "type": "Point", "coordinates": [ 121.4317, 25.043 ] } },
{ "type": "Feature", "properties": { "Distrct": "臺北市信義區", "Name": "永吉國小", "Capacty": 53.0, "shltr_d": 411, "name_1": "臺北市立聯合醫院附設信義門診部", "name_2": "臺北市立聯合醫院附設松山門診部", "name_3": "培靈醫院", "dstn__1": 617.82729296402215, "dstn__2": 760.34801650034615, "dstn__3": 1301.6219338187118 }, "geometry": { "type": "Point", "coordinates": [ 121.5791, 25.043 ] } },
{ "type": "Feature", "properties": { "Distrct": "新北市三重區", "Name": "私立金陵女中", "Capacty": 913.0, "shltr_d": 412, "name_1": "三重中興醫院", "name_2": "祥顥醫院", "name_3": "益民醫院", "dstn__1": 465.66003969176631, "dstn__2": 792.93948040708165, "dstn__3": 1235.0477692974014 }, "geometry": { "type": "Point", "coordinates": [ 121.467, 25.0431 ] } },
{ "type": "Feature", "properties": { "Distrct": "臺北市萬華區", "Name": "西門國小", "Capacty": 95.0, "shltr_d": 413, "name_1": "財團法人台灣省私立台北仁濟院附設仁濟醫院", "name_2": "臺北市立聯合醫院", "name_3": "國立台灣大學醫學院附設醫院", "dstn__1": 894.45431341711799, "dstn__2": 992.09868195756974, "dstn__3": 1543.0252931091161 }, "geometry": { "type": "Point", "coordinates": [ 121.5035, 25.0432 ] } },
{ "type": "Feature", "properties": { "Distrct": "臺北市信義區", "Name": "松山高中", "Capacty": 300.0, "shltr_d": 414, "name_1": "培靈醫院", "name_2": "秀傳醫院", "name_3": "博仁綜合醫院", "dstn__1": 658.75439154976914, "dstn__2": 906.09849810724654, "dstn__3": 1065.0210681787116 }, "geometry": { "type": "Point", "coordinates": [ 121.5658, 25.0439 ] } },
{ "type": "Feature", "properties": { "Distrct": "新北市平溪區", "Name": "十分國小", "Capacty": 175.0, "shltr_d": 415, "name_1": "瑞芳礦工醫院", "name_2": "國泰醫療財團法人汐止國泰綜合醫院", "name_3": "臺北市立聯合醫院附設南港門診部", "dstn__1": 7590.3176890010263, "dstn__2": 12166.981105607247, "dstn__3": 17258.985241148788 }, "geometry": { "type": "Point", "coordinates": [ 121.7774, 25.0439 ] } },
{ "type": "Feature", "properties": { "Distrct": "臺北市信義區", "Name": "永春國小", "Capacty": 115.0, "shltr_d": 416, "name_1": "臺北市立聯合醫院附設松山門診部", "name_2": "臺北市立聯合醫院附設信義門診部", "name_3": "培靈醫院", "dstn__1": 573.18621879968316, "dstn__2": 784.77140463483784, "dstn__3": 1191.2197627679491 }, "geometry": { "type": "Point", "coordinates": [ 121.5789, 25.0447 ] } },
{ "type": "Feature", "properties": { "Distrct": "臺北市松山區", "Name": "臺北田徑場", "Capacty": 440.0, "shltr_d": 417, "name_1": "中心診所醫療財團法人中心綜合醫院", "name_2": "基督復臨安息日會醫療財團法人臺安醫院", "name_3": "秀傳醫院", "dstn__1": 492.76640865131054, "dstn__2": 505.59541780738709, "dstn__3": 633.39917030565084 }, "geometry": { "type": "Point", "coordinates": [ 121.5509, 25.0449 ] } },
{ "type": "Feature", "properties": { "Distrct": "臺北市南港區", "Name": "成德國中", "Capacty": 300.0, "shltr_d": 418, "name_1": "臺北市立聯合醫院附設信義門診部", "name_2": "臺北市立聯合醫院附設松山門診部", "name_3": "培靈醫院", "dstn__1": 867.14118394625996, "dstn__2": 1170.1637413080334, "dstn__3": 2022.2610259022038 }, "geometry": { "type": "Point", "coordinates": [ 121.587751, 25.045069 ] } },
{ "type": "Feature", "properties": { "Distrct": "新北市新莊區", "Name": "國泰國小", "Capacty": 1036.0, "shltr_d": 419, "name_1": "益民醫院", "name_2": "大順醫院", "name_3": "新莊英仁醫院", "dstn__1": 981.09786744245412, "dstn__2": 1109.7902711937513, "dstn__3": 1226.2546271251413 }, "geometry": { "type": "Point", "coordinates": [ 121.4472, 25.0451 ] } },
{ "type": "Feature", "properties": { "Distrct": "臺北市中山區", "Name": "懷生國小", "Capacty": 30.0, "shltr_d": 420, "name_1": "基督復臨安息日會醫療財團法人臺安醫院", "name_2": "中心診所醫療財團法人中心綜合醫院", "name_3": "協和婦女醫院", "dstn__1": 640.07609583208, "dstn__2": 683.73975356488722, "dstn__3": 957.10109154423492 }, "geometry": { "type": "Point", "coordinates": [ 121.5417, 25.0453 ] } },
{ "type": "Feature", "properties": { "Distrct": "臺北市南港區", "Name": "修德國小", "Capacty": 95.0, "shltr_d": 421, "name_1": "臺北市立聯合醫院附設信義門診部", "name_2": "臺北市立聯合醫院附設松山門診部", "name_3": "臺北市立聯合醫院附設南港門診部", "dstn__1": 1020.0422424733837, "dstn__2": 1323.1859356763257, "dstn__3": 1999.4376498041211 }, "geometry": { "type": "Point", "coordinates": [ 121.5896, 25.0455 ] } },
{ "type": "Feature", "properties": { "Distrct": "新北市新莊區", "Name": "頭前國小", "Capacty": 610.0, "shltr_d": 422, "name_1": "益民醫院", "name_2": "祥顥醫院", "name_3": "新莊英仁醫院", "dstn__1": 626.3799032566717, "dstn__2": 879.32517271337701, "dstn__3": 1120.2225598014718 }, "geometry": { "type": "Point", "coordinates": [ 121.4566, 25.0456 ] } },
{ "type": "Feature", "properties": { "Distrct": "臺北市南港區", "Name": "南港公園", "Capacty": 8661.0, "shltr_d": 423, "name_1": "臺北市立聯合醫院附設信義門診部", "name_2": "臺北市立聯合醫院附設松山門診部", "name_3": "臺北市立聯合醫院附設南港門診部", "dstn__1": 1156.3409429711744, "dstn__2": 1465.5044877573521, "dstn__3": 1843.7514714686683 }, "geometry": { "type": "Point", "coordinates": [ 121.5912, 25.0458 ] } },
{ "type": "Feature", "properties": { "Distrct": "高雄市林園區", "Name": "高雄市林園區汕尾國民小學", "Capacty": 400.0, "shltr_d": 424, "name_1": "國立臺灣大學醫學院附設醫院兒童醫院", "name_2": "國立台灣大學醫學院附設醫院", "name_3": "臺北市立聯合醫院", "dstn__1": 249.48662635001358, "dstn__2": 615.94626292634428, "dstn__3": 991.80688323236654 }, "geometry": { "type": "Point", "coordinates": [ 121.517414, 25.046238 ] } },
{ "type": "Feature", "properties": { "Distrct": "臺北市萬華區", "Name": "福星國小", "Capacty": 50.0, "shltr_d": 425, "name_1": "臺北市立聯合醫院", "name_2": "國立臺灣大學醫學院附設醫院兒童醫院", "name_3": "國立台灣大學醫學院附設醫院", "dstn__1": 486.53512907058308, "dstn__2": 1017.348573436368, "dstn__3": 1150.7344367230978 }, "geometry": { "type": "Point", "coordinates": [ 121.5089, 25.0463 ] } },
{ "type": "Feature", "properties": { "Distrct": "臺北市南港區", "Name": "臺北市南港運動中心", "Capacty": 240.0, "shltr_d": 426, "name_1": "臺北市立聯合醫院附設松山門診部", "name_2": "臺北市立聯合醫院附設信義門診部", "name_3": "培靈醫院", "dstn__1": 599.05175095655954, "dstn__2": 887.04179689990031, "dstn__3": 1438.2357522870941 }, "geometry": { "type": "Point", "coordinates": [ 121.5822, 25.0466 ] } },
{ "type": "Feature", "properties": { "Distrct": "臺北市信義區", "Name": "興雅國小", "Capacty": 198.0, "shltr_d": 427, "name_1": "培靈醫院", "name_2": "臺北市立聯合醫院附設松山門診部", "name_3": "博仁綜合醫院", "dstn__1": 350.89873957114878, "dstn__2": 798.45341932318331, "dstn__3": 1305.8059190885954 }, "geometry": { "type": "Point", "coordinates": [ 121.5701, 25.0467 ] } },
{ "type": "Feature", "properties": { "Distrct": "臺北市南港區", "Name": "成德國小", "Capacty": 200.0, "shltr_d": 428, "name_1": "臺北市立聯合醫院附設信義門診部", "name_2": "臺北市立聯合醫院附設松山門診部", "name_3": "培靈醫院", "dstn__1": 1003.0160436107179, "dstn__2": 1014.9951378629501, "dstn__3": 1898.9431784952221 }, "geometry": { "type": "Point", "coordinates": [ 121.5869, 25.0469 ] } },
{ "type": "Feature", "properties": { "Distrct": "新北市泰山區", "Name": "義學國中", "Capacty": 606.0, "shltr_d": 429, "name_1": "大順醫院", "name_2": "益民醫院", "name_3": "新莊英仁醫院", "dstn__1": 2090.1080252986822, "dstn__2": 2215.0422637335887, "dstn__3": 2304.4321124997114 }, "geometry": { "type": "Point", "coordinates": [ 121.4347, 25.0472 ] } },
{ "type": "Feature", "properties": { "Distrct": "新北市泰山區", "Name": "義學國小", "Capacty": 952.0, "shltr_d": 430, "name_1": "大順醫院", "name_2": "益民醫院", "name_3": "新莊英仁醫院", "dstn__1": 2090.1080252986822, "dstn__2": 2215.0422637335887, "dstn__3": 2304.4321124997114 }, "geometry": { "type": "Point", "coordinates": [ 121.4347, 25.0472 ] } },
{ "type": "Feature", "properties": { "Distrct": "新北市汐止區", "Name": "白雲國小", "Capacty": 96.0, "shltr_d": 431, "name_1": "臺北市立聯合醫院附設南港門診部", "name_2": "康寧醫療財團法人康寧醫院", "name_3": "臺北市立聯合醫院附設信義門診部", "dstn__1": 1441.7963370242601, "dstn__2": 3297.4137678438628, "dstn__3": 3767.4246116673194 }, "geometry": { "type": "Point", "coordinates": [ 121.618882, 25.047641 ] } },
{ "type": "Feature", "properties": { "Distrct": "新北市新莊區", "Name": "福營行政大樓", "Capacty": 200.0, "shltr_d": 432, "name_1": "益民醫院", "name_2": "大順醫院", "name_3": "新莊英仁醫院", "dstn__1": 1390.495113968351, "dstn__2": 1525.1297704131259, "dstn__3": 1651.7917212488339 }, "geometry": { "type": "Point", "coordinates": [ 121.4447, 25.0482 ] } },
{ "type": "Feature", "properties": { "Distrct": "臺北市信義區", "Name": "永吉國中", "Capacty": 97.0, "shltr_d": 433, "name_1": "臺北市立聯合醫院附設松山門診部", "name_2": "培靈醫院", "name_3": "臺北市立聯合醫院附設信義門診部", "dstn__1": 357.6922133544391, "dstn__2": 599.5724405691733, "dstn__3": 1391.5855874592867 }, "geometry": { "type": "Point", "coordinates": [ 121.5741, 25.0483 ] } },
{ "type": "Feature", "properties": { "Distrct": "臺北市中山區", "Name": "中山女中", "Capacty": 135.0, "shltr_d": 434, "name_1": "協和婦女醫院", "name_2": "基督復臨安息日會醫療財團法人臺安醫院", "name_3": "中心診所醫療財團法人中心綜合醫院", "dstn__1": 374.20519255217738, "dstn__2": 1028.1049512830489, "dstn__3": 1267.1588557999196 }, "geometry": { "type": "Point", "coordinates": [ 121.5371, 25.0485 ] } },
{ "type": "Feature", "properties": { "Distrct": "新北市泰山區", "Name": "義仁市民活動中心", "Capacty": 55.0, "shltr_d": 435, "name_1": "大順醫院", "name_2": "財團法人台灣省私立台北仁濟院附設新莊仁濟醫院", "name_3": "益民醫院", "dstn__1": 2802.9916930118115, "dstn__2": 2888.0783207417189, "dstn__3": 2974.0484956165769 }, "geometry": { "type": "Point", "coordinates": [ 121.4273, 25.0487 ] } },
{ "type": "Feature", "properties": { "Distrct": "臺北市松山區", "Name": "中崙高中", "Capacty": 300.0, "shltr_d": 436, "name_1": "博仁綜合醫院", "name_2": "三軍總醫院松山分院附設民眾診療服務處", "name_3": "培靈醫院", "dstn__1": 375.07664500843623, "dstn__2": 674.00832134995733, "dstn__3": 728.84764644973905 }, "geometry": { "type": "Point", "coordinates": [ 121.5611, 25.0487 ] } },
{ "type": "Feature", "properties": { "Distrct": "臺北市松山區", "Name": "臺北市松山運動中心", "Capacty": 180.0, "shltr_d": 437, "name_1": "基督復臨安息日會醫療財團法人臺安醫院", "name_2": "博仁綜合醫院", "name_3": "中心診所醫療財團法人中心綜合醫院", "dstn__1": 303.53766052460088, "dstn__2": 775.36062005552731, "dstn__3": 838.3141044809322 }, "geometry": { "type": "Point", "coordinates": [ 121.5501, 25.049 ] } },
{ "type": "Feature", "properties": { "Distrct": "臺北市松山區", "Name": "敦化國小", "Capacty": 56.0, "shltr_d": 438, "name_1": "基督復臨安息日會醫療財團法人臺安醫院", "name_2": "中心診所醫療財團法人中心綜合醫院", "name_3": "博仁綜合醫院", "dstn__1": 169.33004124823643, "dstn__2": 810.06460682826923, "dstn__3": 933.9389429254079 }, "geometry": { "type": "Point", "coordinates": [ 121.5485, 25.0491 ] } },
{ "type": "Feature", "properties": { "Distrct": "臺北市中山區", "Name": "長安國中", "Capacty": 41.0, "shltr_d": 439, "name_1": "協和婦女醫院", "name_2": "泰安醫院", "name_3": "台灣基督長老教會馬偕醫療財團法人馬偕紀念醫院", "dstn__1": 227.75248038531106, "dstn__2": 1336.0848038551428, "dstn__3": 1411.4271381169965 }, "geometry": { "type": "Point", "coordinates": [ 121.5319, 25.0494 ] } },
{ "type": "Feature", "properties": { "Distrct": "臺北市中山區", "Name": "長安國小", "Capacty": 300.0, "shltr_d": 440, "name_1": "協和婦女醫院", "name_2": "台灣基督長老教會馬偕醫療財團法人馬偕紀念醫院", "name_3": "台灣基督長老教會馬偕醫療財團法人馬偕兒童醫院", "dstn__1": 383.02389215653966, "dstn__2": 1276.505004978646, "dstn__3": 1276.505004978646 }, "geometry": { "type": "Point", "coordinates": [ 121.5302, 25.0497 ] } },
{ "type": "Feature", "properties": { "Distrct": "臺北市大同區", "Name": "玉泉公園", "Capacty": 2183.0, "shltr_d": 441, "name_1": "臺北市立聯合醫院", "name_2": "國立臺灣大學醫學院附設醫院兒童醫院", "name_3": "國立台灣大學醫學院附設醫院", "dstn__1": 155.32364991931229, "dstn__2": 1268.3473609372268, "dstn__3": 1483.0973949296119 }, "geometry": { "type": "Point", "coordinates": [ 121.5077, 25.0498 ] } },
{ "type": "Feature", "properties": { "Distrct": "新北市三重區", "Name": "興穀國民小學", "Capacty": 299.0, "shltr_d": 442, "name_1": "三重中興醫院", "name_2": "宏仁醫院", "name_3": "新北市立聯合醫院", "dstn__1": 715.52730532701935, "dstn__2": 933.7831588204358, "dstn__3": 1915.3614644609124 }, "geometry": { "type": "Point", "coordinates": [ 121.4755, 25.0502 ] } },
{ "type": "Feature", "properties": { "Distrct": "臺北市大同區", "Name": "建成國中", "Capacty": 55.0, "shltr_d": 443, "name_1": "國立臺灣大學醫學院附設醫院兒童醫院", "name_2": "台灣基督長老教會馬偕醫療財團法人馬偕紀念醫院", "name_3": "台灣基督長老教會馬偕醫療財團法人馬偕兒童醫院", "dstn__1": 666.73783268818499, "dstn__2": 993.60833996059762, "dstn__3": 993.60833996059762 }, "geometry": { "type": "Point", "coordinates": [ 121.5197, 25.0503 ] } },
{ "type": "Feature", "properties": { "Distrct": "新北市汐止區", "Name": "橫科里活動中心", "Capacty": 74.0, "shltr_d": 444, "name_1": "臺北市立聯合醫院附設南港門診部", "name_2": "康寧醫療財團法人康寧醫院", "name_3": "臺北市立聯合醫院附設信義門診部", "dstn__1": 1427.7965147746668, "dstn__2": 3050.0209641493584, "dstn__3": 3985.1614463413102 }, "geometry": { "type": "Point", "coordinates": [ 121.620181, 25.05045 ] } },
{ "type": "Feature", "properties": { "Distrct": "臺北市中山區", "Name": "中正國小", "Capacty": 76.0, "shltr_d": 445, "name_1": "協和婦女醫院", "name_2": "基督復臨安息日會醫療財團法人臺安醫院", "name_3": "中心診所醫療財團法人中心綜合醫院", "dstn__1": 632.33862373843817, "dstn__2": 767.80778701784789, "dstn__3": 1205.7184941319185 }, "geometry": { "type": "Point", "coordinates": [ 121.5402, 25.0506 ] } },
{ "type": "Feature", "properties": { "Distrct": "臺北市大同區", "Name": "忠孝國中", "Capacty": 131.0, "shltr_d": 446, "name_1": "臺北市立聯合醫院", "name_2": "國立臺灣大學醫學院附設醫院兒童醫院", "name_3": "國立台灣大學醫學院附設醫院", "dstn__1": 89.280168434336133, "dstn__2": 1307.7588966493347, "dstn__3": 1557.4396195416177 }, "geometry": { "type": "Point", "coordinates": [ 121.5082, 25.0512 ] } },
{ "type": "Feature", "properties": { "Distrct": "臺北市松山區", "Name": "松山國小", "Capacty": 95.0, "shltr_d": 447, "name_1": "臺北市立聯合醫院附設松山門診部", "name_2": "培靈醫院", "name_3": "臺北市立聯合醫院附設信義門診部", "dstn__1": 262.81319645189654, "dstn__2": 1129.4627006784392, "dstn__3": 1440.0610413469371 }, "geometry": { "type": "Point", "coordinates": [ 121.5793, 25.0512 ] } },
{ "type": "Feature", "properties": { "Distrct": "新北市新莊區", "Name": "豐年國小", "Capacty": 1128.0, "shltr_d": 448, "name_1": "益民醫院", "name_2": "大順醫院", "name_3": "新莊英仁醫院", "dstn__1": 1480.5866030141287, "dstn__2": 1774.0719158755041, "dstn__3": 1843.9379097396175 }, "geometry": { "type": "Point", "coordinates": [ 121.4474, 25.0514 ] } },
{ "type": "Feature", "properties": { "Distrct": "新北市新莊區", "Name": "新泰國小", "Capacty": 106.0, "shltr_d": 449, "name_1": "益民醫院", "name_2": "祥顥醫院", "name_3": "三重中興醫院", "dstn__1": 1253.1887390801614, "dstn__2": 1513.780797582072, "dstn__3": 1536.5211977908077 }, "geometry": { "type": "Point", "coordinates": [ 121.4554, 25.0514 ] } },
{ "type": "Feature", "properties": { "Distrct": "新北市貢寮區", "Name": "仁和宮", "Capacty": 125.0, "shltr_d": 450, "name_1": "瑞芳礦工醫院", "name_2": "國泰醫療財團法人汐止國泰綜合醫院", "name_3": "康寧醫療財團法人康寧醫院", "dstn__1": 13703.013025700649, "dstn__2": 26494.906027810495, "dstn__3": 31781.415913151253 }, "geometry": { "type": "Point", "coordinates": [ 121.92262, 25.051427 ] } },
{ "type": "Feature", "properties": { "Distrct": "臺北市松山區", "Name": "敦化國中", "Capacty": 389.0, "shltr_d": 451, "name_1": "基督復臨安息日會醫療財團法人臺安醫院", "name_2": "中心診所醫療財團法人中心綜合醫院", "name_3": "博仁綜合醫院", "dstn__1": 384.82104570251278, "dstn__2": 1068.5890586761045, "dstn__3": 1110.9110320777943 }, "geometry": { "type": "Point", "coordinates": [ 121.5468, 25.0515 ] } },
{ "type": "Feature", "properties": { "Distrct": "臺北市松山區", "Name": "臺北體育館", "Capacty": 1000.0, "shltr_d": 452, "name_1": "基督復臨安息日會醫療財團法人臺安醫院", "name_2": "協和婦女醫院", "name_3": "中心診所醫療財團法人中心綜合醫院", "dstn__1": 485.94802730879513, "dstn__2": 1086.8190058033458, "dstn__3": 1123.6868861988753 }, "geometry": { "type": "Point", "coordinates": [ 121.5446, 25.0517 ] } },
{ "type": "Feature", "properties": { "Distrct": "臺北市南港區", "Name": "臺北市極限運動訓練中心", "Capacty": 50.0, "shltr_d": 453, "name_1": "臺北市立聯合醫院附設南港門診部", "name_2": "康寧醫療財團法人康寧醫院", "name_3": "臺北市立聯合醫院附設信義門診部", "dstn__1": 296.3470623296048, "dstn__2": 2668.3251622900352, "dstn__3": 2869.5625391899998 }, "geometry": { "type": "Point", "coordinates": [ 121.6073, 25.0519 ] } },
{ "type": "Feature", "properties": { "Distrct": "新北市三重區", "Name": "私立清傳商職", "Capacty": 294.0, "shltr_d": 454, "name_1": "宏仁醫院", "name_2": "三重中興醫院", "name_3": "新北市立聯合醫院", "dstn__1": 727.53408873736066, "dstn__2": 948.69807210735166, "dstn__3": 1681.0846794857612 }, "geometry": { "type": "Point", "coordinates": [ 121.4769, 25.052 ] } },
{ "type": "Feature", "properties": { "Distrct": "新北市新莊區", "Name": "福壽市民活動中心", "Capacty": 120.0, "shltr_d": 455, "name_1": "益民醫院", "name_2": "三重中興醫院", "name_3": "祥顥醫院", "dstn__1": 1363.0595597707056, "dstn__2": 1369.1883521287239, "dstn__3": 1534.6827440378697 }, "geometry": { "type": "Point", "coordinates": [ 121.4576, 25.0522 ] } },
{ "type": "Feature", "properties": { "Distrct": "臺北市松山區", "Name": "西松國小", "Capacty": 50.0, "shltr_d": 456, "name_1": "培靈醫院", "name_2": "三軍總醫院松山分院附設民眾診療服務處", "name_3": "博仁綜合醫院", "dstn__1": 565.10966524818969, "dstn__2": 625.30534443363786, "dstn__3": 641.20287607907392 }, "geometry": { "type": "Point", "coordinates": [ 121.5636, 25.0522 ] } },
{ "type": "Feature", "properties": { "Distrct": "臺北市南港區", "Name": "南港高中", "Capacty": 435.0, "shltr_d": 457, "name_1": "臺北市立聯合醫院附設南港門診部", "name_2": "臺北市立聯合醫院附設松山門診部", "name_3": "臺北市立聯合醫院附設信義門診部", "dstn__1": 1207.5003863603565, "dstn__2": 1812.2188912584174, "dstn__3": 1964.5339722983042 }, "geometry": { "type": "Point", "coordinates": [ 121.595, 25.0525 ] } },
{ "type": "Feature", "properties": { "Distrct": "新北市新莊區", "Name": "民安國小", "Capacty": 1184.0, "shltr_d": 458, "name_1": "三重中興醫院", "name_2": "祥顥醫院", "name_3": "宏仁醫院", "dstn__1": 791.28330701015568, "dstn__2": 1664.2036917039939, "dstn__3": 1787.8099413505615 }, "geometry": { "type": "Point", "coordinates": [ 121.4661, 25.0529 ] } },
{ "type": "Feature", "properties": { "Distrct": "新北市雙溪區", "Name": "三港集會所", "Capacty": 63.0, "shltr_d": 459, "name_1": "瑞芳礦工醫院", "name_2": "國泰醫療財團法人汐止國泰綜合醫院", "name_3": "康寧醫療財團法人康寧醫院", "dstn__1": 9821.3219230888626, "dstn__2": 21996.348489127056, "dstn__3": 27281.569253018017 }, "geometry": { "type": "Point", "coordinates": [ 121.878, 25.053 ] } },
{ "type": "Feature", "properties": { "Distrct": "臺北市南港區", "Name": "玉成國小", "Capacty": 30.0, "shltr_d": 460, "name_1": "臺北市立聯合醫院附設南港門診部", "name_2": "臺北市立聯合醫院附設松山門診部", "name_3": "臺北市立聯合醫院附設信義門診部", "dstn__1": 1213.6988675272144, "dstn__2": 1815.6574683686642, "dstn__3": 2051.1626875013294 }, "geometry": { "type": "Point", "coordinates": [ 121.594769, 25.05364 ] } },
{ "type": "Feature", "properties": { "Distrct": "新北市新莊區", "Name": "福營國中", "Capacty": 319.0, "shltr_d": 461, "name_1": "益民醫院", "name_2": "大順醫院", "name_3": "新莊英仁醫院", "dstn__1": 1864.4557742465709, "dstn__2": 2108.9081351034356, "dstn__3": 2202.9669559704639 }, "geometry": { "type": "Point", "coordinates": [ 121.4445, 25.0538 ] } },
{ "type": "Feature", "properties": { "Distrct": "臺北市南港區", "Name": "誠正國中", "Capacty": 143.0, "shltr_d": 462, "name_1": "臺北市立聯合醫院附設南港門診部", "name_2": "康寧醫療財團法人康寧醫院", "name_3": "臺北市立聯合醫院附設信義門診部", "dstn__1": 1205.8910057452483, "dstn__2": 2619.252670479792, "dstn__3": 4000.2478757471035 }, "geometry": { "type": "Point", "coordinates": [ 121.6187, 25.0541 ] } },
{ "type": "Feature", "properties": { "Distrct": "新北市泰山區", "Name": "同榮國小", "Capacty": 931.0, "shltr_d": 463, "name_1": "大順醫院", "name_2": "益民醫院", "name_3": "新莊英仁醫院", "dstn__1": 3119.0280641579307, "dstn__2": 3164.6783223252282, "dstn__3": 3318.1141159176977 }, "geometry": { "type": "Point", "coordinates": [ 121.4282, 25.0546 ] } },
{ "type": "Feature", "properties": { "Distrct": "新北市三重區", "Name": "新北市立三重高中", "Capacty": 897.0, "shltr_d": 464, "name_1": "新北市立聯合醫院", "name_2": "宏仁醫院", "name_3": "臺北市立聯合醫院", "dstn__1": 725.16710993930542, "dstn__2": 783.16224990174396, "dstn__3": 1809.6734621883845 }, "geometry": { "type": "Point", "coordinates": [ 121.4915, 25.0547 ] } },
{ "type": "Feature", "properties": { "Distrct": "臺北市中山區", "Name": "吉林國小", "Capacty": 117.0, "shltr_d": 465, "name_1": "協和婦女醫院", "name_2": "泰安醫院", "name_3": "台灣基督長老教會馬偕醫療財團法人馬偕紀念醫院", "dstn__1": 657.63956354390211, "dstn__2": 776.55869059581744, "dstn__3": 848.32013668402237 }, "geometry": { "type": "Point", "coordinates": [ 121.5296, 25.0547 ] } },
{ "type": "Feature", "properties": { "Distrct": "新北市貢寮區", "Name": "澳底圖書館", "Capacty": 157.0, "shltr_d": 466, "name_1": "瑞芳礦工醫院", "name_2": "國泰醫療財團法人汐止國泰綜合醫院", "name_3": "康寧醫療財團法人康寧醫院", "dstn__1": 13925.835999894929, "dstn__2": 26896.109762936994, "dstn__3": 32183.722648557054 }, "geometry": { "type": "Point", "coordinates": [ 121.926916, 25.054775 ] } },
{ "type": "Feature", "properties": { "Distrct": "臺北市中山區", "Name": "長春國小", "Capacty": 47.0, "shltr_d": 467, "name_1": "協和婦女醫院", "name_2": "泰安醫院", "name_3": "臺北市立聯合醫院附設中山門診部", "dstn__1": 512.50055857408904, "dstn__2": 761.53177409487353, "dstn__3": 1052.4745094159803 }, "geometry": { "type": "Point", "coordinates": [ 121.5339, 25.0549 ] } },
{ "type": "Feature", "properties": { "Distrct": "新北市貢寮區", "Name": "澳底國小大禮堂", "Capacty": 479.0, "shltr_d": 468, "name_1": "瑞芳礦工醫院", "name_2": "國泰醫療財團法人汐止國泰綜合醫院", "name_3": "康寧醫療財團法人康寧醫院", "dstn__1": 13709.033786712813, "dstn__2": 26662.033304326917, "dstn__3": 31949.640755682358 }, "geometry": { "type": "Point", "coordinates": [ 121.9246, 25.0549 ] } },
{ "type": "Feature", "properties": { "Distrct": "新北市貢寮區", "Name": "慶安宮", "Capacty": 12.0, "shltr_d": 469, "name_1": "瑞芳礦工醫院", "name_2": "國泰醫療財團法人汐止國泰綜合醫院", "name_3": "康寧醫療財團法人康寧醫院", "dstn__1": 13635.713346000983, "dstn__2": 26581.766585631824, "dstn__3": 31869.368460418867 }, "geometry": { "type": "Point", "coordinates": [ 121.923804, 25.054921 ] } },
{ "type": "Feature", "properties": { "Distrct": "臺北市中山區", "Name": "大同高中", "Capacty": 300.0, "shltr_d": 470, "name_1": "協和婦女醫院", "name_2": "泰安醫院", "name_3": "臺北市立聯合醫院附設中山門診部", "dstn__1": 536.40651503008587, "dstn__2": 796.12536956141969, "dstn__3": 1053.0551913163538 }, "geometry": { "type": "Point", "coordinates": [ 121.5351, 25.055 ] } },
{ "type": "Feature", "properties": { "Distrct": "新北市新莊區", "Name": "新泰國中", "Capacty": 743.0, "shltr_d": 471, "name_1": "三重中興醫院", "name_2": "益民醫院", "name_3": "祥顥醫院", "dstn__1": 1404.2411807980259, "dstn__2": 1715.6407897865488, "dstn__3": 1826.539987500556 }, "geometry": { "type": "Point", "coordinates": [ 121.4594, 25.0551 ] } },
{ "type": "Feature", "properties": { "Distrct": "臺北市大同區", "Name": "日新國小", "Capacty": 137.0, "shltr_d": 472, "name_1": "台灣基督長老教會馬偕醫療財團法人馬偕紀念醫院", "name_2": "台灣基督長老教會馬偕醫療財團法人馬偕兒童醫院", "name_3": "臺北市立聯合醫院", "dstn__1": 712.00887331680894, "dstn__2": 712.00887331680894, "dstn__3": 939.08440251018601 }, "geometry": { "type": "Point", "coordinates": [ 121.5167, 25.0553 ] } },
{ "type": "Feature", "properties": { "Distrct": "新北市汐止區", "Name": "白雲里活動中心", "Capacty": 37.0, "shltr_d": 473, "name_1": "國泰醫療財團法人汐止國泰綜合醫院", "name_2": "臺北市立聯合醫院附設南港門診部", "name_3": "康寧醫療財團法人康寧醫院", "dstn__1": 1981.6217694432137, "dstn__2": 5046.9786922157518, "dstn__3": 5349.1915799920916 }, "geometry": { "type": "Point", "coordinates": [ 121.656768, 25.05542 ] } },
{ "type": "Feature", "properties": { "Distrct": "新北市泰山區", "Name": "泰山體育館", "Capacty": 1280.0, "shltr_d": 474, "name_1": "大順醫院", "name_2": "益民醫院", "name_3": "新莊英仁醫院", "dstn__1": 3335.9248610209174, "dstn__2": 3386.0741661171446, "dstn__3": 3537.0624474896008 }, "geometry": { "type": "Point", "coordinates": [ 121.4263, 25.0556 ] } },
{ "type": "Feature", "properties": { "Distrct": "臺北市松山區", "Name": "西松高中", "Capacty": 255.0, "shltr_d": 475, "name_1": "培靈醫院", "name_2": "三軍總醫院松山分院附設民眾診療服務處", "name_3": "博仁綜合醫院", "dstn__1": 696.97287661590826, "dstn__2": 965.65908288231014, "dstn__3": 1130.0619542159802 }, "geometry": { "type": "Point", "coordinates": [ 121.5671, 25.0556 ] } },
{ "type": "Feature", "properties": { "Distrct": "新北市三重區", "Name": "三光國民小學", "Capacty": 1502.0, "shltr_d": 476, "name_1": "新北市立聯合醫院", "name_2": "宏仁醫院", "name_3": "臺北市立聯合醫院", "dstn__1": 868.7533040925764, "dstn__2": 1334.7884445368682, "dstn__3": 1358.7553825115945 }, "geometry": { "type": "Point", "coordinates": [ 121.4968, 25.0561 ] } },
{ "type": "Feature", "properties": { "Distrct": "臺北市南港區", "Name": "東新國小", "Capacty": 30.0, "shltr_d": 477, "name_1": "臺北市立聯合醫院附設南港門診部", "name_2": "康寧醫療財團法人康寧醫院", "name_3": "臺北市立聯合醫院附設松山門診部", "dstn__1": 514.50624614036406, "dstn__2": 2292.2627864338474, "dstn__3": 2594.0881059161447 }, "geometry": { "type": "Point", "coordinates": [ 121.602, 25.0562 ] } },
{ "type": "Feature", "properties": { "Distrct": "新北市新莊區", "Name": "昌隆國小", "Capacty": 509.0, "shltr_d": 478, "name_1": "益民醫院", "name_2": "大順醫院", "name_3": "祥顥醫院", "dstn__1": 1937.795306268436, "dstn__2": 2297.9370628940883, "dstn__3": 2343.9620522452556 }, "geometry": { "type": "Point", "coordinates": [ 121.448, 25.0563 ] } },
{ "type": "Feature", "properties": { "Distrct": "臺北市南港區", "Name": "南港高工", "Capacty": 160.0, "shltr_d": 479, "name_1": "臺北市立聯合醫院附設南港門診部", "name_2": "康寧醫療財團法人康寧醫院", "name_3": "臺北市立聯合醫院附設松山門診部", "dstn__1": 201.1279106407782, "dstn__2": 2182.5932891569691, "dstn__3": 3104.0099979215383 }, "geometry": { "type": "Point", "coordinates": [ 121.6072, 25.0563 ] } },
{ "type": "Feature", "properties": { "Distrct": "基隆市中正區", "Name": "南港展覽館", "Capacty": 7370.0, "shltr_d": 480, "name_1": "臺北市立聯合醫院附設南港門診部", "name_2": "康寧醫療財團法人康寧醫院", "name_3": "中國醫藥大學附設醫院臺北分院", "dstn__1": 1087.6284934637142, "dstn__2": 2334.2266452474246, "dstn__3": 3925.9201500954327 }, "geometry": { "type": "Point", "coordinates": [ 121.617345, 25.056376 ] } },
{ "type": "Feature", "properties": { "Distrct": "新北市新莊區", "Name": "興化國小", "Capacty": 599.0, "shltr_d": 481, "name_1": "三重中興醫院", "name_2": "益民醫院", "name_3": "祥顥醫院", "dstn__1": 1790.7423578958599, "dstn__2": 1807.2941323904834, "dstn__3": 2034.5465522320364 }, "geometry": { "type": "Point", "coordinates": [ 121.4556, 25.0564 ] } },
{ "type": "Feature", "properties": { "Distrct": "臺北市松山區", "Name": "介壽國中", "Capacty": 70.0, "shltr_d": 482, "name_1": "三軍總醫院松山分院附設民眾診療服務處", "name_2": "博仁綜合醫院", "name_3": "基督復臨安息日會醫療財團法人臺安醫院", "dstn__1": 298.34630549020875, "dstn__2": 712.58784243639332, "dstn__3": 1311.8009657014627 }, "geometry": { "type": "Point", "coordinates": [ 121.5565, 25.0564 ] } },
{ "type": "Feature", "properties": { "Distrct": "新北市三重區", "Name": "集美國民小學", "Capacty": 104.0, "shltr_d": 483, "name_1": "宏仁醫院", "name_2": "新北市立聯合醫院", "name_3": "三重中興醫院", "dstn__1": 501.61773865606011, "dstn__2": 563.9097294366461, "dstn__3": 2145.998297645513 }, "geometry": { "type": "Point", "coordinates": [ 121.4879, 25.0565 ] } },
{ "type": "Feature", "properties": { "Distrct": "臺北市大同區", "Name": "蓬萊國小", "Capacty": 104.0, "shltr_d": 484, "name_1": "台灣基督長老教會馬偕醫療財團法人馬偕紀念醫院", "name_2": "台灣基督長老教會馬偕醫療財團法人馬偕兒童醫院", "name_3": "臺北市立聯合醫院", "dstn__1": 759.51366635922409, "dstn__2": 759.51366635922409, "dstn__3": 926.8137246965523 }, "geometry": { "type": "Point", "coordinates": [ 121.5155, 25.0565 ] } },
{ "type": "Feature", "properties": { "Distrct": "臺北市松山區", "Name": "民生國小", "Capacty": 70.0, "shltr_d": 485, "name_1": "三軍總醫院松山分院附設民眾診療服務處", "name_2": "博仁綜合醫院", "name_3": "基督復臨安息日會醫療財團法人臺安醫院", "dstn__1": 641.63155640296418, "dstn__2": 916.06675139134416, "dstn__3": 1050.0015602848189 }, "geometry": { "type": "Point", "coordinates": [ 121.552, 25.0565 ] } },
{ "type": "Feature", "properties": { "Distrct": "臺北市松山區", "Name": "健康國小", "Capacty": 84.0, "shltr_d": 486, "name_1": "三軍總醫院松山分院附設民眾診療服務處", "name_2": "博仁綜合醫院", "name_3": "培靈醫院", "dstn__1": 601.3360066836417, "dstn__2": 894.7563747027458, "dstn__3": 964.80717521930148 }, "geometry": { "type": "Point", "coordinates": [ 121.5629, 25.0566 ] } },
{ "type": "Feature", "properties": { "Distrct": "新北市泰山區", "Name": "泰山高中", "Capacty": 650.0, "shltr_d": 487, "name_1": "益民醫院", "name_2": "大順醫院", "name_3": "新莊英仁醫院", "dstn__1": 3301.7943481112102, "dstn__2": 3305.5604943671819, "dstn__3": 3491.1969800030747 }, "geometry": { "type": "Point", "coordinates": [ 121.4285, 25.0573 ] } },
{ "type": "Feature", "properties": { "Distrct": "臺北市南港區", "Name": "南港國小", "Capacty": 50.0, "shltr_d": 488, "name_1": "臺北市立聯合醫院附設南港門診部", "name_2": "康寧醫療財團法人康寧醫院", "name_3": "中國醫藥大學附設醫院臺北分院", "dstn__1": 493.26088805726801, "dstn__2": 2050.3803902511727, "dstn__3": 3381.6716067950074 }, "geometry": { "type": "Point", "coordinates": [ 121.6104, 25.0575 ] } },
{ "type": "Feature", "properties": { "Distrct": "新北市泰山區", "Name": "明志市民活動中心", "Capacty": 20.0, "shltr_d": 489, "name_1": "益民醫院", "name_2": "大順醫院", "name_3": "新莊英仁醫院", "dstn__1": 3214.1993808136167, "dstn__2": 3242.504976165028, "dstn__3": 3420.4812201419213 }, "geometry": { "type": "Point", "coordinates": [ 121.4299, 25.0577 ] } },
{ "type": "Feature", "properties": { "Distrct": "新北市三重區", "Name": "菜寮市民活動中心", "Capacty": 100.0, "shltr_d": 490, "name_1": "新北市立聯合醫院", "name_2": "宏仁醫院", "name_3": "臺北市立聯合醫院", "dstn__1": 453.33884944237991, "dstn__2": 1004.321957603558, "dstn__3": 1804.0421284489939 }, "geometry": { "type": "Point", "coordinates": [ 121.4928, 25.0578 ] } },
{ "type": "Feature", "properties": { "Distrct": "臺北市南港區", "Name": "育成高中", "Capacty": 375.0, "shltr_d": 491, "name_1": "臺北市立聯合醫院附設南港門診部", "name_2": "康寧醫療財團法人康寧醫院", "name_3": "中國醫藥大學附設醫院臺北分院", "dstn__1": 523.56542604569995, "dstn__2": 1911.3992801493876, "dstn__3": 3203.0067272353176 }, "geometry": { "type": "Point", "coordinates": [ 121.6092, 25.0587 ] } },
{ "type": "Feature", "properties": { "Distrct": "新北市三重區", "Name": "光興國民小學", "Capacty": 600.0, "shltr_d": 492, "name_1": "新北市立聯合醫院", "name_2": "臺北市立聯合醫院", "name_3": "宏仁醫院", "dstn__1": 902.25743621868173, "dstn__2": 1364.7023928687604, "dstn__3": 1611.0185496462423 }, "geometry": { "type": "Point", "coordinates": [ 121.4988, 25.0589 ] } },
{ "type": "Feature", "properties": { "Distrct": "臺北市松山區", "Name": "民族國小", "Capacty": 40.0, "shltr_d": 493, "name_1": "三軍總醫院松山分院附設民眾診療服務處", "name_2": "博仁綜合醫院", "name_3": "基督復臨安息日會醫療財團法人臺安醫院", "dstn__1": 803.01217041360906, "dstn__2": 1140.5401376827529, "dstn__3": 1288.8417519221855 }, "geometry": { "type": "Point", "coordinates": [ 121.5519, 25.0589 ] } },
{ "type": "Feature", "properties": { "Distrct": "新北市汐止區", "Name": "北峰國小", "Capacty": 1067.0, "shltr_d": 494, "name_1": "臺北市立聯合醫院附設南港門診部", "name_2": "康寧醫療財團法人康寧醫院", "name_3": "國泰醫療財團法人汐止國泰綜合醫院", "dstn__1": 2307.572945023072, "dstn__2": 2783.8315922575744, "dstn__3": 3575.6859480605176 }, "geometry": { "type": "Point", "coordinates": [ 121.629106, 25.058956 ] } },
{ "type": "Feature", "properties": { "Distrct": "新北市泰山區", "Name": "泰山區公所", "Capacty": 53.0, "shltr_d": 495, "name_1": "益民醫院", "name_2": "大順醫院", "name_3": "新莊英仁醫院", "dstn__1": 3202.5833660532398, "dstn__2": 3274.4998375504993, "dstn__3": 3438.8156155728093 }, "geometry": { "type": "Point", "coordinates": [ 121.4314, 25.0592 ] } },
{ "type": "Feature", "properties": { "Distrct": "新北市汐止區", "Name": "東山國小", "Capacty": 118.0, "shltr_d": 496, "name_1": "國泰醫療財團法人汐止國泰綜合醫院", "name_2": "康寧醫療財團法人康寧醫院", "name_3": "臺北市立聯合醫院附設南港門診部", "dstn__1": 4145.4647305635053, "dstn__2": 9332.9200888553878, "dstn__3": 9380.5515077368691 }, "geometry": { "type": "Point", "coordinates": [ 121.699553, 25.059723 ] } },
{ "type": "Feature", "properties": { "Distrct": "臺北市松山區", "Name": "民生國中", "Capacty": 100.0, "shltr_d": 497, "name_1": "培靈醫院", "name_2": "三軍總醫院松山分院附設民眾診療服務處", "name_3": "博仁綜合醫院", "dstn__1": 1156.1672987261416, "dstn__2": 1165.6037884056957, "dstn__3": 1450.2231260804581 }, "geometry": { "type": "Point", "coordinates": [ 121.5673, 25.0598 ] } },
{ "type": "Feature", "properties": { "Distrct": "新北市三重區", "Name": "過圳市民活動中心", "Capacty": 50.0, "shltr_d": 498, "name_1": "新北市立聯合醫院", "name_2": "宏仁醫院", "name_3": "全民醫院", "dstn__1": 241.2912641490085, "dstn__2": 807.29024659460583, "dstn__3": 1861.432925951998 }, "geometry": { "type": "Point", "coordinates": [ 121.4881, 25.0601 ] } },
{ "type": "Feature", "properties": { "Distrct": "臺北市大同區", "Name": "雙蓮國小", "Capacty": 300.0, "shltr_d": 499, "name_1": "台灣基督長老教會馬偕醫療財團法人馬偕紀念醫院", "name_2": "台灣基督長老教會馬偕醫療財團法人馬偕兒童醫院", "name_3": "臺北市立聯合醫院附設大同門診部", "dstn__1": 606.18481296328355, "dstn__2": 606.18481296328355, "dstn__3": 634.11394095751223 }, "geometry": { "type": "Point", "coordinates": [ 121.5167, 25.0601 ] } },
{ "type": "Feature", "properties": { "Distrct": "新北市汐止區", "Name": "東方科學園區", "Capacty": 500.0, "shltr_d": 500, "name_1": "國泰醫療財團法人汐止國泰綜合醫院", "name_2": "臺北市立聯合醫院附設南港門診部", "name_3": "康寧醫療財團法人康寧醫院", "dstn__1": 1918.3711563012434, "dstn__2": 4204.1963016601348, "dstn__3": 4310.6518440011732 }, "geometry": { "type": "Point", "coordinates": [ 121.64793, 25.060367 ] } },
{ "type": "Feature", "properties": { "Distrct": "臺北市松山區", "Name": "中山國中", "Capacty": 111.0, "shltr_d": 501, "name_1": "臺北市立聯合醫院附設中山門診部", "name_2": "基督復臨安息日會醫療財團法人臺安醫院", "name_3": "泰安醫院", "dstn__1": 1285.1498592858457, "dstn__2": 1390.3103175401388, "dstn__3": 1402.3564012740105 }, "geometry": { "type": "Point", "coordinates": [ 121.5455, 25.0605 ] } },
{ "type": "Feature", "properties": { "Distrct": "臺北市內湖區", "Name": "潭美國小", "Capacty": 81.0, "shltr_d": 502, "name_1": "臺北市立聯合醫院附設南港門診部", "name_2": "臺北市立聯合醫院附設松山門診部", "name_3": "中國醫藥大學附設醫院臺北分院", "dstn__1": 1757.961417206458, "dstn__2": 1843.9755846839339, "dstn__3": 2356.879648496943 }, "geometry": { "type": "Point", "coordinates": [ 121.5908, 25.0609 ] } },
{ "type": "Feature", "properties": { "Distrct": "新北市雙溪區", "Name": "中正社區活動中心", "Capacty": 76.0, "shltr_d": 503, "name_1": "瑞芳礦工醫院", "name_2": "國泰醫療財團法人汐止國泰綜合醫院", "name_3": "康寧醫療財團法人康寧醫院", "dstn__1": 7250.4881007859276, "dstn__2": 19256.464755330842, "dstn__3": 24544.234365061158 }, "geometry": { "type": "Point", "coordinates": [ 121.8515, 25.061 ] } },
{ "type": "Feature", "properties": { "Distrct": "新北市三重區", "Name": "三重區公所", "Capacty": 136.0, "shltr_d": 504, "name_1": "新北市立聯合醫院", "name_2": "宏仁醫院", "name_3": "全民醫院", "dstn__1": 171.76359951598275, "dstn__2": 922.67543478162747, "dstn__3": 1754.0600447268725 }, "geometry": { "type": "Point", "coordinates": [ 121.4885, 25.0611 ] } },
{ "type": "Feature", "properties": { "Distrct": "新北市汐止區", "Name": "青山國中小", "Capacty": 970.0, "shltr_d": 505, "name_1": "國泰醫療財團法人汐止國泰綜合醫院", "name_2": "臺北市立聯合醫院附設南港門診部", "name_3": "康寧醫療財團法人康寧醫院", "dstn__1": 1372.4486007092924, "dstn__2": 5087.5547411895795, "dstn__3": 5100.3471162664719 }, "geometry": { "type": "Point", "coordinates": [ 121.656653, 25.061158 ] } },
{ "type": "Feature", "properties": { "Distrct": "臺北市大同區", "Name": "成淵高中", "Capacty": 75.0, "shltr_d": 506, "name_1": "台灣基督長老教會馬偕醫療財團法人馬偕紀念醫院", "name_2": "台灣基督長老教會馬偕醫療財團法人馬偕兒童醫院", "name_3": "臺北市立聯合醫院附設大同門診部", "dstn__1": 489.11270248433351, "dstn__2": 489.11270248433351, "dstn__3": 545.54670014199098 }, "geometry": { "type": "Point", "coordinates": [ 121.5185, 25.0613 ] } },
{ "type": "Feature", "properties": { "Distrct": "臺北市大同區", "Name": "太平國小", "Capacty": 50.0, "shltr_d": 507, "name_1": "臺北市立聯合醫院附設大同門診部", "name_2": "台灣基督長老教會馬偕醫療財團法人馬偕紀念醫院", "name_3": "台灣基督長老教會馬偕醫療財團法人馬偕兒童醫院", "dstn__1": 698.33144874075822, "dstn__2": 1159.7491352209017, "dstn__3": 1159.7491352209017 }, "geometry": { "type": "Point", "coordinates": [ 121.5114, 25.0614 ] } },
{ "type": "Feature", "properties": { "Distrct": "臺北市大同區", "Name": "永樂國小", "Capacty": 50.0, "shltr_d": 508, "name_1": "臺北市立聯合醫院附設大同門診部", "name_2": "台灣基督長老教會馬偕醫療財團法人馬偕紀念醫院", "name_3": "台灣基督長老教會馬偕醫療財團法人馬偕兒童醫院", "dstn__1": 698.10942737676476, "dstn__2": 1197.3744002556439, "dstn__3": 1197.3744002556439 }, "geometry": { "type": "Point", "coordinates": [ 121.5111, 25.0617 ] } },
{ "type": "Feature", "properties": { "Distrct": "臺北市松山區", "Name": "民權公園", "Capacty": 2786.0, "shltr_d": 509, "name_1": "三軍總醫院松山分院附設民眾診療服務處", "name_2": "博仁綜合醫院", "name_3": "培靈醫院", "dstn__1": 881.92931904710167, "dstn__2": 1311.6687130407272, "dstn__3": 1760.803918775043 }, "geometry": { "type": "Point", "coordinates": [ 121.5575, 25.0619 ] } },
{ "type": "Feature", "properties": { "Distrct": "新北市泰山區", "Name": "楓樹福泰市民活動中心", "Capacty": 201.0, "shltr_d": 510, "name_1": "益民醫院", "name_2": "大順醫院", "name_3": "新莊英仁醫院", "dstn__1": 3203.1686266358652, "dstn__2": 3358.4476266740226, "dstn__3": 3494.52030678342 }, "geometry": { "type": "Point", "coordinates": [ 121.4345, 25.062 ] } },
{ "type": "Feature", "properties": { "Distrct": "臺北市中山區", "Name": "新生公園棒球場", "Capacty": 60.0, "shltr_d": 511, "name_1": "台灣基督長老教會馬偕醫療財團法人馬偕紀念醫院", "name_2": "台灣基督長老教會馬偕醫療財團法人馬偕兒童醫院", "name_3": "泰安醫院", "dstn__1": 475.5068053847686, "dstn__2": 475.5068053847686, "dstn__3": 592.31266355045489 }, "geometry": { "type": "Point", "coordinates": [ 121.5258, 25.062 ] } },
{ "type": "Feature", "properties": { "Distrct": "臺北市中山區", "Name": "新興國中", "Capacty": 175.0, "shltr_d": 512, "name_1": "台灣基督長老教會馬偕醫療財團法人馬偕紀念醫院", "name_2": "台灣基督長老教會馬偕醫療財團法人馬偕兒童醫院", "name_3": "泰安醫院", "dstn__1": 475.5068053847686, "dstn__2": 475.5068053847686, "dstn__3": 592.31266355045489 }, "geometry": { "type": "Point", "coordinates": [ 121.5258, 25.062 ] } },
{ "type": "Feature", "properties": { "Distrct": "臺北市中山區", "Name": "臺北市中山運動中心", "Capacty": 184.0, "shltr_d": 513, "name_1": "台灣基督長老教會馬偕醫療財團法人馬偕紀念醫院", "name_2": "台灣基督長老教會馬偕醫療財團法人馬偕兒童醫院", "name_3": "泰安醫院", "dstn__1": 475.5068053847686, "dstn__2": 475.5068053847686, "dstn__3": 592.31266355045489 }, "geometry": { "type": "Point", "coordinates": [ 121.5258, 25.062 ] } },
{ "type": "Feature", "properties": { "Distrct": "新北市泰山區", "Name": "泰山國小", "Capacty": 1283.0, "shltr_d": 514, "name_1": "益民醫院", "name_2": "大順醫院", "name_3": "新莊英仁醫院", "dstn__1": 3446.2660125966158, "dstn__2": 3558.6306036676092, "dstn__3": 3710.5414998308056 }, "geometry": { "type": "Point", "coordinates": [ 121.4313, 25.0623 ] } },
{ "type": "Feature", "properties": { "Distrct": "臺北市松山區", "Name": "民權國小", "Capacty": 80.0, "shltr_d": 515, "name_1": "三軍總醫院松山分院附設民眾診療服務處", "name_2": "博仁綜合醫院", "name_3": "培靈醫院", "dstn__1": 1055.4483389461457, "dstn__2": 1454.1862285210032, "dstn__3": 1571.5182976700457 }, "geometry": { "type": "Point", "coordinates": [ 121.5623, 25.0625 ] } },
{ "type": "Feature", "properties": { "Distrct": "新北市三重區", "Name": "碧華國民中學", "Capacty": 969.0, "shltr_d": 516, "name_1": "新北市立聯合醫院", "name_2": "宏仁醫院", "name_3": "全民醫院", "dstn__1": 162.11282307395319, "dstn__2": 1160.8173057971455, "dstn__3": 1616.774190163836 }, "geometry": { "type": "Point", "coordinates": [ 121.4903, 25.0626 ] } },
{ "type": "Feature", "properties": { "Distrct": "臺北市中山區", "Name": "榮星花園公園", "Capacty": 2432.0, "shltr_d": 517, "name_1": "臺北市立聯合醫院附設中山門診部", "name_2": "泰安醫院", "name_3": "協和婦女醫院", "dstn__1": 704.47172666493816, "dstn__2": 872.76105752799697, "dstn__3": 1504.2545766935004 }, "geometry": { "type": "Point", "coordinates": [ 121.5402, 25.0626 ] } },
{ "type": "Feature", "properties": { "Distrct": "新北市泰山區", "Name": "黎明市民活動中心", "Capacty": 21.0, "shltr_d": 518, "name_1": "大順醫院", "name_2": "益民醫院", "name_3": "新莊英仁醫院", "dstn__1": 4263.0494668634228, "dstn__2": 4265.2781875443179, "dstn__3": 4453.2561479017386 }, "geometry": { "type": "Point", "coordinates": [ 121.421, 25.0627 ] } },
{ "type": "Feature", "properties": { "Distrct": "新北市雙溪區", "Name": "牡丹國小", "Capacty": 320.0, "shltr_d": 519, "name_1": "瑞芳礦工醫院", "name_2": "國泰醫療財團法人汐止國泰綜合醫院", "name_3": "康寧醫療財團法人康寧醫院", "dstn__1": 7128.8114124538233, "dstn__2": 19264.533070512796, "dstn__3": 24552.220731608519 }, "geometry": { "type": "Point", "coordinates": [ 121.8517, 25.0627 ] } },
{ "type": "Feature", "properties": { "Distrct": "新北市汐止區", "Name": "秀峰國小", "Capacty": 1185.0, "shltr_d": 520, "name_1": "國泰醫療財團法人汐止國泰綜合醫院", "name_2": "康寧醫療財團法人康寧醫院", "name_3": "臺北市立聯合醫院附設南港門診部", "dstn__1": 1107.8983051355533, "dstn__2": 5500.6719855247547, "dstn__3": 5587.8757690771372 }, "geometry": { "type": "Point", "coordinates": [ 121.661377, 25.062874 ] } },
{ "type": "Feature", "properties": { "Distrct": "臺北市中山區", "Name": "中山國小", "Capacty": 290.0, "shltr_d": 521, "name_1": "泰安醫院", "name_2": "台灣基督長老教會馬偕醫療財團法人馬偕紀念醫院", "name_3": "台灣基督長老教會馬偕醫療財團法人馬偕兒童醫院", "dstn__1": 561.95152179232116, "dstn__2": 583.43990639670619, "dstn__3": 583.43990639670619 }, "geometry": { "type": "Point", "coordinates": [ 121.5263, 25.0629 ] } },
{ "type": "Feature", "properties": { "Distrct": "新北市三重區", "Name": "三重區綜合運動場", "Capacty": 2200.0, "shltr_d": 522, "name_1": "新北市立聯合醫院", "name_2": "宏仁醫院", "name_3": "全民醫院", "dstn__1": 230.58536553789861, "dstn__2": 1146.1754392085363, "dstn__3": 1550.5356331107928 }, "geometry": { "type": "Point", "coordinates": [ 121.489253, 25.063033 ] } },
{ "type": "Feature", "properties": { "Distrct": "臺北市松山區", "Name": "三民國小", "Capacty": 100.0, "shltr_d": 523, "name_1": "三軍總醫院松山分院附設民眾診療服務處", "name_2": "培靈醫院", "name_3": "博仁綜合醫院", "dstn__1": 1231.952910786541, "dstn__2": 1591.161418099362, "dstn__3": 1610.8824913343851 }, "geometry": { "type": "Point", "coordinates": [ 121.5643, 25.0633 ] } },
{ "type": "Feature", "properties": { "Distrct": "新北市三重區", "Name": "明志國民中學", "Capacty": 437.0, "shltr_d": 524, "name_1": "新北市立聯合醫院", "name_2": "宏仁醫院", "name_3": "全民醫院", "dstn__1": 270.05461077669389, "dstn__2": 1179.4712565392165, "dstn__3": 1509.5429707432361 }, "geometry": { "type": "Point", "coordinates": [ 121.4892, 25.0634 ] } },
{ "type": "Feature", "properties": { "Distrct": "臺北市大同區", "Name": "民權國中", "Capacty": 30.0, "shltr_d": 525, "name_1": "臺北市立聯合醫院附設大同門診部", "name_2": "台灣基督長老教會馬偕醫療財團法人馬偕紀念醫院", "name_3": "台灣基督長老教會馬偕醫療財團法人馬偕兒童醫院", "dstn__1": 355.54009554896942, "dstn__2": 1012.1537280265393, "dstn__3": 1012.1537280265393 }, "geometry": { "type": "Point", "coordinates": [ 121.5139, 25.0635 ] } },
{ "type": "Feature", "properties": { "Distrct": "臺北市中山區", "Name": "五常國中", "Capacty": 250.0, "shltr_d": 526, "name_1": "臺北市立聯合醫院附設中山門診部", "name_2": "泰安醫院", "name_3": "協和婦女醫院", "dstn__1": 973.47991729221724, "dstn__2": 1178.0387032819508, "dstn__3": 1732.0466842230001 }, "geometry": { "type": "Point", "coordinates": [ 121.5431, 25.0635 ] } },
{ "type": "Feature", "properties": { "Distrct": "新北市汐止區", "Name": "汐止區公所行政中心", "Capacty": 158.0, "shltr_d": 527, "name_1": "國泰醫療財團法人汐止國泰綜合醫院", "name_2": "康寧醫療財團法人康寧醫院", "name_3": "臺北市立聯合醫院附設南港門診部", "dstn__1": 1031.7582525823402, "dstn__2": 5232.8236083654583, "dstn__3": 5359.0926333868165 }, "geometry": { "type": "Point", "coordinates": [ 121.658894, 25.063774 ] } },
{ "type": "Feature", "properties": { "Distrct": "臺北市中山區", "Name": "五常國小", "Capacty": 97.0, "shltr_d": 528, "name_1": "臺北市立聯合醫院附設中山門診部", "name_2": "泰安醫院", "name_3": "協和婦女醫院", "dstn__1": 877.88172805198326, "dstn__2": 1107.7467736226426, "dstn__3": 1753.1814156229698 }, "geometry": { "type": "Point", "coordinates": [ 121.5422, 25.0642 ] } },
{ "type": "Feature", "properties": { "Distrct": "臺北市大同區", "Name": "大橋國小", "Capacty": 86.0, "shltr_d": 529, "name_1": "臺北市立聯合醫院附設大同門診部", "name_2": "台灣基督長老教會馬偕醫療財團法人馬偕紀念醫院", "name_3": "台灣基督長老教會馬偕醫療財團法人馬偕兒童醫院", "dstn__1": 340.87333635424744, "dstn__2": 1101.6311529295747, "dstn__3": 1101.6311529295747 }, "geometry": { "type": "Point", "coordinates": [ 121.5134, 25.0643 ] } },
{ "type": "Feature", "properties": { "Distrct": "新北市三重區", "Name": "正義國民小學", "Capacty": 929.0, "shltr_d": 530, "name_1": "新北市立聯合醫院", "name_2": "全民醫院", "name_3": "宏仁醫院", "dstn__1": 696.10837007748091, "dstn__2": 1662.0602946342192, "dstn__3": 1697.3423760167582 }, "geometry": { "type": "Point", "coordinates": [ 121.4961, 25.0644 ] } },
{ "type": "Feature", "properties": { "Distrct": "臺北市中山區", "Name": "行政區民活動中心", "Capacty": 72.0, "shltr_d": 531, "name_1": "臺北市立聯合醫院附設中山門診部", "name_2": "泰安醫院", "name_3": "台灣基督長老教會馬偕醫療財團法人馬偕紀念醫院", "dstn__1": 0.59338442268768699, "dstn__2": 375.83479776956045, "dstn__3": 1261.7613716850772 }, "geometry": { "type": "Point", "coordinates": [ 121.5335, 25.0644 ] } },
{ "type": "Feature", "properties": { "Distrct": "新北市三重區", "Name": "私立東海高中", "Capacty": 408.0, "shltr_d": 532, "name_1": "新北市立聯合醫院", "name_2": "宏仁醫院", "name_3": "全民醫院", "dstn__1": 1229.2490776519121, "dstn__2": 1304.9904122781554, "dstn__3": 1574.473964124008 }, "geometry": { "type": "Point", "coordinates": [ 121.4787, 25.0648 ] } },
{ "type": "Feature", "properties": { "Distrct": "臺北市大同區", "Name": "大同國小", "Capacty": 183.0, "shltr_d": 533, "name_1": "臺北市立聯合醫院附設大同門診部", "name_2": "台灣基督長老教會馬偕醫療財團法人馬偕紀念醫院", "name_3": "台灣基督長老教會馬偕醫療財團法人馬偕兒童醫院", "dstn__1": 115.06406477047167, "dstn__2": 924.07288605542783, "dstn__3": 924.07288605542783 }, "geometry": { "type": "Point", "coordinates": [ 121.5161, 25.0648 ] } },
{ "type": "Feature", "properties": { "Distrct": "新北市泰山區", "Name": "泰山國中", "Capacty": 1388.0, "shltr_d": 534, "name_1": "益民醫院", "name_2": "大順醫院", "name_3": "新莊英仁醫院", "dstn__1": 4053.0623242782153, "dstn__2": 4133.5233034533303, "dstn__3": 4297.8470674969694 }, "geometry": { "type": "Point", "coordinates": [ 121.426, 25.0652 ] } },
{ "type": "Feature", "properties": { "Distrct": "新北市三重區", "Name": "二重國民小學", "Capacty": 4404.0, "shltr_d": 535, "name_1": "新北市立聯合醫院", "name_2": "宏仁醫院", "name_3": "全民醫院", "dstn__1": 1310.6644800990071, "dstn__2": 1374.2982096341732, "dstn__3": 1576.3357662184985 }, "geometry": { "type": "Point", "coordinates": [ 121.478, 25.0652 ] } },
{ "type": "Feature", "properties": { "Distrct": "新北市貢寮區", "Name": "福安廟", "Capacty": 40.0, "shltr_d": 536, "name_1": "瑞芳礦工醫院", "name_2": "國泰醫療財團法人汐止國泰綜合醫院", "name_3": "康寧醫療財團法人康寧醫院", "dstn__1": 10529.455257768448, "dstn__2": 23634.292885637675, "dstn__3": 28919.997395482125 }, "geometry": { "type": "Point", "coordinates": [ 121.8952, 25.0655 ] } },
{ "type": "Feature", "properties": { "Distrct": "新北市三重區", "Name": "二重國民中學", "Capacty": 845.0, "shltr_d": 537, "name_1": "新北市立聯合醫院", "name_2": "宏仁醫院", "name_3": "全民醫院", "dstn__1": 1101.5119434829257, "dstn__2": 1341.2780014632692, "dstn__3": 1397.6323541914085 }, "geometry": { "type": "Point", "coordinates": [ 121.4805, 25.0657 ] } },
{ "type": "Feature", "properties": { "Distrct": "新北市泰山區", "Name": "黎明技術學院", "Capacty": 1081.0, "shltr_d": 538, "name_1": "益民醫院", "name_2": "大順醫院", "name_3": "新莊英仁醫院", "dstn__1": 4561.6836180379842, "dstn__2": 4585.7257556314044, "dstn__3": 4768.8291098452355 }, "geometry": { "type": "Point", "coordinates": [ 121.4199, 25.0658 ] } },
{ "type": "Feature", "properties": { "Distrct": "新北市新莊區", "Name": "裕民國小", "Capacty": 1127.0, "shltr_d": 539, "name_1": "三重中興醫院", "name_2": "宏仁醫院", "name_3": "全民醫院", "dstn__1": 2293.9820399893961, "dstn__2": 2599.1349482732908, "dstn__3": 2830.5606995890143 }, "geometry": { "type": "Point", "coordinates": [ 121.4616, 25.0659 ] } },
{ "type": "Feature", "properties": { "Distrct": "新北市汐止區", "Name": "樟樹國中", "Capacty": 2481.0, "shltr_d": 540, "name_1": "國泰醫療財團法人汐止國泰綜合醫院", "name_2": "康寧醫療財團法人康寧醫院", "name_3": "臺北市立聯合醫院附設南港門診部", "dstn__1": 2271.692800377657, "dstn__2": 3329.1106694277037, "dstn__3": 3574.1222530228397 }, "geometry": { "type": "Point", "coordinates": [ 121.639893, 25.06594 ] } },
{ "type": "Feature", "properties": { "Distrct": "臺北市大同區", "Name": "延平國小", "Capacty": 88.0, "shltr_d": 541, "name_1": "臺北市立聯合醫院附設大同門診部", "name_2": "台灣基督長老教會馬偕醫療財團法人馬偕紀念醫院", "name_3": "台灣基督長老教會馬偕醫療財團法人馬偕兒童醫院", "dstn__1": 398.09196027405073, "dstn__2": 1292.8959088528004, "dstn__3": 1292.8959088528004 }, "geometry": { "type": "Point", "coordinates": [ 121.5124, 25.066 ] } },
{ "type": "Feature", "properties": { "Distrct": "新北市三重區", "Name": "修德國民小學", "Capacty": 962.0, "shltr_d": 542, "name_1": "新北市立聯合醫院", "name_2": "全民醫院", "name_3": "宏仁醫院", "dstn__1": 562.71223347016257, "dstn__2": 1211.1208642805134, "dstn__3": 1443.6090349267852 }, "geometry": { "type": "Point", "coordinates": [ 121.489, 25.0661 ] } },
{ "type": "Feature", "properties": { "Distrct": "新北市三重區", "Name": "重陽國民小學", "Capacty": 608.0, "shltr_d": 543, "name_1": "新北市立聯合醫院", "name_2": "全民醫院", "name_3": "宏仁醫院", "dstn__1": 810.99430969518608, "dstn__2": 1196.5867429547409, "dstn__3": 1368.1969711135594 }, "geometry": { "type": "Point", "coordinates": [ 121.4845, 25.0663 ] } },
{ "type": "Feature", "properties": { "Distrct": "新北市汐止區", "Name": "秀峰高中", "Capacty": 1190.0, "shltr_d": 544, "name_1": "國泰醫療財團法人汐止國泰綜合醫院", "name_2": "康寧醫療財團法人康寧醫院", "name_3": "臺北市立聯合醫院附設南港門診部", "dstn__1": 715.61810211946874, "dstn__2": 5462.6203167951571, "dstn__3": 5719.4614536768022 }, "geometry": { "type": "Point", "coordinates": [ 121.661912, 25.066456 ] } },
{ "type": "Feature", "properties": { "Distrct": "新北市汐止區", "Name": "樟樹國小", "Capacty": 1292.0, "shltr_d": 545, "name_1": "國泰醫療財團法人汐止國泰綜合醫院", "name_2": "康寧醫療財團法人康寧醫院", "name_3": "臺北市立聯合醫院附設南港門診部", "dstn__1": 2072.8676559798105, "dstn__2": 3488.8866353731719, "dstn__3": 3772.8447720750441 }, "geometry": { "type": "Point", "coordinates": [ 121.641767, 25.066498 ] } },
{ "type": "Feature", "properties": { "Distrct": "新北市汐止區", "Name": "汐止國小", "Capacty": 810.0, "shltr_d": 546, "name_1": "國泰醫療財團法人汐止國泰綜合醫院", "name_2": "康寧醫療財團法人康寧醫院", "name_3": "臺北市立聯合醫院附設南港門診部", "dstn__1": 928.22240313589509, "dstn__2": 4762.4125572255789, "dstn__3": 5038.230695490467 }, "geometry": { "type": "Point", "coordinates": [ 121.654876, 25.066688 ] } },
{ "type": "Feature", "properties": { "Distrct": "臺北市內湖區", "Name": "南湖高中", "Capacty": 300.0, "shltr_d": 547, "name_1": "康寧醫療財團法人康寧醫院", "name_2": "臺北市立聯合醫院附設南港門診部", "name_3": "中國醫藥大學附設醫院臺北分院", "dstn__1": 1029.606251675988, "dstn__2": 1438.5876395557721, "dstn__3": 2667.1089042366507 }, "geometry": { "type": "Point", "coordinates": [ 121.6111, 25.0669 ] } },
{ "type": "Feature", "properties": { "Distrct": "新北市汐止區", "Name": "汐止國中", "Capacty": 1384.0, "shltr_d": 548, "name_1": "國泰醫療財團法人汐止國泰綜合醫院", "name_2": "康寧醫療財團法人康寧醫院", "name_3": "臺北市立聯合醫院附設南港門診部", "dstn__1": 711.45318251794026, "dstn__2": 5098.0239516373858, "dstn__3": 5383.0715686633293 }, "geometry": { "type": "Point", "coordinates": [ 121.658337, 25.066957 ] } },
{ "type": "Feature", "properties": { "Distrct": "新北市林口區", "Name": "師範大學林口校區體育館", "Capacty": 4587.0, "shltr_d": 549, "name_1": "新泰綜合醫院", "name_2": "財團法人台灣省私立台北仁濟院附設新莊仁濟醫院", "name_3": "大順醫院", "dstn__1": 6315.5343441511159, "dstn__2": 6426.4127555165805, "dstn__3": 6451.9573231621598 }, "geometry": { "type": "Point", "coordinates": [ 121.397844, 25.067902 ] } },
{ "type": "Feature", "properties": { "Distrct": "新北市林口區", "Name": "林口市民活動中心", "Capacty": 63.0, "shltr_d": 550, "name_1": "新泰綜合醫院", "name_2": "財團法人台灣省私立台北仁濟院附設新莊仁濟醫院", "name_3": "大順醫院", "dstn__1": 8146.9409492803943, "dstn__2": 8500.0016206397158, "dstn__3": 8777.8180162688532 }, "geometry": { "type": "Point", "coordinates": [ 121.3717, 25.068 ] } },
{ "type": "Feature", "properties": { "Distrct": "新北市林口區", "Name": "崇林國中", "Capacty": 1312.0, "shltr_d": 551, "name_1": "新泰綜合醫院", "name_2": "財團法人台灣省私立台北仁濟院附設新莊仁濟醫院", "name_3": "大順醫院", "dstn__1": 8263.8782471538034, "dstn__2": 8625.3166259763038, "dstn__3": 8911.4850175585234 }, "geometry": { "type": "Point", "coordinates": [ 121.3703, 25.0681 ] } },
{ "type": "Feature", "properties": { "Distrct": "新北市三重區", "Name": "正義市民活動中心", "Capacty": 100.0, "shltr_d": 552, "name_1": "新北市立聯合醫院", "name_2": "全民醫院", "name_3": "臺北市立聯合醫院附設大同門診部", "dstn__1": 1074.1653046669567, "dstn__2": 1434.4449767522083, "dstn__3": 1919.0642839096438 }, "geometry": { "type": "Point", "coordinates": [ 121.4975, 25.0682 ] } },
{ "type": "Feature", "properties": { "Distrct": "臺北市內湖區", "Name": "東湖國小", "Capacty": 155.0, "shltr_d": 553, "name_1": "康寧醫療財團法人康寧醫院", "name_2": "臺北市立聯合醫院附設南港門診部", "name_3": "中國醫藥大學附設醫院臺北分院", "dstn__1": 1087.6466696361597, "dstn__2": 1796.3837474598929, "dstn__3": 2953.7662076409933 }, "geometry": { "type": "Point", "coordinates": [ 121.6158, 25.0685 ] } },
{ "type": "Feature", "properties": { "Distrct": "新北市林口區", "Name": "麗園國小", "Capacty": 945.0, "shltr_d": 554, "name_1": "新泰綜合醫院", "name_2": "財團法人台灣省私立台北仁濟院附設新莊仁濟醫院", "name_3": "大順醫院", "dstn__1": 7844.0479286043619, "dstn__2": 8158.4126063780732, "dstn__3": 8393.6688666098762 }, "geometry": { "type": "Point", "coordinates": [ 121.3762, 25.0686 ] } },
{ "type": "Feature", "properties": { "Distrct": "新北市林口區", "Name": "麗林國小", "Capacty": 1790.0, "shltr_d": 555, "name_1": "新泰綜合醫院", "name_2": "財團法人台灣省私立台北仁濟院附設新莊仁濟醫院", "name_3": "大順醫院", "dstn__1": 8495.184843906165, "dstn__2": 8866.0758949789106, "dstn__3": 9159.9841918373022 }, "geometry": { "type": "Point", "coordinates": [ 121.3679, 25.0687 ] } },
{ "type": "Feature", "properties": { "Distrct": "新北市林口區", "Name": "東勢市民活動中心", "Capacty": 247.0, "shltr_d": 556, "name_1": "新泰綜合醫院", "name_2": "財團法人台灣省私立台北仁濟院附設新莊仁濟醫院", "name_3": "大順醫院", "dstn__1": 7778.1778790521621, "dstn__2": 8082.5760430512019, "dstn__3": 8306.7477801012756 }, "geometry": { "type": "Point", "coordinates": [ 121.377252, 25.068777 ] } },
{ "type": "Feature", "properties": { "Distrct": "臺北市內湖區", "Name": "新湖國小", "Capacty": 40.0, "shltr_d": 557, "name_1": "中國醫藥大學附設醫院臺北分院", "name_2": "德威國際牙醫口腔醫院", "name_3": "康寧醫療財團法人康寧醫院", "dstn__1": 1494.984118363446, "dstn__2": 1851.6267237356622, "dstn__3": 2175.0820379435363 }, "geometry": { "type": "Point", "coordinates": [ 121.5887, 25.0688 ] } },
{ "type": "Feature", "properties": { "Distrct": "新北市汐止區", "Name": "金龍國小", "Capacty": 600.0, "shltr_d": 558, "name_1": "康寧醫療財團法人康寧醫院", "name_2": "臺北市立聯合醫院附設南港門診部", "name_3": "國泰醫療財團法人汐止國泰綜合醫院", "dstn__1": 2005.6441399457517, "dstn__2": 2586.6522867294748, "dstn__3": 3463.4610665040932 }, "geometry": { "type": "Point", "coordinates": [ 121.627046, 25.068806 ] } },
{ "type": "Feature", "properties": { "Distrct": "新北市林口區", "Name": "麗園市民活動中心", "Capacty": 75.0, "shltr_d": 559, "name_1": "新泰綜合醫院", "name_2": "財團法人台灣省私立台北仁濟院附設新莊仁濟醫院", "name_3": "大順醫院", "dstn__1": 8057.3687033166852, "dstn__2": 8385.8305826132237, "dstn__3": 8634.3604775507974 }, "geometry": { "type": "Point", "coordinates": [ 121.373756, 25.068979 ] } },
{ "type": "Feature", "properties": { "Distrct": "臺北市內湖區", "Name": "三民國中", "Capacty": 300.0, "shltr_d": 560, "name_1": "中國醫藥大學附設醫院臺北分院", "name_2": "德威國際牙醫口腔醫院", "name_3": "臺北市立聯合醫院附設松山門診部", "dstn__1": 1516.9794898888267, "dstn__2": 1651.9037159118395, "dstn__3": 2331.7955497173766 }, "geometry": { "type": "Point", "coordinates": [ 121.5862, 25.0691 ] } },
{ "type": "Feature", "properties": { "Distrct": "新北市汐止區", "Name": "茄苳里活動中心", "Capacty": 53.0, "shltr_d": 561, "name_1": "國泰醫療財團法人汐止國泰綜合醫院", "name_2": "康寧醫療財團法人康寧醫院", "name_3": "臺北市立聯合醫院附設南港門診部", "dstn__1": 1177.3736809541158, "dstn__2": 6426.8827913698015, "dstn__3": 6787.3257989176536 }, "geometry": { "type": "Point", "coordinates": [ 121.672058, 25.069255 ] } },
{ "type": "Feature", "properties": { "Distrct": "臺北市大同區", "Name": "蘭州國中", "Capacty": 30.0, "shltr_d": 562, "name_1": "臺北市立聯合醫院附設大同門診部", "name_2": "台灣基督長老教會馬偕醫療財團法人馬偕紀念醫院", "name_3": "台灣基督長老教會馬偕醫療財團法人馬偕兒童醫院", "dstn__1": 387.67446209893274, "dstn__2": 1296.2896584915609, "dstn__3": 1296.2896584915609 }, "geometry": { "type": "Point", "coordinates": [ 121.5167, 25.0693 ] } },
{ "type": "Feature", "properties": { "Distrct": "臺北市內湖區", "Name": "內湖區行政大樓", "Capacty": 170.0, "shltr_d": 563, "name_1": "中國醫藥大學附設醫院臺北分院", "name_2": "德威國際牙醫口腔醫院", "name_3": "康寧醫療財團法人康寧醫院", "dstn__1": 1473.5924328544359, "dstn__2": 1681.4852824696795, "dstn__3": 2326.3585001399319 }, "geometry": { "type": "Point", "coordinates": [ 121.586898, 25.069324 ] } },
{ "type": "Feature", "properties": { "Distrct": "新北市汐止區", "Name": "崇德國小", "Capacty": 1275.0, "shltr_d": 564, "name_1": "國泰醫療財團法人汐止國泰綜合醫院", "name_2": "康寧醫療財團法人康寧醫院", "name_3": "臺北市立聯合醫院附設南港門診部", "dstn__1": 895.19584962752015, "dstn__2": 6135.0368762957023, "dstn__3": 6515.5708381558579 }, "geometry": { "type": "Point", "coordinates": [ 121.669187, 25.069578 ] } },
{ "type": "Feature", "properties": { "Distrct": "新北市三重區", "Name": "新北市立三重商工", "Capacty": 1586.0, "shltr_d": 565, "name_1": "全民醫院", "name_2": "新北市立聯合醫院", "name_3": "宏仁醫院", "dstn__1": 1060.6143514060502, "dstn__2": 1384.5611829791324, "dstn__3": 1771.1517443873256 }, "geometry": { "type": "Point", "coordinates": [ 121.4801, 25.0696 ] } },
{ "type": "Feature", "properties": { "Distrct": "新北市三重區", "Name": "私立穀保家商", "Capacty": 1674.0, "shltr_d": 566, "name_1": "全民醫院", "name_2": "新北市立聯合醫院", "name_3": "宏仁醫院", "dstn__1": 1784.5274286187603, "dstn__2": 2147.8343362729124, "dstn__3": 2162.0090537286624 }, "geometry": { "type": "Point", "coordinates": [ 121.4711, 25.0697 ] } },
{ "type": "Feature", "properties": { "Distrct": "新北市五股區", "Name": "更寮國民小學", "Capacty": 453.0, "shltr_d": 567, "name_1": "全民醫院", "name_2": "宏仁醫院", "name_3": "新北市立聯合醫院", "dstn__1": 2093.063592370288, "dstn__2": 2389.2237724493393, "dstn__3": 2464.5724703279479 }, "geometry": { "type": "Point", "coordinates": [ 121.4677, 25.0698 ] } },
{ "type": "Feature", "properties": { "Distrct": "新北市三重區", "Name": "六張市民活動中心", "Capacty": 100.0, "shltr_d": 568, "name_1": "全民醫院", "name_2": "新北市立聯合醫院", "name_3": "宏仁醫院", "dstn__1": 1012.4801114284592, "dstn__2": 1067.2659925030812, "dstn__3": 2062.9342301392121 }, "geometry": { "type": "Point", "coordinates": [ 121.4938, 25.0702 ] } },
{ "type": "Feature", "properties": { "Distrct": "新北市三重區", "Name": "三重國民小學", "Capacty": 709.0, "shltr_d": 569, "name_1": "新北市立聯合醫院", "name_2": "全民醫院", "name_3": "臺北市立聯合醫院附設大同門診部", "dstn__1": 1251.0279720277224, "dstn__2": 1267.3870830940957, "dstn__3": 1986.9498609439984 }, "geometry": { "type": "Point", "coordinates": [ 121.4973, 25.0704 ] } },
{ "type": "Feature", "properties": { "Distrct": "新北市三重區", "Name": "光榮國民中學", "Capacty": 1031.0, "shltr_d": 570, "name_1": "新北市立聯合醫院", "name_2": "全民醫院", "name_3": "臺北市立聯合醫院附設大同門診部", "dstn__1": 1425.6301828167752, "dstn__2": 1485.7985933003706, "dstn__3": 1737.9243460855387 }, "geometry": { "type": "Point", "coordinates": [ 121.4999, 25.0705 ] } },
{ "type": "Feature", "properties": { "Distrct": "新北市汐止區", "Name": "崇德橋東市民活動中心", "Capacty": 100.0, "shltr_d": 571, "name_1": "國泰醫療財團法人汐止國泰綜合醫院", "name_2": "康寧醫療財團法人康寧醫院", "name_3": "臺北市立聯合醫院附設南港門診部", "dstn__1": 645.48587482309222, "dstn__2": 5899.2866431266539, "dstn__3": 6327.2933907761344 }, "geometry": { "type": "Point", "coordinates": [ 121.666953, 25.070551 ] } },
{ "type": "Feature", "properties": { "Distrct": "臺北市內湖區", "Name": "南湖國小", "Capacty": 50.0, "shltr_d": 572, "name_1": "康寧醫療財團法人康寧醫院", "name_2": "臺北市立聯合醫院附設南港門診部", "name_3": "中國醫藥大學附設醫院臺北分院", "dstn__1": 623.6583025952865, "dstn__2": 1823.9921290930338, "dstn__3": 2393.6312282658741 }, "geometry": { "type": "Point", "coordinates": [ 121.6107, 25.0706 ] } },
{ "type": "Feature", "properties": { "Distrct": "臺北市內湖區", "Name": "明湖國中", "Capacty": 251.0, "shltr_d": 573, "name_1": "康寧醫療財團法人康寧醫院", "name_2": "臺北市立聯合醫院附設南港門診部", "name_3": "中國醫藥大學附設醫院臺北分院", "dstn__1": 623.6583025952865, "dstn__2": 1823.9921290930338, "dstn__3": 2393.6312282658741 }, "geometry": { "type": "Point", "coordinates": [ 121.6107, 25.0706 ] } },
{ "type": "Feature", "properties": { "Distrct": "新北市三重區", "Name": "和平市民活動中心", "Capacty": 100.0, "shltr_d": 574, "name_1": "全民醫院", "name_2": "新北市立聯合醫院", "name_3": "宏仁醫院", "dstn__1": 685.20323602409076, "dstn__2": 1096.094340262267, "dstn__3": 1889.2747874226766 }, "geometry": { "type": "Point", "coordinates": [ 121.4874, 25.0707 ] } },
{ "type": "Feature", "properties": { "Distrct": "新北市三重區", "Name": "厚德國民小學", "Capacty": 505.0, "shltr_d": 575, "name_1": "全民醫院", "name_2": "新北市立聯合醫院", "name_3": "宏仁醫院", "dstn__1": 685.20323602409076, "dstn__2": 1096.094340262267, "dstn__3": 1889.2747874226766 }, "geometry": { "type": "Point", "coordinates": [ 121.4874, 25.0707 ] } },
{ "type": "Feature", "properties": { "Distrct": "新北市三重區", "Name": "老人文康活動中心禮堂", "Capacty": 100.0, "shltr_d": 576, "name_1": "全民醫院", "name_2": "新北市立聯合醫院", "name_3": "宏仁醫院", "dstn__1": 699.32048407071306, "dstn__2": 1074.505873555268, "dstn__3": 1911.3433170923097 }, "geometry": { "type": "Point", "coordinates": [ 121.4884, 25.0707 ] } },
{ "type": "Feature", "properties": { "Distrct": "新北市三重區", "Name": "光榮國民小學", "Capacty": 195.0, "shltr_d": 577, "name_1": "新北市立聯合醫院", "name_2": "全民醫院", "name_3": "臺北市立聯合醫院附設大同門診部", "dstn__1": 1556.4731556305176, "dstn__2": 1592.5711256131099, "dstn__3": 1618.555776767409 }, "geometry": { "type": "Point", "coordinates": [ 121.5013, 25.0709 ] } },
{ "type": "Feature", "properties": { "Distrct": "臺北市內湖區", "Name": "明湖國小", "Capacty": 137.0, "shltr_d": 578, "name_1": "康寧醫療財團法人康寧醫院", "name_2": "臺北市立聯合醫院附設南港門診部", "name_3": "中國醫藥大學附設醫院臺北分院", "dstn__1": 567.93195826233875, "dstn__2": 1875.9713946478512, "dstn__3": 2355.8004573805079 }, "geometry": { "type": "Point", "coordinates": [ 121.6106, 25.0711 ] } },
{ "type": "Feature", "properties": { "Distrct": "嘉義縣六腳鄉", "Name": "更寮國小-室內", "Capacty": 20.0, "shltr_d": 579, "name_1": "全民醫院", "name_2": "宏仁醫院", "name_3": "新北市立聯合醫院", "dstn__1": 2086.0679371858878, "dstn__2": 2538.5001568862754, "dstn__3": 2573.6511027726801 }, "geometry": { "type": "Point", "coordinates": [ 121.467216, 25.071216 ] } },
{ "type": "Feature", "properties": { "Distrct": "新北市汐止區", "Name": "保長坑訓練中心", "Capacty": 1075.0, "shltr_d": 580, "name_1": "國泰醫療財團法人汐止國泰綜合醫院", "name_2": "康寧醫療財團法人康寧醫院", "name_3": "臺北市立聯合醫院附設南港門診部", "dstn__1": 1847.1666365842584, "dstn__2": 7134.440216851237, "dstn__3": 7553.6765784451463 }, "geometry": { "type": "Point", "coordinates": [ 121.679316, 25.071337 ] } },
{ "type": "Feature", "properties": { "Distrct": "新北市五股區", "Name": "德音國民小學", "Capacty": 146.0, "shltr_d": 581, "name_1": "益民醫院", "name_2": "大順醫院", "name_3": "新莊英仁醫院", "dstn__1": 4049.4878106611154, "dstn__2": 4291.4382884964862, "dstn__3": 4397.2910502789837 }, "geometry": { "type": "Point", "coordinates": [ 121.4345, 25.0714 ] } },
{ "type": "Feature", "properties": { "Distrct": "新北市汐止區", "Name": "保長國小", "Capacty": 470.0, "shltr_d": 582, "name_1": "國泰醫療財團法人汐止國泰綜合醫院", "name_2": "康寧醫療財團法人康寧醫院", "name_3": "臺北市立聯合醫院附設南港門診部", "dstn__1": 1997.8932400712613, "dstn__2": 7285.6696939393814, "dstn__3": 7715.6670492650428 }, "geometry": { "type": "Point", "coordinates": [ 121.680851, 25.071773 ] } },
{ "type": "Feature", "properties": { "Distrct": "新北市林口區", "Name": "仁愛市民活動中心", "Capacty": 194.0, "shltr_d": 583, "name_1": "新泰綜合醫院", "name_2": "財團法人台灣省私立台北仁濟院附設新莊仁濟醫院", "name_3": "大順醫院", "dstn__1": 8265.310252160396, "dstn__2": 8562.1562291861064, "dstn__3": 8766.5701571212903 }, "geometry": { "type": "Point", "coordinates": [ 121.37391, 25.071966 ] } },
{ "type": "Feature", "properties": { "Distrct": "臺北市內湖區", "Name": "東湖國中", "Capacty": 138.0, "shltr_d": 584, "name_1": "康寧醫療財團法人康寧醫院", "name_2": "臺北市立聯合醫院附設南港門診部", "name_3": "中國醫藥大學附設醫院臺北分院", "dstn__1": 1154.7189996762265, "dstn__2": 2351.0306325866604, "dstn__3": 3107.8179830836111 }, "geometry": { "type": "Point", "coordinates": [ 121.6195, 25.0723 ] } },
{ "type": "Feature", "properties": { "Distrct": "臺北市內湖區", "Name": "麗湖國小", "Capacty": 315.0, "shltr_d": 585, "name_1": "康寧醫療財團法人康寧醫院", "name_2": "中國醫藥大學附設醫院臺北分院", "name_3": "臺北市立聯合醫院附設南港門診部", "dstn__1": 817.97777139922903, "dstn__2": 1470.3468763613362, "dstn__3": 2129.4535207442373 }, "geometry": { "type": "Point", "coordinates": [ 121.6013, 25.0731 ] } },
{ "type": "Feature", "properties": { "Distrct": "臺北市中山區", "Name": "大佳國小", "Capacty": 30.0, "shltr_d": 586, "name_1": "臺北市立聯合醫院附設中山門診部", "name_2": "泰安醫院", "name_3": "台灣基督長老教會馬偕醫療財團法人馬偕紀念醫院", "dstn__1": 1015.6527333661811, "dstn__2": 1380.0999528780501, "dstn__3": 2088.4542259790232 }, "geometry": { "type": "Point", "coordinates": [ 121.5359, 25.0733 ] } },
{ "type": "Feature", "properties": { "Distrct": "臺北市大同區", "Name": "大龍國小", "Capacty": 30.0, "shltr_d": 587, "name_1": "臺北市立聯合醫院附設大同門診部", "name_2": "台灣基督長老教會馬偕醫療財團法人馬偕紀念醫院", "name_3": "台灣基督長老教會馬偕醫療財團法人馬偕兒童醫院", "dstn__1": 840.90023761413545, "dstn__2": 1713.0408002484007, "dstn__3": 1713.0408002484007 }, "geometry": { "type": "Point", "coordinates": [ 121.5167, 25.0734 ] } },
{ "type": "Feature", "properties": { "Distrct": "新北市林口區", "Name": "林口高中", "Capacty": 3099.0, "shltr_d": 588, "name_1": "新泰綜合醫院", "name_2": "財團法人台灣省私立台北仁濟院附設新莊仁濟醫院", "name_3": "大順醫院", "dstn__1": 7884.1461568289669, "dstn__2": 8107.6100397725995, "dstn__3": 8227.7295773440455 }, "geometry": { "type": "Point", "coordinates": [ 121.381, 25.0736 ] } },
{ "type": "Feature", "properties": { "Distrct": "新北市三重區", "Name": "格致高級中學", "Capacty": 1000.0, "shltr_d": 589, "name_1": "全民醫院", "name_2": "新北市立聯合醫院", "name_3": "宏仁醫院", "dstn__1": 383.80425836117263, "dstn__2": 1410.553227248347, "dstn__3": 2252.3882722311319 }, "geometry": { "type": "Point", "coordinates": [ 121.4887, 25.0738 ] } },
{ "type": "Feature", "properties": { "Distrct": "新北市林口區", "Name": "南勢市民活動中心", "Capacty": 106.0, "shltr_d": 590, "name_1": "新泰綜合醫院", "name_2": "財團法人台灣省私立台北仁濟院附設新莊仁濟醫院", "name_3": "大順醫院", "dstn__1": 9552.08226411943, "dstn__2": 9927.2188829078441, "dstn__3": 10209.630607685522 }, "geometry": { "type": "Point", "coordinates": [ 121.359019, 25.073835 ] } },
{ "type": "Feature", "properties": { "Distrct": "新北市林口區", "Name": "南勢國小", "Capacty": 534.0, "shltr_d": 591, "name_1": "新泰綜合醫院", "name_2": "財團法人台灣省私立台北仁濟院附設新莊仁濟醫院", "name_3": "大順醫院", "dstn__1": 9648.2581020028992, "dstn__2": 10014.27826691452, "dstn__3": 10283.594551597633 }, "geometry": { "type": "Point", "coordinates": [ 121.3588, 25.075 ] } },
{ "type": "Feature", "properties": { "Distrct": "臺北市大同區", "Name": "明倫高中", "Capacty": 70.0, "shltr_d": 592, "name_1": "臺北市立聯合醫院附設大同門診部", "name_2": "臺北市立聯合醫院附設中山門診部", "name_3": "台灣基督長老教會馬偕醫療財團法人馬偕紀念醫院", "dstn__1": 1131.234806490414, "dstn__2": 1842.8294374164464, "dstn__3": 1859.9055438626854 }, "geometry": { "type": "Point", "coordinates": [ 121.5199, 25.0755 ] } },
{ "type": "Feature", "properties": { "Distrct": "新北市五股區", "Name": "憲訓中心", "Capacty": 686.0, "shltr_d": 593, "name_1": "益民醫院", "name_2": "大順醫院", "name_3": "三重中興醫院", "dstn__1": 4455.2650490289889, "dstn__2": 4729.497711411027, "dstn__3": 4775.6974816705624 }, "geometry": { "type": "Point", "coordinates": [ 121.4349, 25.0758 ] } },
{ "type": "Feature", "properties": { "Distrct": "臺北市大同區", "Name": "重慶國中", "Capacty": 0.0, "shltr_d": 594, "name_1": "臺北市立聯合醫院附設大同門診部", "name_2": "臺北市立聯合醫院附設士林門診部", "name_3": "台灣基督長老教會馬偕醫療財團法人馬偕紀念醫院", "dstn__1": 1128.0586277499783, "dstn__2": 1885.7260191283744, "dstn__3": 1942.4804502381689 }, "geometry": { "type": "Point", "coordinates": [ 121.5179, 25.0759 ] } },
{ "type": "Feature", "properties": { "Distrct": "臺北市大同區", "Name": "臺北市大同運動中心", "Capacty": 300.0, "shltr_d": 595, "name_1": "臺北市立聯合醫院附設大同門診部", "name_2": "臺北市立聯合醫院附設士林門診部", "name_3": "台灣基督長老教會馬偕醫療財團法人馬偕紀念醫院", "dstn__1": 1128.0586277499783, "dstn__2": 1885.7260191283744, "dstn__3": 1942.4804502381689 }, "geometry": { "type": "Point", "coordinates": [ 121.5179, 25.0759 ] } },
{ "type": "Feature", "properties": { "Distrct": "新北市三重區", "Name": "永盛市民活動中心", "Capacty": 100.0, "shltr_d": 596, "name_1": "全民醫院", "name_2": "新北市立聯合醫院", "name_3": "宏仁醫院", "dstn__1": 241.75058720250362, "dstn__2": 1782.3571492910824, "dstn__3": 2486.3821073022027 }, "geometry": { "type": "Point", "coordinates": [ 121.4846, 25.0764 ] } },
{ "type": "Feature", "properties": { "Distrct": "新北市三重區", "Name": "三和國民中學", "Capacty": 653.0, "shltr_d": 597, "name_1": "全民醫院", "name_2": "新北市立聯合醫院", "name_3": "宏仁醫院", "dstn__1": 53.613646218335447, "dstn__2": 1752.7870618695583, "dstn__3": 2522.1313248240949 }, "geometry": { "type": "Point", "coordinates": [ 121.4865, 25.0766 ] } },
{ "type": "Feature", "properties": { "Distrct": "新北市林口區", "Name": "林口區公所", "Capacty": 120.0, "shltr_d": 598, "name_1": "新泰綜合醫院", "name_2": "大順醫院", "name_3": "財團法人台灣省私立台北仁濟院附設新莊仁濟醫院", "dstn__1": 7659.377152336614, "dstn__2": 7781.3076081925919, "dstn__3": 7782.1360613016914 }, "geometry": { "type": "Point", "coordinates": [ 121.3885, 25.0767 ] } },
{ "type": "Feature", "properties": { "Distrct": "新北市蘆洲區", "Name": "得仁市民活動中心", "Capacty": 52.0, "shltr_d": 599, "name_1": "全民醫院", "name_2": "新北市立聯合醫院", "name_3": "宏仁醫院", "dstn__1": 1809.8628158768993, "dstn__2": 2747.0153789942897, "dstn__3": 2926.612191786237 }, "geometry": { "type": "Point", "coordinates": [ 121.469, 25.0767 ] } },
{ "type": "Feature", "properties": { "Distrct": "新北市林口區", "Name": "林口國中活動中心", "Capacty": 1736.0, "shltr_d": 600, "name_1": "新泰綜合醫院", "name_2": "財團法人台灣省私立台北仁濟院附設新莊仁濟醫院", "name_3": "大順醫院", "dstn__1": 8433.7539242692983, "dstn__2": 8659.3684268679062, "dstn__3": 8770.4472678364818 }, "geometry": { "type": "Point", "coordinates": [ 121.3769, 25.0769 ] } },
{ "type": "Feature", "properties": { "Distrct": "新北市三重區", "Name": "永福國民小學", "Capacty": 706.0, "shltr_d": 601, "name_1": "全民醫院", "name_2": "新北市立聯合醫院", "name_3": "宏仁醫院", "dstn__1": 639.71123856360816, "dstn__2": 2006.2095605157529, "dstn__3": 2571.558630000718 }, "geometry": { "type": "Point", "coordinates": [ 121.4806, 25.077 ] } },
{ "type": "Feature", "properties": { "Distrct": "臺北市內湖區", "Name": "內湖國中", "Capacty": 233.0, "shltr_d": 602, "name_1": "中國醫藥大學附設醫院臺北分院", "name_2": "德威國際牙醫口腔醫院", "name_3": "康寧醫療財團法人康寧醫院", "dstn__1": 606.79043674938032, "dstn__2": 1395.6896027580417, "dstn__3": 2028.9553363892283 }, "geometry": { "type": "Point", "coordinates": [ 121.5887, 25.077 ] } },
{ "type": "Feature", "properties": { "Distrct": "臺北市中山區", "Name": "濱江國小", "Capacty": 114.0, "shltr_d": 603, "name_1": "德威國際牙醫口腔醫院", "name_2": "三軍總醫院松山分院附設民眾診療服務處", "name_3": "中國醫藥大學附設醫院臺北分院", "dstn__1": 1413.9801826527391, "dstn__2": 2618.7143126762826, "dstn__3": 2971.5339206298522 }, "geometry": { "type": "Point", "coordinates": [ 121.5617, 25.0773 ] } },
{ "type": "Feature", "properties": { "Distrct": "新北市林口區", "Name": "麗林市民活動中心", "Capacty": 236.0, "shltr_d": 604, "name_1": "大順醫院", "name_2": "新泰綜合醫院", "name_3": "益民醫院", "dstn__1": 7385.6717745297756, "dstn__2": 7402.4509650408636, "dstn__3": 7431.5791139742205 }, "geometry": { "type": "Point", "coordinates": [ 121.394, 25.0774 ] } },
{ "type": "Feature", "properties": { "Distrct": "臺北市中山區", "Name": "北安國中", "Capacty": 30.0, "shltr_d": 605, "name_1": "臺北市立聯合醫院附設中山門診部", "name_2": "泰安醫院", "name_3": "臺北市立聯合醫院附設士林門診部", "dstn__1": 1694.7980446791476, "dstn__2": 2070.1345309061726, "dstn__3": 2767.4354057848354 }, "geometry": { "type": "Point", "coordinates": [ 121.5416, 25.0778 ] } },
{ "type": "Feature", "properties": { "Distrct": "臺北市內湖區", "Name": "內湖高中", "Capacty": 110.0, "shltr_d": 606, "name_1": "中國醫藥大學附設醫院臺北分院", "name_2": "德威國際牙醫口腔醫院", "name_3": "康寧醫療財團法人康寧醫院", "dstn__1": 592.99291455316825, "dstn__2": 1144.9385381098493, "dstn__3": 2263.8596951367854 }, "geometry": { "type": "Point", "coordinates": [ 121.5865, 25.0784 ] } },
{ "type": "Feature", "properties": { "Distrct": "臺北市內湖區", "Name": "臺北市內湖運動中心", "Capacty": 219.0, "shltr_d": 607, "name_1": "中國醫藥大學附設醫院臺北分院", "name_2": "德威國際牙醫口腔醫院", "name_3": "康寧醫療財團法人康寧醫院", "dstn__1": 592.99291455316825, "dstn__2": 1144.9385381098493, "dstn__3": 2263.8596951367854 }, "geometry": { "type": "Point", "coordinates": [ 121.5865, 25.0784 ] } },
{ "type": "Feature", "properties": { "Distrct": "新北市林口區", "Name": "新北特殊教育學校", "Capacty": 1383.0, "shltr_d": 608, "name_1": "新泰綜合醫院", "name_2": "財團法人台灣省私立台北仁濟院附設新莊仁濟醫院", "name_3": "大順醫院", "dstn__1": 9343.1663269197034, "dstn__2": 9634.9226561266241, "dstn__3": 9813.7123638141147 }, "geometry": { "type": "Point", "coordinates": [ 121.365938, 25.078446 ] } },
{ "type": "Feature", "properties": { "Distrct": "新北市蘆洲區", "Name": "民生市民活動中心", "Capacty": 20.0, "shltr_d": 609, "name_1": "全民醫院", "name_2": "新北市立聯合醫院", "name_3": "宏仁醫院", "dstn__1": 1437.7643642791068, "dstn__2": 2603.8508055789894, "dstn__3": 2934.7199353565693 }, "geometry": { "type": "Point", "coordinates": [ 121.4728, 25.0785 ] } },
{ "type": "Feature", "properties": { "Distrct": "臺北市中山區", "Name": "永安國小", "Capacty": 60.0, "shltr_d": 610, "name_1": "臺北市立聯合醫院附設中山門診部", "name_2": "泰安醫院", "name_3": "德威國際牙醫口腔醫院", "dstn__1": 2254.6401695363934, "dstn__2": 2618.5518060530985, "dstn__3": 2621.9938346353219 }, "geometry": { "type": "Point", "coordinates": [ 121.5494, 25.0787 ] } },
{ "type": "Feature", "properties": { "Distrct": "新北市汐止區", "Name": "長安市民活動中心", "Capacty": 89.0, "shltr_d": 611, "name_1": "國泰醫療財團法人汐止國泰綜合醫院", "name_2": "康寧醫療財團法人康寧醫院", "name_3": "臺北市立聯合醫院附設南港門診部", "dstn__1": 1174.5540107095737, "dstn__2": 6239.0163508982541, "dstn__3": 6984.6988115178292 }, "geometry": { "type": "Point", "coordinates": [ 121.670529, 25.079073 ] } },
{ "type": "Feature", "properties": { "Distrct": "臺北市內湖區", "Name": "內湖國小", "Capacty": 150.0, "shltr_d": 612, "name_1": "德威國際牙醫口腔醫院", "name_2": "中國醫藥大學附設醫院臺北分院", "name_3": "康寧醫療財團法人康寧醫院", "dstn__1": 507.22900889740549, "dstn__2": 1109.4074693521457, "dstn__3": 2904.1147841131174 }, "geometry": { "type": "Point", "coordinates": [ 121.5802, 25.0791 ] } },
{ "type": "Feature", "properties": { "Distrct": "新北市汐止區", "Name": "長安國小", "Capacty": 807.0, "shltr_d": 613, "name_1": "國泰醫療財團法人汐止國泰綜合醫院", "name_2": "康寧醫療財團法人康寧醫院", "name_3": "臺北市立聯合醫院附設南港門診部", "dstn__1": 1211.5231185071459, "dstn__2": 6266.7359344747347, "dstn__3": 7019.304693263738 }, "geometry": { "type": "Point", "coordinates": [ 121.670789, 25.079315 ] } },
{ "type": "Feature", "properties": { "Distrct": "新北市五股區", "Name": "更新市民活動中心", "Capacty": 65.0, "shltr_d": 614, "name_1": "全民醫院", "name_2": "三重中興醫院", "name_3": "宏仁醫院", "dstn__1": 3003.1098180380204, "dstn__2": 3847.9969830497794, "dstn__3": 3882.5612744160458 }, "geometry": { "type": "Point", "coordinates": [ 121.4573, 25.0794 ] } },
{ "type": "Feature", "properties": { "Distrct": "臺北市中山區", "Name": "大直高中", "Capacty": 300.0, "shltr_d": 615, "name_1": "臺北市立聯合醫院附設中山門診部", "name_2": "泰安醫院", "name_3": "臺北市立聯合醫院附設士林門診部", "dstn__1": 1908.5422224456261, "dstn__2": 2283.929130030544, "dstn__3": 2765.6583988019988 }, "geometry": { "type": "Point", "coordinates": [ 121.5428, 25.0794 ] } },
{ "type": "Feature", "properties": { "Distrct": "新北市林口區", "Name": "醒吾高中", "Capacty": 1243.0, "shltr_d": 616, "name_1": "大順醫院", "name_2": "益民醫院", "name_3": "新泰綜合醫院", "dstn__1": 7401.6458647732034, "dstn__2": 7422.0847129735021, "dstn__3": 7509.9144016224764 }, "geometry": { "type": "Point", "coordinates": [ 121.395779, 25.07957 ] } },
{ "type": "Feature", "properties": { "Distrct": "新北市蘆洲區", "Name": "溪墘湧蓮市民活動中心", "Capacty": 50.0, "shltr_d": 617, "name_1": "全民醫院", "name_2": "新北市立聯合醫院", "name_3": "宏仁醫院", "dstn__1": 1138.4358117820427, "dstn__2": 2491.3381965104222, "dstn__3": 2941.5925192874847 }, "geometry": { "type": "Point", "coordinates": [ 121.476051, 25.079572 ] } },
{ "type": "Feature", "properties": { "Distrct": "新北市林口區", "Name": "竹林山觀音寺活動中心", "Capacty": 500.0, "shltr_d": 618, "name_1": "大順醫院", "name_2": "益民醫院", "name_3": "新泰綜合醫院", "dstn__1": 7402.2253957627072, "dstn__2": 7422.3312735541012, "dstn__3": 7511.6609035142174 }, "geometry": { "type": "Point", "coordinates": [ 121.3958, 25.0796 ] } },
{ "type": "Feature", "properties": { "Distrct": "臺北市中山區", "Name": "濱江國中", "Capacty": 86.0, "shltr_d": 619, "name_1": "德威國際牙醫口腔醫院", "name_2": "三軍總醫院松山分院附設民眾診療服務處", "name_3": "中國醫藥大學附設醫院臺北分院", "dstn__1": 1478.1708018752013, "dstn__2": 2858.2891940525014, "dstn__3": 3036.3117130203905 }, "geometry": { "type": "Point", "coordinates": [ 121.5607, 25.0796 ] } },
{ "type": "Feature", "properties": { "Distrct": "臺北市內湖區", "Name": "內湖高工", "Capacty": 245.0, "shltr_d": 620, "name_1": "德威國際牙醫口腔醫院", "name_2": "中國醫藥大學附設醫院臺北分院", "name_3": "臺北市立聯合醫院附設松山門診部", "dstn__1": 62.08752095955915, "dstn__2": 1564.2126300037742, "dstn__3": 3332.1367330612816 }, "geometry": { "type": "Point", "coordinates": [ 121.5754, 25.0797 ] } },
{ "type": "Feature", "properties": { "Distrct": "臺北市士林區", "Name": "劍潭國小", "Capacty": 30.0, "shltr_d": 621, "name_1": "臺北市立聯合醫院附設士林門診部", "name_2": "臺北市立聯合醫院附設大同門診部", "name_3": "臺北市立聯合醫院附設中山門診部", "dstn__1": 1469.8586418175703, "dstn__2": 1694.6423922406418, "dstn__3": 2023.2480020354244 }, "geometry": { "type": "Point", "coordinates": [ 121.5229, 25.0799 ] } },
{ "type": "Feature", "properties": { "Distrct": "臺北市內湖區", "Name": "康寧國小", "Capacty": 247.0, "shltr_d": 622, "name_1": "中國醫藥大學附設醫院臺北分院", "name_2": "康寧醫療財團法人康寧醫院", "name_3": "德威國際牙醫口腔醫院", "dstn__1": 490.54921443367238, "dstn__2": 1470.2024025866447, "dstn__3": 1973.8825795539533 }, "geometry": { "type": "Point", "coordinates": [ 121.5949, 25.08 ] } },
{ "type": "Feature", "properties": { "Distrct": "新北市林口區", "Name": "佳林國中", "Capacty": 747.0, "shltr_d": 623, "name_1": "新泰綜合醫院", "name_2": "大順醫院", "name_3": "財團法人台灣省私立台北仁濟院附設新莊仁濟醫院", "dstn__1": 8239.8043873541719, "dstn__2": 8366.4825421338373, "dstn__3": 8370.7240598238041 }, "geometry": { "type": "Point", "coordinates": [ 121.3842, 25.0803 ] } },
{ "type": "Feature", "properties": { "Distrct": "新北市蘆洲區", "Name": "徐匯中學", "Capacty": 784.0, "shltr_d": 624, "name_1": "全民醫院", "name_2": "新北市立聯合醫院", "name_3": "宏仁醫院", "dstn__1": 796.42582115877678, "dstn__2": 2358.7603624897542, "dstn__3": 2941.818258947842 }, "geometry": { "type": "Point", "coordinates": [ 121.48, 25.0803 ] } },
{ "type": "Feature", "properties": { "Distrct": "臺北市中山區", "Name": "大直國小", "Capacty": 104.0, "shltr_d": 625, "name_1": "臺北市立聯合醫院附設中山門診部", "name_2": "泰安醫院", "name_3": "德威國際牙醫口腔醫院", "dstn__1": 2208.0992569186515, "dstn__2": 2581.6836712402387, "dstn__3": 2919.0513673328232 }, "geometry": { "type": "Point", "coordinates": [ 121.5464, 25.0805 ] } },
{ "type": "Feature", "properties": { "Distrct": "新北市蘆洲區", "Name": "長安市民活動中心", "Capacty": 123.0, "shltr_d": 626, "name_1": "全民醫院", "name_2": "新北市立聯合醫院", "name_3": "宏仁醫院", "dstn__1": 2561.3130352262706, "dstn__2": 3584.2475636576505, "dstn__3": 3693.5164136324279 }, "geometry": { "type": "Point", "coordinates": [ 121.4619, 25.0807 ] } },
{ "type": "Feature", "properties": { "Distrct": "新北市林口區", "Name": "林口國小", "Capacty": 1009.0, "shltr_d": 627, "name_1": "大順醫院", "name_2": "新泰綜合醫院", "name_3": "益民醫院", "dstn__1": 7943.9641293871146, "dstn__2": 7945.600591126602, "dstn__3": 7985.1695852003004 }, "geometry": { "type": "Point", "coordinates": [ 121.3899, 25.0808 ] } },
{ "type": "Feature", "properties": { "Distrct": "新北市蘆洲區", "Name": "永安兒童公園市民活動中心", "Capacty": 87.0, "shltr_d": 628, "name_1": "全民醫院", "name_2": "新北市立聯合醫院", "name_3": "宏仁醫院", "dstn__1": 729.61594501731156, "dstn__2": 2418.2751257531404, "dstn__3": 3070.4597853126052 }, "geometry": { "type": "Point", "coordinates": [ 121.481944, 25.081635 ] } },
{ "type": "Feature", "properties": { "Distrct": "臺北市內湖區", "Name": "麗山國中", "Capacty": 82.0, "shltr_d": 629, "name_1": "德威國際牙醫口腔醫院", "name_2": "中國醫藥大學附設醫院臺北分院", "name_3": "康寧醫療財團法人康寧醫院", "dstn__1": 160.37386308795257, "dstn__2": 1561.0136924648323, "dstn__3": 3446.7913236630761 }, "geometry": { "type": "Point", "coordinates": [ 121.5752, 25.0817 ] } },
{ "type": "Feature", "properties": { "Distrct": "新北市蘆洲區", "Name": "中路市民活動中心", "Capacty": 27.0, "shltr_d": 630, "name_1": "全民醫院", "name_2": "新北市立聯合醫院", "name_3": "宏仁醫院", "dstn__1": 2044.7593287880122, "dstn__2": 3261.2617288265596, "dstn__3": 3522.7026191157156 }, "geometry": { "type": "Point", "coordinates": [ 121.4675, 25.0821 ] } },
{ "type": "Feature", "properties": { "Distrct": "新北市林口區", "Name": "頭湖國小", "Capacty": 819.0, "shltr_d": 631, "name_1": "新泰綜合醫院", "name_2": "財團法人台灣省私立台北仁濟院附設新莊仁濟醫院", "name_3": "大順醫院", "dstn__1": 9178.9791580116562, "dstn__2": 9383.935606936464, "dstn__3": 9455.0233041194133 }, "geometry": { "type": "Point", "coordinates": [ 121.3729, 25.0827 ] } },
{ "type": "Feature", "properties": { "Distrct": "臺北市內湖區", "Name": "大湖公園", "Capacty": 4950.0, "shltr_d": 632, "name_1": "康寧醫療財團法人康寧醫院", "name_2": "中國醫藥大學附設醫院臺北分院", "name_3": "德威國際牙醫口腔醫院", "dstn__1": 903.07292850620775, "dstn__2": 1345.301707593665, "dstn__3": 2903.896522788622 }, "geometry": { "type": "Point", "coordinates": [ 121.603982, 25.082835 ] } },
{ "type": "Feature", "properties": { "Distrct": "新北市五股區", "Name": "立體停車場", "Capacty": 550.0, "shltr_d": 633, "name_1": "全民醫院", "name_2": "臺北市立關渡醫院─委託臺北榮民總醫院經營", "name_3": "益民醫院", "dstn__1": 4853.4711401112399, "dstn__2": 4942.9529436763187, "dstn__3": 5017.1602148609245 }, "geometry": { "type": "Point", "coordinates": [ 121.4393, 25.083 ] } },
{ "type": "Feature", "properties": { "Distrct": "新北市五股區", "Name": "五股國民中學", "Capacty": 230.0, "shltr_d": 634, "name_1": "臺北市立關渡醫院─委託臺北榮民總醫院經營", "name_2": "益民醫院", "name_3": "全民醫院", "dstn__1": 5124.3244815975231, "dstn__2": 5175.6438982025775, "dstn__3": 5217.7309892184039 }, "geometry": { "type": "Point", "coordinates": [ 121.4357, 25.0833 ] } },
{ "type": "Feature", "properties": { "Distrct": "新北市五股區", "Name": "五股國民小學", "Capacty": 2532.0, "shltr_d": 635, "name_1": "臺北市立關渡醫院─委託臺北榮民總醫院經營", "name_2": "全民醫院", "name_3": "益民醫院", "dstn__1": 4996.8977819235861, "dstn__2": 5019.5218244610523, "dstn__3": 5112.6842632535545 }, "geometry": { "type": "Point", "coordinates": [ 121.4377, 25.0834 ] } },
{ "type": "Feature", "properties": { "Distrct": "新北市蘆洲區", "Name": "財團法人臺灣省臺北縣基督教徒蘆洲", "Capacty": 75.0, "shltr_d": 636, "name_1": "全民醫院", "name_2": "新北市立聯合醫院", "name_3": "宏仁醫院", "dstn__1": 1116.5978195989628, "dstn__2": 2739.4504080240927, "dstn__3": 3312.9250473536463 }, "geometry": { "type": "Point", "coordinates": [ 121.4786, 25.0835 ] } },
{ "type": "Feature", "properties": { "Distrct": "臺北市內湖區", "Name": "麗山國小", "Capacty": 193.0, "shltr_d": 637, "name_1": "德威國際牙醫口腔醫院", "name_2": "中國醫藥大學附設醫院臺北分院", "name_3": "三軍總醫院松山分院附設民眾診療服務處", "dstn__1": 467.8505113104336, "dstn__2": 1839.2356476537586, "dstn__3": 3608.5395179879633 }, "geometry": { "type": "Point", "coordinates": [ 121.5725, 25.0836 ] } },
{ "type": "Feature", "properties": { "Distrct": "臺北市士林區", "Name": "葫蘆國小", "Capacty": 35.0, "shltr_d": 638, "name_1": "臺北市立聯合醫院附設士林門診部", "name_2": "全民醫院", "name_3": "臺北市立聯合醫院附設大同門診部", "dstn__1": 1632.9953738453369, "dstn__2": 2160.3489084269045, "dstn__3": 2193.7065107523986 }, "geometry": { "type": "Point", "coordinates": [ 121.507, 25.0837 ] } },
{ "type": "Feature", "properties": { "Distrct": "臺北市內湖區", "Name": "西湖國小", "Capacty": 76.0, "shltr_d": 639, "name_1": "德威國際牙醫口腔醫院", "name_2": "中國醫藥大學附設醫院臺北分院", "name_3": "三軍總醫院松山分院附設民眾診療服務處", "dstn__1": 1048.1891004907582, "dstn__2": 2524.8346519082775, "dstn__3": 3404.4348595693009 }, "geometry": { "type": "Point", "coordinates": [ 121.5657, 25.0838 ] } },
{ "type": "Feature", "properties": { "Distrct": "新北市蘆洲區", "Name": "蘆洲國小", "Capacty": 2139.0, "shltr_d": 640, "name_1": "全民醫院", "name_2": "新北市立聯合醫院", "name_3": "宏仁醫院", "dstn__1": 1887.0949754851658, "dstn__2": 3259.122181278613, "dstn__3": 3615.8450553363127 }, "geometry": { "type": "Point", "coordinates": [ 121.47, 25.0841 ] } },
{ "type": "Feature", "properties": { "Distrct": "臺北市內湖區", "Name": "麗山高中", "Capacty": 60.0, "shltr_d": 641, "name_1": "德威國際牙醫口腔醫院", "name_2": "中國醫藥大學附設醫院臺北分院", "name_3": "康寧醫療財團法人康寧醫院", "dstn__1": 498.10480598119523, "dstn__2": 1305.229325210415, "dstn__3": 3243.1868216407929 }, "geometry": { "type": "Point", "coordinates": [ 121.5779, 25.0841 ] } },
{ "type": "Feature", "properties": { "Distrct": "新北市林口區", "Name": "湖南市民活動中心", "Capacty": 86.0, "shltr_d": 642, "name_1": "新泰綜合醫院", "name_2": "財團法人台灣省私立台北仁濟院附設新莊仁濟醫院", "name_3": "大順醫院", "dstn__1": 9232.0358494878928, "dstn__2": 9412.5741228869647, "dstn__3": 9451.7739687428766 }, "geometry": { "type": "Point", "coordinates": [ 121.3742, 25.0844 ] } },
{ "type": "Feature", "properties": { "Distrct": "新北市蘆洲區", "Name": "蘆洲區公所", "Capacty": 185.0, "shltr_d": 643, "name_1": "全民醫院", "name_2": "新北市立聯合醫院", "name_3": "宏仁醫院", "dstn__1": 1575.4868310325646, "dstn__2": 3084.7079010711764, "dstn__3": 3547.2867458090109 }, "geometry": { "type": "Point", "coordinates": [ 121.4739, 25.0847 ] } },
{ "type": "Feature", "properties": { "Distrct": "新北市三重區", "Name": "碧華國民小學", "Capacty": 0.0, "shltr_d": 644, "name_1": "全民醫院", "name_2": "新北市立聯合醫院", "name_3": "臺北市立聯合醫院附設士林門診部", "dstn__1": 976.40241608959468, "dstn__2": 2655.7660779922658, "dstn__3": 3079.8108795218127 }, "geometry": { "type": "Point", "coordinates": [ 121.490369, 25.085115 ] } },
{ "type": "Feature", "properties": { "Distrct": "新北市蘆洲區", "Name": "鷺江國小", "Capacty": 1002.0, "shltr_d": 645, "name_1": "全民醫院", "name_2": "新北市立聯合醫院", "name_3": "宏仁醫院", "dstn__1": 1377.4054692109746, "dstn__2": 2993.8016310419575, "dstn__3": 3539.5492494004598 }, "geometry": { "type": "Point", "coordinates": [ 121.4769, 25.0853 ] } },
{ "type": "Feature", "properties": { "Distrct": "臺北市內湖區", "Name": "碧湖國小", "Capacty": 134.0, "shltr_d": 646, "name_1": "中國醫藥大學附設醫院臺北分院", "name_2": "德威國際牙醫口腔醫院", "name_3": "康寧醫療財團法人康寧醫院", "dstn__1": 348.65851882694426, "dstn__2": 1685.5411076598325, "dstn__3": 2062.2720528678892 }, "geometry": { "type": "Point", "coordinates": [ 121.5911, 25.0853 ] } },
{ "type": "Feature", "properties": { "Distrct": "新北市蘆洲區", "Name": "成功國小", "Capacty": 495.0, "shltr_d": 647, "name_1": "全民醫院", "name_2": "臺北市立關渡醫院─委託臺北榮民總醫院經營", "name_3": "新北市立聯合醫院", "dstn__1": 3126.622718547676, "dstn__2": 3933.3192285849609, "dstn__3": 4276.0881498389463 }, "geometry": { "type": "Point", "coordinates": [ 121.4575, 25.0857 ] } },
{ "type": "Feature", "properties": { "Distrct": "新北市蘆洲區", "Name": "重陽市民活動中心", "Capacty": 58.0, "shltr_d": 648, "name_1": "全民醫院", "name_2": "新北市立聯合醫院", "name_3": "宏仁醫院", "dstn__1": 1031.0328687103083, "dstn__2": 2798.4669725119434, "dstn__3": 3515.141388284314 }, "geometry": { "type": "Point", "coordinates": [ 121.4837, 25.0857 ] } },
{ "type": "Feature", "properties": { "Distrct": "臺北市內湖區", "Name": "文湖國小", "Capacty": 30.0, "shltr_d": 649, "name_1": "德威國際牙醫口腔醫院", "name_2": "中國醫藥大學附設醫院臺北分院", "name_3": "三軍總醫院松山分院附設民眾診療服務處", "dstn__1": 1654.9546243062437, "dstn__2": 3109.312147679007, "dstn__3": 3537.2906707003158 }, "geometry": { "type": "Point", "coordinates": [ 121.5601, 25.0858 ] } },
{ "type": "Feature", "properties": { "Distrct": "臺北市內湖區", "Name": "西湖國中", "Capacty": 106.0, "shltr_d": 650, "name_1": "德威國際牙醫口腔醫院", "name_2": "中國醫藥大學附設醫院臺北分院", "name_3": "三軍總醫院松山分院附設民眾診療服務處", "dstn__1": 1149.619901380315, "dstn__2": 2550.1769841556197, "dstn__3": 3620.0405823227857 }, "geometry": { "type": "Point", "coordinates": [ 121.5657, 25.0858 ] } },
{ "type": "Feature", "properties": { "Distrct": "臺北市士林區", "Name": "百齡國小", "Capacty": 137.0, "shltr_d": 651, "name_1": "臺北市立聯合醫院附設士林門診部", "name_2": "臺北市立聯合醫院附設大同門診部", "name_3": "臺北市立聯合醫院附設中山門診部", "dstn__1": 760.56905747643464, "dstn__2": 2262.7269516462356, "dstn__3": 2888.3627469416592 }, "geometry": { "type": "Point", "coordinates": [ 121.5178, 25.0862 ] } },
{ "type": "Feature", "properties": { "Distrct": "新北市三重區", "Name": "五華國民小學", "Capacty": 327.0, "shltr_d": 652, "name_1": "全民醫院", "name_2": "臺北市立聯合醫院附設士林門診部", "name_3": "新北市立聯合醫院", "dstn__1": 1234.319616486539, "dstn__2": 2773.4313517455867, "dstn__3": 2824.2982223785575 }, "geometry": { "type": "Point", "coordinates": [ 121.4931, 25.0865 ] } },
{ "type": "Feature", "properties": { "Distrct": "新北市蘆洲區", "Name": "三民高中", "Capacty": 5011.0, "shltr_d": 653, "name_1": "全民醫院", "name_2": "新北市立聯合醫院", "name_3": "臺北市立關渡醫院─委託臺北榮民總醫院經營", "dstn__1": 1828.1303774723738, "dstn__2": 3348.8960357851433, "dstn__3": 3786.1709111384539 }, "geometry": { "type": "Point", "coordinates": [ 121.4723, 25.0866 ] } },
{ "type": "Feature", "properties": { "Distrct": "臺北市士林區", "Name": "百齡高中", "Capacty": 300.0, "shltr_d": 654, "name_1": "臺北市立聯合醫院附設士林門診部", "name_2": "臺北市立聯合醫院附設大同門診部", "name_3": "臺北市立聯合醫院附設中山門診部", "dstn__1": 728.14340269624245, "dstn__2": 2440.8199749851815, "dstn__3": 2718.7987760491769 }, "geometry": { "type": "Point", "coordinates": [ 121.523, 25.087 ] } },
{ "type": "Feature", "properties": { "Distrct": "新北市蘆洲區", "Name": "蘆洲國中", "Capacty": 2520.0, "shltr_d": 655, "name_1": "全民醫院", "name_2": "臺北市立關渡醫院─委託臺北榮民總醫院經營", "name_3": "新北市立聯合醫院", "dstn__1": 2361.4779776674045, "dstn__2": 3679.9784057485776, "dstn__3": 3746.2867119713328 }, "geometry": { "type": "Point", "coordinates": [ 121.4664, 25.0871 ] } },
{ "type": "Feature", "properties": { "Distrct": "新北市三重區", "Name": "新北市立新北高中", "Capacty": 4475.0, "shltr_d": 656, "name_1": "全民醫院", "name_2": "新北市立聯合醫院", "name_3": "臺北市立聯合醫院附設士林門診部", "dstn__1": 1203.7951744941868, "dstn__2": 2908.9732276447412, "dstn__3": 3065.588016039364 }, "geometry": { "type": "Point", "coordinates": [ 121.4899, 25.0874 ] } },
{ "type": "Feature", "properties": { "Distrct": "臺北市內湖區", "Name": "大湖國小", "Capacty": 175.0, "shltr_d": 657, "name_1": "中國醫藥大學附設醫院臺北分院", "name_2": "康寧醫療財團法人康寧醫院", "name_3": "德威國際牙醫口腔醫院", "dstn__1": 1172.5779292253383, "dstn__2": 1594.4975554508699, "dstn__3": 2663.9614455498922 }, "geometry": { "type": "Point", "coordinates": [ 121.6003, 25.0881 ] } },
{ "type": "Feature", "properties": { "Distrct": "新北市瑞芳區", "Name": "猴硐國小", "Capacty": 101.0, "shltr_d": 658, "name_1": "瑞芳礦工醫院", "name_2": "國泰醫療財團法人汐止國泰綜合醫院", "name_3": "康寧醫療財團法人康寧醫院", "dstn__1": 3524.004030096241, "dstn__2": 17092.451601851546, "dstn__3": 22322.340420779175 }, "geometry": { "type": "Point", "coordinates": [ 121.8296, 25.0889 ] } },
{ "type": "Feature", "properties": { "Distrct": "新北市蘆洲區", "Name": "忠義國小", "Capacty": 1106.0, "shltr_d": 659, "name_1": "全民醫院", "name_2": "臺北市立關渡醫院─委託臺北榮民總醫院經營", "name_3": "新北市立聯合醫院", "dstn__1": 2701.2363805650666, "dstn__2": 3443.80990504699, "dstn__3": 4095.141826908708 }, "geometry": { "type": "Point", "coordinates": [ 121.4639, 25.0893 ] } },
{ "type": "Feature", "properties": { "Distrct": "新北市汐止區", "Name": "北港國小", "Capacty": 1307.0, "shltr_d": 660, "name_1": "國泰醫療財團法人汐止國泰綜合醫院", "name_2": "康寧醫療財團法人康寧醫院", "name_3": "臺北市立聯合醫院附設南港門診部", "dstn__1": 2407.2535977646212, "dstn__2": 4001.6617445220077, "dstn__3": 5502.2142393283666 }, "geometry": { "type": "Point", "coordinates": [ 121.645595, 25.089404 ] } },
{ "type": "Feature", "properties": { "Distrct": "臺北市士林區", "Name": "天母棒球場", "Capacty": 150.0, "shltr_d": 661, "name_1": "臺北市立聯合醫院附設士林門診部", "name_2": "全民醫院", "name_3": "臺北市立聯合醫院附設大同門診部", "dstn__1": 1727.5992283089911, "dstn__2": 2154.6964282064114, "dstn__3": 2982.6877321643219 }, "geometry": { "type": "Point", "coordinates": [ 121.5029, 25.0898 ] } },
{ "type": "Feature", "properties": { "Distrct": "臺北市士林區", "Name": "臺北市士林運動中心", "Capacty": 171.0, "shltr_d": 662, "name_1": "臺北市立聯合醫院附設士林門診部", "name_2": "全民醫院", "name_3": "臺北市立聯合醫院附設大同門診部", "dstn__1": 1727.5992283089911, "dstn__2": 2154.6964282064114, "dstn__3": 2982.6877321643219 }, "geometry": { "type": "Point", "coordinates": [ 121.5029, 25.0898 ] } },
{ "type": "Feature", "properties": { "Distrct": "臺北市士林區", "Name": "社子國小", "Capacty": 192.0, "shltr_d": 663, "name_1": "臺北市立聯合醫院附設士林門診部", "name_2": "全民醫院", "name_3": "臺北市立聯合醫院附設大同門診部", "dstn__1": 1727.5992283089911, "dstn__2": 2154.6964282064114, "dstn__3": 2982.6877321643219 }, "geometry": { "type": "Point", "coordinates": [ 121.5029, 25.0898 ] } },
{ "type": "Feature", "properties": { "Distrct": "新北市蘆洲區", "Name": "鷺江國中", "Capacty": 659.0, "shltr_d": 664, "name_1": "全民醫院", "name_2": "臺北市立關渡醫院─委託臺北榮民總醫院經營", "name_3": "新北市立聯合醫院", "dstn__1": 2939.9676490645943, "dstn__2": 3354.480009005264, "dstn__3": 4317.6986098484203 }, "geometry": { "type": "Point", "coordinates": [ 121.4618, 25.0903 ] } },
{ "type": "Feature", "properties": { "Distrct": "新北市五股區", "Name": "公民會館", "Capacty": 182.0, "shltr_d": 665, "name_1": "臺北市立關渡醫院─委託臺北榮民總醫院經營", "name_2": "全民醫院", "name_3": "醫療財團法人辜公亮基金會和信治癌中心醫院", "dstn__1": 4224.1291313648144, "dstn__2": 4944.353835775787, "dstn__3": 5287.2107566164532 }, "geometry": { "type": "Point", "coordinates": [ 121.440224, 25.090383 ] } },
{ "type": "Feature", "properties": { "Distrct": "新北市蘆洲區", "Name": "永平市民活動中心", "Capacty": 151.0, "shltr_d": 666, "name_1": "全民醫院", "name_2": "臺北市立關渡醫院─委託臺北榮民總醫院經營", "name_3": "醫療財團法人辜公亮基金會和信治癌中心醫院", "dstn__1": 3174.1913163557597, "dstn__2": 3388.0225514431791, "dstn__3": 4396.6763904838062 }, "geometry": { "type": "Point", "coordinates": [ 121.4592, 25.0904 ] } },
{ "type": "Feature", "properties": { "Distrct": "新北市蘆洲區", "Name": "仁愛國小", "Capacty": 584.0, "shltr_d": 667, "name_1": "全民醫院", "name_2": "臺北市立關渡醫院─委託臺北榮民總醫院經營", "name_3": "新北市立聯合醫院", "dstn__1": 2282.710098423177, "dstn__2": 3229.5414874484809, "dstn__3": 3880.9521796646764 }, "geometry": { "type": "Point", "coordinates": [ 121.471, 25.0915 ] } },
{ "type": "Feature", "properties": { "Distrct": "臺北市士林區", "Name": "陽明高中", "Capacty": 110.0, "shltr_d": 668, "name_1": "臺北市立聯合醫院附設士林門診部", "name_2": "臺北市立聯合醫院附設大同門診部", "name_3": "振興醫療財團法人振興醫院", "dstn__1": 277.26178380267288, "dstn__2": 2879.5319065703216, "dstn__3": 2899.2679400052439 }, "geometry": { "type": "Point", "coordinates": [ 121.5172, 25.0918 ] } },
{ "type": "Feature", "properties": { "Distrct": "新北市蘆洲區", "Name": "水湳市民活動中心", "Capacty": 34.0, "shltr_d": 669, "name_1": "全民醫院", "name_2": "臺北市立關渡醫院─委託臺北榮民總醫院經營", "name_3": "新北市立聯合醫院", "dstn__1": 2241.1623153553564, "dstn__2": 3138.5144043189689, "dstn__3": 3898.406564349219 }, "geometry": { "type": "Point", "coordinates": [ 121.4731, 25.0927 ] } },
{ "type": "Feature", "properties": { "Distrct": "臺北市士林區", "Name": "士林國小", "Capacty": 225.0, "shltr_d": 670, "name_1": "臺北市立聯合醫院附設士林門診部", "name_2": "振興醫療財團法人振興醫院", "name_3": "臺北榮民總醫院", "dstn__1": 544.95364084284654, "dstn__2": 2754.1542269058618, "dstn__3": 3109.2138070045949 }, "geometry": { "type": "Point", "coordinates": [ 121.5251, 25.0928 ] } },
{ "type": "Feature", "properties": { "Distrct": "臺北市士林區", "Name": "士林國中", "Capacty": 39.0, "shltr_d": 671, "name_1": "臺北市立聯合醫院附設士林門診部", "name_2": "振興醫療財團法人振興醫院", "name_3": "臺北榮民總醫院", "dstn__1": 334.16854319632137, "dstn__2": 2574.5910685383374, "dstn__3": 2935.8087886911376 }, "geometry": { "type": "Point", "coordinates": [ 121.5226, 25.0943 ] } },
{ "type": "Feature", "properties": { "Distrct": "新北市五股區", "Name": "成功市民活動中心", "Capacty": 100.0, "shltr_d": 672, "name_1": "臺北市立關渡醫院─委託臺北榮民總醫院經營", "name_2": "全民醫院", "name_3": "醫療財團法人辜公亮基金會和信治癌中心醫院", "dstn__1": 3512.8408287454349, "dstn__2": 4554.2024245113471, "dstn__3": 4578.4728129201912 }, "geometry": { "type": "Point", "coordinates": [ 121.4461, 25.0944 ] } },
{ "type": "Feature", "properties": { "Distrct": "臺北市士林區", "Name": "士林高商", "Capacty": 54.0, "shltr_d": 673, "name_1": "臺北市立聯合醫院附設士林門診部", "name_2": "振興醫療財團法人振興醫院", "name_3": "臺北榮民總醫院", "dstn__1": 417.61390602147179, "dstn__2": 2571.6609667762641, "dstn__3": 2935.9732727575165 }, "geometry": { "type": "Point", "coordinates": [ 121.5163, 25.095 ] } },
{ "type": "Feature", "properties": { "Distrct": "臺北市士林區", "Name": "士林官邸公園", "Capacty": 1362.0, "shltr_d": 674, "name_1": "臺北市立聯合醫院附設士林門診部", "name_2": "振興醫療財團法人振興醫院", "name_3": "臺北榮民總醫院", "dstn__1": 1098.2040368285857, "dstn__2": 2610.4521415620179, "dstn__3": 2941.572496316373 }, "geometry": { "type": "Point", "coordinates": [ 121.5303, 25.0951 ] } },
{ "type": "Feature", "properties": { "Distrct": "新北市五股區", "Name": "成州市民活動中心", "Capacty": 75.0, "shltr_d": 675, "name_1": "臺北市立關渡醫院─委託臺北榮民總醫院經營", "name_2": "醫療財團法人辜公亮基金會和信治癌中心醫院", "name_3": "全民醫院", "dstn__1": 2986.3144986695256, "dstn__2": 4052.1686823254004, "dstn__3": 4457.3367518226814 }, "geometry": { "type": "Point", "coordinates": [ 121.4494, 25.0981 ] } },
{ "type": "Feature", "properties": { "Distrct": "臺北市士林區", "Name": "福林國小", "Capacty": 142.0, "shltr_d": 676, "name_1": "臺北市立聯合醫院附設士林門診部", "name_2": "振興醫療財團法人振興醫院", "name_3": "臺北榮民總醫院", "dstn__1": 1199.3421572287705, "dstn__2": 2213.1716657555908, "dstn__3": 2540.7524281063947 }, "geometry": { "type": "Point", "coordinates": [ 121.5297, 25.0987 ] } },
{ "type": "Feature", "properties": { "Distrct": "臺北市士林區", "Name": "文昌國小", "Capacty": 75.0, "shltr_d": 677, "name_1": "臺北市立聯合醫院附設士林門診部", "name_2": "振興醫療財團法人振興醫院", "name_3": "臺北榮民總醫院", "dstn__1": 757.95356631722939, "dstn__2": 1993.199758453103, "dstn__3": 2357.7102400454992 }, "geometry": { "type": "Point", "coordinates": [ 121.5209, 25.0996 ] } },
{ "type": "Feature", "properties": { "Distrct": "臺北市士林區", "Name": "地藏禪寺", "Capacty": 100.0, "shltr_d": 678, "name_1": "全民醫院", "name_2": "臺北市立聯合醫院附設士林門診部", "name_3": "臺北市立關渡醫院─委託臺北榮民總醫院經營", "dstn__1": 2553.1544802382696, "dstn__2": 2979.3457706768804, "dstn__3": 3404.7721009958291 }, "geometry": { "type": "Point", "coordinates": [ 121.491108, 25.099607 ] } },
{ "type": "Feature", "properties": { "Distrct": "新北市五股區", "Name": "成州國民小學", "Capacty": 398.0, "shltr_d": 679, "name_1": "臺北市立關渡醫院─委託臺北榮民總醫院經營", "name_2": "醫療財團法人辜公亮基金會和信治癌中心醫院", "name_3": "全民醫院", "dstn__1": 2768.3253659061152, "dstn__2": 3834.1022362948488, "dstn__3": 4467.7339577589746 }, "geometry": { "type": "Point", "coordinates": [ 121.4505, 25.0998 ] } },
{ "type": "Feature", "properties": { "Distrct": "新北市林口區", "Name": "湖北市民活動中心", "Capacty": 73.0, "shltr_d": 680, "name_1": "臺北市立關渡醫院─委託臺北榮民總醫院經營", "name_2": "台灣基督長老教會馬偕醫療財團法人淡水馬偕紀念醫院", "name_3": "醫療財團法人辜公亮基金會和信治癌中心醫院", "dstn__1": 8481.8669220086886, "dstn__2": 8738.6765798749711, "dstn__3": 9300.6770650518938 }, "geometry": { "type": "Point", "coordinates": [ 121.3847, 25.1013 ] } },
{ "type": "Feature", "properties": { "Distrct": "臺北市士林區", "Name": "雨聲國小", "Capacty": 46.0, "shltr_d": 681, "name_1": "臺北市立聯合醫院附設士林門診部", "name_2": "振興醫療財團法人振興醫院", "name_3": "臺北榮民總醫院", "dstn__1": 1906.9493275904804, "dstn__2": 2090.2939669506104, "dstn__3": 2354.5157222610401 }, "geometry": { "type": "Point", "coordinates": [ 121.5352, 25.1027 ] } },
{ "type": "Feature", "properties": { "Distrct": "臺北市士林區", "Name": "福安國中", "Capacty": 30.0, "shltr_d": 682, "name_1": "臺北市立關渡醫院─委託臺北榮民總醫院經營", "name_2": "全民醫院", "name_3": "醫療財團法人辜公亮基金會和信治癌中心醫院", "dstn__1": 2853.2293904032958, "dstn__2": 2927.7247732021101, "dstn__3": 3178.3080787537187 }, "geometry": { "type": "Point", "coordinates": [ 121.4874, 25.1033 ] } },
{ "type": "Feature", "properties": { "Distrct": "臺北市士林區", "Name": "至善國中", "Capacty": 170.0, "shltr_d": 683, "name_1": "德威國際牙醫口腔醫院", "name_2": "振興醫療財團法人振興醫院", "name_3": "臺北市立聯合醫院附設士林門診部", "dstn__1": 3260.5510260883275, "dstn__2": 3682.7962927955055, "dstn__3": 3799.1116032858995 }, "geometry": { "type": "Point", "coordinates": [ 121.5555, 25.1035 ] } },
{ "type": "Feature", "properties": { "Distrct": "新北市瑞芳區", "Name": "吉慶國小", "Capacty": 403.0, "shltr_d": 684, "name_1": "瑞芳礦工醫院", "name_2": "國泰醫療財團法人汐止國泰綜合醫院", "name_3": "康寧醫療財團法人康寧醫院", "dstn__1": 4007.808939385724, "dstn__2": 10813.789956771652, "dstn__3": 15837.58204235582 }, "geometry": { "type": "Point", "coordinates": [ 121.7628, 25.1037 ] } },
{ "type": "Feature", "properties": { "Distrct": "臺北市北投區", "Name": "中正高中", "Capacty": 109.0, "shltr_d": 685, "name_1": "臺北市立聯合醫院附設士林門診部", "name_2": "振興醫療財團法人振興醫院", "name_3": "臺北榮民總醫院", "dstn__1": 1330.6223212098939, "dstn__2": 1562.4463450971532, "dstn__3": 1919.7786776425662 }, "geometry": { "type": "Point", "coordinates": [ 121.5165, 25.1045 ] } },
{ "type": "Feature", "properties": { "Distrct": "新北市貢寮區", "Name": "佛祖廟西靈岩寺", "Capacty": 62.0, "shltr_d": 686, "name_1": "瑞芳礦工醫院", "name_2": "國泰醫療財團法人汐止國泰綜合醫院", "name_3": "康寧醫療財團法人康寧醫院", "dstn__1": 12006.746909190186, "dstn__2": 26475.908883806682, "dstn__3": 31674.856385821502 }, "geometry": { "type": "Point", "coordinates": [ 121.921149, 25.105105 ] } },
{ "type": "Feature", "properties": { "Distrct": "臺北市士林區", "Name": "雨農國小", "Capacty": 124.0, "shltr_d": 687, "name_1": "振興醫療財團法人振興醫院", "name_2": "臺北市立聯合醫院附設士林門診部", "name_3": "臺北榮民總醫院", "dstn__1": 1552.738662934501, "dstn__2": 1721.0796274334605, "dstn__3": 1854.2059158457771 }, "geometry": { "type": "Point", "coordinates": [ 121.5299, 25.1053 ] } },
{ "type": "Feature", "properties": { "Distrct": "新北市瑞芳區", "Name": "爪峰里活動中心", "Capacty": 162.0, "shltr_d": 688, "name_1": "瑞芳礦工醫院", "name_2": "國泰醫療財團法人汐止國泰綜合醫院", "name_3": "康寧醫療財團法人康寧醫院", "dstn__1": 1190.2020794743926, "dstn__2": 15796.372952295827, "dstn__3": 20910.142482065166 }, "geometry": { "type": "Point", "coordinates": [ 121.8135, 25.1056 ] } },
{ "type": "Feature", "properties": { "Distrct": "臺北市士林區", "Name": "富安國小", "Capacty": 50.0, "shltr_d": 689, "name_1": "臺北市立關渡醫院─委託臺北榮民總醫院經營", "name_2": "醫療財團法人辜公亮基金會和信治癌中心醫院", "name_3": "全民醫院", "dstn__1": 2295.186868330401, "dstn__2": 2707.643162654017, "dstn__3": 3236.8269131978404 }, "geometry": { "type": "Point", "coordinates": [ 121.4824, 25.1058 ] } },
{ "type": "Feature", "properties": { "Distrct": "臺北市北投區", "Name": "文林國小", "Capacty": 300.0, "shltr_d": 690, "name_1": "振興醫療財團法人振興醫院", "name_2": "臺北市立聯合醫院附設士林門診部", "name_3": "臺北榮民總醫院", "dstn__1": 1505.3972977601877, "dstn__2": 1531.3564056451578, "dstn__3": 1849.0873009336708 }, "geometry": { "type": "Point", "coordinates": [ 121.5147, 25.1059 ] } },
{ "type": "Feature", "properties": { "Distrct": "臺北市士林區", "Name": "雙溪國小", "Capacty": 30.0, "shltr_d": 691, "name_1": "德威國際牙醫口腔醫院", "name_2": "中國醫藥大學附設醫院臺北分院", "name_3": "振興醫療財團法人振興醫院", "dstn__1": 3089.9591343030816, "dstn__2": 3790.1256775357942, "dstn__3": 4363.3747218083299 }, "geometry": { "type": "Point", "coordinates": [ 121.5638, 25.1061 ] } },
{ "type": "Feature", "properties": { "Distrct": "新北市瑞芳區", "Name": "傑魚市民活動中心", "Capacty": 231.0, "shltr_d": 692, "name_1": "瑞芳礦工醫院", "name_2": "國泰醫療財團法人汐止國泰綜合醫院", "name_3": "康寧醫療財團法人康寧醫院", "dstn__1": 1447.9920430630864, "dstn__2": 13333.2793867824, "dstn__3": 18392.241193179663 }, "geometry": { "type": "Point", "coordinates": [ 121.788, 25.1065 ] } },
{ "type": "Feature", "properties": { "Distrct": "新北市瑞芳區", "Name": "福住市民活動中心", "Capacty": 53.0, "shltr_d": 693, "name_1": "瑞芳礦工醫院", "name_2": "國泰醫療財團法人汐止國泰綜合醫院", "name_3": "康寧醫療財團法人康寧醫院", "dstn__1": 3999.2603621164394, "dstn__2": 18608.217403975774, "dstn__3": 23748.130694766085 }, "geometry": { "type": "Point", "coordinates": [ 121.841768, 25.106736 ] } },
{ "type": "Feature", "properties": { "Distrct": "新北市瑞芳區", "Name": "新山里活動中心", "Capacty": 41.0, "shltr_d": 694, "name_1": "瑞芳礦工醫院", "name_2": "國泰醫療財團法人汐止國泰綜合醫院", "name_3": "康寧醫療財團法人康寧醫院", "dstn__1": 4978.6514190191147, "dstn__2": 19576.392083193183, "dstn__3": 24724.093252757946 }, "geometry": { "type": "Point", "coordinates": [ 121.8515, 25.107 ] } },
{ "type": "Feature", "properties": { "Distrct": "新北市瑞芳區", "Name": "九份國小", "Capacty": 172.0, "shltr_d": 695, "name_1": "瑞芳礦工醫院", "name_2": "國泰醫療財團法人汐止國泰綜合醫院", "name_3": "康寧醫療財團法人康寧醫院", "dstn__1": 4161.8405160197117, "dstn__2": 18777.56909102654, "dstn__3": 23916.811982732583 }, "geometry": { "type": "Point", "coordinates": [ 121.8434, 25.1071 ] } },
{ "type": "Feature", "properties": { "Distrct": "臺北市北投區", "Name": "明德國中", "Capacty": 88.0, "shltr_d": 696, "name_1": "振興醫療財團法人振興醫院", "name_2": "臺北榮民總醫院", "name_3": "臺北市立聯合醫院附設士林門診部", "dstn__1": 1186.7671582125861, "dstn__2": 1546.6676600517185, "dstn__3": 1629.3558983336711 }, "geometry": { "type": "Point", "coordinates": [ 121.5183, 25.1075 ] } },
{ "type": "Feature", "properties": { "Distrct": "新北市瑞芳區", "Name": "瑞芳國中", "Capacty": 1826.0, "shltr_d": 697, "name_1": "瑞芳礦工醫院", "name_2": "國泰醫療財團法人汐止國泰綜合醫院", "name_3": "康寧醫療財團法人康寧醫院", "dstn__1": 1249.6242545753373, "dstn__2": 15943.776875468082, "dstn__3": 21043.538138328044 }, "geometry": { "type": "Point", "coordinates": [ 121.8145, 25.1075 ] } },
{ "type": "Feature", "properties": { "Distrct": "新北市瑞芳區", "Name": "瑞龍市民活動中心", "Capacty": 580.0, "shltr_d": 698, "name_1": "瑞芳礦工醫院", "name_2": "國泰醫療財團法人汐止國泰綜合醫院", "name_3": "康寧醫療財團法人康寧醫院", "dstn__1": 707.37119711503988, "dstn__2": 15416.948156975888, "dstn__3": 20507.239307910302 }, "geometry": { "type": "Point", "coordinates": [ 121.809092, 25.107577 ] } },
{ "type": "Feature", "properties": { "Distrct": "新北市五股區", "Name": "觀音市民活動中心", "Capacty": 149.0, "shltr_d": 699, "name_1": "臺北市立關渡醫院─委託臺北榮民總醫院經營", "name_2": "台灣基督長老教會馬偕醫療財團法人淡水馬偕紀念醫院", "name_3": "醫療財團法人辜公亮基金會和信治癌中心醫院", "dstn__1": 3835.2654495691468, "dstn__2": 4625.0497371020747, "dstn__3": 4746.2651778454238 }, "geometry": { "type": "Point", "coordinates": [ 121.43072, 25.107778 ] } },
{ "type": "Feature", "properties": { "Distrct": "新北市瑞芳區", "Name": "瑞芳國小", "Capacty": 447.0, "shltr_d": 700, "name_1": "瑞芳礦工醫院", "name_2": "國泰醫療財團法人汐止國泰綜合醫院", "name_3": "康寧醫療財團法人康寧醫院", "dstn__1": 191.08343015793389, "dstn__2": 14919.569851184264, "dstn__3": 19997.67939362154 }, "geometry": { "type": "Point", "coordinates": [ 121.8039, 25.1079 ] } },
{ "type": "Feature", "properties": { "Distrct": "新北市林口區", "Name": "嘉寶國小", "Capacty": 425.0, "shltr_d": 701, "name_1": "台灣基督長老教會馬偕醫療財團法人淡水馬偕紀念醫院", "name_2": "臺北市立關渡醫院─委託臺北榮民總醫院經營", "name_3": "醫療財團法人辜公亮基金會和信治癌中心醫院", "dstn__1": 12702.019882069118, "dstn__2": 12863.375724260821, "dstn__3": 13566.144320302004 }, "geometry": { "type": "Point", "coordinates": [ 121.3393, 25.1083 ] } },
{ "type": "Feature", "properties": { "Distrct": "臺北市士林區", "Name": "蘭雅國小", "Capacty": 30.0, "shltr_d": 702, "name_1": "振興醫療財團法人振興醫院", "name_2": "臺北榮民總醫院", "name_3": "臺北市立聯合醫院附設士林門診部", "dstn__1": 1015.1504716892996, "dstn__2": 1373.8344581603026, "dstn__3": 1756.7821681702753 }, "geometry": { "type": "Point", "coordinates": [ 121.5231, 25.1084 ] } },
{ "type": "Feature", "properties": { "Distrct": "新北市瑞芳區", "Name": "瑞芳區公所", "Capacty": 115.0, "shltr_d": 703, "name_1": "瑞芳礦工醫院", "name_2": "國泰醫療財團法人汐止國泰綜合醫院", "name_3": "康寧醫療財團法人康寧醫院", "dstn__1": 739.66516815979708, "dstn__2": 15490.985571467549, "dstn__3": 20571.222248271948 }, "geometry": { "type": "Point", "coordinates": [ 121.8095, 25.1088 ] } },
{ "type": "Feature", "properties": { "Distrct": "臺北市士林區", "Name": "芝山國小", "Capacty": 40.0, "shltr_d": 704, "name_1": "振興醫療財團法人振興醫院", "name_2": "臺北榮民總醫院", "name_3": "臺北市立聯合醫院附設士林門診部", "dstn__1": 1618.4176781105516, "dstn__2": 1778.7783939903163, "dstn__3": 2572.72292987538 }, "geometry": { "type": "Point", "coordinates": [ 121.5364, 25.1104 ] } },
{ "type": "Feature", "properties": { "Distrct": "新北市瑞芳區", "Name": "瑞芳高工", "Capacty": 1360.0, "shltr_d": 705, "name_1": "瑞芳礦工醫院", "name_2": "國泰醫療財團法人汐止國泰綜合醫院", "name_3": "康寧醫療財團法人康寧醫院", "dstn__1": 245.90375595477173, "dstn__2": 14964.759069054688, "dstn__3": 20018.6348968446 }, "geometry": { "type": "Point", "coordinates": [ 121.8036, 25.1104 ] } },
{ "type": "Feature", "properties": { "Distrct": "臺北市士林區", "Name": "蘭雅國中", "Capacty": 130.0, "shltr_d": 706, "name_1": "振興醫療財團法人振興醫院", "name_2": "臺北榮民總醫院", "name_3": "臺北市立聯合醫院附設士林門診部", "dstn__1": 1159.1034994440977, "dstn__2": 1390.7123808684182, "dstn__3": 2273.1355521585197 }, "geometry": { "type": "Point", "coordinates": [ 121.531, 25.1106 ] } },
{ "type": "Feature", "properties": { "Distrct": "新北市瑞芳區", "Name": "勸濟堂", "Capacty": 50.0, "shltr_d": 707, "name_1": "瑞芳礦工醫院", "name_2": "國泰醫療財團法人汐止國泰綜合醫院", "name_3": "康寧醫療財團法人康寧醫院", "dstn__1": 5837.3442071517675, "dstn__2": 20497.912317704155, "dstn__3": 25631.427502577542 }, "geometry": { "type": "Point", "coordinates": [ 121.86, 25.1107 ] } },
{ "type": "Feature", "properties": { "Distrct": "新北市瑞芳區", "Name": "瓜山國小", "Capacty": 232.0, "shltr_d": 708, "name_1": "瑞芳礦工醫院", "name_2": "國泰醫療財團法人汐止國泰綜合醫院", "name_3": "康寧醫療財團法人康寧醫院", "dstn__1": 5526.973301596021, "dstn__2": 20201.116780812561, "dstn__3": 25329.043654560213 }, "geometry": { "type": "Point", "coordinates": [ 121.8569, 25.1111 ] } },
{ "type": "Feature", "properties": { "Distrct": "臺北市北投區", "Name": "明德國小", "Capacty": 109.0, "shltr_d": 709, "name_1": "振興醫療財團法人振興醫院", "name_2": "臺北榮民總醫院", "name_3": "臺北市立聯合醫院附設士林門診部", "dstn__1": 605.89100824786783, "dstn__2": 971.03035559246052, "dstn__3": 2143.2922576548467 }, "geometry": { "type": "Point", "coordinates": [ 121.5218, 25.1121 ] } },
{ "type": "Feature", "properties": { "Distrct": "新北市貢寮區", "Name": "和美國小", "Capacty": 117.0, "shltr_d": 710, "name_1": "瑞芳礦工醫院", "name_2": "國泰醫療財團法人汐止國泰綜合醫院", "name_3": "康寧醫療財團法人康寧醫院", "dstn__1": 11820.752207562107, "dstn__2": 26410.39416823403, "dstn__3": 31580.092863645707 }, "geometry": { "type": "Point", "coordinates": [ 121.9193, 25.1123 ] } },
{ "type": "Feature", "properties": { "Distrct": "新北市貢寮區", "Name": "佛祖廟西側高地", "Capacty": 62.0, "shltr_d": 711, "name_1": "瑞芳礦工醫院", "name_2": "國泰醫療財團法人汐止國泰綜合醫院", "name_3": "康寧醫療財團法人康寧醫院", "dstn__1": 11824.479868353652, "dstn__2": 26414.449323271183, "dstn__3": 31584.058683389161 }, "geometry": { "type": "Point", "coordinates": [ 121.919336, 25.112326 ] } },
{ "type": "Feature", "properties": { "Distrct": "新北市林口區", "Name": "興福國小", "Capacty": 735.0, "shltr_d": 712, "name_1": "台灣基督長老教會馬偕醫療財團法人淡水馬偕紀念醫院", "name_2": "臺北市立關渡醫院─委託臺北榮民總醫院經營", "name_3": "新泰綜合醫院", "dstn__1": 15213.781481999276, "dstn__2": 15511.479405019087, "dstn__3": 15874.919843927666 }, "geometry": { "type": "Point", "coordinates": [ 121.3126, 25.1124 ] } },
{ "type": "Feature", "properties": { "Distrct": "新北市汐止區", "Name": "翠柏新村安養中心-服務大樓", "Capacty": 203.0, "shltr_d": 713, "name_1": "中國醫藥大學附設醫院臺北分院", "name_2": "康寧醫療財團法人康寧醫院", "name_3": "德威國際牙醫口腔醫院", "dstn__1": 3589.3218483088713, "dstn__2": 4086.9973392963316, "dstn__3": 4545.6595089196053 }, "geometry": { "type": "Point", "coordinates": [ 121.603216, 25.112499 ] } },
{ "type": "Feature", "properties": { "Distrct": "臺北市北投區", "Name": "石牌國中", "Capacty": 100.0, "shltr_d": 714, "name_1": "振興醫療財團法人振興醫院", "name_2": "臺北榮民總醫院", "name_3": "臺北市立聯合醫院附設北投門診部", "dstn__1": 877.27510337616297, "dstn__2": 1099.2366874591526, "dstn__3": 2282.1400336782817 }, "geometry": { "type": "Point", "coordinates": [ 121.5142, 25.1149 ] } },
{ "type": "Feature", "properties": { "Distrct": "臺北市北投區", "Name": "石牌國小", "Capacty": 112.0, "shltr_d": 715, "name_1": "振興醫療財團法人振興醫院", "name_2": "臺北榮民總醫院", "name_3": "臺北市立聯合醫院附設北投門診部", "dstn__1": 1098.2502205012418, "dstn__2": 1268.638813153312, "dstn__3": 2082.0108400782947 }, "geometry": { "type": "Point", "coordinates": [ 121.5117, 25.1157 ] } },
{ "type": "Feature", "properties": { "Distrct": "臺北市士林區", "Name": "三玉國小", "Capacty": 30.0, "shltr_d": 716, "name_1": "臺北榮民總醫院", "name_2": "振興醫療財團法人振興醫院", "name_3": "臺北市立聯合醫院附設士林門診部", "dstn__1": 1478.8066598268761, "dstn__2": 1503.4291670501696, "dstn__3": 3303.8329570745868 }, "geometry": { "type": "Point", "coordinates": [ 121.5373, 25.118 ] } },
{ "type": "Feature", "properties": { "Distrct": "臺北市士林區", "Name": "天母國中", "Capacty": 99.0, "shltr_d": 717, "name_1": "臺北榮民總醫院", "name_2": "振興醫療財團法人振興醫院", "name_3": "臺北市立聯合醫院附設士林門診部", "dstn__1": 1557.7782018101027, "dstn__2": 1584.0634475987504, "dstn__3": 3347.8817067685823 }, "geometry": { "type": "Point", "coordinates": [ 121.5381, 25.118 ] } },
{ "type": "Feature", "properties": { "Distrct": "臺北市北投區", "Name": "立農國小", "Capacty": 30.0, "shltr_d": 718, "name_1": "臺北市立聯合醫院附設北投門診部", "name_2": "振興醫療財團法人振興醫院", "name_3": "臺北榮民總醫院", "dstn__1": 1467.5788963121543, "dstn__2": 1738.0954388054927, "dstn__3": 1787.018176556249 }, "geometry": { "type": "Point", "coordinates": [ 121.5053, 25.1195 ] } },
{ "type": "Feature", "properties": { "Distrct": "臺北市士林區", "Name": "天母國小", "Capacty": 100.0, "shltr_d": 719, "name_1": "臺北榮民總醫院", "name_2": "振興醫療財團法人振興醫院", "name_3": "臺北市立聯合醫院附設北投門診部", "dstn__1": 463.84431487492037, "dstn__2": 557.95261514330844, "dstn__3": 2890.8542088827007 }, "geometry": { "type": "Point", "coordinates": [ 121.5274, 25.1197 ] } },
{ "type": "Feature", "properties": { "Distrct": "臺北市士林區", "Name": "陽明山國小", "Capacty": 50.0, "shltr_d": 720, "name_1": "臺北榮民總醫院", "name_2": "振興醫療財團法人振興醫院", "name_3": "臺北市立聯合醫院附設士林門診部", "dstn__1": 3021.0794803275667, "dstn__2": 3085.9183537730087, "dstn__3": 4486.428773520317 }, "geometry": { "type": "Point", "coordinates": [ 121.5529, 25.1198 ] } },
{ "type": "Feature", "properties": { "Distrct": "臺北市士林區", "Name": "溪山國小", "Capacty": 50.0, "shltr_d": 721, "name_1": "中國醫藥大學附設醫院臺北分院", "name_2": "德威國際牙醫口腔醫院", "name_3": "康寧醫療財團法人康寧醫院", "dstn__1": 4314.2556397098315, "dstn__2": 4401.1243409332792, "dstn__3": 5679.1349658886011 }, "geometry": { "type": "Point", "coordinates": [ 121.5796, 25.1198 ] } },
{ "type": "Feature", "properties": { "Distrct": "臺北市北投區", "Name": "關渡國中", "Capacty": 30.0, "shltr_d": 722, "name_1": "臺北市立關渡醫院─委託臺北榮民總醫院經營", "name_2": "醫療財團法人辜公亮基金會和信治癌中心醫院", "name_3": "台灣基督長老教會馬偕醫療財團法人淡水馬偕紀念醫院", "dstn__1": 123.53163350102659, "dstn__2": 1048.7188701088221, "dstn__3": 2280.4536391650372 }, "geometry": { "type": "Point", "coordinates": [ 121.4673, 25.1199 ] } },
{ "type": "Feature", "properties": { "Distrct": "新北市瑞芳區", "Name": "東和市民活動中心", "Capacty": 95.0, "shltr_d": 723, "name_1": "瑞芳礦工醫院", "name_2": "國泰醫療財團法人汐止國泰綜合醫院", "name_3": "國立臺灣大學醫學院附設醫院金山分院", "dstn__1": 8744.574342703816, "dstn__2": 23476.486768148821, "dstn__3": 28370.529226751536 }, "geometry": { "type": "Point", "coordinates": [ 121.8879, 25.1204 ] } },
{ "type": "Feature", "properties": { "Distrct": "新北市瑞芳區", "Name": "威遠廟", "Capacty": 82.0, "shltr_d": 724, "name_1": "瑞芳礦工醫院", "name_2": "國泰醫療財團法人汐止國泰綜合醫院", "name_3": "國立臺灣大學醫學院附設醫院金山分院", "dstn__1": 6779.0167689153204, "dstn__2": 21537.411358014047, "dstn__3": 26540.043810092586 }, "geometry": { "type": "Point", "coordinates": [ 121.868114, 25.120447 ] } },
{ "type": "Feature", "properties": { "Distrct": "新北市瑞芳區", "Name": "瑞濱國小", "Capacty": 877.0, "shltr_d": 725, "name_1": "瑞芳礦工醫院", "name_2": "國泰醫療財團法人汐止國泰綜合醫院", "name_3": "康寧醫療財團法人康寧醫院", "dstn__1": 2255.0654202498013, "dstn__2": 16905.552303896318, "dstn__3": 21900.056879687047 }, "geometry": { "type": "Point", "coordinates": [ 121.820317, 25.120495 ] } },
{ "type": "Feature", "properties": { "Distrct": "新北市瑞芳區", "Name": "鼻頭國小", "Capacty": 251.0, "shltr_d": 726, "name_1": "瑞芳礦工醫院", "name_2": "國泰醫療財團法人汐止國泰綜合醫院", "name_3": "國立臺灣大學醫學院附設醫院金山分院", "dstn__1": 11900.287556953672, "dstn__2": 26591.326502327673, "dstn__3": 31307.685664170189 }, "geometry": { "type": "Point", "coordinates": [ 121.9194, 25.1208 ] } },
{ "type": "Feature", "properties": { "Distrct": "新北市瑞芳區", "Name": "瑞濱市民活動中心", "Capacty": 115.0, "shltr_d": 727, "name_1": "瑞芳礦工醫院", "name_2": "國泰醫療財團法人汐止國泰綜合醫院", "name_3": "康寧醫療財團法人康寧醫院", "dstn__1": 2316.2602552560093, "dstn__2": 16947.552526214276, "dstn__3": 21935.693934804414 }, "geometry": { "type": "Point", "coordinates": [ 121.8205, 25.1212 ] } },
{ "type": "Feature", "properties": { "Distrct": "臺北市士林區", "Name": "普宜苑", "Capacty": 0.0, "shltr_d": 728, "name_1": "中國醫藥大學附設醫院臺北分院", "name_2": "德威國際牙醫口腔醫院", "name_3": "臺北榮民總醫院", "dstn__1": 4548.9546858871818, "dstn__2": 4561.5874554459897, "dstn__3": 5480.0342620368538 }, "geometry": { "type": "Point", "coordinates": [ 121.5773, 25.1214 ] } },
{ "type": "Feature", "properties": { "Distrct": "新北市瑞芳區", "Name": "濂洞國小", "Capacty": 228.0, "shltr_d": 729, "name_1": "瑞芳礦工醫院", "name_2": "國泰醫療財團法人汐止國泰綜合醫院", "name_3": "國立臺灣大學醫學院附設醫院金山分院", "dstn__1": 6007.0630370156468, "dstn__2": 20778.277984416978, "dstn__3": 25692.302417589483 }, "geometry": { "type": "Point", "coordinates": [ 121.8598, 25.1223 ] } },
{ "type": "Feature", "properties": { "Distrct": "臺北市士林區", "Name": "新安里臨時聚會場所", "Capacty": 45.0, "shltr_d": 730, "name_1": "臺北榮民總醫院", "name_2": "振興醫療財團法人振興醫院", "name_3": "臺北市立聯合醫院附設士林門診部", "dstn__1": 3109.2020964434932, "dstn__2": 3227.1195856460513, "dstn__3": 4864.0220408570121 }, "geometry": { "type": "Point", "coordinates": [ 121.553582, 25.124093 ] } },
{ "type": "Feature", "properties": { "Distrct": "新北市八里區", "Name": "長坑市民活動中心", "Capacty": 100.0, "shltr_d": 731, "name_1": "台灣基督長老教會馬偕醫療財團法人淡水馬偕紀念醫院", "name_2": "臺北市立關渡醫院─委託臺北榮民總醫院經營", "name_3": "醫療財團法人辜公亮基金會和信治癌中心醫院", "dstn__1": 7439.6127636752954, "dstn__2": 7874.712886006495, "dstn__3": 8446.3736039952855 }, "geometry": { "type": "Point", "coordinates": [ 121.3883, 25.1257 ] } },
{ "type": "Feature", "properties": { "Distrct": "新北市八里區", "Name": "長坑國小", "Capacty": 224.0, "shltr_d": 732, "name_1": "台灣基督長老教會馬偕醫療財團法人淡水馬偕紀念醫院", "name_2": "臺北市立關渡醫院─委託臺北榮民總醫院經營", "name_3": "醫療財團法人辜公亮基金會和信治癌中心醫院", "dstn__1": 7222.6811950854872, "dstn__2": 7653.5163281022651, "dstn__3": 8224.6668862323768 }, "geometry": { "type": "Point", "coordinates": [ 121.3905, 25.1257 ] } },
{ "type": "Feature", "properties": { "Distrct": "新北市淡水區", "Name": "竹圍國小自強分校", "Capacty": 207.0, "shltr_d": 733, "name_1": "臺北市立關渡醫院─委託臺北榮民總醫院經營", "name_2": "醫療財團法人辜公亮基金會和信治癌中心醫院", "name_3": "台灣基督長老教會馬偕醫療財團法人淡水馬偕紀念醫院", "dstn__1": 634.47100391165509, "dstn__2": 859.16795334033907, "dstn__3": 1572.5815114281615 }, "geometry": { "type": "Point", "coordinates": [ 121.464, 25.1257 ] } },
{ "type": "Feature", "properties": { "Distrct": "臺北市北投區", "Name": "關渡國小", "Capacty": 110.0, "shltr_d": 734, "name_1": "醫療財團法人辜公亮基金會和信治癌中心醫院", "name_2": "臺北市立關渡醫院─委託臺北榮民總醫院經營", "name_3": "台灣基督長老教會馬偕醫療財團法人淡水馬偕紀念醫院", "dstn__1": 552.51094032032529, "dstn__2": 720.36526108456167, "dstn__3": 1547.0882672987009 }, "geometry": { "type": "Point", "coordinates": [ 121.4668, 25.1268 ] } },
{ "type": "Feature", "properties": { "Distrct": "臺北市北投區", "Name": "清江國小", "Capacty": 30.0, "shltr_d": 735, "name_1": "臺北市立聯合醫院附設北投門診部", "name_2": "臺北市北投健康管理醫院", "name_3": "臺北榮民總醫院", "dstn__1": 810.45314121081185, "dstn__2": 1246.9575862304273, "dstn__3": 1690.0350729243733 }, "geometry": { "type": "Point", "coordinates": [ 121.5076, 25.1269 ] } },
{ "type": "Feature", "properties": { "Distrct": "新北市林口區", "Name": "瑞平國小", "Capacty": 219.0, "shltr_d": 736, "name_1": "台灣基督長老教會馬偕醫療財團法人淡水馬偕紀念醫院", "name_2": "臺北市立關渡醫院─委託臺北榮民總醫院經營", "name_3": "醫療財團法人辜公亮基金會和信治癌中心醫院", "dstn__1": 11280.072435374886, "dstn__2": 11818.736770523805, "dstn__3": 12373.843636526308 }, "geometry": { "type": "Point", "coordinates": [ 121.3493, 25.1284 ] } },
{ "type": "Feature", "properties": { "Distrct": "臺北市士林區", "Name": "平等國小", "Capacty": 20.0, "shltr_d": 737, "name_1": "中國醫藥大學附設醫院臺北分院", "name_2": "德威國際牙醫口腔醫院", "name_3": "臺北榮民總醫院", "dstn__1": 5395.7043950120442, "dstn__2": 5411.0711404276053, "dstn__3": 5456.5875980469109 }, "geometry": { "type": "Point", "coordinates": [ 121.5763, 25.1291 ] } },
{ "type": "Feature", "properties": { "Distrct": "新北市瑞芳區", "Name": "深澳里市民活動中心", "Capacty": 113.0, "shltr_d": 738, "name_1": "瑞芳礦工醫院", "name_2": "國泰醫療財團法人汐止國泰綜合醫院", "name_3": "國立臺灣大學醫學院附設醫院金山分院", "dstn__1": 2821.7870319321246, "dstn__2": 17027.425550555839, "dstn__3": 21547.712216339572 }, "geometry": { "type": "Point", "coordinates": [ 121.817974, 25.129623 ] } },
{ "type": "Feature", "properties": { "Distrct": "臺北市士林區", "Name": "格致國中", "Capacty": 47.0, "shltr_d": 739, "name_1": "臺北榮民總醫院", "name_2": "振興醫療財團法人振興醫院", "name_3": "臺北市北投健康管理醫院", "dstn__1": 2660.6800910518627, "dstn__2": 2882.5696230259105, "dstn__3": 4404.2946159997809 }, "geometry": { "type": "Point", "coordinates": [ 121.5468, 25.1311 ] } },
{ "type": "Feature", "properties": { "Distrct": "新北市八里區", "Name": "龍米市民活動中心", "Capacty": 125.0, "shltr_d": 740, "name_1": "台灣基督長老教會馬偕醫療財團法人淡水馬偕紀念醫院", "name_2": "臺北市立關渡醫院─委託臺北榮民總醫院經營", "name_3": "醫療財團法人辜公亮基金會和信治癌中心醫院", "dstn__1": 1262.8180020444117, "dstn__2": 1995.3288741749343, "dstn__3": 2147.2216226839273 }, "geometry": { "type": "Point", "coordinates": [ 121.4511, 25.132 ] } },
{ "type": "Feature", "properties": { "Distrct": "臺北市北投區", "Name": "北投區區民活動中心", "Capacty": 90.0, "shltr_d": 741, "name_1": "臺北市立聯合醫院附設北投門診部", "name_2": "臺北市北投健康管理醫院", "name_3": "臺北榮民總醫院", "dstn__1": 1.839825017196167, "dstn__2": 578.41173044584559, "dstn__3": 2445.0821054272033 }, "geometry": { "type": "Point", "coordinates": [ 121.5024, 25.1325 ] } },
{ "type": "Feature", "properties": { "Distrct": "臺北市北投區", "Name": "北投國小", "Capacty": 195.0, "shltr_d": 742, "name_1": "臺北市立聯合醫院附設北投門診部", "name_2": "臺北市北投健康管理醫院", "name_3": "臺北榮民總醫院", "dstn__1": 285.05633901905196, "dstn__2": 508.43366871444147, "dstn__3": 2724.854348844392 }, "geometry": { "type": "Point", "coordinates": [ 121.5003, 25.1342 ] } },
{ "type": "Feature", "properties": { "Distrct": "臺北市北投區", "Name": "北投國中", "Capacty": 30.0, "shltr_d": 743, "name_1": "臺北市立聯合醫院附設北投門診部", "name_2": "臺北市北投健康管理醫院", "name_3": "臺北榮民總醫院", "dstn__1": 287.19634834763343, "dstn__2": 345.30193815076996, "dstn__3": 2425.2328831133582 }, "geometry": { "type": "Point", "coordinates": [ 121.5042, 25.1345 ] } },
{ "type": "Feature", "properties": { "Distrct": "臺北市北投區", "Name": "桃源國中", "Capacty": 55.0, "shltr_d": 744, "name_1": "醫療財團法人辜公亮基金會和信治癌中心醫院", "name_2": "台灣基督長老教會馬偕醫療財團法人淡水馬偕紀念醫院", "name_3": "臺北市立關渡醫院─委託臺北榮民總醫院經營", "dstn__1": 883.51409893916036, "dstn__2": 1776.7025559529347, "dstn__3": 1948.5399854705649 }, "geometry": { "type": "Point", "coordinates": [ 121.4773, 25.1347 ] } },
{ "type": "Feature", "properties": { "Distrct": "新北市八里區", "Name": "私立聖心女中", "Capacty": 902.0, "shltr_d": 745, "name_1": "台灣基督長老教會馬偕醫療財團法人淡水馬偕紀念醫院", "name_2": "臺北市立關渡醫院─委託臺北榮民總醫院經營", "name_3": "醫療財團法人辜公亮基金會和信治癌中心醫院", "dstn__1": 1217.6690423586074, "dstn__2": 2315.6650528931355, "dstn__3": 2370.4048223286045 }, "geometry": { "type": "Point", "coordinates": [ 121.4496, 25.1348 ] } },
{ "type": "Feature", "properties": { "Distrct": "新北市林口區", "Name": "太平市民活動中心", "Capacty": 82.0, "shltr_d": 746, "name_1": "台灣基督長老教會馬偕醫療財團法人淡水馬偕紀念醫院", "name_2": "臺北市立關渡醫院─委託臺北榮民總醫院經營", "name_3": "醫療財團法人辜公亮基金會和信治癌中心醫院", "dstn__1": 9502.3049855797071, "dstn__2": 10197.734999058457, "dstn__3": 10679.260878385168 }, "geometry": { "type": "Point", "coordinates": [ 121.366375, 25.135255 ] } },
{ "type": "Feature", "properties": { "Distrct": "臺北市北投區", "Name": "文化國小", "Capacty": 30.0, "shltr_d": 747, "name_1": "臺北市北投健康管理醫院", "name_2": "臺北市立聯合醫院附設北投門診部", "name_3": "醫療財團法人辜公亮基金會和信治癌中心醫院", "dstn__1": 708.44846823842397, "dstn__2": 769.77175429069405, "dstn__3": 2671.8613310659816 }, "geometry": { "type": "Point", "coordinates": [ 121.4967, 25.1371 ] } },
{ "type": "Feature", "properties": { "Distrct": "新北市淡水區", "Name": "民生活動中心", "Capacty": 72.0, "shltr_d": 748, "name_1": "台灣基督長老教會馬偕醫療財團法人淡水馬偕紀念醫院", "name_2": "醫療財團法人辜公亮基金會和信治癌中心醫院", "name_3": "臺北市立關渡醫院─委託臺北榮民總醫院經營", "dstn__1": 188.22610196292214, "dstn__2": 1520.3019750703379, "dstn__3": 2018.6584408388383 }, "geometry": { "type": "Point", "coordinates": [ 121.4613, 25.138 ] } },
{ "type": "Feature", "properties": { "Distrct": "臺北市北投區", "Name": "復興崗營區", "Capacty": 200.0, "shltr_d": 749, "name_1": "臺北市北投健康管理醫院", "name_2": "臺北市立聯合醫院附設北投門診部", "name_3": "醫療財團法人辜公亮基金會和信治癌中心醫院", "dstn__1": 1091.056403109284, "dstn__2": 1142.7649188586993, "dstn__3": 2367.5008489615848 }, "geometry": { "type": "Point", "coordinates": [ 121.4929, 25.1381 ] } },
{ "type": "Feature", "properties": { "Distrct": "基隆市中正區", "Name": "復興崗營區", "Capacty": 361.0, "shltr_d": 750, "name_1": "臺北市北投健康管理醫院", "name_2": "臺北市立聯合醫院附設北投門診部", "name_3": "醫療財團法人辜公亮基金會和信治癌中心醫院", "dstn__1": 1093.1999761190759, "dstn__2": 1144.842923596686, "dstn__3": 2365.8702667204666 }, "geometry": { "type": "Point", "coordinates": [ 121.492879, 25.138105 ] } },
{ "type": "Feature", "properties": { "Distrct": "臺北市北投區", "Name": "逸仙國小", "Capacty": 164.0, "shltr_d": 751, "name_1": "臺北市北投健康管理醫院", "name_2": "臺北市立聯合醫院附設北投門診部", "name_3": "臺北榮民總醫院", "dstn__1": 170.21191745122798, "dstn__2": 702.96764743353219, "dstn__3": 2639.0725031430252 }, "geometry": { "type": "Point", "coordinates": [ 121.5052, 25.1383 ] } },
{ "type": "Feature", "properties": { "Distrct": "臺北市北投區", "Name": "新民國中", "Capacty": 207.0, "shltr_d": 752, "name_1": "臺北市北投健康管理醫院", "name_2": "臺北市立聯合醫院附設北投門診部", "name_3": "臺北榮民總醫院", "dstn__1": 317.16778242208431, "dstn__2": 821.70128154421582, "dstn__3": 2602.7530721620824 }, "geometry": { "type": "Point", "coordinates": [ 121.5065, 25.1389 ] } },
{ "type": "Feature", "properties": { "Distrct": "臺北市北投區", "Name": "臺北市北投運動中心", "Capacty": 384.0, "shltr_d": 753, "name_1": "臺北市北投健康管理醫院", "name_2": "臺北市立聯合醫院附設北投門診部", "name_3": "臺北榮民總醫院", "dstn__1": 317.16778242208431, "dstn__2": 821.70128154421582, "dstn__3": 2602.7530721620824 }, "geometry": { "type": "Point", "coordinates": [ 121.5065, 25.1389 ] } },
{ "type": "Feature", "properties": { "Distrct": "臺北市北投區", "Name": "復興公園", "Capacty": 3623.0, "shltr_d": 754, "name_1": "臺北市北投健康管理醫院", "name_2": "臺北市立聯合醫院附設北投門診部", "name_3": "臺北榮民總醫院", "dstn__1": 204.72738206351707, "dstn__2": 721.65691324080285, "dstn__3": 2891.7817935402959 }, "geometry": { "type": "Point", "coordinates": [ 121.5024, 25.139 ] } },
{ "type": "Feature", "properties": { "Distrct": "臺北市北投區", "Name": "桃源國小", "Capacty": 30.0, "shltr_d": 755, "name_1": "醫療財團法人辜公亮基金會和信治癌中心醫院", "name_2": "臺北市北投健康管理醫院", "name_3": "臺北市立聯合醫院附設北投門診部", "dstn__1": 1772.3484440303862, "dstn__2": 1949.3468650318559, "dstn__3": 1970.1622384512705 }, "geometry": { "type": "Point", "coordinates": [ 121.4845, 25.1396 ] } },
{ "type": "Feature", "properties": { "Distrct": "新北市八里區", "Name": "八里國中", "Capacty": 2360.0, "shltr_d": 756, "name_1": "台灣基督長老教會馬偕醫療財團法人淡水馬偕紀念醫院", "name_2": "臺北市立關渡醫院─委託臺北榮民總醫院經營", "name_3": "醫療財團法人辜公亮基金會和信治癌中心醫院", "dstn__1": 5969.0324758182533, "dstn__2": 6890.9507710507014, "dstn__3": 7244.05685306943 }, "geometry": { "type": "Point", "coordinates": [ 121.4013, 25.1399 ] } },
{ "type": "Feature", "properties": { "Distrct": "臺北市北投區", "Name": "義方國小", "Capacty": 120.0, "shltr_d": 757, "name_1": "臺北市北投健康管理醫院", "name_2": "臺北市立聯合醫院附設北投門診部", "name_3": "臺北榮民總醫院", "dstn__1": 746.54716473960605, "dstn__2": 1262.4565651784237, "dstn__3": 2722.3530932507042 }, "geometry": { "type": "Point", "coordinates": [ 121.5093, 25.142 ] } },
{ "type": "Feature", "properties": { "Distrct": "臺北市北投區", "Name": "復興高中", "Capacty": 300.0, "shltr_d": 758, "name_1": "臺北市北投健康管理醫院", "name_2": "臺北市立聯合醫院附設北投門診部", "name_3": "臺北榮民總醫院", "dstn__1": 704.10266711292604, "dstn__2": 1243.7735286346685, "dstn__3": 3314.6061162340166 }, "geometry": { "type": "Point", "coordinates": [ 121.5018, 25.1437 ] } },
{ "type": "Feature", "properties": { "Distrct": "新北市淡水區", "Name": "竹圍高中", "Capacty": 612.0, "shltr_d": 759, "name_1": "台灣基督長老教會馬偕醫療財團法人淡水馬偕紀念醫院", "name_2": "醫療財團法人辜公亮基金會和信治癌中心醫院", "name_3": "臺北市立關渡醫院─委託臺北榮民總醫院經營", "dstn__1": 726.29238608157414, "dstn__2": 2215.2251248585994, "dstn__3": 2879.6791975126948 }, "geometry": { "type": "Point", "coordinates": [ 121.4617, 25.146 ] } },
{ "type": "Feature", "properties": { "Distrct": "新北市八里區", "Name": "米倉國小", "Capacty": 688.0, "shltr_d": 760, "name_1": "台灣基督長老教會馬偕醫療財團法人淡水馬偕紀念醫院", "name_2": "醫療財團法人辜公亮基金會和信治癌中心醫院", "name_3": "臺北市立關渡醫院─委託臺北榮民總醫院經營", "dstn__1": 1721.9577536577517, "dstn__2": 3373.4896799822282, "dstn__3": 3603.6330644751179 }, "geometry": { "type": "Point", "coordinates": [ 121.4454, 25.1468 ] } },
{ "type": "Feature", "properties": { "Distrct": "新北市淡水區", "Name": "竹圍國小", "Capacty": 580.0, "shltr_d": 761, "name_1": "台灣基督長老教會馬偕醫療財團法人淡水馬偕紀念醫院", "name_2": "醫療財團法人辜公亮基金會和信治癌中心醫院", "name_3": "臺北市立關渡醫院─委託臺北榮民總醫院經營", "dstn__1": 882.78879216134999, "dstn__2": 2433.5553756364143, "dstn__3": 3069.9192753164934 }, "geometry": { "type": "Point", "coordinates": [ 121.4602, 25.1475 ] } },
{ "type": "Feature", "properties": { "Distrct": "新北市八里區", "Name": "文化活動中心", "Capacty": 50.0, "shltr_d": 762, "name_1": "台灣基督長老教會馬偕醫療財團法人淡水馬偕紀念醫院", "name_2": "泓安醫院", "name_3": "臺北市立關渡醫院─委託臺北榮民總醫院經營", "dstn__1": 5895.4287608587292, "dstn__2": 7090.7382697957109, "dstn__3": 7111.6443304669565 }, "geometry": { "type": "Point", "coordinates": [ 121.4029, 25.1487 ] } },
{ "type": "Feature", "properties": { "Distrct": "臺北市北投區", "Name": "泉源國小", "Capacty": 30.0, "shltr_d": 763, "name_1": "臺北市北投健康管理醫院", "name_2": "臺北市立聯合醫院附設北投門診部", "name_3": "臺北榮民總醫院", "dstn__1": 2442.7099085251216, "dstn__2": 2881.0471797479272, "dstn__3": 3148.4402672783326 }, "geometry": { "type": "Point", "coordinates": [ 121.5243, 25.1492 ] } },
{ "type": "Feature", "properties": { "Distrct": "新北市八里區", "Name": "八里國小", "Capacty": 1243.0, "shltr_d": 764, "name_1": "台灣基督長老教會馬偕醫療財團法人淡水馬偕紀念醫院", "name_2": "泓安醫院", "name_3": "臺北市立關渡醫院─委託臺北榮民總醫院經營", "dstn__1": 5901.4091393814097, "dstn__2": 7026.6628078028189, "dstn__3": 7142.2409660550229 }, "geometry": { "type": "Point", "coordinates": [ 121.403, 25.1495 ] } },
{ "type": "Feature", "properties": { "Distrct": "臺北市北投區", "Name": "湖山國小", "Capacty": 20.0, "shltr_d": 765, "name_1": "臺北榮民總醫院", "name_2": "臺北市北投健康管理醫院", "name_3": "振興醫療財團法人振興醫院", "dstn__1": 3472.4606109481974, "dstn__2": 3488.186868077054, "dstn__3": 3830.2014402225263 }, "geometry": { "type": "Point", "coordinates": [ 121.5355, 25.15 ] } },
{ "type": "Feature", "properties": { "Distrct": "臺北市北投區", "Name": "大屯國小", "Capacty": 20.0, "shltr_d": 766, "name_1": "臺北市北投健康管理醫院", "name_2": "臺北市立聯合醫院附設北投門診部", "name_3": "臺北榮民總醫院", "dstn__1": 1896.7603743496038, "dstn__2": 2468.0923155106047, "dstn__3": 4199.9193392127527 }, "geometry": { "type": "Point", "coordinates": [ 121.5043, 25.1547 ] } },
{ "type": "Feature", "properties": { "Distrct": "新北市淡水區", "Name": "坪頂國小", "Capacty": 395.0, "shltr_d": 767, "name_1": "臺北市北投健康管理醫院", "name_2": "台灣基督長老教會馬偕醫療財團法人淡水馬偕紀念醫院", "name_3": "臺北市立聯合醫院附設北投門診部", "dstn__1": 3041.8023566835673, "dstn__2": 3144.3319596152469, "dstn__3": 3414.465173474126 }, "geometry": { "type": "Point", "coordinates": [ 121.4839, 25.1583 ] } },
{ "type": "Feature", "properties": { "Distrct": "新北市八里區", "Name": "大崁老人活動中心", "Capacty": 100.0, "shltr_d": 768, "name_1": "台灣基督長老教會馬偕醫療財團法人淡水馬偕紀念醫院", "name_2": "泓安醫院", "name_3": "醫療財團法人辜公亮基金會和信治癌中心醫院", "dstn__1": 4425.9085678482361, "dstn__2": 4893.383585693311, "dstn__3": 6064.8236360125338 }, "geometry": { "type": "Point", "coordinates": [ 121.4221, 25.1589 ] } },
{ "type": "Feature", "properties": { "Distrct": "新北市八里區", "Name": "渡船頭市民活動中心", "Capacty": 50.0, "shltr_d": 769, "name_1": "台灣基督長老教會馬偕醫療財團法人淡水馬偕紀念醫院", "name_2": "泓安醫院", "name_3": "醫療財團法人辜公亮基金會和信治癌中心醫院", "dstn__1": 3394.8187542636665, "dstn__2": 4092.5748238593801, "dstn__3": 5083.159143850613 }, "geometry": { "type": "Point", "coordinates": [ 121.4344, 25.1589 ] } },
{ "type": "Feature", "properties": { "Distrct": "新北市八里區", "Name": "大埤頂市民活動中心", "Capacty": 70.0, "shltr_d": 770, "name_1": "台灣基督長老教會馬偕醫療財團法人淡水馬偕紀念醫院", "name_2": "泓安醫院", "name_3": "醫療財團法人辜公亮基金會和信治癌中心醫院", "dstn__1": 5055.1368596665743, "dstn__2": 5401.6670299158204, "dstn__3": 6664.7065314113397 }, "geometry": { "type": "Point", "coordinates": [ 121.4152, 25.1591 ] } },
{ "type": "Feature", "properties": { "Distrct": "新北市萬里區", "Name": "崁腳國小", "Capacty": 251.0, "shltr_d": 771, "name_1": "國立臺灣大學醫學院附設醫院金山分院", "name_2": "國泰醫療財團法人汐止國泰綜合醫院", "name_3": "康寧醫療財團法人康寧醫院", "dstn__1": 6901.681819685562, "dstn__2": 9721.8848352954792, "dstn__3": 10128.987854691657 }, "geometry": { "type": "Point", "coordinates": [ 121.6486, 25.1599 ] } },
{ "type": "Feature", "properties": { "Distrct": "新北市八里區", "Name": "大崁國小", "Capacty": 1193.0, "shltr_d": 772, "name_1": "台灣基督長老教會馬偕醫療財團法人淡水馬偕紀念醫院", "name_2": "泓安醫院", "name_3": "醫療財團法人辜公亮基金會和信治癌中心醫院", "dstn__1": 4739.1534036609291, "dstn__2": 4990.6476107235676, "dstn__3": 6377.2726611419848 }, "geometry": { "type": "Point", "coordinates": [ 121.4194, 25.1603 ] } },
{ "type": "Feature", "properties": { "Distrct": "新北市萬里區", "Name": "崁腳活動中心", "Capacty": 30.0, "shltr_d": 773, "name_1": "國立臺灣大學醫學院附設醫院金山分院", "name_2": "國泰醫療財團法人汐止國泰綜合醫院", "name_3": "康寧醫療財團法人康寧醫院", "dstn__1": 6872.1180665361626, "dstn__2": 9774.1404981482156, "dstn__3": 10234.260151367424 }, "geometry": { "type": "Point", "coordinates": [ 121.6497, 25.1605 ] } },
{ "type": "Feature", "properties": { "Distrct": "新北市淡水區", "Name": "竿蓁活動中心", "Capacty": 193.0, "shltr_d": 774, "name_1": "台灣基督長老教會馬偕醫療財團法人淡水馬偕紀念醫院", "name_2": "泓安醫院", "name_3": "北新醫療社團法人北新醫院", "dstn__1": 2808.7240643455002, "dstn__2": 2941.0005924956863, "dstn__3": 4143.8358417962627 }, "geometry": { "type": "Point", "coordinates": [ 121.451437, 25.163513 ] } },
{ "type": "Feature", "properties": { "Distrct": "新北市淡水區", "Name": "興音寺", "Capacty": 150.0, "shltr_d": 775, "name_1": "臺北市北投健康管理醫院", "name_2": "北新醫療社團法人北新醫院", "name_3": "臺北市立聯合醫院附設北投門診部", "dstn__1": 3309.9994153524376, "dstn__2": 3514.4345519540057, "dstn__3": 3767.28770422141 }, "geometry": { "type": "Point", "coordinates": [ 121.48835, 25.163997 ] } },
{ "type": "Feature", "properties": { "Distrct": "新北市萬里區", "Name": "大坪國小", "Capacty": 240.0, "shltr_d": 776, "name_1": "國立臺灣大學醫學院附設醫院金山分院", "name_2": "康寧醫療財團法人康寧醫院", "name_3": "中國醫藥大學附設醫院臺北分院", "dstn__1": 6170.3177484442049, "dstn__2": 10164.300778910927, "dstn__3": 10189.129152548148 }, "geometry": { "type": "Point", "coordinates": [ 121.6364, 25.1642 ] } },
{ "type": "Feature", "properties": { "Distrct": "新北市淡水區", "Name": "真聖宮", "Capacty": 50.0, "shltr_d": 777, "name_1": "臺北市北投健康管理醫院", "name_2": "北新醫療社團法人北新醫院", "name_3": "臺北市立聯合醫院附設北投門診部", "dstn__1": 3302.6415375019583, "dstn__2": 3522.8761613873662, "dstn__3": 3798.783800980279 }, "geometry": { "type": "Point", "coordinates": [ 121.492159, 25.165487 ] } },
{ "type": "Feature", "properties": { "Distrct": "臺北市北投區", "Name": "湖田國小", "Capacty": 20.0, "shltr_d": 778, "name_1": "臺北市北投健康管理醫院", "name_2": "臺北市立聯合醫院附設北投門診部", "name_3": "臺北榮民總醫院", "dstn__1": 4908.9646518278523, "dstn__2": 5405.0535849476364, "dstn__3": 5505.8922956701535 }, "geometry": { "type": "Point", "coordinates": [ 121.5387, 25.1684 ] } },
{ "type": "Feature", "properties": { "Distrct": "新北市淡水區", "Name": "樹興里活動中心", "Capacty": 30.0, "shltr_d": 779, "name_1": "北新醫療社團法人北新醫院", "name_2": "泓安醫院", "name_3": "台灣基督長老教會馬偕醫療財團法人淡水馬偕紀念醫院", "dstn__1": 2787.7595568456491, "dstn__2": 3080.3637535739836, "dstn__3": 3608.1504488242854 }, "geometry": { "type": "Point", "coordinates": [ 121.476943, 25.168467 ] } },
{ "type": "Feature", "properties": { "Distrct": "新北市淡水區", "Name": "長青醫院", "Capacty": 100.0, "shltr_d": 780, "name_1": "北新醫療社團法人北新醫院", "name_2": "泓安醫院", "name_3": "台灣基督長老教會馬偕醫療財團法人淡水馬偕紀念醫院", "dstn__1": 2590.8266701028915, "dstn__2": 3300.4833150816407, "dstn__3": 4149.8005176948682 }, "geometry": { "type": "Point", "coordinates": [ 121.482713, 25.171075 ] } },
{ "type": "Feature", "properties": { "Distrct": "新北市淡水區", "Name": "長庚活動中心", "Capacty": 74.0, "shltr_d": 781, "name_1": "泓安醫院", "name_2": "台灣基督長老教會馬偕醫療財團法人淡水馬偕紀念醫院", "name_3": "北新醫療社團法人北新醫院", "dstn__1": 2476.2099213403617, "dstn__2": 3907.1904074802105, "dstn__3": 4128.878936770855 }, "geometry": { "type": "Point", "coordinates": [ 121.4432, 25.1711 ] } },
{ "type": "Feature", "properties": { "Distrct": "新北市淡水區", "Name": "鄧公國小", "Capacty": 1066.0, "shltr_d": 782, "name_1": "泓安醫院", "name_2": "北新醫療社團法人北新醫院", "name_3": "台灣基督長老教會馬偕醫療財團法人淡水馬偕紀念醫院", "dstn__1": 2168.8882151857706, "dstn__2": 3642.7032502616498, "dstn__3": 3695.230369195383 }, "geometry": { "type": "Point", "coordinates": [ 121.4493, 25.1713 ] } },
{ "type": "Feature", "properties": { "Distrct": "新北市淡水區", "Name": "中興活動中心", "Capacty": 57.0, "shltr_d": 783, "name_1": "泓安醫院", "name_2": "台灣基督長老教會馬偕醫療財團法人淡水馬偕紀念醫院", "name_3": "北新醫療社團法人北新醫院", "dstn__1": 2367.5698857773132, "dstn__2": 4026.5687608607923, "dstn__3": 4049.9650833589981 }, "geometry": { "type": "Point", "coordinates": [ 121.4432, 25.1723 ] } },
{ "type": "Feature", "properties": { "Distrct": "新北市淡水區", "Name": "淡水國小", "Capacty": 665.0, "shltr_d": 784, "name_1": "泓安醫院", "name_2": "北新醫療社團法人北新醫院", "name_3": "台灣基督長老教會馬偕醫療財團法人淡水馬偕紀念醫院", "dstn__1": 2386.0320729350319, "dstn__2": 4131.406608127807, "dstn__3": 4216.4391719121704 }, "geometry": { "type": "Point", "coordinates": [ 121.4414, 25.1734 ] } },
{ "type": "Feature", "properties": { "Distrct": "新北市淡水區", "Name": "文化國小", "Capacty": 436.0, "shltr_d": 785, "name_1": "泓安醫院", "name_2": "北新醫療社團法人北新醫院", "name_3": "台灣基督長老教會馬偕醫療財團法人淡水馬偕紀念醫院", "dstn__1": 2625.4829679760383, "dstn__2": 4442.6758977628824, "dstn__3": 4471.784392810292 }, "geometry": { "type": "Point", "coordinates": [ 121.4374, 25.174 ] } },
{ "type": "Feature", "properties": { "Distrct": "新北市淡水區", "Name": "淡水國中", "Capacty": 1608.0, "shltr_d": 786, "name_1": "泓安醫院", "name_2": "北新醫療社團法人北新醫院", "name_3": "台灣基督長老教會馬偕醫療財團法人淡水馬偕紀念醫院", "dstn__1": 2629.8325517462581, "dstn__2": 4467.4554452737229, "dstn__3": 4574.7671558055135 }, "geometry": { "type": "Point", "coordinates": [ 121.4367, 25.1747 ] } },
{ "type": "Feature", "properties": { "Distrct": "新北市萬里區", "Name": "萬里國小", "Capacty": 897.0, "shltr_d": 787, "name_1": "國立臺灣大學醫學院附設醫院金山分院", "name_2": "國泰醫療財團法人汐止國泰綜合醫院", "name_3": "瑞芳礦工醫院", "dstn__1": 7775.3234435274453, "dstn__2": 11788.50657628563, "dstn__3": 13636.459608935362 }, "geometry": { "type": "Point", "coordinates": [ 121.689132, 25.176187 ] } },
{ "type": "Feature", "properties": { "Distrct": "新北市萬里區", "Name": "萬里國中", "Capacty": 475.0, "shltr_d": 788, "name_1": "國立臺灣大學醫學院附設醫院金山分院", "name_2": "國泰醫療財團法人汐止國泰綜合醫院", "name_3": "瑞芳礦工醫院", "dstn__1": 8098.7590529939989, "dstn__2": 12098.100408165876, "dstn__3": 13296.120338901475 }, "geometry": { "type": "Point", "coordinates": [ 121.694414, 25.177791 ] } },
{ "type": "Feature", "properties": { "Distrct": "新北市萬里區", "Name": "萬里區行政大樓", "Capacty": 214.0, "shltr_d": 789, "name_1": "國立臺灣大學醫學院附設醫院金山分院", "name_2": "國泰醫療財團法人汐止國泰綜合醫院", "name_3": "康寧醫療財團法人康寧醫院", "dstn__1": 7369.4915746914558, "dstn__2": 11878.672829798415, "dstn__3": 13673.924072274333 }, "geometry": { "type": "Point", "coordinates": [ 121.6854, 25.1778 ] } },
{ "type": "Feature", "properties": { "Distrct": "新北市萬里區", "Name": "中華商業海事職業學校", "Capacty": 125.0, "shltr_d": 790, "name_1": "國立臺灣大學醫學院附設醫院金山分院", "name_2": "國泰醫療財團法人汐止國泰綜合醫院", "name_3": "康寧醫療財團法人康寧醫院", "dstn__1": 7363.9246598379495, "dstn__2": 11880.621907970783, "dstn__3": 13673.714136504566 }, "geometry": { "type": "Point", "coordinates": [ 121.685353, 25.177827 ] } },
{ "type": "Feature", "properties": { "Distrct": "新北市萬里區", "Name": "獅頭路瑪鋉公園", "Capacty": 225.0, "shltr_d": 791, "name_1": "國立臺灣大學醫學院附設醫院金山分院", "name_2": "國泰醫療財團法人汐止國泰綜合醫院", "name_3": "瑞芳礦工醫院", "dstn__1": 7891.2641455705962, "dstn__2": 12035.19585341854, "dstn__3": 13504.463390741957 }, "geometry": { "type": "Point", "coordinates": [ 121.691926, 25.177832 ] } },
{ "type": "Feature", "properties": { "Distrct": "新北市淡水區", "Name": "水碓活動中心", "Capacty": 102.0, "shltr_d": 792, "name_1": "泓安醫院", "name_2": "北新醫療社團法人北新醫院", "name_3": "台灣基督長老教會馬偕醫療財團法人淡水馬偕紀念醫院", "dstn__1": 1821.349472989059, "dstn__2": 3628.4797110207496, "dstn__3": 4566.5274000167637 }, "geometry": { "type": "Point", "coordinates": [ 121.4442, 25.178 ] } },
{ "type": "Feature", "properties": { "Distrct": "新北市萬里區", "Name": "萬里區行政大樓", "Capacty": 214.0, "shltr_d": 793, "name_1": "國立臺灣大學醫學院附設醫院金山分院", "name_2": "國泰醫療財團法人汐止國泰綜合醫院", "name_3": "瑞芳礦工醫院", "dstn__1": 7681.8694848411815, "dstn__2": 12013.302024507628, "dstn__3": 13717.032598200329 }, "geometry": { "type": "Point", "coordinates": [ 121.689623, 25.178167 ] } },
{ "type": "Feature", "properties": { "Distrct": "新北市淡水區", "Name": "新興活動中心", "Capacty": 446.0, "shltr_d": 794, "name_1": "泓安醫院", "name_2": "北新醫療社團法人北新醫院", "name_3": "台灣基督長老教會馬偕醫療財團法人淡水馬偕紀念醫院", "dstn__1": 1875.9305263339077, "dstn__2": 3710.2854987733599, "dstn__3": 4649.932750230636 }, "geometry": { "type": "Point", "coordinates": [ 121.443054, 25.178396 ] } },
{ "type": "Feature", "properties": { "Distrct": "新北市淡水區", "Name": "正德國中", "Capacty": 2005.0, "shltr_d": 795, "name_1": "泓安醫院", "name_2": "北新醫療社團法人北新醫院", "name_3": "台灣基督長老教會馬偕醫療財團法人淡水馬偕紀念醫院", "dstn__1": 1508.6741986791983, "dstn__2": 3275.0858538546659, "dstn__3": 4560.7459356651634 }, "geometry": { "type": "Point", "coordinates": [ 121.4476, 25.179 ] } },
{ "type": "Feature", "properties": { "Distrct": "新北市淡水區", "Name": "新興國小", "Capacty": 663.0, "shltr_d": 796, "name_1": "泓安醫院", "name_2": "北新醫療社團法人北新醫院", "name_3": "台灣基督長老教會馬偕醫療財團法人淡水馬偕紀念醫院", "dstn__1": 2035.9249412502531, "dstn__2": 3928.0377080330809, "dstn__3": 4905.4954471388555 }, "geometry": { "type": "Point", "coordinates": [ 121.44, 25.1797 ] } },
{ "type": "Feature", "properties": { "Distrct": "新北市淡水區", "Name": "天生國小", "Capacty": 798.0, "shltr_d": 797, "name_1": "泓安醫院", "name_2": "北新醫療社團法人北新醫院", "name_3": "台灣基督長老教會馬偕醫療財團法人淡水馬偕紀念醫院", "dstn__1": 3415.923579931703, "dstn__2": 5363.1097446122858, "dstn__3": 5918.3778665345089 }, "geometry": { "type": "Point", "coordinates": [ 121.4243, 25.1816 ] } },
{ "type": "Feature", "properties": { "Distrct": "新北市淡水區", "Name": "淡海活動中心", "Capacty": 148.0, "shltr_d": 798, "name_1": "泓安醫院", "name_2": "北新醫療社團法人北新醫院", "name_3": "台灣基督長老教會馬偕醫療財團法人淡水馬偕紀念醫院", "dstn__1": 3540.5302152801014, "dstn__2": 5488.1256041889383, "dstn__3": 6018.3059271659758 }, "geometry": { "type": "Point", "coordinates": [ 121.422969, 25.181789 ] } },
{ "type": "Feature", "properties": { "Distrct": "新北市萬里區", "Name": "鎮北宮", "Capacty": 175.0, "shltr_d": 799, "name_1": "國立臺灣大學醫學院附設醫院金山分院", "name_2": "國泰醫療財團法人汐止國泰綜合醫院", "name_3": "康寧醫療財團法人康寧醫院", "dstn__1": 6545.7136521966149, "dstn__2": 12449.867446052605, "dstn__3": 13962.207145678265 }, "geometry": { "type": "Point", "coordinates": [ 121.680262, 25.183902 ] } },
{ "type": "Feature", "properties": { "Distrct": "新北市淡水區", "Name": "水源國小", "Capacty": 614.0, "shltr_d": 800, "name_1": "北新醫療社團法人北新醫院", "name_2": "泓安醫院", "name_3": "台安醫院", "dstn__1": 868.13314770138527, "dstn__2": 2005.3140635751713, "dstn__3": 3164.3708735986006 }, "geometry": { "type": "Point", "coordinates": [ 121.4765, 25.1858 ] } },
{ "type": "Feature", "properties": { "Distrct": "新北市淡水區", "Name": "水源里活動中心", "Capacty": 85.0, "shltr_d": 801, "name_1": "北新醫療社團法人北新醫院", "name_2": "泓安醫院", "name_3": "台安醫院", "dstn__1": 866.46651539447896, "dstn__2": 2007.5848854513126, "dstn__3": 3161.1102949752926 }, "geometry": { "type": "Point", "coordinates": [ 121.476527, 25.185817 ] } },
{ "type": "Feature", "properties": { "Distrct": "新北市淡水區", "Name": "新市國小", "Capacty": 1490.0, "shltr_d": 802, "name_1": "泓安醫院", "name_2": "北新醫療社團法人北新醫院", "name_3": "台灣基督長老教會馬偕醫療財團法人淡水馬偕紀念醫院", "dstn__1": 1322.5856228827147, "dstn__2": 3268.4011304809237, "dstn__3": 5395.7244580421366 }, "geometry": { "type": "Point", "coordinates": [ 121.44451, 25.186023 ] } },
{ "type": "Feature", "properties": { "Distrct": "新北市淡水區", "Name": "淡水商工", "Capacty": 1264.0, "shltr_d": 803, "name_1": "泓安醫院", "name_2": "北新醫療社團法人北新醫院", "name_3": "台安醫院", "dstn__1": 433.61384617828287, "dstn__2": 2327.6920303001402, "dstn__3": 4990.858658094452 }, "geometry": { "type": "Point", "coordinates": [ 121.454, 25.1868 ] } },
{ "type": "Feature", "properties": { "Distrct": "新北市萬里區", "Name": "基督教芥菜種營地", "Capacty": 200.0, "shltr_d": 804, "name_1": "國立臺灣大學醫學院附設醫院金山分院", "name_2": "國泰醫療財團法人汐止國泰綜合醫院", "name_3": "康寧醫療財團法人康寧醫院", "dstn__1": 5943.4533894699862, "dstn__2": 13305.021980068128, "dstn__3": 14662.338648553761 }, "geometry": { "type": "Point", "coordinates": [ 121.678967, 25.191878 ] } },
{ "type": "Feature", "properties": { "Distrct": "新北市淡水區", "Name": "育英國小", "Capacty": 261.0, "shltr_d": 805, "name_1": "泓安醫院", "name_2": "北新醫療社團法人北新醫院", "name_3": "台安醫院", "dstn__1": 1474.5614342526994, "dstn__2": 3141.3784770786938, "dstn__3": 5527.9855759675347 }, "geometry": { "type": "Point", "coordinates": [ 121.4449, 25.197 ] } },
{ "type": "Feature", "properties": { "Distrct": "新北市萬里區", "Name": "仁愛之家", "Capacty": 269.0, "shltr_d": 806, "name_1": "國立臺灣大學醫學院附設醫院金山分院", "name_2": "國泰醫療財團法人汐止國泰綜合醫院", "name_3": "瑞芳礦工醫院", "dstn__1": 6106.9913609370997, "dstn__2": 14031.506755924518, "dstn__3": 15470.292695623823 }, "geometry": { "type": "Point", "coordinates": [ 121.6841, 25.1978 ] } },
{ "type": "Feature", "properties": { "Distrct": "新北市淡水區", "Name": "忠山國小", "Capacty": 213.0, "shltr_d": 807, "name_1": "北新醫療社團法人北新醫院", "name_2": "台安醫院", "name_3": "泓安醫院", "dstn__1": 928.76527557121028, "dstn__2": 1974.2330617904395, "dstn__3": 2643.022631004409 }, "geometry": { "type": "Point", "coordinates": [ 121.48, 25.2011 ] } },
{ "type": "Feature", "properties": { "Distrct": "新北市萬里區", "Name": "磺潭社區親水公園", "Capacty": 225.0, "shltr_d": 808, "name_1": "國立臺灣大學醫學院附設醫院金山分院", "name_2": "國泰醫療財團法人汐止國泰綜合醫院", "name_3": "中國醫藥大學附設醫院臺北分院", "dstn__1": 2625.8428693503938, "dstn__2": 14405.914881715396, "dstn__3": 14432.101719697101 }, "geometry": { "type": "Point", "coordinates": [ 121.646291, 25.202226 ] } },
{ "type": "Feature", "properties": { "Distrct": "新北市萬里區", "Name": "野柳活動中心", "Capacty": 216.0, "shltr_d": 809, "name_1": "國立臺灣大學醫學院附設醫院金山分院", "name_2": "國泰醫療財團法人汐止國泰綜合醫院", "name_3": "瑞芳礦工醫院", "dstn__1": 6100.1882153375236, "dstn__2": 14622.387763042017, "dstn__3": 15685.896331024011 }, "geometry": { "type": "Point", "coordinates": [ 121.6861, 25.2029 ] } },
{ "type": "Feature", "properties": { "Distrct": "新北市三芝區", "Name": "新北市三芝區興華國民小學", "Capacty": 408.0, "shltr_d": 810, "name_1": "台安醫院", "name_2": "北新醫療社團法人北新醫院", "name_3": "泓安醫院", "dstn__1": 354.97320265158487, "dstn__2": 2819.6893338290856, "dstn__3": 4749.596033098017 }, "geometry": { "type": "Point", "coordinates": [ 121.501531, 25.203711 ] } },
{ "type": "Feature", "properties": { "Distrct": "新北市萬里區", "Name": "野柳國小", "Capacty": 658.0, "shltr_d": 811, "name_1": "國立臺灣大學醫學院附設醫院金山分院", "name_2": "國泰醫療財團法人汐止國泰綜合醫院", "name_3": "瑞芳礦工醫院", "dstn__1": 6343.2870561060063, "dstn__2": 14978.391013853805, "dstn__3": 15640.47244832562 }, "geometry": { "type": "Point", "coordinates": [ 121.689442, 25.205606 ] } },
{ "type": "Feature", "properties": { "Distrct": "新北市萬里區", "Name": "大鵬國小", "Capacty": 1306.0, "shltr_d": 812, "name_1": "國立臺灣大學醫學院附設醫院金山分院", "name_2": "國泰醫療財團法人汐止國泰綜合醫院", "name_3": "中國醫藥大學附設醫院臺北分院", "dstn__1": 2554.3890027942466, "dstn__2": 15094.22453078561, "dstn__3": 15285.068974320764 }, "geometry": { "type": "Point", "coordinates": [ 121.650866, 25.208821 ] } },
{ "type": "Feature", "properties": { "Distrct": "新北市萬里區", "Name": "頂寮活動中心", "Capacty": 69.0, "shltr_d": 813, "name_1": "國立臺灣大學醫學院附設醫院金山分院", "name_2": "國泰醫療財團法人汐止國泰綜合醫院", "name_3": "康寧醫療財團法人康寧醫院", "dstn__1": 2929.0413882951229, "dstn__2": 15257.783295441062, "dstn__3": 15640.619778084663 }, "geometry": { "type": "Point", "coordinates": [ 121.655728, 25.210529 ] } },
{ "type": "Feature", "properties": { "Distrct": "新北市金山區", "Name": "公館崙公園", "Capacty": 500.0, "shltr_d": 814, "name_1": "國立臺灣大學醫學院附設醫院金山分院", "name_2": "台安醫院", "name_3": "臺北榮民總醫院", "dstn__1": 770.44627052891701, "dstn__2": 13419.708928233998, "dstn__3": 15006.114003617324 }, "geometry": { "type": "Point", "coordinates": [ 121.631809, 25.213216 ] } },
{ "type": "Feature", "properties": { "Distrct": "新北市淡水區", "Name": "興仁國小", "Capacty": 450.0, "shltr_d": 815, "name_1": "泓安醫院", "name_2": "北新醫療社團法人北新醫院", "name_3": "台安醫院", "dstn__1": 3151.1222970561721, "dstn__2": 3635.8076109200879, "dstn__3": 4986.0550723325987 }, "geometry": { "type": "Point", "coordinates": [ 121.4511, 25.2175 ] } },
{ "type": "Feature", "properties": { "Distrct": "新北市金山區", "Name": "金山朝天宮", "Capacty": 75.0, "shltr_d": 816, "name_1": "國立臺灣大學醫學院附設醫院金山分院", "name_2": "台安醫院", "name_3": "北新醫療社團法人北新醫院", "dstn__1": 2612.092103030699, "dstn__2": 10525.741162557035, "dstn__3": 13044.538308132942 }, "geometry": { "type": "Point", "coordinates": [ 121.602476, 25.218034 ] } },
{ "type": "Feature", "properties": { "Distrct": "新北市金山區", "Name": "三和國小", "Capacty": 156.0, "shltr_d": 817, "name_1": "國立臺灣大學醫學院附設醫院金山分院", "name_2": "台安醫院", "name_3": "北新醫療社團法人北新醫院", "dstn__1": 2565.4873584807656, "dstn__2": 10580.777519426476, "dstn__3": 13106.460772191043 }, "geometry": { "type": "Point", "coordinates": [ 121.6029, 25.2189 ] } },
{ "type": "Feature", "properties": { "Distrct": "新北市金山區", "Name": "金山區運動休閒廣場", "Capacty": 702.0, "shltr_d": 818, "name_1": "國立臺灣大學醫學院附設醫院金山分院", "name_2": "台安醫院", "name_3": "臺北榮民總醫院", "dstn__1": 175.04086958938078, "dstn__2": 13148.539844399365, "dstn__3": 15360.164310689237 }, "geometry": { "type": "Point", "coordinates": [ 121.6283, 25.221 ] } },
{ "type": "Feature", "properties": { "Distrct": "新北市三芝區", "Name": "新北市三芝區圓山里活動中心", "Capacty": 24.0, "shltr_d": 819, "name_1": "台安醫院", "name_2": "北新醫療社團法人北新醫院", "name_3": "泓安醫院", "dstn__1": 3550.3648828840692, "dstn__2": 6237.7644978694152, "dstn__3": 8123.1565239236188 }, "geometry": { "type": "Point", "coordinates": [ 121.5295, 25.221698 ] } },
{ "type": "Feature", "properties": { "Distrct": "新北市金山區", "Name": "金美國小", "Capacty": 892.0, "shltr_d": 820, "name_1": "國立臺灣大學醫學院附設醫院金山分院", "name_2": "台安醫院", "name_3": "臺北榮民總醫院", "dstn__1": 505.52739410450152, "dstn__2": 13598.178215670992, "dstn__3": 15725.056033574163 }, "geometry": { "type": "Point", "coordinates": [ 121.6327, 25.2217 ] } },
{ "type": "Feature", "properties": { "Distrct": "新北市金山區", "Name": "中山堂〈1樓禮堂〉", "Capacty": 501.0, "shltr_d": 821, "name_1": "國立臺灣大學醫學院附設醫院金山分院", "name_2": "台安醫院", "name_3": "中國醫藥大學附設醫院臺北分院", "dstn__1": 1279.3085244913768, "dstn__2": 14407.950072350017, "dstn__3": 16260.401902384534 }, "geometry": { "type": "Point", "coordinates": [ 121.6408, 25.2217 ] } },
{ "type": "Feature", "properties": { "Distrct": "新北市金山區", "Name": "金山國小", "Capacty": 503.0, "shltr_d": 822, "name_1": "國立臺灣大學醫學院附設醫院金山分院", "name_2": "台安醫院", "name_3": "臺北榮民總醫院", "dstn__1": 965.40081016128158, "dstn__2": 14027.40373790866, "dstn__3": 16166.62487116485 }, "geometry": { "type": "Point", "coordinates": [ 121.6367, 25.2237 ] } },
{ "type": "Feature", "properties": { "Distrct": "新北市淡水區", "Name": "中泰國小", "Capacty": 915.0, "shltr_d": 823, "name_1": "台安醫院", "name_2": "北新醫療社團法人北新醫院", "name_3": "泓安醫院", "dstn__1": 2477.8505382423946, "dstn__2": 3492.6418405263385, "dstn__3": 4732.7321035040068 }, "geometry": { "type": "Point", "coordinates": [ 121.4847, 25.2241 ] } },
{ "type": "Feature", "properties": { "Distrct": "新北市金山區", "Name": "金山高中", "Capacty": 520.0, "shltr_d": 824, "name_1": "國立臺灣大學醫學院附設醫院金山分院", "name_2": "台安醫院", "name_3": "臺北榮民總醫院", "dstn__1": 1060.0611046329313, "dstn__2": 14091.599307648139, "dstn__3": 16272.663399007035 }, "geometry": { "type": "Point", "coordinates": [ 121.6372, 25.2246 ] } },
{ "type": "Feature", "properties": { "Distrct": "新北市金山區", "Name": "金山青年活動中心", "Capacty": 23369.0, "shltr_d": 825, "name_1": "國立臺灣大學醫學院附設醫院金山分院", "name_2": "台安醫院", "name_3": "臺北榮民總醫院", "dstn__1": 1471.2914944816666, "dstn__2": 14501.713236839963, "dstn__3": 16653.497420987707 }, "geometry": { "type": "Point", "coordinates": [ 121.6411, 25.2259 ] } },
{ "type": "Feature", "properties": { "Distrct": "新北市金山區", "Name": "六三社區活動中心", "Capacty": 45.0, "shltr_d": 826, "name_1": "國立臺灣大學醫學院附設醫院金山分院", "name_2": "台安醫院", "name_3": "北新醫療社團法人北新醫院", "dstn__1": 1410.8883731476074, "dstn__2": 12566.296720937356, "dstn__3": 15146.846204079333 }, "geometry": { "type": "Point", "coordinates": [ 121.620711, 25.230093 ] } },
{ "type": "Feature", "properties": { "Distrct": "新北市金山區", "Name": "金山區獅頭山公園", "Capacty": 500.0, "shltr_d": 827, "name_1": "國立臺灣大學醫學院附設醫院金山分院", "name_2": "台安醫院", "name_3": "中國醫藥大學附設醫院臺北分院", "dstn__1": 2476.0435175366988, "dstn__2": 15413.043005404901, "dstn__3": 17523.710563169192 }, "geometry": { "type": "Point", "coordinates": [ 121.649304, 25.231103 ] } },
{ "type": "Feature", "properties": { "Distrct": "新北市金山區", "Name": "聖德宮", "Capacty": 187.0, "shltr_d": 828, "name_1": "國立臺灣大學醫學院附設醫院金山分院", "name_2": "台安醫院", "name_3": "北新醫療社團法人北新醫院", "dstn__1": 1549.0844118034731, "dstn__2": 12511.847648327532, "dstn__3": 15099.292458747708 }, "geometry": { "type": "Point", "coordinates": [ 121.619908, 25.231106 ] } },
{ "type": "Feature", "properties": { "Distrct": "新北市三芝區", "Name": "新北市三芝區八賢里活動中心", "Capacty": 45.0, "shltr_d": 829, "name_1": "台安醫院", "name_2": "北新醫療社團法人北新醫院", "name_3": "泓安醫院", "dstn__1": 3744.755593427853, "dstn__2": 6104.0317052213541, "dstn__3": 7719.778205094467 }, "geometry": { "type": "Point", "coordinates": [ 121.513105, 25.237065 ] } },
{ "type": "Feature", "properties": { "Distrct": "新北市淡水區", "Name": "屯山國小", "Capacty": 251.0, "shltr_d": 830, "name_1": "北新醫療社團法人北新醫院", "name_2": "泓安醫院", "name_3": "台安醫院", "dstn__1": 5220.6464762030409, "dstn__2": 5287.3448704565326, "dstn__3": 5520.8611511908812 }, "geometry": { "type": "Point", "coordinates": [ 121.4564, 25.2373 ] } },
{ "type": "Feature", "properties": { "Distrct": "新北市金山區", "Name": "中角國小", "Capacty": 249.0, "shltr_d": 831, "name_1": "國立臺灣大學醫學院附設醫院金山分院", "name_2": "台安醫院", "name_3": "北新醫療社團法人北新醫院", "dstn__1": 2268.7651393430351, "dstn__2": 13794.609329363664, "dstn__3": 16411.602470450962 }, "geometry": { "type": "Point", "coordinates": [ 121.6306, 25.2398 ] } },
{ "type": "Feature", "properties": { "Distrct": "新北市金山區", "Name": "萬壽活動中心", "Capacty": 73.0, "shltr_d": 832, "name_1": "國立臺灣大學醫學院附設醫院金山分院", "name_2": "台安醫院", "name_3": "北新醫療社團法人北新醫院", "dstn__1": 2354.4748248457754, "dstn__2": 13888.921729672398, "dstn__3": 16507.999080757374 }, "geometry": { "type": "Point", "coordinates": [ 121.631354, 25.2405 ] } },
{ "type": "Feature", "properties": { "Distrct": "新北市石門區", "Name": "妙濟寺", "Capacty": 62.0, "shltr_d": 833, "name_1": "國立臺灣大學醫學院附設醫院金山分院", "name_2": "台安醫院", "name_3": "北新醫療社團法人北新醫院", "dstn__1": 5282.0732301427306, "dstn__2": 10827.022873760148, "dstn__3": 13514.3627186678 }, "geometry": { "type": "Point", "coordinates": [ 121.592343, 25.254077 ] } },
{ "type": "Feature", "properties": { "Distrct": "新北市三芝區", "Name": "新北市三芝區公有市場", "Capacty": 90.0, "shltr_d": 834, "name_1": "台安醫院", "name_2": "北新醫療社團法人北新醫院", "name_3": "泓安醫院", "dstn__1": 5621.7198570516648, "dstn__2": 7495.7470151410716, "dstn__3": 8764.0337718912015 }, "geometry": { "type": "Point", "coordinates": [ 121.5036, 25.2564 ] } },
{ "type": "Feature", "properties": { "Distrct": "新北市三芝區", "Name": "三芝區公所", "Capacty": 60.0, "shltr_d": 835, "name_1": "台安醫院", "name_2": "北新醫療社團法人北新醫院", "name_3": "泓安醫院", "dstn__1": 5761.0260132852436, "dstn__2": 7551.2814302974057, "dstn__3": 8765.1568598199665 }, "geometry": { "type": "Point", "coordinates": [ 121.5011, 25.2578 ] } },
{ "type": "Feature", "properties": { "Distrct": "新北市三芝區", "Name": "新北市三芝區三芝國民小學", "Capacty": 956.0, "shltr_d": 836, "name_1": "台安醫院", "name_2": "北新醫療社團法人北新醫院", "name_3": "泓安醫院", "dstn__1": 5774.2593437082114, "dstn__2": 7578.8117987391115, "dstn__3": 8800.3052709031872 }, "geometry": { "type": "Point", "coordinates": [ 121.5016, 25.2579 ] } },
{ "type": "Feature", "properties": { "Distrct": "新北市三芝區", "Name": "三芝農會", "Capacty": 63.0, "shltr_d": 837, "name_1": "台安醫院", "name_2": "北新醫療社團法人北新醫院", "name_3": "泓安醫院", "dstn__1": 5838.5071125267032, "dstn__2": 7624.327696690194, "dstn__3": 8832.0948029437786 }, "geometry": { "type": "Point", "coordinates": [ 121.5011, 25.2585 ] } },
{ "type": "Feature", "properties": { "Distrct": "新北市三芝區", "Name": "新北市三芝區橫山國民小學", "Capacty": 319.0, "shltr_d": 838, "name_1": "台安醫院", "name_2": "北新醫療社團法人北新醫院", "name_3": "泓安醫院", "dstn__1": 6650.3934491551481, "dstn__2": 9044.296918680966, "dstn__3": 10614.19130946728 }, "geometry": { "type": "Point", "coordinates": [ 121.529765, 25.258894 ] } },
{ "type": "Feature", "properties": { "Distrct": "新北市三芝區", "Name": "新北市立三芝國民中學", "Capacty": 1182.0, "shltr_d": 839, "name_1": "台安醫院", "name_2": "北新醫療社團法人北新醫院", "name_3": "泓安醫院", "dstn__1": 6013.3372688043773, "dstn__2": 7838.8307005662282, "dstn__3": 9062.0482809333062 }, "geometry": { "type": "Point", "coordinates": [ 121.5028, 25.26 ] } },
{ "type": "Feature", "properties": { "Distrct": "新北市石門區", "Name": "乾華國小禮堂", "Capacty": 671.0, "shltr_d": 840, "name_1": "國立臺灣大學醫學院附設醫院金山分院", "name_2": "台安醫院", "name_3": "北新醫療社團法人北新醫院", "dstn__1": 6612.1442330602158, "dstn__2": 11747.300858373637, "dstn__3": 14420.447690968416 }, "geometry": { "type": "Point", "coordinates": [ 121.5923, 25.2693 ] } },
{ "type": "Feature", "properties": { "Distrct": "新北市石門區", "Name": "茂林里活動中心", "Capacty": 110.0, "shltr_d": 841, "name_1": "國立臺灣大學醫學院附設醫院金山分院", "name_2": "台安醫院", "name_3": "北新醫療社團法人北新醫院", "dstn__1": 6877.8905573490438, "dstn__2": 11883.191919252127, "dstn__3": 14550.370754461788 }, "geometry": { "type": "Point", "coordinates": [ 121.591831, 25.27188 ] } },
{ "type": "Feature", "properties": { "Distrct": "新北市石門區", "Name": "草里里活動中心", "Capacty": 78.0, "shltr_d": 842, "name_1": "國立臺灣大學醫學院附設醫院金山分院", "name_2": "台安醫院", "name_3": "北新醫療社團法人北新醫院", "dstn__1": 7133.5038174479168, "dstn__2": 13669.898789039727, "dstn__3": 16339.774141839824 }, "geometry": { "type": "Point", "coordinates": [ 121.606719, 25.28074 ] } },
{ "type": "Feature", "properties": { "Distrct": "新北市石門區", "Name": "北海岸風景管理處德茂里活動中心", "Capacty": 25.0, "shltr_d": 843, "name_1": "台安醫院", "name_2": "北新醫療社團法人北新醫院", "name_3": "泓安醫院", "dstn__1": 8816.9529218431198, "dstn__2": 10846.57547470477, "dstn__3": 12119.133285004353 }, "geometry": { "type": "Point", "coordinates": [ 121.519157, 25.283263 ] } },
{ "type": "Feature", "properties": { "Distrct": "新北市石門區", "Name": "老梅國小教室", "Capacty": 426.0, "shltr_d": 844, "name_1": "台安醫院", "name_2": "國立臺灣大學醫學院附設醫院金山分院", "name_3": "北新醫療社團法人北新醫院", "dstn__1": 10307.758053876454, "dstn__2": 11390.212046514471, "dstn__3": 12646.630742606849 }, "geometry": { "type": "Point", "coordinates": [ 121.545, 25.2889 ] } },
{ "type": "Feature", "properties": { "Distrct": "新北市石門區", "Name": "富基里活動中心", "Capacty": 69.0, "shltr_d": 845, "name_1": "台安醫院", "name_2": "國立臺灣大學醫學院附設醫院金山分院", "name_3": "北新醫療社團法人北新醫院", "dstn__1": 10129.301469006281, "dstn__2": 11727.60503521469, "dstn__3": 12421.019847889665 }, "geometry": { "type": "Point", "coordinates": [ 121.540628, 25.289023 ] } },
{ "type": "Feature", "properties": { "Distrct": "新北市石門區", "Name": "老梅里活動中心", "Capacty": 54.0, "shltr_d": 846, "name_1": "台安醫院", "name_2": "國立臺灣大學醫學院附設醫院金山分院", "name_3": "北新醫療社團法人北新醫院", "dstn__1": 10369.315537096421, "dstn__2": 11415.752632034031, "dstn__3": 12706.728980637259 }, "geometry": { "type": "Point", "coordinates": [ 121.545195, 25.289433 ] } },
{ "type": "Feature", "properties": { "Distrct": "新北市石門區", "Name": "山溪里活動中心", "Capacty": 275.0, "shltr_d": 847, "name_1": "台安醫院", "name_2": "國立臺灣大學醫學院附設醫院金山分院", "name_3": "北新醫療社團法人北新醫院", "dstn__1": 10821.301636728524, "dstn__2": 11057.39713003378, "dstn__3": 13210.881166985071 }, "geometry": { "type": "Point", "coordinates": [ 121.55172, 25.290889 ] } },
{ "type": "Feature", "properties": { "Distrct": "新北市石門區", "Name": "石門里活動中心", "Capacty": 52.0, "shltr_d": 848, "name_1": "國立臺灣大學醫學院附設醫院金山分院", "name_2": "台安醫院", "name_3": "北新醫療社團法人北新醫院", "dstn__1": 10139.412405470695, "dstn__2": 11617.413059847195, "dstn__3": 14110.60844198901 }, "geometry": { "type": "Point", "coordinates": [ 121.565885, 25.291194 ] } },
{ "type": "Feature", "properties": { "Distrct": "新北市石門區", "Name": "石門區體育館", "Capacty": 325.0, "shltr_d": 849, "name_1": "國立臺灣大學醫學院附設醫院金山分院", "name_2": "台安醫院", "name_3": "北新醫療社團法人北新醫院", "dstn__1": 10227.101415896321, "dstn__2": 11537.457524039002, "dstn__3": 14021.830923639922 }, "geometry": { "type": "Point", "coordinates": [ 121.5645, 25.2912 ] } },
{ "type": "Feature", "properties": { "Distrct": "新北市石門區", "Name": "石門區公所", "Capacty": 312.0, "shltr_d": 850, "name_1": "國立臺灣大學醫學院附設醫院金山分院", "name_2": "台安醫院", "name_3": "北新醫療社團法人北新醫院", "dstn__1": 10015.231192747526, "dstn__2": 11737.042242716672, "dstn__3": 14242.459602317669 }, "geometry": { "type": "Point", "coordinates": [ 121.5679, 25.2912 ] } },
{ "type": "Feature", "properties": { "Distrct": "新北市石門區", "Name": "石門國民中學", "Capacty": 435.0, "shltr_d": 851, "name_1": "國立臺灣大學醫學院附設醫院金山分院", "name_2": "台安醫院", "name_3": "北新醫療社團法人北新醫院", "dstn__1": 10229.386753600171, "dstn__2": 11552.306555985464, "dstn__3": 14036.784936264528 }, "geometry": { "type": "Point", "coordinates": [ 121.5646, 25.2913 ] } },
{ "type": "Feature", "properties": { "Distrct": "新北市石門區", "Name": "石門國小", "Capacty": 695.0, "shltr_d": 852, "name_1": "國立臺灣大學醫學院附設醫院金山分院", "name_2": "台安醫院", "name_3": "北新醫療社團法人北新醫院", "dstn__1": 10125.528574621065, "dstn__2": 11744.711437570983, "dstn__3": 14241.5419795282 }, "geometry": { "type": "Point", "coordinates": [ 121.56704, 25.291855 ] } },
{ "type": "Feature", "properties": { "Distrct": "新北市石門區", "Name": "尖鹿里活動中心", "Capacty": 25.0, "shltr_d": 853, "name_1": "國立臺灣大學醫學院附設醫院金山分院", "name_2": "台安醫院", "name_3": "北新醫療社團法人北新醫院", "dstn__1": 10152.351942841369, "dstn__2": 11748.088286822654, "dstn__3": 14242.830515379614 }, "geometry": { "type": "Point", "coordinates": [ 121.566842, 25.292022 ] } }
]
}
