{
"type": "FeatureCollection",
"name": "雙北避難收容所",
"crs": { "type": "name", "properties": { "name": "urn:ogc:def:crs:OGC:1.3:CRS84" } },
"features": [
{ "type": "Feature", "properties": { "縣市及鄉鎮市區": "新北市三峽區", "經度": 121.4373, "緯度": 24.8533, "避難收容處所名稱": "有木國小", "預計收容人數": 109, "適用災害類別": "水災,震災,土石流,海嘯", "管理人姓名": "吳政謀", "管理人電話": "02-26720067分機13", "室內": "是", "室外": "是" }, "geometry": { "type": "Point", "coordinates": [ 121.4373, 24.8533 ] } },
{ "type": "Feature", "properties": { "縣市及鄉鎮市區": "新北市三峽區", "經度": 121.365455, "緯度": 24.863449, "避難收容處所名稱": "五寮市民活動中心", "預計收容人數": 137, "適用災害類別": "水災,震災,土石流,海嘯", "管理人姓名": "吳香其", "管理人電話": "02-26711017分機207", "室內": "是", "室外": "否" }, "geometry": { "type": "Point", "coordinates": [ 121.365455, 24.863449 ] } },
{ "type": "Feature", "properties": { "縣市及鄉鎮市區": "新北市烏來區", "經度": 121.553147, "緯度": 24.863755, "避難收容處所名稱": "烏來國民中小學", "預計收容人數": 152, "適用災害類別": "水災,土石流", "管理人姓名": "林俊傑", "管理人電話": "02-26616482＃50", "室內": "是", "室外": "否" }, "geometry": { "type": "Point", "coordinates": [ 121.553147, 24.863755 ] } },
{ "type": "Feature", "properties": { "縣市及鄉鎮市區": "新北市烏來區", "經度": 121.548453, "緯度": 24.883684, "避難收容處所名稱": "信賢活動中心", "預計收容人數": 30, "適用災害類別": "水災,土石流", "管理人姓名": "趙絡涵", "管理人電話": "02-26616442", "室內": "是", "室外": "否" }, "geometry": { "type": "Point", "coordinates": [ 121.548453, 24.883684 ] } },
{ "type": "Feature", "properties": { "縣市及鄉鎮市區": "新北市烏來區", "經度": 121.548453, "緯度": 24.883684, "避難收容處所名稱": "綜合活動中心", "預計收容人數": 30, "適用災害類別": "水災,土石流", "管理人姓名": "趙絡涵", "管理人電話": "02-26616442", "室內": "是", "室外": "否" }, "geometry": { "type": "Point", "coordinates": [ 121.548453, 24.883684 ] } },
{ "type": "Feature", "properties": { "縣市及鄉鎮市區": "新北市烏來區", "經度": 121.548453, "緯度": 24.883684, "避難收容處所名稱": "忠治活動中心", "預計收容人數": 30, "適用災害類別": "水災,土石流", "管理人姓名": "趙絡涵", "管理人電話": "02-26616442", "室內": "是", "室外": "否" }, "geometry": { "type": "Point", "coordinates": [ 121.548453, 24.883684 ] } },
{ "type": "Feature", "properties": { "縣市及鄉鎮市區": "新北市烏來區", "經度": 121.548453, "緯度": 24.883684, "避難收容處所名稱": "福山活動中心", "預計收容人數": 50, "適用災害類別": "水災,土石流", "管理人姓名": "趙絡涵", "管理人電話": "02-26616442", "室內": "是", "室外": "否" }, "geometry": { "type": "Point", "coordinates": [ 121.548453, 24.883684 ] } },
{ "type": "Feature", "properties": { "縣市及鄉鎮市區": "新北市烏來區", "經度": 121.548453, "緯度": 24.883684, "避難收容處所名稱": "烏來活動中心", "預計收容人數": 50, "適用災害類別": "水災,土石流", "管理人姓名": "趙絡涵", "管理人電話": "02-26616442", "室內": "是", "室外": "否" }, "geometry": { "type": "Point", "coordinates": [ 121.548453, 24.883684 ] } },
{ "type": "Feature", "properties": { "縣市及鄉鎮市區": "新北市烏來區", "經度": 121.548453, "緯度": 24.883684, "避難收容處所名稱": "福山國小", "預計收容人數": 305, "適用災害類別": "水災,土石流", "管理人姓名": "高世昌", "管理人電話": "2661-6421轉302", "室內": "是", "室外": "否" }, "geometry": { "type": "Point", "coordinates": [ 121.548453, 24.883684 ] } },
{ "type": "Feature", "properties": { "縣市及鄉鎮市區": "新北市新店區", "經度": 121.5532, "緯度": 24.9022, "避難收容處所名稱": "龜山國小", "預計收容人數": 75, "適用災害類別": "水災,土石流", "管理人姓名": "吳英同", "管理人電話": "02-29112281#1209", "室內": "是", "室外": "是" }, "geometry": { "type": "Point", "coordinates": [ 121.5532, 24.9022 ] } },
{ "type": "Feature", "properties": { "縣市及鄉鎮市區": "新北市新店區", "經度": 121.533799, "緯度": 24.902531, "避難收容處所名稱": "廣興里辦公處", "預計收容人數": 37, "適用災害類別": "震災", "管理人姓名": "吳英同", "管理人電話": "02-29112281#1209", "室內": "是", "室外": "否" }, "geometry": { "type": "Point", "coordinates": [ 121.533799, 24.902531 ] } },
{ "type": "Feature", "properties": { "縣市及鄉鎮市區": "新北市新店區", "經度": 121.552, "緯度": 24.9031, "避難收容處所名稱": "龜山市民活動中心", "預計收容人數": 133, "適用災害類別": "水災,土石流", "管理人姓名": "吳英同", "管理人電話": "02-29112281#1209", "室內": "是", "室外": "是" }, "geometry": { "type": "Point", "coordinates": [ 121.552, 24.9031 ] } },
{ "type": "Feature", "properties": { "縣市及鄉鎮市區": "新北市坪林區", "經度": 121.745228, "緯度": 24.904686, "避難收容處所名稱": "石里倉庫", "預計收容人數": 10, "適用災害類別": "水災,震災,土石流,海嘯", "管理人姓名": "徐瑄維", "管理人電話": "02-26657251#240", "室內": "是", "室外": "否" }, "geometry": { "type": "Point", "coordinates": [ 121.745228, 24.904686 ] } },
{ "type": "Feature", "properties": { "縣市及鄉鎮市區": "新北市三峽區", "經度": 121.3665, "緯度": 24.9057, "避難收容處所名稱": "大埔國小", "預計收容人數": 625, "適用災害類別": "水災,震災,土石流,海嘯", "管理人姓名": "陳秋榕", "管理人電話": "02-26712523分機150", "室內": "是", "室外": "是" }, "geometry": { "type": "Point", "coordinates": [ 121.3665, 24.9057 ] } },
{ "type": "Feature", "properties": { "縣市及鄉鎮市區": "新北市三峽區", "經度": 121.3639, "緯度": 24.9069, "避難收容處所名稱": "明德高中", "預計收容人數": 1569, "適用災害類別": "水災,震災,土石流,海嘯", "管理人姓名": "劉懷恩", "管理人電話": "02-26723302分機240", "室內": "是", "室外": "是" }, "geometry": { "type": "Point", "coordinates": [ 121.3639, 24.9069 ] } },
{ "type": "Feature", "properties": { "縣市及鄉鎮市區": "新北市三峽區", "經度": 121.4349, "緯度": 24.9088, "避難收容處所名稱": "竹崙市民活動中心", "預計收容人數": 113, "適用災害類別": "水災,震災,土石流,海嘯", "管理人姓名": "吳香其", "管理人電話": "02-26711017分機207", "室內": "是", "室外": "否" }, "geometry": { "type": "Point", "coordinates": [ 121.4349, 24.9088 ] } },
{ "type": "Feature", "properties": { "縣市及鄉鎮市區": "新北市三峽區", "經度": 121.3937, "緯度": 24.9102, "避難收容處所名稱": "臺北榮家", "預計收容人數": 339, "適用災害類別": "水災,震災,土石流,海嘯", "管理人姓名": "龍雨舞", "管理人電話": "02-2673-1201分機501", "室內": "是", "室外": "否" }, "geometry": { "type": "Point", "coordinates": [ 121.3937, 24.9102 ] } },
{ "type": "Feature", "properties": { "縣市及鄉鎮市區": "新北市新店區", "經度": 121.4978, "緯度": 24.9109, "避難收容處所名稱": "康橋高級中學", "預計收容人數": 250, "適用災害類別": "水災", "管理人姓名": "吳英同", "管理人電話": "02-29112281#1209", "室內": "是", "室外": "是" }, "geometry": { "type": "Point", "coordinates": [ 121.4978, 24.9109 ] } },
{ "type": "Feature", "properties": { "縣市及鄉鎮市區": "新北市三峽區", "經度": 121.3755, "緯度": 24.912, "避難收容處所名稱": "民義國小", "預計收容人數": 975, "適用災害類別": "水災,震災,土石流,海嘯", "管理人姓名": "宋長燕", "管理人電話": "02-26711895分機830", "室內": "是", "室外": "是" }, "geometry": { "type": "Point", "coordinates": [ 121.3755, 24.912 ] } },
{ "type": "Feature", "properties": { "縣市及鄉鎮市區": "新北市新店區", "經度": 121.5396, "緯度": 24.9125, "避難收容處所名稱": "屈尺國小廣興分校", "預計收容人數": 37, "適用災害類別": "水災,震災", "管理人姓名": "吳英同", "管理人電話": "02-29112281#1209", "室內": "是", "室外": "否" }, "geometry": { "type": "Point", "coordinates": [ 121.5396, 24.9125 ] } },
{ "type": "Feature", "properties": { "縣市及鄉鎮市區": "新北市新店區", "經度": 121.5463, "緯度": 24.9225, "避難收容處所名稱": "屈尺國小", "預計收容人數": 320, "適用災害類別": "水災,震災,土石流", "管理人姓名": "吳英同", "管理人電話": "02-29112281#1209", "室內": "是", "室外": "是" }, "geometry": { "type": "Point", "coordinates": [ 121.5463, 24.9225 ] } },
{ "type": "Feature", "properties": { "縣市及鄉鎮市區": "新北市新店區", "經度": 121.544999, "緯度": 24.923518, "避難收容處所名稱": "屈尺市民活動中心", "預計收容人數": 75, "適用災害類別": "水災,土石流", "管理人姓名": "吳英同", "管理人電話": "29112281#1209", "室內": "是", "室外": "是" }, "geometry": { "type": "Point", "coordinates": [ 121.544999, 24.923518 ] } },
{ "type": "Feature", "properties": { "縣市及鄉鎮市區": "新北市三峽區", "經度": 121.4275, "緯度": 24.9243, "避難收容處所名稱": "大成國小", "預計收容人數": 187, "適用災害類別": "水災,震災,土石流,海嘯", "管理人姓名": "陳俊佳", "管理人電話": "02-26726521分機115", "室內": "是", "室外": "是" }, "geometry": { "type": "Point", "coordinates": [ 121.4275, 24.9243 ] } },
{ "type": "Feature", "properties": { "縣市及鄉鎮市區": "新北市三峽區", "經度": 121.4471, "緯度": 24.9264, "避難收容處所名稱": "建安國小", "預計收容人數": 292, "適用災害類別": "水災,震災,土石流,海嘯", "管理人姓名": "楊慧淳", "管理人電話": "02-26726783分機102", "室內": "是", "室外": "是" }, "geometry": { "type": "Point", "coordinates": [ 121.4471, 24.9264 ] } },
{ "type": "Feature", "properties": { "縣市及鄉鎮市區": "新北市三峽區", "經度": 121.3728, "緯度": 24.9266, "避難收容處所名稱": "安溪國中", "預計收容人數": 1675, "適用災害類別": "水災,震災,土石流,海嘯", "管理人姓名": "周中明", "管理人電話": "02-26717851分機150", "室內": "是", "室外": "是" }, "geometry": { "type": "Point", "coordinates": [ 121.3728, 24.9266 ] } },
{ "type": "Feature", "properties": { "縣市及鄉鎮市區": "新北市三峽區", "經度": 121.3672, "緯度": 24.9278, "避難收容處所名稱": "中園國小", "預計收容人數": 926, "適用災害類別": "水災,震災,土石流,海嘯", "管理人姓名": "黃邵偉", "管理人電話": "02-86712590分機831", "室內": "是", "室外": "是" }, "geometry": { "type": "Point", "coordinates": [ 121.3672, 24.9278 ] } },
{ "type": "Feature", "properties": { "縣市及鄉鎮市區": "新北市三峽區", "經度": 121.3785, "緯度": 24.9298, "避難收容處所名稱": "介壽國小", "預計收容人數": 289, "適用災害類別": "水災,震災,土石流,海嘯", "管理人姓名": "劉志銘", "管理人電話": "02-26712392分機41", "室內": "是", "室外": "是" }, "geometry": { "type": "Point", "coordinates": [ 121.3785, 24.9298 ] } },
{ "type": "Feature", "properties": { "縣市及鄉鎮市區": "新北市三峽區", "經度": 121.3729, "緯度": 24.9304, "避難收容處所名稱": "安溪國小", "預計收容人數": 435, "適用災害類別": "水災,震災,土石流,海嘯", "管理人姓名": "徐銘穗", "管理人電話": "02-26731488分機221", "室內": "是", "室外": "是" }, "geometry": { "type": "Point", "coordinates": [ 121.3729, 24.9304 ] } },
{ "type": "Feature", "properties": { "縣市及鄉鎮市區": "新北市三峽區", "經度": 121.4057, "緯度": 24.9332, "避難收容處所名稱": "成福國小", "預計收容人數": 261, "適用災害類別": "水災,震災,土石流,海嘯", "管理人姓名": "李國梅", "管理人電話": "02-86764945分機12", "室內": "是", "室外": "是" }, "geometry": { "type": "Point", "coordinates": [ 121.4057, 24.9332 ] } },
{ "type": "Feature", "properties": { "縣市及鄉鎮市區": "新北市三峽區", "經度": 121.3697, "緯度": 24.9345, "避難收容處所名稱": "三峽國小", "預計收容人數": 581, "適用災害類別": "水災,震災,土石流,海嘯", "管理人姓名": "歐原誌", "管理人電話": "02-26711018分機832", "室內": "是", "室外": "是" }, "geometry": { "type": "Point", "coordinates": [ 121.3697, 24.9345 ] } },
{ "type": "Feature", "properties": { "縣市及鄉鎮市區": "新北市三峽區", "經度": 121.367, "緯度": 24.93479, "避難收容處所名稱": "長青市民活動中心", "預計收容人數": 166, "適用災害類別": "水災,震災,土石流,海嘯", "管理人姓名": "吳香其", "管理人電話": "26711017分機207", "室內": "是", "室外": "否" }, "geometry": { "type": "Point", "coordinates": [ 121.367, 24.93479 ] } },
{ "type": "Feature", "properties": { "縣市及鄉鎮市區": "新北市坪林區", "經度": 121.711784, "緯度": 24.93614, "避難收容處所名稱": "新北市坪林區公所", "預計收容人數": 50, "適用災害類別": "水災,震災,土石流,海嘯", "管理人姓名": "徐瑄維", "管理人電話": "02-26657251#240", "室內": "是", "室外": "是" }, "geometry": { "type": "Point", "coordinates": [ 121.711784, 24.93614 ] } },
{ "type": "Feature", "properties": { "縣市及鄉鎮市區": "新北市坪林區", "經度": 121.71088, "緯度": 24.936238, "避難收容處所名稱": "新北市坪林區坪林國民小學", "預計收容人數": 314, "適用災害類別": "水災,震災,土石流,海嘯", "管理人姓名": "吳志?", "管理人電話": "02-26656213", "室內": "是", "室外": "是" }, "geometry": { "type": "Point", "coordinates": [ 121.71088, 24.936238 ] } },
{ "type": "Feature", "properties": { "縣市及鄉鎮市區": "新北市新店區", "經度": 121.5313, "緯度": 24.9378, "避難收容處所名稱": "直潭國小", "預計收容人數": 1600, "適用災害類別": null, "管理人姓名": "吳英同", "管理人電話": "02-29112281#1209", "室內": "是", "室外": "是" }, "geometry": { "type": "Point", "coordinates": [ 121.5313, 24.9378 ] } },
{ "type": "Feature", "properties": { "縣市及鄉鎮市區": "新北市坪林區", "經度": 121.712825, "緯度": 24.938007, "避難收容處所名稱": "新北市立坪林國民中學", "預計收容人數": 1144, "適用災害類別": "水災,震災,土石流,海嘯", "管理人姓名": "許書哲", "管理人電話": "02-26656210#13", "室內": "是", "室外": "是" }, "geometry": { "type": "Point", "coordinates": [ 121.712825, 24.938007 ] } },
{ "type": "Feature", "properties": { "縣市及鄉鎮市區": "新北市三峽區", "經度": 121.3693, "緯度": 24.9391, "避難收容處所名稱": "三峽國中", "預計收容人數": 1149, "適用災害類別": "水災,震災,土石流,海嘯", "管理人姓名": "吳瑞祥", "管理人電話": "02-26738030", "室內": "是", "室外": "是" }, "geometry": { "type": "Point", "coordinates": [ 121.3693, 24.9391 ] } },
{ "type": "Feature", "properties": { "縣市及鄉鎮市區": "新北市鶯歌區", "經度": 121.335, "緯度": 24.9393, "避難收容處所名稱": "鶯歌高職", "預計收容人數": 1513, "適用災害類別": "水災,震災,土石流,海嘯", "管理人姓名": "楊祚榮", "管理人電話": "02-26780202", "室內": "是", "室外": "是" }, "geometry": { "type": "Point", "coordinates": [ 121.335, 24.9393 ] } },
{ "type": "Feature", "properties": { "縣市及鄉鎮市區": "新北市三峽區", "經度": 121.377883, "緯度": 24.940679, "避難收容處所名稱": "龍埔國小", "預計收容人數": 855, "適用災害類別": "水災,震災,土石流,海嘯", "管理人姓名": "王進添", "管理人電話": "26745666分機830", "室內": "是", "室外": "否" }, "geometry": { "type": "Point", "coordinates": [ 121.377883, 24.940679 ] } },
{ "type": "Feature", "properties": { "縣市及鄉鎮市區": "新北市鶯歌區", "經度": 121.3376, "緯度": 24.9409, "避難收容處所名稱": "二橋國小", "預計收容人數": 1284, "適用災害類別": "水災,震災,土石流,海嘯", "管理人姓名": "楊祚榮", "管理人電話": "02-26780202", "室內": "是", "室外": "是" }, "geometry": { "type": "Point", "coordinates": [ 121.3376, 24.9409 ] } },
{ "type": "Feature", "properties": { "縣市及鄉鎮市區": "新北市鶯歌區", "經度": 121.3422, "緯度": 24.9437, "避難收容處所名稱": "新北市立尖山國民中學", "預計收容人數": 622, "適用災害類別": "水災,震災,土石流,海嘯", "管理人姓名": "楊祚榮", "管理人電話": "02-26780202", "室內": "是", "室外": "是" }, "geometry": { "type": "Point", "coordinates": [ 121.3422, 24.9437 ] } },
{ "type": "Feature", "properties": { "縣市及鄉鎮市區": "新北市三峽區", "經度": 121.376106, "緯度": 24.948608, "避難收容處所名稱": "北大高中", "預計收容人數": 1122, "適用災害類別": "水災,震災,土石流,海嘯", "管理人姓名": "朱肇維", "管理人電話": "26742666分機600", "室內": "是", "室外": "是" }, "geometry": { "type": "Point", "coordinates": [ 121.376106, 24.948608 ] } },
{ "type": "Feature", "properties": { "縣市及鄉鎮市區": "新北市樹林區", "經度": 121.382973, "緯度": 24.94923, "避難收容處所名稱": "桃子腳國民中小學", "預計收容人數": 3155, "適用災害類別": "震災,土石流,海嘯", "管理人姓名": "事務組長高志偉", "管理人電話": "89703225#142", "室內": "是", "室外": "是" }, "geometry": { "type": "Point", "coordinates": [ 121.382973, 24.94923 ] } },
{ "type": "Feature", "properties": { "縣市及鄉鎮市區": "新北市鶯歌區", "經度": 121.352776, "緯度": 24.950284, "避難收容處所名稱": "南靖里活動中心", "預計收容人數": 56, "適用災害類別": "水災,土石流,海嘯", "管理人姓名": "宋榮美", "管理人電話": "02-26780202", "室內": "是", "室外": "否" }, "geometry": { "type": "Point", "coordinates": [ 121.352776, 24.950284 ] } },
{ "type": "Feature", "properties": { "縣市及鄉鎮市區": "新北市鶯歌區", "經度": 121.3448, "緯度": 24.9504, "避難收容處所名稱": "鶯歌國中", "預計收容人數": 1093, "適用災害類別": "水災,震災,土石流,海嘯", "管理人姓名": "楊祚榮", "管理人電話": "02-26780202", "室內": "是", "室外": "是" }, "geometry": { "type": "Point", "coordinates": [ 121.3448, 24.9504 ] } },
{ "type": "Feature", "properties": { "縣市及鄉鎮市區": "新北市坪林區", "經度": 121.725304, "緯度": 24.951077, "避難收容處所名稱": "新昇倉庫", "預計收容人數": 10, "適用災害類別": "水災,震災,土石流,海嘯", "管理人姓名": "徐瑄維", "管理人電話": "02-26657251#240", "室內": "是", "室外": "否" }, "geometry": { "type": "Point", "coordinates": [ 121.725304, 24.951077 ] } },
{ "type": "Feature", "properties": { "縣市及鄉鎮市區": "新北市鶯歌區", "經度": 121.3458, "緯度": 24.9512, "避難收容處所名稱": "鶯歌國小", "預計收容人數": 1501, "適用災害類別": "水災,震災,土石流,海嘯", "管理人姓名": "楊祚榮", "管理人電話": "02-26780202", "室內": "是", "室外": "是" }, "geometry": { "type": "Point", "coordinates": [ 121.3458, 24.9512 ] } },
{ "type": "Feature", "properties": { "縣市及鄉鎮市區": "新北市新店區", "經度": 121.5755, "緯度": 24.9515, "避難收容處所名稱": "雙峰國小", "預計收容人數": 255, "適用災害類別": "水災,土石流", "管理人姓名": "吳英同", "管理人電話": "02-29112281#1209", "室內": "是", "室外": "是" }, "geometry": { "type": "Point", "coordinates": [ 121.5755, 24.9515 ] } },
{ "type": "Feature", "properties": { "縣市及鄉鎮市區": "新北市新店區", "經度": 121.5093, "緯度": 24.952, "避難收容處所名稱": "景文科技大學", "預計收容人數": 1855, "適用災害類別": "水災,震災,土石流", "管理人姓名": "吳英同", "管理人電話": "02-29112281#1209", "室內": "是", "室外": "是" }, "geometry": { "type": "Point", "coordinates": [ 121.5093, 24.952 ] } },
{ "type": "Feature", "properties": { "縣市及鄉鎮市區": "新北市新店區", "經度": 121.4865, "緯度": 24.9521, "避難收容處所名稱": "雙城國小", "預計收容人數": 399, "適用災害類別": "水災,震災", "管理人姓名": "吳英同", "管理人電話": "02-29112281#1209", "室內": "是", "室外": "是" }, "geometry": { "type": "Point", "coordinates": [ 121.4865, 24.9521 ] } },
{ "type": "Feature", "properties": { "縣市及鄉鎮市區": "新北市土城區", "經度": 121.411937, "緯度": 24.952776, "避難收容處所名稱": "祖田市民活動中心", "預計收容人數": 50, "適用災害類別": "水災,土石流", "管理人姓名": "呂惠美", "管理人電話": "02-22675698", "室內": "是", "室外": "否" }, "geometry": { "type": "Point", "coordinates": [ 121.411937, 24.952776 ] } },
{ "type": "Feature", "properties": { "縣市及鄉鎮市區": "新北市新店區", "經度": 121.5402, "緯度": 24.9529, "避難收容處所名稱": "新店國小", "預計收容人數": 1795, "適用災害類別": "水災,震災,土石流", "管理人姓名": "吳英同", "管理人電話": "02-29112281#1209", "室內": "是", "室外": "是" }, "geometry": { "type": "Point", "coordinates": [ 121.5402, 24.9529 ] } },
{ "type": "Feature", "properties": { "縣市及鄉鎮市區": "新北市新店區", "經度": 121.5523, "緯度": 24.9531, "避難收容處所名稱": "青潭國小", "預計收容人數": 203, "適用災害類別": "水災,震災", "管理人姓名": "吳英同", "管理人電話": "02-29112281#1209", "室內": "是", "室外": "是" }, "geometry": { "type": "Point", "coordinates": [ 121.5523, 24.9531 ] } },
{ "type": "Feature", "properties": { "縣市及鄉鎮市區": "新北市石碇區", "經度": 121.637, "緯度": 24.9533, "避難收容處所名稱": "雲海國小", "預計收容人數": 299, "適用災害類別": "水災,震災,土石流,海嘯", "管理人姓名": "鄭淳文/李沛瑩", "管理人電話": "02-26651715#14/#16", "室內": "是", "室外": "是" }, "geometry": { "type": "Point", "coordinates": [ 121.637, 24.9533 ] } },
{ "type": "Feature", "properties": { "縣市及鄉鎮市區": "新北市新店區", "經度": 121.49998, "緯度": 24.95362, "避難收容處所名稱": "達觀國民中小學", "預計收容人數": 407, "適用災害類別": "水災,土石流", "管理人姓名": "吳英同", "管理人電話": "02-29112281#1209", "室內": "是", "室外": "是" }, "geometry": { "type": "Point", "coordinates": [ 121.49998, 24.95362 ] } },
{ "type": "Feature", "properties": { "縣市及鄉鎮市區": "新北市新店區", "經度": 121.4937, "緯度": 24.9538, "避難收容處所名稱": "雙城活動中心", "預計收容人數": 132, "適用災害類別": "水災,土石流", "管理人姓名": "吳英同", "管理人電話": "02-29112281#1209", "室內": "是", "室外": "否" }, "geometry": { "type": "Point", "coordinates": [ 121.4937, 24.9538 ] } },
{ "type": "Feature", "properties": { "縣市及鄉鎮市區": "新北市樹林區", "經度": 121.384115, "緯度": 24.95474, "避難收容處所名稱": "柑園國中", "預計收容人數": 1238, "適用災害類別": "水災,震災,土石流", "管理人姓名": "事務組長林俐吟", "管理人電話": "26801958轉205", "室內": "是", "室外": "是" }, "geometry": { "type": "Point", "coordinates": [ 121.384115, 24.95474 ] } },
{ "type": "Feature", "properties": { "縣市及鄉鎮市區": "新北市鶯歌區", "經度": 121.3461, "緯度": 24.955, "避難收容處所名稱": "建國國小", "預計收容人數": 376, "適用災害類別": "水災,震災,土石流,海嘯", "管理人姓名": "楊祚榮", "管理人電話": "02-26780202", "室內": "是", "室外": "是" }, "geometry": { "type": "Point", "coordinates": [ 121.3461, 24.955 ] } },
{ "type": "Feature", "properties": { "縣市及鄉鎮市區": "新北市坪林區", "經度": 121.696956, "緯度": 24.955382, "避難收容處所名稱": "樹梅嶺倉庫", "預計收容人數": 10, "適用災害類別": "水災,震災,土石流,海嘯", "管理人姓名": "徐瑄維", "管理人電話": "02-26657251#240", "室內": "是", "室外": "否" }, "geometry": { "type": "Point", "coordinates": [ 121.696956, 24.955382 ] } },
{ "type": "Feature", "properties": { "縣市及鄉鎮市區": "新北市鶯歌區", "經度": 121.3392, "緯度": 24.9556, "避難收容處所名稱": "昌福國小", "預計收容人數": 1391, "適用災害類別": "水災,震災,土石流,海嘯", "管理人姓名": "楊祚榮", "管理人電話": "02-26780202", "室內": "是", "室外": "是" }, "geometry": { "type": "Point", "coordinates": [ 121.3392, 24.9556 ] } },
{ "type": "Feature", "properties": { "縣市及鄉鎮市區": "新北市鶯歌區", "經度": 121.354434, "緯度": 24.955861, "避難收容處所名稱": "北鶯里活動中心", "預計收容人數": 37, "適用災害類別": "水災,震災,土石流,海嘯", "管理人姓名": "楊祚榮", "管理人電話": "02-26780202", "室內": "是", "室外": "否" }, "geometry": { "type": "Point", "coordinates": [ 121.354434, 24.955861 ] } },
{ "type": "Feature", "properties": { "縣市及鄉鎮市區": "新北市土城區", "經度": 121.414403, "緯度": 24.95623, "避難收容處所名稱": "頂埔國小", "預計收容人數": 873, "適用災害類別": "水災,震災,土石流,海嘯", "管理人姓名": "劉志峰", "管理人電話": "02-22686800-830", "室內": "是", "室外": "是" }, "geometry": { "type": "Point", "coordinates": [ 121.414403, 24.95623 ] } },
{ "type": "Feature", "properties": { "縣市及鄉鎮市區": "新北市樹林區", "經度": 121.389362, "緯度": 24.956328, "避難收容處所名稱": "柑園國小", "預計收容人數": 467, "適用災害類別": "震災,土石流,海嘯", "管理人姓名": "事務組長周憲昆", "管理人電話": "26802507#232", "室內": "是", "室外": "是" }, "geometry": { "type": "Point", "coordinates": [ 121.389362, 24.956328 ] } },
{ "type": "Feature", "properties": { "縣市及鄉鎮市區": "新北市新店區", "經度": 121.5392, "緯度": 24.9567, "避難收容處所名稱": "文山國中", "預計收容人數": 703, "適用災害類別": "水災,震災,土石流", "管理人姓名": "吳英同", "管理人電話": "02-29112281#1209", "室內": "是", "室外": "是" }, "geometry": { "type": "Point", "coordinates": [ 121.5392, 24.9567 ] } },
{ "type": "Feature", "properties": { "縣市及鄉鎮市區": "新北市新店區", "經度": 121.5404, "緯度": 24.9569, "避難收容處所名稱": "能仁家商", "預計收容人數": 1373, "適用災害類別": "水災,震災", "管理人姓名": "吳英同", "管理人電話": "02-29112281#1209", "室內": "是", "室外": "是" }, "geometry": { "type": "Point", "coordinates": [ 121.5404, 24.9569 ] } },
{ "type": "Feature", "properties": { "縣市及鄉鎮市區": "新北市鶯歌區", "經度": 121.3536, "緯度": 24.9572, "避難收容處所名稱": "西鶯里活動中心", "預計收容人數": 207, "適用災害類別": "水災,震災,土石流,海嘯", "管理人姓名": "楊祚榮", "管理人電話": "02-26780202", "室內": "是", "室外": "否" }, "geometry": { "type": "Point", "coordinates": [ 121.3536, 24.9572 ] } },
{ "type": "Feature", "properties": { "縣市及鄉鎮市區": "新北市新店區", "經度": 121.5399, "緯度": 24.9577, "避難收容處所名稱": "文中廣明活動中心", "預計收容人數": 45, "適用災害類別": "水災,土石流", "管理人姓名": "吳英同", "管理人電話": "02-29112281#1209", "室內": "是", "室外": "否" }, "geometry": { "type": "Point", "coordinates": [ 121.5399, 24.9577 ] } },
{ "type": "Feature", "properties": { "縣市及鄉鎮市區": "新北市鶯歌區", "經度": 121.3329, "緯度": 24.9588, "避難收容處所名稱": "永吉國小", "預計收容人數": 440, "適用災害類別": "水災,震災,土石流,海嘯", "管理人姓名": "楊祚榮", "管理人電話": "02-26780202", "室內": "是", "室外": "是" }, "geometry": { "type": "Point", "coordinates": [ 121.3329, 24.9588 ] } },
{ "type": "Feature", "properties": { "縣市及鄉鎮市區": "新北市土城區", "經度": 121.417311, "緯度": 24.958966, "避難收容處所名稱": "頂埔市民活動中心", "預計收容人數": 60, "適用災害類別": "水災,震災,土石流,海嘯", "管理人姓名": "林忠謀", "管理人電話": "02-22678936", "室內": "是", "室外": "否" }, "geometry": { "type": "Point", "coordinates": [ 121.417311, 24.958966 ] } },
{ "type": "Feature", "properties": { "縣市及鄉鎮市區": "新北市坪林區", "經度": 121.746242, "緯度": 24.959584, "避難收容處所名稱": "新北市坪林區坪林國小漁光校區", "預計收容人數": 62, "適用災害類別": "水災,震災,土石流,海嘯", "管理人姓名": "吳志?", "管理人電話": "02-26656213#13", "室內": "是", "室外": "是" }, "geometry": { "type": "Point", "coordinates": [ 121.746242, 24.959584 ] } },
{ "type": "Feature", "properties": { "縣市及鄉鎮市區": "新北市新店區", "經度": 121.532147, "緯度": 24.960733, "避難收容處所名稱": "頂城市民活動中心", "預計收容人數": 119, "適用災害類別": "震災,土石流,海嘯", "管理人姓名": "吳英同", "管理人電話": "29112281#1209", "室內": "是", "室外": "否" }, "geometry": { "type": "Point", "coordinates": [ 121.532147, 24.960733 ] } },
{ "type": "Feature", "properties": { "縣市及鄉鎮市區": "新北市土城區", "經度": 121.42864, "緯度": 24.961098, "避難收容處所名稱": "永寧市民活動中心", "預計收容人數": 30, "適用災害類別": "水災,土石流,海嘯", "管理人姓名": "周清芳", "管理人電話": "02-22696053", "室內": "是", "室外": "否" }, "geometry": { "type": "Point", "coordinates": [ 121.42864, 24.961098 ] } },
{ "type": "Feature", "properties": { "縣市及鄉鎮市區": "新北市新店區", "經度": 121.5142, "緯度": 24.9613, "避難收容處所名稱": "安坑國小", "預計收容人數": 901, "適用災害類別": "水災,震災,土石流", "管理人姓名": "吳英同", "管理人電話": "02-291122811#1209", "室內": "是", "室外": "是" }, "geometry": { "type": "Point", "coordinates": [ 121.5142, 24.9613 ] } },
{ "type": "Feature", "properties": { "縣市及鄉鎮市區": "新北市土城區", "經度": 121.430192, "緯度": 24.962522, "避難收容處所名稱": "土城國中", "預計收容人數": 1384, "適用災害類別": "水災,震災,土石流,海嘯", "管理人姓名": "劉明志", "管理人電話": "02-22675135-401", "室內": "是", "室外": "否" }, "geometry": { "type": "Point", "coordinates": [ 121.430192, 24.962522 ] } },
{ "type": "Feature", "properties": { "縣市及鄉鎮市區": "新北市土城區", "經度": 121.419474, "緯度": 24.963872, "避難收容處所名稱": "沛陂市民活動中心", "預計收容人數": 50, "適用災害類別": "水災,震災,土石流", "管理人姓名": "林阿城", "管理人電話": "02-22681535", "室內": "是", "室外": "否" }, "geometry": { "type": "Point", "coordinates": [ 121.419474, 24.963872 ] } },
{ "type": "Feature", "properties": { "縣市及鄉鎮市區": "新北市新店區", "經度": 121.5149, "緯度": 24.9663, "避難收容處所名稱": "及人高中", "預計收容人數": 2774, "適用災害類別": "水災,震災,土石流", "管理人姓名": "吳英同", "管理人電話": "02-291122811209", "室內": "是", "室外": "是" }, "geometry": { "type": "Point", "coordinates": [ 121.5149, 24.9663 ] } },
{ "type": "Feature", "properties": { "縣市及鄉鎮市區": "新北市新店區", "經度": 121.544, "緯度": 24.9664, "避難收容處所名稱": "五峰國中", "預計收容人數": 1103, "適用災害類別": "水災,震災,土石流", "管理人姓名": "吳英同", "管理人電話": "02-29112281#1209", "室內": "是", "室外": "是" }, "geometry": { "type": "Point", "coordinates": [ 121.544, 24.9664 ] } },
{ "type": "Feature", "properties": { "縣市及鄉鎮市區": "新北市鶯歌區", "經度": 121.3318, "緯度": 24.9671, "避難收容處所名稱": "鳳鳴國中", "預計收容人數": 527, "適用災害類別": "水災,震災,土石流,海嘯", "管理人姓名": "楊祚榮", "管理人電話": "02-26780202", "室內": "是", "室外": "是" }, "geometry": { "type": "Point", "coordinates": [ 121.3318, 24.9671 ] } },
{ "type": "Feature", "properties": { "縣市及鄉鎮市區": "新北市新店區", "經度": 121.5149, "緯度": 24.9688, "避難收容處所名稱": "安康高中", "預計收容人數": 1119, "適用災害類別": "水災,震災,土石流", "管理人姓名": "吳英同", "管理人電話": "02-29112281#1209", "室內": "是", "室外": "是" }, "geometry": { "type": "Point", "coordinates": [ 121.5149, 24.9688 ] } },
{ "type": "Feature", "properties": { "縣市及鄉鎮市區": "新北市鶯歌區", "經度": 121.3351, "緯度": 24.9691, "避難收容處所名稱": "鳳鳴國小", "預計收容人數": 342, "適用災害類別": "水災,震災,土石流,海嘯", "管理人姓名": "楊祚榮", "管理人電話": "02-26780202", "室內": "是", "室外": "是" }, "geometry": { "type": "Point", "coordinates": [ 121.3351, 24.9691 ] } },
{ "type": "Feature", "properties": { "縣市及鄉鎮市區": "新北市樹林區", "經度": 121.392558, "緯度": 24.971116, "避難收容處所名稱": "育德國小", "預計收容人數": 484, "適用災害類別": "震災,土石流,海嘯", "管理人姓名": "事務組長王心巧", "管理人電話": "26805557#131", "室內": "是", "室外": "是" }, "geometry": { "type": "Point", "coordinates": [ 121.392558, 24.971116 ] } },
{ "type": "Feature", "properties": { "縣市及鄉鎮市區": "新北市新店區", "經度": 121.5366, "緯度": 24.9717, "避難收容處所名稱": "中正國小", "預計收容人數": 1001, "適用災害類別": "水災,震災,土石流", "管理人姓名": "吳英同", "管理人電話": "02-29112281#1209", "室內": "是", "室外": "是" }, "geometry": { "type": "Point", "coordinates": [ 121.5366, 24.9717 ] } },
{ "type": "Feature", "properties": { "縣市及鄉鎮市區": "新北市新店區", "經度": 121.5391, "緯度": 24.9718, "避難收容處所名稱": "崇光女中", "預計收容人數": 522, "適用災害類別": "水災,震災,土石流", "管理人姓名": "吳英同", "管理人電話": "02-29112281#1209", "室內": "是", "室外": "是" }, "geometry": { "type": "Point", "coordinates": [ 121.5391, 24.9718 ] } },
{ "type": "Feature", "properties": { "縣市及鄉鎮市區": "新北市土城區", "經度": 121.441935, "緯度": 24.972383, "避難收容處所名稱": "土城國小", "預計收容人數": 958, "適用災害類別": "水災,震災,土石流,海嘯", "管理人姓名": "趙麗玲", "管理人電話": "02-22700177-851", "室內": "是", "室外": "是" }, "geometry": { "type": "Point", "coordinates": [ 121.441935, 24.972383 ] } },
{ "type": "Feature", "properties": { "縣市及鄉鎮市區": "新北市土城區", "經度": 121.442873, "緯度": 24.972533, "避難收容處所名稱": "土城區公所", "預計收容人數": 162, "適用災害類別": "水災,土石流,海嘯", "管理人姓名": "楊麗涵", "管理人電話": "02-22732000-543", "室內": "是", "室外": "是" }, "geometry": { "type": "Point", "coordinates": [ 121.442873, 24.972533 ] } },
{ "type": "Feature", "properties": { "縣市及鄉鎮市區": "新北市雙溪區", "經度": 121.827, "緯度": 24.9727, "避難收容處所名稱": "泰平里活動中心", "預計收容人數": 100, "適用災害類別": "水災,震災,土石流", "管理人姓名": "宋翔怡", "管理人電話": "02-24931111#124", "室內": "是", "室外": "否" }, "geometry": { "type": "Point", "coordinates": [ 121.827, 24.9727 ] } },
{ "type": "Feature", "properties": { "縣市及鄉鎮市區": "新北市樹林區", "經度": 121.39436, "緯度": 24.972721, "避難收容處所名稱": "山佳市民活動中心", "預計收容人數": 80, "適用災害類別": "水災,震災,土石流,海嘯", "管理人姓名": "游文瑩", "管理人電話": "02-26812106#1615", "室內": "是", "室外": "否" }, "geometry": { "type": "Point", "coordinates": [ 121.39436, 24.972721 ] } },
{ "type": "Feature", "properties": { "縣市及鄉鎮市區": "新北市鶯歌區", "經度": 121.3481, "緯度": 24.973, "避難收容處所名稱": "中湖里活動中心", "預計收容人數": 119, "適用災害類別": "水災,震災,土石流,海嘯", "管理人姓名": "楊祚榮", "管理人電話": "02-26780202", "室內": "是", "室外": "否" }, "geometry": { "type": "Point", "coordinates": [ 121.3481, 24.973 ] } },
{ "type": "Feature", "properties": { "縣市及鄉鎮市區": "新北市鶯歌區", "經度": 121.3481, "緯度": 24.973, "避難收容處所名稱": "中湖國小", "預計收容人數": 465, "適用災害類別": "水災,震災,土石流,海嘯", "管理人姓名": "楊祚榮", "管理人電話": "02-26780202", "室內": "是", "室外": "是" }, "geometry": { "type": "Point", "coordinates": [ 121.3481, 24.973 ] } },
{ "type": "Feature", "properties": { "縣市及鄉鎮市區": "新北市新店區", "經度": 121.5439, "緯度": 24.9737, "避難收容處所名稱": "北新國小　", "預計收容人數": 1737, "適用災害類別": "水災,震災,土石流", "管理人姓名": "吳英同", "管理人電話": "02-29112281#1209", "室內": "是", "室外": "是" }, "geometry": { "type": "Point", "coordinates": [ 121.5439, 24.9737 ] } },
{ "type": "Feature", "properties": { "縣市及鄉鎮市區": "新北市土城區", "經度": 121.458661, "緯度": 24.973802, "避難收容處所名稱": "清化市民活動中心", "預計收容人數": 30, "適用災害類別": "水災,土石流", "管理人姓名": "袁慧如", "管理人電話": "02-22615380", "室內": "是", "室外": "否" }, "geometry": { "type": "Point", "coordinates": [ 121.458661, 24.973802 ] } },
{ "type": "Feature", "properties": { "縣市及鄉鎮市區": "新北市土城區", "經度": 121.458661, "緯度": 24.973802, "避難收容處所名稱": "清和市民活動中心", "預計收容人數": 30, "適用災害類別": "水災,震災,土石流", "管理人姓名": "張源寶", "管理人電話": "02-22745669", "室內": "是", "室外": "否" }, "geometry": { "type": "Point", "coordinates": [ 121.458661, 24.973802 ] } },
{ "type": "Feature", "properties": { "縣市及鄉鎮市區": "新北市樹林區", "經度": 121.389871, "緯度": 24.973944, "避難收容處所名稱": "樂山市民活動中心", "預計收容人數": 61, "適用災害類別": "水災,震災,土石流", "管理人姓名": "江翊榕", "管理人電話": "26812106#1617", "室內": "是", "室外": "否" }, "geometry": { "type": "Point", "coordinates": [ 121.389871, 24.973944 ] } },
{ "type": "Feature", "properties": { "縣市及鄉鎮市區": "新北市新店區", "經度": 121.5318, "緯度": 24.9756, "避難收容處所名稱": "新店高中", "預計收容人數": 1307, "適用災害類別": "水災,震災,土石流", "管理人姓名": "吳英同", "管理人電話": "02-29112281#1209", "室內": "是", "室外": "是" }, "geometry": { "type": "Point", "coordinates": [ 121.5318, 24.9756 ] } },
{ "type": "Feature", "properties": { "縣市及鄉鎮市區": "新北市樹林區", "經度": 121.401678, "緯度": 24.975774, "避難收容處所名稱": "山佳國小", "預計收容人數": 654, "適用災害類別": "水災,震災,土石流,海嘯", "管理人姓名": "事務組長林清輝", "管理人電話": "26806673轉831", "室內": "是", "室外": "是" }, "geometry": { "type": "Point", "coordinates": [ 121.401678, 24.975774 ] } },
{ "type": "Feature", "properties": { "縣市及鄉鎮市區": "新北市新店區", "經度": 121.5355, "緯度": 24.9761, "避難收容處所名稱": "耕莘健康管理專科學校", "預計收容人數": 87, "適用災害類別": "水災,震災,土石流", "管理人姓名": "吳英同", "管理人電話": "02-29112281#1209", "室內": "是", "室外": "是" }, "geometry": { "type": "Point", "coordinates": [ 121.5355, 24.9761 ] } },
{ "type": "Feature", "properties": { "縣市及鄉鎮市區": "臺北市文山區", "經度": 121.5836, "緯度": 24.9764, "避難收容處所名稱": "指南國小", "預計收容人數": 20, "適用災害類別": "水災,震災", "管理人姓名": "張心怡", "管理人電話": "02-29393546#21", "室內": "是", "室外": "否" }, "geometry": { "type": "Point", "coordinates": [ 121.5836, 24.9764 ] } },
{ "type": "Feature", "properties": { "縣市及鄉鎮市區": "新北市新店區", "經度": 121.5376, "緯度": 24.9769, "避難收容處所名稱": "大豐社福館", "預計收容人數": 1540, "適用災害類別": "水災,震災,土石流", "管理人姓名": "吳英同", "管理人電話": "02-29112281#1209", "室內": "是", "室外": "否" }, "geometry": { "type": "Point", "coordinates": [ 121.5376, 24.9769 ] } },
{ "type": "Feature", "properties": { "縣市及鄉鎮市區": "新北市新店區", "經度": 121.5382, "緯度": 24.9776, "避難收容處所名稱": "大豐國小", "預計收容人數": 5794, "適用災害類別": "水災,震災,土石流", "管理人姓名": "吳英同", "管理人電話": "02-29112281#1209", "室內": "是", "室外": "是" }, "geometry": { "type": "Point", "coordinates": [ 121.5382, 24.9776 ] } },
{ "type": "Feature", "properties": { "縣市及鄉鎮市區": "新北市土城區", "經度": 121.442984, "緯度": 24.978282, "避難收容處所名稱": "員林市民活動中心", "預計收容人數": 77, "適用災害類別": "水災,震災,土石流", "管理人姓名": "蔡黃地", "管理人電話": "02-22610593", "室內": "是", "室外": "否" }, "geometry": { "type": "Point", "coordinates": [ 121.442984, 24.978282 ] } },
{ "type": "Feature", "properties": { "縣市及鄉鎮市區": "新北市中和區", "經度": 121.506, "緯度": 24.9799, "避難收容處所名稱": "竹林中學", "預計收容人數": 430, "適用災害類別": "水災,震災,土石流,海嘯", "管理人姓名": "劉師政", "管理人電話": "02-22482688#286", "室內": "是", "室外": "是" }, "geometry": { "type": "Point", "coordinates": [ 121.506, 24.9799 ] } },
{ "type": "Feature", "properties": { "縣市及鄉鎮市區": "新北市新店區", "經度": 121.5462, "緯度": 24.98, "避難收容處所名稱": "開明工商", "預計收容人數": 1945, "適用災害類別": "水災,震災,土石流", "管理人姓名": "吳英同", "管理人電話": "02-29112281#1209", "室內": "是", "室外": "是" }, "geometry": { "type": "Point", "coordinates": [ 121.5462, 24.98 ] } },
{ "type": "Feature", "properties": { "縣市及鄉鎮市區": "新北市石碇區", "經度": 121.6921, "緯度": 24.98, "避難收容處所名稱": "華梵大學于藝館3樓", "預計收容人數": 100, "適用災害類別": "水災,震災,土石流,海嘯", "管理人姓名": "陳靜瑤/楊朝欽", "管理人電話": "02-26632102#2422/#2462", "室內": "是", "室外": "是" }, "geometry": { "type": "Point", "coordinates": [ 121.6921, 24.98 ] } },
{ "type": "Feature", "properties": { "縣市及鄉鎮市區": "新北市土城區", "經度": 121.464447, "緯度": 24.98031, "避難收容處所名稱": "青山市民活動中心", "預計收容人數": 18, "適用災害類別": "水災,震災,土石流", "管理人姓名": "姚韋華", "管理人電話": "02-22734192", "室內": "是", "室外": "否" }, "geometry": { "type": "Point", "coordinates": [ 121.464447, 24.98031 ] } },
{ "type": "Feature", "properties": { "縣市及鄉鎮市區": "新北市土城區", "經度": 121.464447, "緯度": 24.98031, "避難收容處所名稱": "永富市民活動中心", "預計收容人數": 25, "適用災害類別": "水災,土石流", "管理人姓名": "黃思儀", "管理人電話": "02-22644813", "室內": "是", "室外": "否" }, "geometry": { "type": "Point", "coordinates": [ 121.464447, 24.98031 ] } },
{ "type": "Feature", "properties": { "縣市及鄉鎮市區": "臺北市文山區", "經度": 121.5562, "緯度": 24.9807, "避難收容處所名稱": "景美女中", "預計收容人數": 300, "適用災害類別": "水災,震災", "管理人姓名": "林宜德", "管理人電話": "02-29368847#201", "室內": "是", "室外": "否" }, "geometry": { "type": "Point", "coordinates": [ 121.5562, 24.9807 ] } },
{ "type": "Feature", "properties": { "縣市及鄉鎮市區": "新北市土城區", "經度": 121.467199, "緯度": 24.980803, "避難收容處所名稱": "廷寮市民活動中心", "預計收容人數": 80, "適用災害類別": "水災,震災,土石流,海嘯", "管理人姓名": "洪焜猛", "管理人電話": "02-22626089", "室內": "是", "室外": "否" }, "geometry": { "type": "Point", "coordinates": [ 121.467199, 24.980803 ] } },
{ "type": "Feature", "properties": { "縣市及鄉鎮市區": "新北市新店區", "經度": 121.5448, "緯度": 24.9809, "避難收容處所名稱": "南強工商", "預計收容人數": 1132, "適用災害類別": "水災,震災,土石流,海嘯", "管理人姓名": "吳英同", "管理人電話": "02-29112281#1209", "室內": "是", "室外": "是" }, "geometry": { "type": "Point", "coordinates": [ 121.5448, 24.9809 ] } },
{ "type": "Feature", "properties": { "縣市及鄉鎮市區": "臺北市文山區", "經度": 121.561, "緯度": 24.9809, "避難收容處所名稱": "力行國小", "預計收容人數": 30, "適用災害類別": "水災,震災", "管理人姓名": "吳阿理", "管理人電話": "02-29363995#821", "室內": "是", "室外": "否" }, "geometry": { "type": "Point", "coordinates": [ 121.561, 24.9809 ] } },
{ "type": "Feature", "properties": { "縣市及鄉鎮市區": "新北市樹林區", "經度": 121.417421, "緯度": 24.981493, "避難收容處所名稱": "大同國小", "預計收容人數": 450, "適用災害類別": "水災,震災,土石流,海嘯", "管理人姓名": "事務組長沈炳育", "管理人電話": "86865486轉842", "室內": "是", "室外": "是" }, "geometry": { "type": "Point", "coordinates": [ 121.417421, 24.981493 ] } },
{ "type": "Feature", "properties": { "縣市及鄉鎮市區": "新北市樹林區", "經度": 121.410902, "緯度": 24.981593, "避難收容處所名稱": "東陽市民活動中心", "預計收容人數": 78, "適用災害類別": "震災,土石流,海嘯", "管理人姓名": "何錦綢", "管理人電話": "02-26812106#1614", "室內": "是", "室外": "否" }, "geometry": { "type": "Point", "coordinates": [ 121.410902, 24.981593 ] } },
{ "type": "Feature", "properties": { "縣市及鄉鎮市區": "新北市樹林區", "經度": 121.42394, "緯度": 24.981755, "避難收容處所名稱": "彭福國小", "預計收容人數": 1704, "適用災害類別": "水災,震災,土石流,海嘯", "管理人姓名": "事務祖長王鴻萍", "管理人電話": "86866589#803", "室內": "是", "室外": "是" }, "geometry": { "type": "Point", "coordinates": [ 121.42394, 24.981755 ] } },
{ "type": "Feature", "properties": { "縣市及鄉鎮市區": "新北市土城區", "經度": 121.465311, "緯度": 24.982013, "避難收容處所名稱": "清水高中", "預計收容人數": 1033, "適用災害類別": "水災,震災,土石流,海嘯", "管理人姓名": "林呈隆", "管理人電話": "02-22707801-400", "室內": "是", "室外": "是" }, "geometry": { "type": "Point", "coordinates": [ 121.465311, 24.982013 ] } },
{ "type": "Feature", "properties": { "縣市及鄉鎮市區": "新北市中和區", "經度": 121.5076, "緯度": 24.9822, "避難收容處所名稱": "華夏科技大學", "預計收容人數": 1447, "適用災害類別": "水災,震災,土石流,海嘯", "管理人姓名": "劉師政", "管理人電話": "02-22482688＃286", "室內": "是", "室外": "是" }, "geometry": { "type": "Point", "coordinates": [ 121.5076, 24.9822 ] } },
{ "type": "Feature", "properties": { "縣市及鄉鎮市區": "新北市土城區", "經度": 121.458501, "緯度": 24.98237, "避難收容處所名稱": "青雲,柑林市民活動中心", "預計收容人數": 50, "適用災害類別": "土石流", "管理人姓名": "廖特青 張育誠", "管理人電話": "02-22659858 02-22736647", "室內": "是", "室外": "否" }, "geometry": { "type": "Point", "coordinates": [ 121.458501, 24.98237 ] } },
{ "type": "Feature", "properties": { "縣市及鄉鎮市區": "新北市土城區", "經度": 121.439585, "緯度": 24.982977, "避難收容處所名稱": "裕德高中", "預計收容人數": 975, "適用災害類別": "水災,震災,土石流,海嘯", "管理人姓名": "簡嘉良", "管理人電話": "02-82617889-225", "室內": "是", "室外": "是" }, "geometry": { "type": "Point", "coordinates": [ 121.439585, 24.982977 ] } },
{ "type": "Feature", "properties": { "縣市及鄉鎮市區": "新北市土城區", "經度": 121.45038, "緯度": 24.983308, "避難收容處所名稱": "新北高工", "預計收容人數": 2785, "適用災害類別": "水災,震災,土石流,海嘯", "管理人姓名": "洪儒", "管理人電話": "02-22612483-30", "室內": "是", "室外": "是" }, "geometry": { "type": "Point", "coordinates": [ 121.45038, 24.983308 ] } },
{ "type": "Feature", "properties": { "縣市及鄉鎮市區": "臺北市文山區", "經度": 121.5547, "緯度": 24.9834, "避難收容處所名稱": "實踐國中", "預計收容人數": 300, "適用災害類別": "水災,震災", "管理人姓名": "吳佳晉", "管理人電話": "02-22362852#150", "室內": "是", "室外": "否" }, "geometry": { "type": "Point", "coordinates": [ 121.5547, 24.9834 ] } },
{ "type": "Feature", "properties": { "縣市及鄉鎮市區": "新北市土城區", "經度": 121.456842, "緯度": 24.983456, "避難收容處所名稱": "中正國中", "預計收容人數": 415, "適用災害類別": "水災,震災,土石流,海嘯", "管理人姓名": "林碧文", "管理人電話": "02-22628456-815", "室內": "是", "室外": "是" }, "geometry": { "type": "Point", "coordinates": [ 121.456842, 24.983456 ] } },
{ "type": "Feature", "properties": { "縣市及鄉鎮市區": "新北市樹林區", "經度": 121.422804, "緯度": 24.983502, "避難收容處所名稱": "樹林高級中學", "預計收容人數": 1404, "適用災害類別": "震災,土石流,海嘯", "管理人姓名": "總務主任林浩吉", "管理人電話": "86852011#2112", "室內": "是", "室外": "是" }, "geometry": { "type": "Point", "coordinates": [ 121.422804, 24.983502 ] } },
{ "type": "Feature", "properties": { "縣市及鄉鎮市區": "臺北市文山區", "經度": 121.5575, "緯度": 24.9836, "避難收容處所名稱": "實踐國小", "預計收容人數": 75, "適用災害類別": "水災,震災", "管理人姓名": "蔡宗儒", "管理人電話": "02-29360725#140", "室內": "是", "室外": "否" }, "geometry": { "type": "Point", "coordinates": [ 121.5575, 24.9836 ] } },
{ "type": "Feature", "properties": { "縣市及鄉鎮市區": "新北市樹林區", "經度": 121.415159, "緯度": 24.984222, "避難收容處所名稱": "東昇市民活動中心", "預計收容人數": 214, "適用災害類別": "水災,震災,土石流,海嘯", "管理人姓名": "陳雅晴", "管理人電話": "02-268121061613", "室內": "是", "室外": "否" }, "geometry": { "type": "Point", "coordinates": [ 121.415159, 24.984222 ] } },
{ "type": "Feature", "properties": { "縣市及鄉鎮市區": "新北市土城區", "經度": 121.461508, "緯度": 24.984402, "避難收容處所名稱": "清水國小", "預計收容人數": 597, "適用災害類別": "水災,震災,土石流,海嘯", "管理人姓名": "劉員池", "管理人電話": "02-22618316-401", "室內": "是", "室外": "是" }, "geometry": { "type": "Point", "coordinates": [ 121.461508, 24.984402 ] } },
{ "type": "Feature", "properties": { "縣市及鄉鎮市區": "新北市新店區", "經度": 121.5182, "緯度": 24.9846, "避難收容處所名稱": "新和國小", "預計收容人數": 648, "適用災害類別": "水災,震災,土石流", "管理人姓名": "吳英同", "管理人電話": "02-29112281#1209", "室內": "是", "室外": "是" }, "geometry": { "type": "Point", "coordinates": [ 121.5182, 24.9846 ] } },
{ "type": "Feature", "properties": { "縣市及鄉鎮市區": "臺北市文山區", "經度": 121.5783, "緯度": 24.9849, "避難收容處所名稱": "北政國中", "預計收容人數": 20, "適用災害類別": "水災,震災", "管理人姓名": "陳友城", "管理人電話": "29393651#51", "室內": "是", "室外": "否" }, "geometry": { "type": "Point", "coordinates": [ 121.5783, 24.9849 ] } },
{ "type": "Feature", "properties": { "縣市及鄉鎮市區": "新北市土城區", "經度": 121.447559, "緯度": 24.985602, "避難收容處所名稱": "樂利國小", "預計收容人數": 1168, "適用災害類別": "水災,震災,土石流,海嘯", "管理人姓名": "李明憲", "管理人電話": "02-22662568-831", "室內": "是", "室外": "是" }, "geometry": { "type": "Point", "coordinates": [ 121.447559, 24.985602 ] } },
{ "type": "Feature", "properties": { "縣市及鄉鎮市區": "新北市新店區", "經度": 121.5322, "緯度": 24.9858, "避難收容處所名稱": "莊敬工家", "預計收容人數": 8362, "適用災害類別": "水災,震災,土石流", "管理人姓名": "吳英同", "管理人電話": "02-29112281#1209", "室內": "是", "室外": "否" }, "geometry": { "type": "Point", "coordinates": [ 121.5322, 24.9858 ] } },
{ "type": "Feature", "properties": { "縣市及鄉鎮市區": "新北市土城區", "經度": 121.457766, "緯度": 24.985909, "避難收容處所名稱": "廣興市民活動中心", "預計收容人數": 50, "適用災害類別": "水災,土石流", "管理人姓名": "張淑玲", "管理人電話": "02-22625088", "室內": "是", "室外": "否" }, "geometry": { "type": "Point", "coordinates": [ 121.457766, 24.985909 ] } },
{ "type": "Feature", "properties": { "縣市及鄉鎮市區": "新北市土城區", "經度": 121.457766, "緯度": 24.985909, "避難收容處所名稱": "廣福市民活動中心", "預計收容人數": 50, "適用災害類別": "水災,震災,土石流", "管理人姓名": "丁科秀", "管理人電話": "02-22629394", "室內": "是", "室外": "否" }, "geometry": { "type": "Point", "coordinates": [ 121.457766, 24.985909 ] } },
{ "type": "Feature", "properties": { "縣市及鄉鎮市區": "新北市樹林區", "經度": 121.415677, "緯度": 24.986051, "避難收容處所名稱": "育林國小", "預計收容人數": 135, "適用災害類別": "水災,震災,土石流,海嘯", "管理人姓名": "事務組長 杜炳倫", "管理人電話": "26832112#303", "室內": "是", "室外": "是" }, "geometry": { "type": "Point", "coordinates": [ 121.415677, 24.986051 ] } },
{ "type": "Feature", "properties": { "縣市及鄉鎮市區": "新北市樹林區", "經度": 121.415677, "緯度": 24.986051, "避難收容處所名稱": "育林國中", "預計收容人數": 574, "適用災害類別": "水災,震災,土石流,海嘯", "管理人姓名": "事務組長潘怡娟", "管理人電話": "26841160#122", "室內": "是", "室外": "是" }, "geometry": { "type": "Point", "coordinates": [ 121.415677, 24.986051 ] } },
{ "type": "Feature", "properties": { "縣市及鄉鎮市區": "新北市中和區", "經度": 121.5085, "緯度": 24.9862, "避難收容處所名稱": "中和國中", "預計收容人數": 2649, "適用災害類別": "水災,震災,土石流,海嘯", "管理人姓名": "劉師政", "管理人電話": "02-22482688＃286", "室內": "是", "室外": "是" }, "geometry": { "type": "Point", "coordinates": [ 121.5085, 24.9862 ] } },
{ "type": "Feature", "properties": { "縣市及鄉鎮市區": "新北市中和區", "經度": 121.5091, "緯度": 24.9867, "避難收容處所名稱": "興南國小", "預計收容人數": 1278, "適用災害類別": "水災,震災,土石流,海嘯", "管理人姓名": "劉師政", "管理人電話": "02-22482688#286", "室內": "是", "室外": "是" }, "geometry": { "type": "Point", "coordinates": [ 121.5091, 24.9867 ] } },
{ "type": "Feature", "properties": { "縣市及鄉鎮市區": "新北市土城區", "經度": 121.454896, "緯度": 24.986953, "避難收容處所名稱": "廣福國小", "預計收容人數": 608, "適用災害類別": "水災,震災,土石流,海嘯", "管理人姓名": "施杰翰", "管理人電話": "02-22626782-100", "室內": "是", "室外": "是" }, "geometry": { "type": "Point", "coordinates": [ 121.454896, 24.986953 ] } },
{ "type": "Feature", "properties": { "縣市及鄉鎮市區": "新北市板橋區", "經度": 121.4309, "緯度": 24.9873, "避難收容處所名稱": "溪洲國小", "預計收容人數": 1021, "適用災害類別": "震災,土石流,海嘯", "管理人姓名": "謝瀚頡組長", "管理人電話": "2686770551", "室內": "是", "室外": "是" }, "geometry": { "type": "Point", "coordinates": [ 121.4309, 24.9873 ] } },
{ "type": "Feature", "properties": { "縣市及鄉鎮市區": "臺北市文山區", "經度": 121.5626, "緯度": 24.9874, "避難收容處所名稱": "明道國小", "預計收容人數": 42, "適用災害類別": "水災,震災", "管理人姓名": "莊文玲", "管理人電話": "02-29392821#14", "室內": "是", "室外": "否" }, "geometry": { "type": "Point", "coordinates": [ 121.5626, 24.9874 ] } },
{ "type": "Feature", "properties": { "縣市及鄉鎮市區": "臺北市文山區", "經度": 121.5677, "緯度": 24.9875, "避難收容處所名稱": "木柵國中", "預計收容人數": 30, "適用災害類別": "水災,震災", "管理人姓名": "余鎮遠", "管理人電話": "02-29393031#600", "室內": "是", "室外": "否" }, "geometry": { "type": "Point", "coordinates": [ 121.5677, 24.9875 ] } },
{ "type": "Feature", "properties": { "縣市及鄉鎮市區": "臺北市文山區", "經度": 121.55, "緯度": 24.9876, "避難收容處所名稱": "永建國小", "預計收容人數": 30, "適用災害類別": "水災,震災", "管理人姓名": "陳佳雯", "管理人電話": "02-22363855#125", "室內": "是", "室外": "否" }, "geometry": { "type": "Point", "coordinates": [ 121.55, 24.9876 ] } },
{ "type": "Feature", "properties": { "縣市及鄉鎮市區": "新北市土城區", "經度": 121.464774, "緯度": 24.988807, "避難收容處所名稱": "安和國小", "預計收容人數": 2293, "適用災害類別": "水災,震災,土石流,海嘯", "管理人姓名": "黃富聰", "管理人電話": "02-22603451-131", "室內": "是", "室外": "是" }, "geometry": { "type": "Point", "coordinates": [ 121.464774, 24.988807 ] } },
{ "type": "Feature", "properties": { "縣市及鄉鎮市區": "新北市中和區", "經度": 121.515, "緯度": 24.9893, "避難收容處所名稱": "景新國小", "預計收容人數": 897, "適用災害類別": "水災,震災,土石流,海嘯", "管理人姓名": "劉師政", "管理人電話": "02-22482688＃286", "室內": "是", "室外": "是" }, "geometry": { "type": "Point", "coordinates": [ 121.515, 24.9893 ] } },
{ "type": "Feature", "properties": { "縣市及鄉鎮市區": "臺北市文山區", "經度": 121.5408, "緯度": 24.9895, "避難收容處所名稱": "景美國小", "預計收容人數": 74, "適用災害類別": "水災,震災", "管理人姓名": "莊琬婷", "管理人電話": "02-29322151#130", "室內": "是", "室外": "否" }, "geometry": { "type": "Point", "coordinates": [ 121.5408, 24.9895 ] } },
{ "type": "Feature", "properties": { "縣市及鄉鎮市區": "新北市中和區", "經度": 121.5019, "緯度": 24.9896, "避難收容處所名稱": "復興國小", "預計收容人數": 946, "適用災害類別": "水災,土石流,海嘯", "管理人姓名": "劉師政", "管理人電話": "02-22482688＃286", "室內": "是", "室外": "是" }, "geometry": { "type": "Point", "coordinates": [ 121.5019, 24.9896 ] } },
{ "type": "Feature", "properties": { "縣市及鄉鎮市區": "臺北市文山區", "經度": 121.5701, "緯度": 24.9896, "避難收容處所名稱": "行政中心大禮堂", "預計收容人數": 60, "適用災害類別": "水災,震災", "管理人姓名": "周如倩", "管理人電話": "29365522#324", "室內": "是", "室外": "否" }, "geometry": { "type": "Point", "coordinates": [ 121.5701, 24.9896 ] } },
{ "type": "Feature", "properties": { "縣市及鄉鎮市區": "新北市板橋區", "經度": 121.4305, "緯度": 24.9897, "避難收容處所名稱": "沙崙國小", "預計收容人數": 1692, "適用災害類別": "震災", "管理人姓名": "王亭雅組長", "管理人電話": "26812764832", "室內": "是", "室外": "是" }, "geometry": { "type": "Point", "coordinates": [ 121.4305, 24.9897 ] } },
{ "type": "Feature", "properties": { "縣市及鄉鎮市區": "新北市中和區", "經度": 121.5065, "緯度": 24.9897, "避難收容處所名稱": "復興大樓圖書館", "預計收容人數": 25, "適用災害類別": "水災,震災,土石流,海嘯", "管理人姓名": "劉師政", "管理人電話": "02-22482688#286", "室內": "是", "室外": "否" }, "geometry": { "type": "Point", "coordinates": [ 121.5065, 24.9897 ] } },
{ "type": "Feature", "properties": { "縣市及鄉鎮市區": "新北市樹林區", "經度": 121.424633, "緯度": 24.989981, "避難收容處所名稱": "樹林區公所", "預計收容人數": 215, "適用災害類別": "水災,震災,土石流", "管理人姓名": "社會人文課長 童冠璋", "管理人電話": "02-26812106#1606", "室內": "是", "室外": "否" }, "geometry": { "type": "Point", "coordinates": [ 121.424633, 24.989981 ] } },
{ "type": "Feature", "properties": { "縣市及鄉鎮市區": "新北市樹林區", "經度": 121.418101, "緯度": 24.99003, "避難收容處所名稱": "樹林國小", "預計收容人數": 304, "適用災害類別": "水災,震災,土石流,海嘯", "管理人姓名": "事務組長黃奎瑋", "管理人電話": "26812014轉832", "室內": "是", "室外": "是" }, "geometry": { "type": "Point", "coordinates": [ 121.418101, 24.99003 ] } },
{ "type": "Feature", "properties": { "縣市及鄉鎮市區": "新北市中和區", "經度": 121.4893, "緯度": 24.9901, "避難收容處所名稱": "錦和國小", "預計收容人數": 1173, "適用災害類別": "水災,震災,土石流,海嘯", "管理人姓名": "劉師政", "管理人電話": "02-22482688#286", "室內": "是", "室外": "是" }, "geometry": { "type": "Point", "coordinates": [ 121.4893, 24.9901 ] } },
{ "type": "Feature", "properties": { "縣市及鄉鎮市區": "臺北市文山區", "經度": 121.5702, "緯度": 24.9903, "避難收容處所名稱": "木柵國小", "預計收容人數": 155, "適用災害類別": "水災,震災", "管理人姓名": "林光媚", "管理人電話": "02-29391234#130", "室內": "是", "室外": "否" }, "geometry": { "type": "Point", "coordinates": [ 121.5702, 24.9903 ] } },
{ "type": "Feature", "properties": { "縣市及鄉鎮市區": "新北市石碇區", "經度": 121.659, "緯度": 24.9903, "避難收容處所名稱": "石碇國小", "預計收容人數": 109, "適用災害類別": "水災,震災,土石流,海嘯", "管理人姓名": "李炳坤/李玳辰", "管理人電話": "02-26631244#13/#29", "室內": "是", "室外": "是" }, "geometry": { "type": "Point", "coordinates": [ 121.659, 24.9903 ] } },
{ "type": "Feature", "properties": { "縣市及鄉鎮市區": "臺北市文山區", "經度": 121.5766, "緯度": 24.9904, "避難收容處所名稱": "萬興國小", "預計收容人數": 125, "適用災害類別": "水災,震災", "管理人姓名": "錢宜黎", "管理人電話": "02-29381721#131", "室內": "是", "室外": "否" }, "geometry": { "type": "Point", "coordinates": [ 121.5766, 24.9904 ] } },
{ "type": "Feature", "properties": { "縣市及鄉鎮市區": "新北市板橋區", "經度": 121.4528, "緯度": 24.9917, "避難收容處所名稱": "信義國小", "預計收容人數": 1024, "適用災害類別": "震災", "管理人姓名": "郭逸涵組長", "管理人電話": "89667817122", "室內": "是", "室外": "是" }, "geometry": { "type": "Point", "coordinates": [ 121.4528, 24.9917 ] } },
{ "type": "Feature", "properties": { "縣市及鄉鎮市區": "新北市中和區", "經度": 121.4911, "緯度": 24.9925, "避難收容處所名稱": "錦和中學", "預計收容人數": 2543, "適用災害類別": "水災,震災,土石流,海嘯", "管理人姓名": "劉師政", "管理人電話": "02-22482688＃286", "室內": "是", "室外": "是" }, "geometry": { "type": "Point", "coordinates": [ 121.4911, 24.9925 ] } },
{ "type": "Feature", "properties": { "縣市及鄉鎮市區": "臺北市文山區", "經度": 121.5429, "緯度": 24.993, "避難收容處所名稱": "景美國中", "預計收容人數": 80, "適用災害類別": "水災,震災", "管理人姓名": "張光耀", "管理人電話": "02-89353130#501", "室內": "是", "室外": "否" }, "geometry": { "type": "Point", "coordinates": [ 121.5429, 24.993 ] } },
{ "type": "Feature", "properties": { "縣市及鄉鎮市區": "新北市中和區", "經度": 121.4783, "緯度": 24.994, "避難收容處所名稱": "中和高中", "預計收容人數": 2072, "適用災害類別": "水災,震災,土石流,海嘯", "管理人姓名": "劉師政", "管理人電話": "02-22482688#286", "室內": "是", "室外": "是" }, "geometry": { "type": "Point", "coordinates": [ 121.4783, 24.994 ] } },
{ "type": "Feature", "properties": { "縣市及鄉鎮市區": "臺北市文山區", "經度": 121.5387, "緯度": 24.9941, "避難收容處所名稱": "溪口國小", "預計收容人數": 90, "適用災害類別": "水災,震災", "管理人姓名": "劉家森", "管理人電話": "29350955＃715", "室內": "是", "室外": "否" }, "geometry": { "type": "Point", "coordinates": [ 121.5387, 24.9941 ] } },
{ "type": "Feature", "properties": { "縣市及鄉鎮市區": "新北市中和區", "經度": 121.5212, "緯度": 24.9942, "避難收容處所名稱": "秀山國小", "預計收容人數": 4228, "適用災害類別": "水災,震災,土石流,海嘯", "管理人姓名": "劉師政", "管理人電話": "02-22482688＃286", "室內": "是", "室外": "是" }, "geometry": { "type": "Point", "coordinates": [ 121.5212, 24.9942 ] } },
{ "type": "Feature", "properties": { "縣市及鄉鎮市區": "新北市板橋區", "經度": 121.4624, "緯度": 24.9945, "避難收容處所名稱": "重慶國小", "預計收容人數": 2135, "適用災害類別": "水災,震災,土石流,海嘯", "管理人姓名": "方素英組長", "管理人電話": "29565592305", "室內": "是", "室外": "是" }, "geometry": { "type": "Point", "coordinates": [ 121.4624, 24.9945 ] } },
{ "type": "Feature", "properties": { "縣市及鄉鎮市區": "臺北市文山區", "經度": 121.5446, "緯度": 24.9956, "避難收容處所名稱": "景華公園", "預計收容人數": 1350, "適用災害類別": "震災", "管理人姓名": "高奕翔", "管理人電話": "2788-4255", "室內": "否", "室外": "是" }, "geometry": { "type": "Point", "coordinates": [ 121.5446, 24.9956 ] } },
{ "type": "Feature", "properties": { "縣市及鄉鎮市區": "新北市永和區", "經度": 121.5143, "緯度": 24.9957, "避難收容處所名稱": "智光商工", "預計收容人數": 722, "適用災害類別": "震災,土石流,海嘯", "管理人姓名": "張傳奇", "管理人電話": "29432491#220", "室內": "是", "室外": "是" }, "geometry": { "type": "Point", "coordinates": [ 121.5143, 24.9957 ] } },
{ "type": "Feature", "properties": { "縣市及鄉鎮市區": "臺北市文山區", "經度": 121.5719, "緯度": 24.9959, "避難收容處所名稱": "木柵高工", "預計收容人數": 169, "適用災害類別": "水災,震災", "管理人姓名": "蔡明雄", "管理人電話": "02-22300506#601", "室內": "是", "室外": "否" }, "geometry": { "type": "Point", "coordinates": [ 121.5719, 24.9959 ] } },
{ "type": "Feature", "properties": { "縣市及鄉鎮市區": "臺北市文山區", "經度": 121.5482, "緯度": 24.9961, "避難收容處所名稱": "景興國小", "預計收容人數": 126, "適用災害類別": "水災,震災", "管理人姓名": "張郁敏", "管理人電話": "02-29329438#41", "室內": "是", "室外": "否" }, "geometry": { "type": "Point", "coordinates": [ 121.5482, 24.9961 ] } },
{ "type": "Feature", "properties": { "縣市及鄉鎮市區": "臺北市文山區", "經度": 121.5443, "緯度": 24.9962, "避難收容處所名稱": "景興國中", "預計收容人數": 100, "適用災害類別": "水災,震災", "管理人姓名": "朱美銀", "管理人電話": "02-29323794#130", "室內": "是", "室外": "否" }, "geometry": { "type": "Point", "coordinates": [ 121.5443, 24.9962 ] } },
{ "type": "Feature", "properties": { "縣市及鄉鎮市區": "臺北市文山區", "經度": 121.5443, "緯度": 24.9962, "避難收容處所名稱": "臺北市文山運動中心", "預計收容人數": 189, "適用災害類別": "震災", "管理人姓名": "劉宜庭", "管理人電話": "2570-2330轉6423", "室內": "是", "室外": "否" }, "geometry": { "type": "Point", "coordinates": [ 121.5443, 24.9962 ] } },
{ "type": "Feature", "properties": { "縣市及鄉鎮市區": "新北市樹林區", "經度": 121.426072, "緯度": 24.997757, "避難收容處所名稱": "文林國小", "預計收容人數": 1151, "適用災害類別": "震災,土石流", "管理人姓名": "事務組長安臺興", "管理人電話": "26812625轉841", "室內": "是", "室外": "是" }, "geometry": { "type": "Point", "coordinates": [ 121.426072, 24.997757 ] } },
{ "type": "Feature", "properties": { "縣市及鄉鎮市區": "新北市永和區", "經度": 121.5199, "緯度": 24.998, "避難收容處所名稱": "民權市民活動中心", "預計收容人數": 125, "適用災害類別": "水災,震災,土石流,海嘯", "管理人姓名": "王晨燁", "管理人電話": "29282828#111", "室內": "是", "室外": "否" }, "geometry": { "type": "Point", "coordinates": [ 121.5199, 24.998 ] } },
{ "type": "Feature", "properties": { "縣市及鄉鎮市區": "新北市板橋區", "經度": 121.4632, "緯度": 24.9982, "避難收容處所名稱": "重慶國中", "預計收容人數": 2826, "適用災害類別": "水災,震災,土石流,海嘯", "管理人姓名": "陳冠樺組長", "管理人電話": "29543001504", "室內": "是", "室外": "是" }, "geometry": { "type": "Point", "coordinates": [ 121.4632, 24.9982 ] } },
{ "type": "Feature", "properties": { "縣市及鄉鎮市區": "新北市中和區", "經度": 121.5002, "緯度": 24.9982, "避難收容處所名稱": "中和區公所", "預計收容人數": 65, "適用災害類別": "水災,震災,土石流,海嘯", "管理人姓名": "劉師政", "管理人電話": "02-22482688＃286", "室內": "是", "室外": "否" }, "geometry": { "type": "Point", "coordinates": [ 121.5002, 24.9982 ] } },
{ "type": "Feature", "properties": { "縣市及鄉鎮市區": "新北市深坑區", "經度": 121.6072, "緯度": 24.9983, "避難收容處所名稱": "阿柔市民活動中心", "預計收容人數": 57, "適用災害類別": "震災,土石流,海嘯", "管理人姓名": "羅定國林進發", "管理人電話": "2.66E+15", "室內": "是", "室外": "否" }, "geometry": { "type": "Point", "coordinates": [ 121.6072, 24.9983 ] } },
{ "type": "Feature", "properties": { "縣市及鄉鎮市區": "新北市板橋區", "經度": 121.4313, "緯度": 24.9984, "避難收容處所名稱": "溪崑國中", "預計收容人數": 785, "適用災害類別": "水災,震災", "管理人姓名": "彭素櫻組長", "管理人電話": "26869729383", "室內": "是", "室外": "是" }, "geometry": { "type": "Point", "coordinates": [ 121.4313, 24.9984 ] } },
{ "type": "Feature", "properties": { "縣市及鄉鎮市區": "新北市中和區", "經度": 121.4719, "緯度": 24.9985, "避難收容處所名稱": "自強國小", "預計收容人數": 562, "適用災害類別": "水災,震災,土石流,海嘯", "管理人姓名": "劉師政", "管理人電話": "02-22482688＃286", "室內": "是", "室外": "是" }, "geometry": { "type": "Point", "coordinates": [ 121.4719, 24.9985 ] } },
{ "type": "Feature", "properties": { "縣市及鄉鎮市區": "臺北市文山區", "經度": 121.5388, "緯度": 24.9987, "避難收容處所名稱": "志清國小", "預計收容人數": 35, "適用災害類別": "水災,震災", "管理人姓名": "王信傑", "管理人電話": "02-29323875#40", "室內": "是", "室外": "否" }, "geometry": { "type": "Point", "coordinates": [ 121.5388, 24.9987 ] } },
{ "type": "Feature", "properties": { "縣市及鄉鎮市區": "新北市中和區", "經度": 121.4726, "緯度": 24.9988, "避難收容處所名稱": "自強國中", "預計收容人數": 936, "適用災害類別": "水災,震災,土石流,海嘯", "管理人姓名": "劉師政", "管理人電話": "02-22482688#286", "室內": "是", "室外": "是" }, "geometry": { "type": "Point", "coordinates": [ 121.4726, 24.9988 ] } },
{ "type": "Feature", "properties": { "縣市及鄉鎮市區": "臺北市文山區", "經度": 121.5587, "緯度": 24.9988, "避難收容處所名稱": "興華國小", "預計收容人數": 30, "適用災害類別": "水災,震災", "管理人姓名": "呂昌諭", "管理人電話": "02-22393070#130", "室內": "是", "室外": "否" }, "geometry": { "type": "Point", "coordinates": [ 121.5587, 24.9988 ] } },
{ "type": "Feature", "properties": { "縣市及鄉鎮市區": "新北市中和區", "經度": 121.4814, "緯度": 24.9991, "避難收容處所名稱": "積穗國小", "預計收容人數": 545, "適用災害類別": "水災,震災,土石流,海嘯", "管理人姓名": "劉師政", "管理人電話": "02-22482688#286", "室內": "是", "室外": "是" }, "geometry": { "type": "Point", "coordinates": [ 121.4814, 24.9991 ] } },
{ "type": "Feature", "properties": { "縣市及鄉鎮市區": "新北市永和區", "經度": 121.5214, "緯度": 24.9997, "避難收容處所名稱": "秀朗國小", "預計收容人數": 2124, "適用災害類別": "水災,震災,土石流,海嘯", "管理人姓名": "劉思亭", "管理人電話": "02-29420451#5502", "室內": "是", "室外": "是" }, "geometry": { "type": "Point", "coordinates": [ 121.5214, 24.9997 ] } },
{ "type": "Feature", "properties": { "縣市及鄉鎮市區": "新北市中和區", "經度": 121.5016, "緯度": 24.9999, "避難收容處所名稱": "中和國小", "預計收容人數": 2866, "適用災害類別": "水災,震災,土石流,海嘯", "管理人姓名": "劉師政", "管理人電話": "02-22482688＃286", "室內": "是", "室外": "是" }, "geometry": { "type": "Point", "coordinates": [ 121.5016, 24.9999 ] } },
{ "type": "Feature", "properties": { "縣市及鄉鎮市區": "新北市中和區", "經度": 121.4798, "緯度": 25.0004, "避難收容處所名稱": "積穗國中", "預計收容人數": 597, "適用災害類別": "水災,震災,土石流,海嘯", "管理人姓名": "劉師政", "管理人電話": "02-22482688＃286", "室內": "是", "室外": "是" }, "geometry": { "type": "Point", "coordinates": [ 121.4798, 25.0004 ] } },
{ "type": "Feature", "properties": { "縣市及鄉鎮市區": "臺北市文山區", "經度": 121.5588, "緯度": 25.0005, "避難收容處所名稱": "萬芳高中", "預計收容人數": 131, "適用災害類別": "水災,震災", "管理人姓名": "張盈霏", "管理人電話": "02-22309585#500", "室內": "是", "室外": "否" }, "geometry": { "type": "Point", "coordinates": [ 121.5588, 25.0005 ] } },
{ "type": "Feature", "properties": { "縣市及鄉鎮市區": "新北市深坑區", "經度": 121.6041, "緯度": 25.0008, "避難收容處所名稱": "萬順市民活動中心", "預計收容人數": 22, "適用災害類別": "震災,土石流,海嘯", "管理人姓名": "楊文得-許添丁", "管理人電話": "26622208-26621959", "室內": "是", "室外": "否" }, "geometry": { "type": "Point", "coordinates": [ 121.6041, 25.0008 ] } },
{ "type": "Feature", "properties": { "縣市及鄉鎮市區": "新北市中和區", "經度": 121.5011, "緯度": 25.0014, "避難收容處所名稱": "鶴齡交誼中心", "預計收容人數": 82, "適用災害類別": "水災,震災,土石流,海嘯", "管理人姓名": "劉師政", "管理人電話": "02-22482688#286", "室內": "是", "室外": "否" }, "geometry": { "type": "Point", "coordinates": [ 121.5011, 25.0014 ] } },
{ "type": "Feature", "properties": { "縣市及鄉鎮市區": "新北市中和區", "經度": 121.5034, "緯度": 25.0016, "避難收容處所名稱": "南山高中", "預計收容人數": 2130, "適用災害類別": "水災,震災,土石流,海嘯", "管理人姓名": "劉師政", "管理人電話": "02-22482688＃286", "室內": "是", "室外": "是" }, "geometry": { "type": "Point", "coordinates": [ 121.5034, 25.0016 ] } },
{ "type": "Feature", "properties": { "縣市及鄉鎮市區": "臺北市文山區", "經度": 121.5508, "緯度": 25.0017, "避難收容處所名稱": "興德國小", "預計收容人數": 30, "適用災害類別": "水災,震災", "管理人姓名": "朱雅菁", "管理人電話": "02-29329431#35", "室內": "是", "室外": "否" }, "geometry": { "type": "Point", "coordinates": [ 121.5508, 25.0017 ] } },
{ "type": "Feature", "properties": { "縣市及鄉鎮市區": "新北市深坑區", "經度": 121.6183, "緯度": 25.0017, "避難收容處所名稱": "深坑國中", "預計收容人數": 304, "適用災害類別": "水災,震災,土石流,海嘯", "管理人姓名": "陳春男-林玉葉", "管理人電話": "2662145510-2662145517", "室內": "是", "室外": "是" }, "geometry": { "type": "Point", "coordinates": [ 121.6183, 25.0017 ] } },
{ "type": "Feature", "properties": { "縣市及鄉鎮市區": "新北市深坑區", "經度": 121.6169, "緯度": 25.0018, "避難收容處所名稱": "深坑國小", "預計收容人數": 632, "適用災害類別": "水災,震災,土石流,海嘯", "管理人姓名": "張嘉榮-陳佑瑜", "管理人電話": "02-26624675", "室內": "是", "室外": "是" }, "geometry": { "type": "Point", "coordinates": [ 121.6169, 25.0018 ] } },
{ "type": "Feature", "properties": { "縣市及鄉鎮市區": "臺北市文山區", "經度": 121.5673, "緯度": 25.0019, "避難收容處所名稱": "萬芳國小", "預計收容人數": 135, "適用災害類別": "水災,震災", "管理人姓名": "何寶妍", "管理人電話": "2230-1232#31", "室內": "是", "室外": "否" }, "geometry": { "type": "Point", "coordinates": [ 121.5673, 25.0019 ] } },
{ "type": "Feature", "properties": { "縣市及鄉鎮市區": "新北市樹林區", "經度": 121.415438, "緯度": 25.002028, "避難收容處所名稱": "武林國小", "預計收容人數": 822, "適用災害類別": "震災,土石流,海嘯", "管理人姓名": "事務組長陳寶賢", "管理人電話": "26812475轉831", "室內": "是", "室外": "是" }, "geometry": { "type": "Point", "coordinates": [ 121.415438, 25.002028 ] } },
{ "type": "Feature", "properties": { "縣市及鄉鎮市區": "臺北市文山區", "經度": 121.5758, "緯度": 25.0021, "避難收容處所名稱": "博嘉國小", "預計收容人數": 30, "適用災害類別": "水災,震災", "管理人姓名": "陳逸儒", "管理人電話": "02-22302585#130", "室內": "是", "室外": "否" }, "geometry": { "type": "Point", "coordinates": [ 121.5758, 25.0021 ] } },
{ "type": "Feature", "properties": { "縣市及鄉鎮市區": "新北市板橋區", "經度": 121.4477, "緯度": 25.0023, "避難收容處所名稱": "中山國小", "預計收容人數": 1136, "適用災害類別": "震災", "管理人姓名": "林柏丞組長", "管理人電話": "22755313222", "室內": "是", "室外": "是" }, "geometry": { "type": "Point", "coordinates": [ 121.4477, 25.0023 ] } },
{ "type": "Feature", "properties": { "縣市及鄉鎮市區": "臺北市文山區", "經度": 121.5519, "緯度": 25.0024, "避難收容處所名稱": "興隆國小", "預計收容人數": 133, "適用災害類別": "水災,震災", "管理人姓名": "張仁傑", "管理人電話": "02-29323131#511", "室內": "是", "室外": "否" }, "geometry": { "type": "Point", "coordinates": [ 121.5519, 25.0024 ] } },
{ "type": "Feature", "properties": { "縣市及鄉鎮市區": "新北市深坑區", "經度": 121.6147, "緯度": 25.0025, "避難收容處所名稱": "深坑市民活動中心", "預計收容人數": 36, "適用災害類別": "水災,震災,土石流,海嘯", "管理人姓名": "張松林-張阿免", "管理人電話": "26622723-26624911", "室內": "是", "室外": "否" }, "geometry": { "type": "Point", "coordinates": [ 121.6147, 25.0025 ] } },
{ "type": "Feature", "properties": { "縣市及鄉鎮市區": "新北市深坑區", "經度": 121.616, "緯度": 25.0025, "避難收容處所名稱": "深坑區公所", "預計收容人數": 100, "適用災害類別": "水災,震災,土石流,海嘯", "管理人姓名": "陳東梧", "管理人電話": "02-26623116256", "室內": "是", "室外": "否" }, "geometry": { "type": "Point", "coordinates": [ 121.616, 25.0025 ] } },
{ "type": "Feature", "properties": { "縣市及鄉鎮市區": "新北市中和區", "經度": 121.5055, "緯度": 25.0027, "避難收容處所名稱": "漳和國中", "預計收容人數": 1067, "適用災害類別": "水災,震災,土石流,海嘯", "管理人姓名": "劉師政", "管理人電話": "02-22482688＃286", "室內": "是", "室外": "是" }, "geometry": { "type": "Point", "coordinates": [ 121.5055, 25.0027 ] } },
{ "type": "Feature", "properties": { "縣市及鄉鎮市區": "臺北市文山區", "經度": 121.5571, "緯度": 25.0029, "避難收容處所名稱": "興德里營區", "預計收容人數": 200, "適用災害類別": "水災,震災", "管理人姓名": "李德龍上尉", "管理人電話": "02-23140177", "室內": "是", "室外": "否" }, "geometry": { "type": "Point", "coordinates": [ 121.5571, 25.0029 ] } },
{ "type": "Feature", "properties": { "縣市及鄉鎮市區": "新北市板橋區", "經度": 121.4627, "緯度": 25.0033, "避難收容處所名稱": "後埔國小", "預計收容人數": 703, "適用災害類別": "水災,震災", "管理人姓名": "林淑茹組長", "管理人電話": "29614142-50", "室內": "是", "室外": "是" }, "geometry": { "type": "Point", "coordinates": [ 121.4627, 25.0033 ] } },
{ "type": "Feature", "properties": { "縣市及鄉鎮市區": "新北市永和區", "經度": 121.5186, "緯度": 25.0035, "避難收容處所名稱": "復興商工", "預計收容人數": 827, "適用災害類別": "水災,震災,土石流,海嘯", "管理人姓名": "羅保羅", "管理人電話": "02-29262121223", "室內": "是", "室外": "是" }, "geometry": { "type": "Point", "coordinates": [ 121.5186, 25.0035 ] } },
{ "type": "Feature", "properties": { "縣市及鄉鎮市區": "新北市永和區", "經度": 121.517, "緯度": 25.0036, "避難收容處所名稱": "永和國小", "預計收容人數": 1329, "適用災害類別": "水災,震災,土石流,海嘯", "管理人姓名": "賀仲民", "管理人電話": "29214615#401", "室內": "是", "室外": "是" }, "geometry": { "type": "Point", "coordinates": [ 121.517, 25.0036 ] } },
{ "type": "Feature", "properties": { "縣市及鄉鎮市區": "臺北市文山區", "經度": 121.5405, "緯度": 25.0039, "避難收容處所名稱": "武功國小", "預計收容人數": 50, "適用災害類別": "水災,震災", "管理人姓名": "陳冠任", "管理人電話": "02-29314360#19", "室內": "是", "室外": "否" }, "geometry": { "type": "Point", "coordinates": [ 121.5405, 25.0039 ] } },
{ "type": "Feature", "properties": { "縣市及鄉鎮市區": "新北市永和區", "經度": 121.5209, "緯度": 25.004, "避難收容處所名稱": "福和國中", "預計收容人數": 1401, "適用災害類別": "水災,震災,土石流,海嘯", "管理人姓名": "黃議賢", "管理人電話": "02-29289493#261", "室內": "是", "室外": "是" }, "geometry": { "type": "Point", "coordinates": [ 121.5209, 25.004 ] } },
{ "type": "Feature", "properties": { "縣市及鄉鎮市區": "新北市深坑區", "經度": 121.6047, "緯度": 25.0044, "避難收容處所名稱": "東南科技大學", "預計收容人數": 916, "適用災害類別": "水災,震災,土石流,海嘯", "管理人姓名": "王辰祉-黃志衡", "管理人電話": "86625802-86625802-86625800夜", "室內": "是", "室外": "是" }, "geometry": { "type": "Point", "coordinates": [ 121.6047, 25.0044 ] } },
{ "type": "Feature", "properties": { "縣市及鄉鎮市區": "新北市板橋區", "經度": 121.4616, "緯度": 25.0048, "避難收容處所名稱": "忠孝國中", "預計收容人數": 191, "適用災害類別": "水災,震災,土石流,海嘯", "管理人姓名": "黃莉晴組長", "管理人電話": "29631350232", "室內": "是", "室外": "是" }, "geometry": { "type": "Point", "coordinates": [ 121.4616, 25.0048 ] } },
{ "type": "Feature", "properties": { "縣市及鄉鎮市區": "臺北市文山區", "經度": 121.5367, "緯度": 25.0048, "避難收容處所名稱": "萬福國小", "預計收容人數": 32, "適用災害類別": "水災,震災", "管理人姓名": "呂昌諭", "管理人電話": "02-22393070#130", "室內": "是", "室外": "否" }, "geometry": { "type": "Point", "coordinates": [ 121.5367, 25.0048 ] } },
{ "type": "Feature", "properties": { "縣市及鄉鎮市區": "臺北市文山區", "經度": 121.5497, "緯度": 25.0049, "避難收容處所名稱": "興福國中", "預計收容人數": 300, "適用災害類別": "水災,震災", "管理人姓名": "詹琦斌", "管理人電話": "02-29322024#400", "室內": "是", "室外": "否" }, "geometry": { "type": "Point", "coordinates": [ 121.5497, 25.0049 ] } },
{ "type": "Feature", "properties": { "縣市及鄉鎮市區": "新北市深坑區", "經度": 121.6287, "緯度": 25.0049, "避難收容處所名稱": "昇高市民活動中心", "預計收容人數": 87, "適用災害類別": "水災,震災,土石流,海嘯", "管理人姓名": "李傳震潘淑妙", "管理人電話": "2.66E+15", "室內": "是", "室外": "否" }, "geometry": { "type": "Point", "coordinates": [ 121.6287, 25.0049 ] } },
{ "type": "Feature", "properties": { "縣市及鄉鎮市區": "新北市板橋區", "經度": 121.4664, "緯度": 25.005, "避難收容處所名稱": "實踐國小", "預計收容人數": 1018, "適用災害類別": "水災,土石流", "管理人姓名": "黃宜寧組長", "管理人電話": "29531233142", "室內": "是", "室外": "是" }, "geometry": { "type": "Point", "coordinates": [ 121.4664, 25.005 ] } },
{ "type": "Feature", "properties": { "縣市及鄉鎮市區": "新北市平溪區", "經度": 121.7508, "緯度": 25.0052, "避難收容處所名稱": "東勢市民活動中心", "預計收容人數": 25, "適用災害類別": "水災,震災,土石流", "管理人姓名": "李元裕", "管理人電話": "02-24951510#151", "室內": "是", "室外": "否" }, "geometry": { "type": "Point", "coordinates": [ 121.7508, 25.0052 ] } },
{ "type": "Feature", "properties": { "縣市及鄉鎮市區": "新北市平溪區", "經度": 121.7508, "緯度": 25.0052, "避難收容處所名稱": "嶺腳市民活動中心", "預計收容人數": 47, "適用災害類別": "水災,震災,土石流", "管理人姓名": "李元裕", "管理人電話": "02-24951510#151", "室內": "是", "室外": "否" }, "geometry": { "type": "Point", "coordinates": [ 121.7508, 25.0052 ] } },
{ "type": "Feature", "properties": { "縣市及鄉鎮市區": "新北市新店區", "經度": 121.456585, "緯度": 25.005939, "避難收容處所名稱": "直潭派出所", "預計收容人數": 75, "適用災害類別": "水災,震災,土石流", "管理人姓名": "吳英同", "管理人電話": "29112281#1209", "室內": "否", "室外": "否" }, "geometry": { "type": "Point", "coordinates": [ 121.456585, 25.005939 ] } },
{ "type": "Feature", "properties": { "縣市及鄉鎮市區": "新北市中和區", "經度": 121.5016, "緯度": 25.0061, "避難收容處所名稱": "山北市民活動中心", "預計收容人數": 92, "適用災害類別": "水災,震災,土石流,海嘯", "管理人姓名": "劉師政", "管理人電話": "02-22482688#286", "室內": "是", "室外": "否" }, "geometry": { "type": "Point", "coordinates": [ 121.5016, 25.0061 ] } },
{ "type": "Feature", "properties": { "縣市及鄉鎮市區": "臺北市文山區", "經度": 121.5585, "緯度": 25.0063, "避難收容處所名稱": "辛亥國小", "預計收容人數": 30, "適用災害類別": "水災,震災", "管理人姓名": "劉正湖", "管理人電話": "02-29357282#141", "室內": "是", "室外": "否" }, "geometry": { "type": "Point", "coordinates": [ 121.5585, 25.0063 ] } },
{ "type": "Feature", "properties": { "縣市及鄉鎮市區": "新北市樹林區", "經度": 121.414672, "緯度": 25.006414, "避難收容處所名稱": "三多國中", "預計收容人數": 847, "適用災害類別": "震災,土石流,海嘯", "管理人姓名": "事務組長林正忠", "管理人電話": "86881501#502", "室內": "是", "室外": "是" }, "geometry": { "type": "Point", "coordinates": [ 121.414672, 25.006414 ] } },
{ "type": "Feature", "properties": { "縣市及鄉鎮市區": "新北市永和區", "經度": 121.5233, "緯度": 25.0067, "避難收容處所名稱": "永和國中", "預計收容人數": 1109, "適用災害類別": "水災,震災,土石流,海嘯", "管理人姓名": "劉康君", "管理人電話": "29218878#203", "室內": "是", "室外": "是" }, "geometry": { "type": "Point", "coordinates": [ 121.5233, 25.0067 ] } },
{ "type": "Feature", "properties": { "縣市及鄉鎮市區": "新北市永和區", "經度": 121.5216, "緯度": 25.0071, "避難收容處所名稱": "育才國小", "預計收容人數": 207, "適用災害類別": "水災,震災,土石流,海嘯", "管理人姓名": "詹心儀", "管理人電話": "29214630#630", "室內": "是", "室外": "是" }, "geometry": { "type": "Point", "coordinates": [ 121.5216, 25.0071 ] } },
{ "type": "Feature", "properties": { "縣市及鄉鎮市區": "新北市石碇區", "經度": 121.688, "緯度": 25.0078, "避難收容處所名稱": "永定國小", "預計收容人數": 330, "適用災害類別": "水災,震災,土石流,海嘯", "管理人姓名": "剛慶嚴/呂洸杰", "管理人電話": "02-26631288#22/#23", "室內": "是", "室外": "是" }, "geometry": { "type": "Point", "coordinates": [ 121.688, 25.0078 ] } },
{ "type": "Feature", "properties": { "縣市及鄉鎮市區": "新北市永和區", "經度": 121.5057, "緯度": 25.0081, "避難收容處所名稱": "永平國小", "預計收容人數": 943, "適用災害類別": "震災,土石流,海嘯", "管理人姓名": "郭俊尉", "管理人電話": "29259879#402", "室內": "是", "室外": "是" }, "geometry": { "type": "Point", "coordinates": [ 121.5057, 25.0081 ] } },
{ "type": "Feature", "properties": { "縣市及鄉鎮市區": "新北市板橋區", "經度": 121.4493, "緯度": 25.0086, "避難收容處所名稱": "大觀國小", "預計收容人數": 1784, "適用災害類別": "水災,震災", "管理人姓名": "江勃宏組長", "管理人電話": "29603373831", "室內": "是", "室外": "是" }, "geometry": { "type": "Point", "coordinates": [ 121.4493, 25.0086 ] } },
{ "type": "Feature", "properties": { "縣市及鄉鎮市區": "新北市深坑區", "經度": 121.6346, "緯度": 25.01, "避難收容處所名稱": "土庫第1市民活動中心", "預計收容人數": 100, "適用災害類別": "水災,震災,土石流,海嘯", "管理人姓名": "高太郎里長李錫鈞", "管理人電話": "2.66E+15", "室內": "是", "室外": "否" }, "geometry": { "type": "Point", "coordinates": [ 121.6346, 25.01 ] } },
{ "type": "Feature", "properties": { "縣市及鄉鎮市區": "新北市石碇區", "經度": 121.6423, "緯度": 25.0101, "避難收容處所名稱": "石碇綜合活動大樓", "預計收容人數": 200, "適用災害類別": "水災,震災,土石流,海嘯", "管理人姓名": "?志明/王俞婷", "管理人電話": "02-26631080#251#229", "室內": "是", "室外": "否" }, "geometry": { "type": "Point", "coordinates": [ 121.6423, 25.0101 ] } },
{ "type": "Feature", "properties": { "縣市及鄉鎮市區": "新北市板橋區", "經度": 121.4709, "緯度": 25.0102, "避難收容處所名稱": "海山高中", "預計收容人數": 2122, "適用災害類別": "水災,震災", "管理人姓名": "王玟婷組長", "管理人電話": "29517475#300", "室內": "是", "室外": "是" }, "geometry": { "type": "Point", "coordinates": [ 121.4709, 25.0102 ] } },
{ "type": "Feature", "properties": { "縣市及鄉鎮市區": "新北市板橋區", "經度": 121.4582, "緯度": 25.0108, "避難收容處所名稱": "板橋國小", "預計收容人數": 641, "適用災害類別": "水災,震災", "管理人姓名": "黃世榮主任", "管理人電話": "29686834831", "室內": "是", "室外": "否" }, "geometry": { "type": "Point", "coordinates": [ 121.4582, 25.0108 ] } },
{ "type": "Feature", "properties": { "縣市及鄉鎮市區": "新北市永和區", "經度": 121.5086, "緯度": 25.0108, "避難收容處所名稱": "永平高中", "預計收容人數": 5315, "適用災害類別": "震災,土石流,海嘯", "管理人姓名": "林宛蓉", "管理人電話": "2231-9670轉232", "室內": "是", "室外": "是" }, "geometry": { "type": "Point", "coordinates": [ 121.5086, 25.0108 ] } },
{ "type": "Feature", "properties": { "縣市及鄉鎮市區": "新北市板橋區", "經度": 121.4485, "緯度": 25.0112, "避難收容處所名稱": "大觀國中", "預計收容人數": 1611, "適用災害類別": "水災,震災,土石流,海嘯", "管理人姓名": "林鳳穎組長", "管理人電話": "22725015831", "室內": "是", "室外": "是" }, "geometry": { "type": "Point", "coordinates": [ 121.4485, 25.0112 ] } },
{ "type": "Feature", "properties": { "縣市及鄉鎮市區": "臺北市大安區", "經度": 121.5388, "緯度": 25.0112, "避難收容處所名稱": "民族國中", "預計收容人數": 139, "適用災害類別": "水災", "管理人姓名": "李培彰", "管理人電話": "02-27322935#234", "室內": "是", "室外": "否" }, "geometry": { "type": "Point", "coordinates": [ 121.5388, 25.0112 ] } },
{ "type": "Feature", "properties": { "縣市及鄉鎮市區": "臺北市大安區", "經度": 121.5388, "緯度": 25.0112, "避難收容處所名稱": "臺北市大安運動中心", "預計收容人數": 389, "適用災害類別": "震災", "管理人姓名": "鄭景中", "管理人電話": "2570-2330轉6424", "室內": "是", "室外": "否" }, "geometry": { "type": "Point", "coordinates": [ 121.5388, 25.0112 ] } },
{ "type": "Feature", "properties": { "縣市及鄉鎮市區": "新北市板橋區", "經度": 121.4591, "緯度": 25.0117, "避難收容處所名稱": "板橋高中", "預計收容人數": 1136, "適用災害類別": "水災,震災,土石流,海嘯", "管理人姓名": "柳欽元組長", "管理人電話": "29602500430", "室內": "是", "室外": "是" }, "geometry": { "type": "Point", "coordinates": [ 121.4591, 25.0117 ] } },
{ "type": "Feature", "properties": { "縣市及鄉鎮市區": "臺中市大甲區", "經度": 121.465467, "緯度": 25.012024, "避難收容處所名稱": "大甲高中活動中心", "預計收容人數": 598, "適用災害類別": "水災,震災,海嘯", "管理人姓名": "蕭建華", "管理人電話": "04-26877165", "室內": "是", "室外": "否" }, "geometry": { "type": "Point", "coordinates": [ 121.465467, 25.012024 ] } },
{ "type": "Feature", "properties": { "縣市及鄉鎮市區": "臺北市大安區", "經度": 121.5429, "緯度": 25.0124, "避難收容處所名稱": "公館國小", "預計收容人數": 50, "適用災害類別": "水災,震災", "管理人姓名": "柯怡安", "管理人電話": "27351734#230", "室內": "是", "室外": "否" }, "geometry": { "type": "Point", "coordinates": [ 121.5429, 25.0124 ] } },
{ "type": "Feature", "properties": { "縣市及鄉鎮市區": "新北市石碇區", "經度": 121.6426, "緯度": 25.0127, "避難收容處所名稱": "石碇高中", "預計收容人數": 963, "適用災害類別": "水災,震災,土石流,海嘯", "管理人姓名": "洪瑜堅/蔡育萃", "管理人電話": "02-26631224#300/301", "室內": "是", "室外": "是" }, "geometry": { "type": "Point", "coordinates": [ 121.6426, 25.0127 ] } },
{ "type": "Feature", "properties": { "縣市及鄉鎮市區": "新北市永和區", "經度": 121.5193, "緯度": 25.0129, "避難收容處所名稱": "網溪國小", "預計收容人數": 853, "適用災害類別": "水災,震災,土石流,海嘯", "管理人姓名": "林盈宏", "管理人電話": "8926-4470轉800", "室內": "是", "室外": "是" }, "geometry": { "type": "Point", "coordinates": [ 121.5193, 25.0129 ] } },
{ "type": "Feature", "properties": { "縣市及鄉鎮市區": "新北市板橋區", "經度": 121.4768, "緯度": 25.0137, "避難收容處所名稱": "民生公園市民活動中心", "預計收容人數": 292, "適用災害類別": "水災,震災,土石流,海嘯", "管理人姓名": "黃素玲", "管理人電話": "02-29541201", "室內": "是", "室外": "否" }, "geometry": { "type": "Point", "coordinates": [ 121.4768, 25.0137 ] } },
{ "type": "Feature", "properties": { "縣市及鄉鎮市區": "臺北市中正區", "經度": 121.535, "緯度": 25.0137, "避難收容處所名稱": "臺北市中正運動中心", "預計收容人數": 250, "適用災害類別": "震災", "管理人姓名": "紀孟祺", "管理人電話": "02-25702330-6427", "室內": "是", "室外": "否" }, "geometry": { "type": "Point", "coordinates": [ 121.535, 25.0137 ] } },
{ "type": "Feature", "properties": { "縣市及鄉鎮市區": "臺北市大安區", "經度": 121.5352, "緯度": 25.0142, "避難收容處所名稱": "銘傳國小", "預計收容人數": 161, "適用災害類別": "水災,震災", "管理人姓名": "連瑞琦", "管理人電話": "02-23639815#16", "室內": "是", "室外": "否" }, "geometry": { "type": "Point", "coordinates": [ 121.5352, 25.0142 ] } },
{ "type": "Feature", "properties": { "縣市及鄉鎮市區": "新北市永和區", "經度": 121.5173, "緯度": 25.0145, "避難收容處所名稱": "竹林小學", "預計收容人數": 58, "適用災害類別": "水災,震災,土石流,海嘯", "管理人姓名": "陳兆玉", "管理人電話": "3233-0272", "室內": "是", "室外": "是" }, "geometry": { "type": "Point", "coordinates": [ 121.5173, 25.0145 ] } },
{ "type": "Feature", "properties": { "縣市及鄉鎮市區": "新北市中和區", "經度": 121.4829, "緯度": 25.0148, "避難收容處所名稱": "光復國小", "預計收容人數": 855, "適用災害類別": "水災,震災,土石流,海嘯", "管理人姓名": "劉師政", "管理人電話": "02-22482688#286", "室內": "是", "室外": "是" }, "geometry": { "type": "Point", "coordinates": [ 121.4829, 25.0148 ] } },
{ "type": "Feature", "properties": { "縣市及鄉鎮市區": "新北市雙溪區", "經度": 121.804558, "緯度": 25.01513, "避難收容處所名稱": "柑林國小", "預計收容人數": 133, "適用災害類別": "水災,震災,土石流", "管理人姓名": "宋翔怡", "管理人電話": "02-24931111#124", "室內": "否", "室外": "否" }, "geometry": { "type": "Point", "coordinates": [ 121.804558, 25.01513 ] } },
{ "type": "Feature", "properties": { "縣市及鄉鎮市區": "新北市貢寮區", "經度": 121.944391, "緯度": 25.015188, "避難收容處所名稱": "虎子山", "預計收容人數": 50, "適用災害類別": "海嘯", "管理人姓名": "吳憲彰、吳珮羽", "管理人電話": "02-24941601#255", "室內": "否", "室外": "是" }, "geometry": { "type": "Point", "coordinates": [ 121.944391, 25.015188 ] } },
{ "type": "Feature", "properties": { "縣市及鄉鎮市區": "新北市永和區", "經度": 121.5116, "緯度": 25.0155, "避難收容處所名稱": "頂溪國小", "預計收容人數": 888, "適用災害類別": "震災,土石流,海嘯", "管理人姓名": "廖嘉民", "管理人電話": "2921-2058#401", "室內": "是", "室外": "是" }, "geometry": { "type": "Point", "coordinates": [ 121.5116, 25.0155 ] } },
{ "type": "Feature", "properties": { "縣市及鄉鎮市區": "新北市永和區", "經度": 121.512, "緯度": 25.0157, "避難收容處所名稱": "及人國小", "預計收容人數": 1041, "適用災害類別": "水災,震災,土石流,海嘯", "管理人姓名": "陳浙雲", "管理人電話": "29212145#11", "室內": "是", "室外": "是" }, "geometry": { "type": "Point", "coordinates": [ 121.512, 25.0157 ] } },
{ "type": "Feature", "properties": { "縣市及鄉鎮市區": "新北市雙溪區", "經度": 121.8028, "緯度": 25.0157, "避難收容處所名稱": "長源社區活動中心", "預計收容人數": 172, "適用災害類別": "水災,震災,土石流", "管理人姓名": "宋翔怡", "管理人電話": "02-24931111#124", "室內": "是", "室外": "否" }, "geometry": { "type": "Point", "coordinates": [ 121.8028, 25.0157 ] } },
{ "type": "Feature", "properties": { "縣市及鄉鎮市區": "新北市永和區", "經度": 121.5193, "緯度": 25.0158, "避難收容處所名稱": "金甌女中", "預計收容人數": 239, "適用災害類別": "水災,震災,土石流,海嘯", "管理人姓名": "蘇柳村", "管理人電話": "23214765", "室內": "是", "室外": "是" }, "geometry": { "type": "Point", "coordinates": [ 121.5193, 25.0158 ] } },
{ "type": "Feature", "properties": { "縣市及鄉鎮市區": "新北市貢寮區", "經度": 121.9888, "緯度": 25.0162, "避難收容處所名稱": "福連國小", "預計收容人數": 300, "適用災害類別": "水災,震災,土石流", "管理人姓名": "李煥榮", "管理人電話": "02-24991194#103", "室內": "是", "室外": "是" }, "geometry": { "type": "Point", "coordinates": [ 121.9888, 25.0162 ] } },
{ "type": "Feature", "properties": { "縣市及鄉鎮市區": "新北市貢寮區", "經度": 121.9071, "緯度": 25.0164, "避難收容處所名稱": "貢寮國中", "預計收容人數": 661, "適用災害類別": "水災,震災,土石流,海嘯", "管理人姓名": "陳致棋", "管理人電話": "02-24941941#130", "室內": "是", "室外": "是" }, "geometry": { "type": "Point", "coordinates": [ 121.9071, 25.0164 ] } },
{ "type": "Feature", "properties": { "縣市及鄉鎮市區": "新北市樹林區", "經度": 121.4059, "緯度": 25.016651, "避難收容處所名稱": "三多國小", "預計收容人數": 807, "適用災害類別": "震災,土石流,海嘯", "管理人姓名": "事務組長董俊良", "管理人電話": "26880689#145", "室內": "是", "室外": "是" }, "geometry": { "type": "Point", "coordinates": [ 121.4059, 25.016651 ] } },
{ "type": "Feature", "properties": { "縣市及鄉鎮市區": "新北市板橋區", "經度": 121.4828, "緯度": 25.0168, "避難收容處所名稱": "光復高中", "預計收容人數": 416, "適用災害類別": "土石流", "管理人姓名": "黃建國組長", "管理人電話": "29582366141", "室內": "是", "室外": "是" }, "geometry": { "type": "Point", "coordinates": [ 121.4828, 25.0168 ] } },
{ "type": "Feature", "properties": { "縣市及鄉鎮市區": "新北市永和區", "經度": 121.5153, "緯度": 25.0169, "避難收容處所名稱": "忠孝市民活動中心", "預計收容人數": 85, "適用災害類別": "水災,震災,土石流,海嘯", "管理人姓名": "陳威光", "管理人電話": "29249622", "室內": "是", "室外": "否" }, "geometry": { "type": "Point", "coordinates": [ 121.5153, 25.0169 ] } },
{ "type": "Feature", "properties": { "縣市及鄉鎮市區": "新北市貢寮區", "經度": 121.9487, "緯度": 25.0171, "避難收容處所名稱": "福隆國小", "預計收容人數": 430, "適用災害類別": "水災,震災,土石流,海嘯", "管理人姓名": "林琪濟", "管理人電話": "02-24991449#12", "室內": "是", "室外": "是" }, "geometry": { "type": "Point", "coordinates": [ 121.9487, 25.0171 ] } },
{ "type": "Feature", "properties": { "縣市及鄉鎮市區": "新北市新莊區", "經度": 121.4257, "緯度": 25.0175, "避難收容處所名稱": "丹鳳國小", "預計收容人數": 297, "適用災害類別": "震災,土石流,海嘯", "管理人姓名": "邱雋弘", "管理人電話": "02-29929891", "室內": "是", "室外": "是" }, "geometry": { "type": "Point", "coordinates": [ 121.4257, 25.0175 ] } },
{ "type": "Feature", "properties": { "縣市及鄉鎮市區": "新北市板橋區", "經度": 121.484, "緯度": 25.0177, "避難收容處所名稱": "光復國小", "預計收容人數": 855, "適用災害類別": "水災,震災,土石流", "管理人姓名": "吳麥生組長", "管理人電話": "32348645661", "室內": "是", "室外": "是" }, "geometry": { "type": "Point", "coordinates": [ 121.484, 25.0177 ] } },
{ "type": "Feature", "properties": { "縣市及鄉鎮市區": "新北市貢寮區", "經度": 121.9729, "緯度": 25.0177, "避難收容處所名稱": "靈鷲山無生道場", "預計收容人數": 100, "適用災害類別": "水災,震災,土石流,海嘯", "管理人姓名": "釋法藏", "管理人電話": "02-24991100", "室內": "是", "室外": "否" }, "geometry": { "type": "Point", "coordinates": [ 121.9729, 25.0177 ] } },
{ "type": "Feature", "properties": { "縣市及鄉鎮市區": "新北市板橋區", "經度": 121.4741, "緯度": 25.0181, "避難收容處所名稱": "埔墘國小", "預計收容人數": 628, "適用災害類別": "水災,震災", "管理人姓名": "顧琪芳組長", "管理人電話": "29616690311", "室內": "是", "室外": "是" }, "geometry": { "type": "Point", "coordinates": [ 121.4741, 25.0181 ] } },
{ "type": "Feature", "properties": { "縣市及鄉鎮市區": "新北市貢寮區", "經度": 121.9457, "緯度": 25.0184, "避難收容處所名稱": "福隆青少年活動中心", "預計收容人數": 403, "適用災害類別": "震災,土石流", "管理人姓名": "吳憲彰", "管理人電話": "02-24991456", "室內": "是", "室外": "否" }, "geometry": { "type": "Point", "coordinates": [ 121.9457, 25.0184 ] } },
{ "type": "Feature", "properties": { "縣市及鄉鎮市區": "新北市板橋區", "經度": 121.4676, "緯度": 25.0185, "避難收容處所名稱": "中山國中", "預計收容人數": 2280, "適用災害類別": "震災,土石流,海嘯", "管理人姓名": "何秀滿組長", "管理人電話": "22508250232", "室內": "是", "室外": "是" }, "geometry": { "type": "Point", "coordinates": [ 121.4676, 25.0185 ] } },
{ "type": "Feature", "properties": { "縣市及鄉鎮市區": "新北市雙溪區", "經度": 121.807814, "緯度": 25.018517, "避難收容處所名稱": "外柑市民活動中心", "預計收容人數": 72, "適用災害類別": "水災,震災,土石流", "管理人姓名": "宋翔怡", "管理人電話": "02-24931111#124", "室內": "否", "室外": "否" }, "geometry": { "type": "Point", "coordinates": [ 121.807814, 25.018517 ] } },
{ "type": "Feature", "properties": { "縣市及鄉鎮市區": "臺北市大安區", "經度": 121.5503, "緯度": 25.0187, "避難收容處所名稱": "芳和國中", "預計收容人數": 30, "適用災害類別": "水災,震災", "管理人姓名": "何孟蒔", "管理人電話": "02-27321961#501", "室內": "是", "室外": "否" }, "geometry": { "type": "Point", "coordinates": [ 121.5503, 25.0187 ] } },
{ "type": "Feature", "properties": { "縣市及鄉鎮市區": "臺北市中正區", "經度": 121.5265, "緯度": 25.019, "避難收容處所名稱": "螢橋國中", "預計收容人數": 52, "適用災害類別": "水災", "管理人姓名": "陳正泰", "管理人電話": "02-23688667#230", "室內": "是", "室外": "否" }, "geometry": { "type": "Point", "coordinates": [ 121.5265, 25.019 ] } },
{ "type": "Feature", "properties": { "縣市及鄉鎮市區": "新北市板橋區", "經度": 121.4533, "緯度": 25.0194, "避難收容處所名稱": "國光國小", "預計收容人數": 1211, "適用災害類別": "水災,震災", "管理人姓名": "陳金鶴組長", "管理人電話": "29680611702", "室內": "是", "室外": "是" }, "geometry": { "type": "Point", "coordinates": [ 121.4533, 25.0194 ] } },
{ "type": "Feature", "properties": { "縣市及鄉鎮市區": "臺北市大安區", "經度": 121.5496, "緯度": 25.0195, "避難收容處所名稱": "大安國小", "預計收容人數": 60, "適用災害類別": "水災", "管理人姓名": "楊金龍", "管理人電話": "02-27322332#831", "室內": "是", "室外": "否" }, "geometry": { "type": "Point", "coordinates": [ 121.5496, 25.0195 ] } },
{ "type": "Feature", "properties": { "縣市及鄉鎮市區": "臺北市大安區", "經度": 121.5491, "緯度": 25.0196, "避難收容處所名稱": "和平高中", "預計收容人數": 300, "適用災害類別": "水災,震災", "管理人姓名": "楊廣銓", "管理人電話": "02-27324300#151", "室內": "是", "室外": "否" }, "geometry": { "type": "Point", "coordinates": [ 121.5491, 25.0196 ] } },
{ "type": "Feature", "properties": { "縣市及鄉鎮市區": "新北市板橋區", "經度": 121.4708, "緯度": 25.0197, "避難收容處所名稱": "板橋莊敬市民活動中心", "預計收容人數": 188, "適用災害類別": "水災,震災,土石流,海嘯", "管理人姓名": "高惠華", "管理人電話": "02-22514289", "室內": "是", "室外": "否" }, "geometry": { "type": "Point", "coordinates": [ 121.4708, 25.0197 ] } },
{ "type": "Feature", "properties": { "縣市及鄉鎮市區": "新北市貢寮區", "經度": 121.9075, "緯度": 25.0206, "避難收容處所名稱": "貢寮市民活動中心", "預計收容人數": 176, "適用災害類別": "水災,震災,土石流,海嘯", "管理人姓名": "吳珮羽", "管理人電話": "02-24941601#255", "室內": "是", "室外": "否" }, "geometry": { "type": "Point", "coordinates": [ 121.9075, 25.0206 ] } },
{ "type": "Feature", "properties": { "縣市及鄉鎮市區": "臺北市大安區", "經度": 121.5285, "緯度": 25.0207, "避難收容處所名稱": "古亭國小", "預計收容人數": 62, "適用災害類別": "水災,震災", "管理人姓名": "林勝和", "管理人電話": "02-23639795#831", "室內": "是", "室外": "否" }, "geometry": { "type": "Point", "coordinates": [ 121.5285, 25.0207 ] } },
{ "type": "Feature", "properties": { "縣市及鄉鎮市區": "新北市新莊區", "經度": 121.421825, "緯度": 25.021171, "避難收容處所名稱": "四維市民活動中心", "預計收容人數": 300, "適用災害類別": "水災,震災", "管理人姓名": "邱雋弘", "管理人電話": "02-29929891#135", "室內": "是", "室外": "否" }, "geometry": { "type": "Point", "coordinates": [ 121.421825, 25.021171 ] } },
{ "type": "Feature", "properties": { "縣市及鄉鎮市區": "新北市新莊區", "經度": 121.4162, "緯度": 25.0212, "避難收容處所名稱": "裕民行政大樓", "預計收容人數": 300, "適用災害類別": "水災", "管理人姓名": "邱雋弘", "管理人電話": "02-29929891#135", "室內": "是", "室外": "否" }, "geometry": { "type": "Point", "coordinates": [ 121.4162, 25.0212 ] } },
{ "type": "Feature", "properties": { "縣市及鄉鎮市區": "新北市新莊區", "經度": 121.4278, "緯度": 25.0216, "避難收容處所名稱": "中平國中", "預計收容人數": 1384, "適用災害類別": "震災,土石流,海嘯", "管理人姓名": "邱雋弘", "管理人電話": "02-29929891", "室內": "是", "室外": "是" }, "geometry": { "type": "Point", "coordinates": [ 121.4278, 25.0216 ] } },
{ "type": "Feature", "properties": { "縣市及鄉鎮市區": "新北市新莊區", "經度": 121.418, "緯度": 25.0219, "避難收容處所名稱": "榮富國小", "預計收容人數": 2819, "適用災害類別": "水災,土石流,海嘯", "管理人姓名": "邱雋弘", "管理人電話": "02-29929891", "室內": "是", "室外": "是" }, "geometry": { "type": "Point", "coordinates": [ 121.418, 25.0219 ] } },
{ "type": "Feature", "properties": { "縣市及鄉鎮市區": "新北市貢寮區", "經度": 121.9151, "緯度": 25.022, "避難收容處所名稱": "貢寮國小", "預計收容人數": 633, "適用災害類別": "震災,土石流,海嘯", "管理人姓名": "莊金坤", "管理人電話": "02-24941274#213", "室內": "是", "室外": "是" }, "geometry": { "type": "Point", "coordinates": [ 121.9151, 25.022 ] } },
{ "type": "Feature", "properties": { "縣市及鄉鎮市區": "臺北市萬華區", "經度": 121.507, "緯度": 25.0221, "避難收容處所名稱": "青年公園", "預計收容人數": 33756, "適用災害類別": "震災", "管理人姓名": "呂芳金", "管理人電話": "2303-2451", "室內": "否", "室外": "是" }, "geometry": { "type": "Point", "coordinates": [ 121.507, 25.0221 ] } },
{ "type": "Feature", "properties": { "縣市及鄉鎮市區": "新北市平溪區", "經度": 121.7247, "緯度": 25.0221, "避難收容處所名稱": "白石市民活動中心", "預計收容人數": 49, "適用災害類別": "水災,震災,土石流", "管理人姓名": "李元裕", "管理人電話": "02-24951510#151", "室內": "是", "室外": "否" }, "geometry": { "type": "Point", "coordinates": [ 121.7247, 25.0221 ] } },
{ "type": "Feature", "properties": { "縣市及鄉鎮市區": "新北市板橋區", "經度": 121.4585, "緯度": 25.0225, "避難收容處所名稱": "文德國小", "預計收容人數": 1207, "適用災害類別": "震災", "管理人姓名": "許文浩組長", "管理人電話": "2257719363", "室內": "是", "室外": "是" }, "geometry": { "type": "Point", "coordinates": [ 121.4585, 25.0225 ] } },
{ "type": "Feature", "properties": { "縣市及鄉鎮市區": "新北市平溪區", "經度": 121.728154, "緯度": 25.022689, "避難收容處所名稱": "薯榔市民活動中心", "預計收容人數": 61, "適用災害類別": "水災,震災,土石流", "管理人姓名": "李元裕", "管理人電話": "02-24951510#151", "室內": "是", "室外": "否" }, "geometry": { "type": "Point", "coordinates": [ 121.728154, 25.022689 ] } },
{ "type": "Feature", "properties": { "縣市及鄉鎮市區": "臺北市萬華區", "經度": 121.4993, "緯度": 25.023, "避難收容處所名稱": "萬大國小", "預計收容人數": 66, "適用災害類別": "水災,震災", "管理人姓名": "李惠怡", "管理人電話": "02-23037654#312", "室內": "是", "室外": "否" }, "geometry": { "type": "Point", "coordinates": [ 121.4993, 25.023 ] } },
{ "type": "Feature", "properties": { "縣市及鄉鎮市區": "臺北市萬華區", "經度": 121.4978, "緯度": 25.0231, "避難收容處所名稱": "青年公園棒球場", "預計收容人數": 68, "適用災害類別": "震災", "管理人姓名": "楊璟嘉", "管理人電話": "02-25702330#6507", "室內": "是", "室外": "否" }, "geometry": { "type": "Point", "coordinates": [ 121.4978, 25.0231 ] } },
{ "type": "Feature", "properties": { "縣市及鄉鎮市區": "臺北市萬華區", "經度": 121.4978, "緯度": 25.0231, "避難收容處所名稱": "東園國小", "預計收容人數": 102, "適用災害類別": "震災", "管理人姓名": "張瑞庭", "管理人電話": "02-23034803#1501", "室內": "是", "室外": "否" }, "geometry": { "type": "Point", "coordinates": [ 121.4978, 25.0231 ] } },
{ "type": "Feature", "properties": { "縣市及鄉鎮市區": "臺北市萬華區", "經度": 121.4978, "緯度": 25.0231, "避難收容處所名稱": "臺北市萬華運動中心", "預計收容人數": 226, "適用災害類別": "震災", "管理人姓名": "莊耘", "管理人電話": "2570-2330轉6429", "室內": "是", "室外": "否" }, "geometry": { "type": "Point", "coordinates": [ 121.4978, 25.0231 ] } },
{ "type": "Feature", "properties": { "縣市及鄉鎮市區": "臺北市中正區", "經度": 121.5226, "緯度": 25.0232, "避難收容處所名稱": "河堤國小", "預計收容人數": 30, "適用災害類別": "水災,震災", "管理人姓名": "陳昱至", "管理人電話": "02-23677144#831", "室內": "是", "室外": "否" }, "geometry": { "type": "Point", "coordinates": [ 121.5226, 25.0232 ] } },
{ "type": "Feature", "properties": { "縣市及鄉鎮市區": "新北市平溪區", "經度": 121.7262, "緯度": 25.0235, "避難收容處所名稱": "菁桐市民活動中心", "預計收容人數": 104, "適用災害類別": "水災,震災,土石流", "管理人姓名": "李元裕", "管理人電話": "02-24951510#151", "室內": "是", "室外": "否" }, "geometry": { "type": "Point", "coordinates": [ 121.7262, 25.0235 ] } },
{ "type": "Feature", "properties": { "縣市及鄉鎮市區": "新北市平溪區", "經度": 121.7336, "緯度": 25.0235, "避難收容處所名稱": "平溪國中", "預計收容人數": 710, "適用災害類別": "水災,震災,土石流", "管理人姓名": "李元裕", "管理人電話": "02-24951510#151", "室內": "是", "室外": "是" }, "geometry": { "type": "Point", "coordinates": [ 121.7336, 25.0235 ] } },
{ "type": "Feature", "properties": { "縣市及鄉鎮市區": "新北市平溪區", "經度": 121.7266, "緯度": 25.0236, "避難收容處所名稱": "菁桐國小", "預計收容人數": 310, "適用災害類別": "水災,震災,土石流", "管理人姓名": "李元裕", "管理人電話": "02-24951510#151", "室內": "是", "室外": "是" }, "geometry": { "type": "Point", "coordinates": [ 121.7266, 25.0236 ] } },
{ "type": "Feature", "properties": { "縣市及鄉鎮市區": "臺北市大安區", "經度": 121.5348, "緯度": 25.0239, "避難收容處所名稱": "龍安國小", "預計收容人數": 120, "適用災害類別": "水災,震災", "管理人姓名": "張振茂", "管理人電話": "02-23632077#730", "室內": "是", "室外": "否" }, "geometry": { "type": "Point", "coordinates": [ 121.5348, 25.0239 ] } },
{ "type": "Feature", "properties": { "縣市及鄉鎮市區": "新北市板橋區", "經度": 121.4542, "緯度": 25.024, "避難收容處所名稱": "板橋國中", "預計收容人數": 1628, "適用災害類別": "震災,土石流", "管理人姓名": "蕭麗真主任", "管理人電話": "2.97E+11", "室內": "是", "室外": "是" }, "geometry": { "type": "Point", "coordinates": [ 121.4542, 25.024 ] } },
{ "type": "Feature", "properties": { "縣市及鄉鎮市區": "新北市新莊區", "經度": 121.4138, "緯度": 25.0242, "避難收容處所名稱": "中港國小", "預計收容人數": 695, "適用災害類別": "水災,土石流,海嘯", "管理人姓名": "邱雋弘", "管理人電話": "02-29929891", "室內": "是", "室外": "是" }, "geometry": { "type": "Point", "coordinates": [ 121.4138, 25.0242 ] } },
{ "type": "Feature", "properties": { "縣市及鄉鎮市區": "新北市新莊區", "經度": 121.4238, "緯度": 25.0243, "避難收容處所名稱": "昌平國小", "預計收容人數": 635, "適用災害類別": "水災,震災,土石流,海嘯", "管理人姓名": "邱雋弘", "管理人電話": "02-29929891", "室內": "是", "室外": "否" }, "geometry": { "type": "Point", "coordinates": [ 121.4238, 25.0243 ] } },
{ "type": "Feature", "properties": { "縣市及鄉鎮市區": "臺北市中正區", "經度": 121.5106, "緯度": 25.0246, "避難收容處所名稱": "古亭國中", "預計收容人數": 66, "適用災害類別": "水災,震災", "管理人姓名": "顏錦江", "管理人電話": "02-23090986#510", "室內": "是", "室外": "否" }, "geometry": { "type": "Point", "coordinates": [ 121.5106, 25.0246 ] } },
{ "type": "Feature", "properties": { "縣市及鄉鎮市區": "新北市平溪區", "經度": 121.7371, "緯度": 25.0247, "避難收容處所名稱": "平溪市民活動中心", "預計收容人數": 106, "適用災害類別": "水災,震災,土石流", "管理人姓名": "李元裕", "管理人電話": "02-24951510#151", "室內": "是", "室外": "是" }, "geometry": { "type": "Point", "coordinates": [ 121.7371, 25.0247 ] } },
{ "type": "Feature", "properties": { "縣市及鄉鎮市區": "新北市板橋區", "經度": 121.4597, "緯度": 25.0249, "避難收容處所名稱": "新埔國中", "預計收容人數": 3276, "適用災害類別": "水災,震災", "管理人姓名": "吳國菁組長", "管理人電話": "22572275512", "室內": "是", "室外": "是" }, "geometry": { "type": "Point", "coordinates": [ 121.4597, 25.0249 ] } },
{ "type": "Feature", "properties": { "縣市及鄉鎮市區": "臺北市中正區", "經度": 121.5144, "緯度": 25.0249, "避難收容處所名稱": "螢橋國小", "預計收容人數": 63, "適用災害類別": "水災,震災", "管理人姓名": "王昭傑", "管理人電話": "23054620109", "室內": "是", "室外": "否" }, "geometry": { "type": "Point", "coordinates": [ 121.5144, 25.0249 ] } },
{ "type": "Feature", "properties": { "縣市及鄉鎮市區": "臺北市大安區", "經度": 121.538, "緯度": 25.0249, "避難收容處所名稱": "龍門國中", "預計收容人數": 300, "適用災害類別": "震災", "管理人姓名": "金多齊", "管理人電話": "02-27330299#1402", "室內": "是", "室外": "否" }, "geometry": { "type": "Point", "coordinates": [ 121.538, 25.0249 ] } },
{ "type": "Feature", "properties": { "縣市及鄉鎮市區": "新北市新莊區", "經度": 121.4225, "緯度": 25.0253, "避難收容處所名稱": "新莊國中", "預計收容人數": 1370, "適用災害類別": "震災,土石流,海嘯", "管理人姓名": "邱雋弘", "管理人電話": "02-29929891", "室內": "是", "室外": "是" }, "geometry": { "type": "Point", "coordinates": [ 121.4225, 25.0253 ] } },
{ "type": "Feature", "properties": { "縣市及鄉鎮市區": "新北市平溪區", "經度": 121.7813, "緯度": 25.0256, "避難收容處所名稱": "平湖市民活動中心", "預計收容人數": 71, "適用災害類別": "水災,震災,土石流", "管理人姓名": "李元裕", "管理人電話": "02-24951510#151", "室內": "是", "室外": "否" }, "geometry": { "type": "Point", "coordinates": [ 121.7813, 25.0256 ] } },
{ "type": "Feature", "properties": { "縣市及鄉鎮市區": "新北市新莊區", "經度": 121.4283, "緯度": 25.0258, "避難收容處所名稱": "豐年市民活動中心", "預計收容人數": 100, "適用災害類別": "水災,震災", "管理人姓名": "邱雋弘", "管理人電話": "02-29929891#135", "室內": "是", "室外": "否" }, "geometry": { "type": "Point", "coordinates": [ 121.4283, 25.0258 ] } },
{ "type": "Feature", "properties": { "縣市及鄉鎮市區": "臺北市萬華區", "經度": 121.5033, "緯度": 25.026, "避難收容處所名稱": "新和國小", "預計收容人數": 79, "適用災害類別": "震災", "管理人姓名": "梁世建", "管理人電話": "02-23038298#31", "室內": "是", "室外": "否" }, "geometry": { "type": "Point", "coordinates": [ 121.5033, 25.026 ] } },
{ "type": "Feature", "properties": { "縣市及鄉鎮市區": "臺北市信義區", "經度": 121.5686, "緯度": 25.026, "避難收容處所名稱": "吳興國小", "預計收容人數": 60, "適用災害類別": "土石流", "管理人姓名": "吳次寶", "管理人電話": "27200226#50", "室內": "是", "室外": "否" }, "geometry": { "type": "Point", "coordinates": [ 121.5686, 25.026 ] } },
{ "type": "Feature", "properties": { "縣市及鄉鎮市區": "新北市板橋區", "經度": 121.4736, "緯度": 25.0261, "避難收容處所名稱": "莒光國小", "預計收容人數": 428, "適用災害類別": "水災,震災", "管理人姓名": "蘇賢龍組長", "管理人電話": "22517272109", "室內": "是", "室外": "是" }, "geometry": { "type": "Point", "coordinates": [ 121.4736, 25.0261 ] } },
{ "type": "Feature", "properties": { "縣市及鄉鎮市區": "臺北市萬華區", "經度": 121.4988, "緯度": 25.0266, "避難收容處所名稱": "西園國小", "預計收容人數": 30, "適用災害類別": "水災,震災", "管理人姓名": "林淑華", "管理人電話": "02-23030257#125", "室內": "是", "室外": "否" }, "geometry": { "type": "Point", "coordinates": [ 121.4988, 25.0266 ] } },
{ "type": "Feature", "properties": { "縣市及鄉鎮市區": "新北市平溪區", "經度": 121.7376, "緯度": 25.0272, "避難收容處所名稱": "平溪國小", "預計收容人數": 525, "適用災害類別": "水災,震災,土石流", "管理人姓名": "李元裕", "管理人電話": "02-24951510#151", "室內": "是", "室外": "是" }, "geometry": { "type": "Point", "coordinates": [ 121.7376, 25.0272 ] } },
{ "type": "Feature", "properties": { "縣市及鄉鎮市區": "新北市貢寮區", "經度": 121.9316, "緯度": 25.0273, "避難收容處所名稱": "昭惠廟", "預計收容人數": 50, "適用災害類別": "水災,震災,土石流,海嘯", "管理人姓名": "吳世揚", "管理人電話": "02-24941556", "室內": "是", "室外": "否" }, "geometry": { "type": "Point", "coordinates": [ 121.9316, 25.0273 ] } },
{ "type": "Feature", "properties": { "縣市及鄉鎮市區": "臺北市萬華區", "經度": 121.4927, "緯度": 25.0276, "避難收容處所名稱": "雙園國中", "預計收容人數": 30, "適用災害類別": "水災,震災", "管理人姓名": "章譽鐘", "管理人電話": "02-23030827#140", "室內": "是", "室外": "否" }, "geometry": { "type": "Point", "coordinates": [ 121.4927, 25.0276 ] } },
{ "type": "Feature", "properties": { "縣市及鄉鎮市區": "臺北市萬華區", "經度": 121.4962, "緯度": 25.0285, "避難收容處所名稱": "華江高中", "預計收容人數": 300, "適用災害類別": "水災,震災", "管理人姓名": "陳昭葳", "管理人電話": "02-23019946#105", "室內": "是", "室外": "否" }, "geometry": { "type": "Point", "coordinates": [ 121.4962, 25.0285 ] } },
{ "type": "Feature", "properties": { "縣市及鄉鎮市區": "臺北市信義區", "經度": 121.5679, "緯度": 25.0286, "避難收容處所名稱": "信義國中", "預計收容人數": 361, "適用災害類別": "水災", "管理人姓名": "劉志賢", "管理人電話": "02-27236771#511", "室內": "是", "室外": "否" }, "geometry": { "type": "Point", "coordinates": [ 121.5679, 25.0286 ] } },
{ "type": "Feature", "properties": { "縣市及鄉鎮市區": "新北市板橋區", "經度": 121.4684, "緯度": 25.0289, "避難收容處所名稱": "江翠國中", "預計收容人數": 2895, "適用災害類別": "水災,震災,土石流,海嘯", "管理人姓名": "賴建男組長", "管理人電話": "22568560/2251800761", "室內": "是", "室外": "是" }, "geometry": { "type": "Point", "coordinates": [ 121.4684, 25.0289 ] } },
{ "type": "Feature", "properties": { "縣市及鄉鎮市區": "新北市雙溪區", "經度": 121.832, "緯度": 25.029, "避難收容處所名稱": "上林國小", "預計收容人數": 1309, "適用災害類別": "水災,震災,土石流", "管理人姓名": "宋翔怡", "管理人電話": "02-24931111轉124", "室內": "是", "室外": "是" }, "geometry": { "type": "Point", "coordinates": [ 121.832, 25.029 ] } },
{ "type": "Feature", "properties": { "縣市及鄉鎮市區": "臺北市萬華區", "經度": 121.4987, "緯度": 25.0291, "避難收容處所名稱": "萬華國中", "預計收容人數": 50, "適用災害類別": "水災,震災", "管理人姓名": "張幸愉", "管理人電話": "02-23394567#130", "室內": "是", "室外": "否" }, "geometry": { "type": "Point", "coordinates": [ 121.4987, 25.0291 ] } },
{ "type": "Feature", "properties": { "縣市及鄉鎮市區": "新北市新莊區", "經度": 121.4431, "緯度": 25.0294, "避難收容處所名稱": "牡丹心市民活動中心", "預計收容人數": 300, "適用災害類別": "水災,土石流", "管理人姓名": "邱雋弘", "管理人電話": "02-29929891#135", "室內": "是", "室外": "否" }, "geometry": { "type": "Point", "coordinates": [ 121.4431, 25.0294 ] } },
{ "type": "Feature", "properties": { "縣市及鄉鎮市區": "臺北市大安區", "經度": 121.5461, "緯度": 25.0294, "避難收容處所名稱": "建安國小", "預計收容人數": 30, "適用災害類別": "水災,震災", "管理人姓名": "李昀容", "管理人電話": "02-27077719#140", "室內": "是", "室外": "否" }, "geometry": { "type": "Point", "coordinates": [ 121.5461, 25.0294 ] } },
{ "type": "Feature", "properties": { "縣市及鄉鎮市區": "新北市板橋區", "經度": 121.4772, "緯度": 25.0295, "避難收容處所名稱": "文聖國小", "預計收容人數": 1023, "適用災害類別": "震災", "管理人姓名": "楊吉文組長", "管理人電話": "22530782813", "室內": "是", "室外": "是" }, "geometry": { "type": "Point", "coordinates": [ 121.4772, 25.0295 ] } },
{ "type": "Feature", "properties": { "縣市及鄉鎮市區": "臺北市中正區", "經度": 121.5062, "緯度": 25.0296, "避難收容處所名稱": "忠義國小", "預計收容人數": 100, "適用災害類別": "水災", "管理人姓名": "范綱發", "管理人電話": "02-23038752#230", "室內": "是", "室外": "否" }, "geometry": { "type": "Point", "coordinates": [ 121.5062, 25.0296 ] } },
{ "type": "Feature", "properties": { "縣市及鄉鎮市區": "臺北市中正區", "經度": 121.5045, "緯度": 25.0297, "避難收容處所名稱": "中華區民活動中心", "預計收容人數": 35, "適用災害類別": "水災,震災", "管理人姓名": "張為閔", "管理人電話": "02-23416721", "室內": "是", "室外": "否" }, "geometry": { "type": "Point", "coordinates": [ 121.5045, 25.0297 ] } },
{ "type": "Feature", "properties": { "縣市及鄉鎮市區": "臺北市信義區", "經度": 121.558, "緯度": 25.0297, "避難收容處所名稱": "三興國小", "預計收容人數": 77, "適用災害類別": "水災,震災", "管理人姓名": "蘇雪玲", "管理人電話": "27364687#51", "室內": "是", "室外": "否" }, "geometry": { "type": "Point", "coordinates": [ 121.558, 25.0297 ] } },
{ "type": "Feature", "properties": { "縣市及鄉鎮市區": "臺北市大安區", "經度": 121.5354, "緯度": 25.0301, "避難收容處所名稱": "大安森林公園", "預計收容人數": 47436, "適用災害類別": "震災", "管理人姓名": "呂芳金", "管理人電話": "2303-2451", "室內": "否", "室外": "是" }, "geometry": { "type": "Point", "coordinates": [ 121.5354, 25.0301 ] } },
{ "type": "Feature", "properties": { "縣市及鄉鎮市區": "臺北市大安區", "經度": 121.5335, "緯度": 25.0304, "避難收容處所名稱": "新生國小", "預計收容人數": 35, "適用災害類別": "水災,震災", "管理人姓名": "吳盈瑩", "管理人電話": "02-23913122#230", "室內": "是", "室外": "否" }, "geometry": { "type": "Point", "coordinates": [ 121.5335, 25.0304 ] } },
{ "type": "Feature", "properties": { "縣市及鄉鎮市區": "新北市新莊區", "經度": 121.4467, "緯度": 25.0306, "避難收容處所名稱": "瓊泰市民活動中心", "預計收容人數": 150, "適用災害類別": "震災", "管理人姓名": "邱雋弘", "管理人電話": "02-29929891#135", "室內": "是", "室外": "否" }, "geometry": { "type": "Point", "coordinates": [ 121.4467, 25.0306 ] } },
{ "type": "Feature", "properties": { "縣市及鄉鎮市區": "臺北市大安區", "經度": 121.5462, "緯度": 25.0307, "避難收容處所名稱": "大安國中", "預計收容人數": 274, "適用災害類別": "水災,震災", "管理人姓名": "林志豪", "管理人電話": "02-27557131#103", "室內": "是", "室外": "否" }, "geometry": { "type": "Point", "coordinates": [ 121.5462, 25.0307 ] } },
{ "type": "Feature", "properties": { "縣市及鄉鎮市區": "臺北市萬華區", "經度": 121.4913, "緯度": 25.0308, "避難收容處所名稱": "大理高中", "預計收容人數": 300, "適用災害類別": "水災,震災", "管理人姓名": "洪焌維", "管理人電話": "02-23026959#141", "室內": "是", "室外": "否" }, "geometry": { "type": "Point", "coordinates": [ 121.4913, 25.0308 ] } },
{ "type": "Feature", "properties": { "縣市及鄉鎮市區": "新北市新莊區", "經度": 121.4433, "緯度": 25.0309, "避難收容處所名稱": "思賢國小", "預計收容人數": 285, "適用災害類別": "水災,震災,土石流,海嘯", "管理人姓名": "邱雋弘", "管理人電話": "02-29929891", "室內": "是", "室外": "是" }, "geometry": { "type": "Point", "coordinates": [ 121.4433, 25.0309 ] } },
{ "type": "Feature", "properties": { "縣市及鄉鎮市區": "臺北市萬華區", "經度": 121.4975, "緯度": 25.0309, "避難收容處所名稱": "雙園國小", "預計收容人數": 109, "適用災害類別": "水災", "管理人姓名": "魯俊賢", "管理人電話": "02-23061893#131", "室內": "是", "室外": "否" }, "geometry": { "type": "Point", "coordinates": [ 121.4975, 25.0309 ] } },
{ "type": "Feature", "properties": { "縣市及鄉鎮市區": "臺北市中正區", "經度": 121.511, "緯度": 25.0309, "避難收容處所名稱": "國語實小", "預計收容人數": 49, "適用災害類別": "水災,震災", "管理人姓名": "匡秀蘭", "管理人電話": "23033555轉600", "室內": "是", "室外": "否" }, "geometry": { "type": "Point", "coordinates": [ 121.511, 25.0309 ] } },
{ "type": "Feature", "properties": { "縣市及鄉鎮市區": "臺北市萬華區", "經度": 121.4938, "緯度": 25.0312, "避難收容處所名稱": "大理國小", "預計收容人數": 84, "適用災害類別": "水災,震災", "管理人姓名": "郭渝葶", "管理人電話": "23064311#1400", "室內": "是", "室外": "否" }, "geometry": { "type": "Point", "coordinates": [ 121.4938, 25.0312 ] } },
{ "type": "Feature", "properties": { "縣市及鄉鎮市區": "臺北市中正區", "經度": 121.5122, "緯度": 25.0312, "避難收容處所名稱": "建國中學", "預計收容人數": 300, "適用災害類別": "水災,震災", "管理人姓名": "王鼎中", "管理人電話": "02-23034381#501", "室內": "是", "室外": "否" }, "geometry": { "type": "Point", "coordinates": [ 121.5122, 25.0312 ] } },
{ "type": "Feature", "properties": { "縣市及鄉鎮市區": "臺北市大安區", "經度": 121.5331, "緯度": 25.0312, "避難收容處所名稱": "金華國中", "預計收容人數": 300, "適用災害類別": "水災,震災", "管理人姓名": "侯姿吟", "管理人電話": "02-33931799#501", "室內": "是", "室外": "否" }, "geometry": { "type": "Point", "coordinates": [ 121.5331, 25.0312 ] } },
{ "type": "Feature", "properties": { "縣市及鄉鎮市區": "臺北市信義區", "經度": 121.5632, "緯度": 25.0318, "避難收容處所名稱": "信義國小", "預計收容人數": 150, "適用災害類別": "水災", "管理人姓名": "蔡育婷", "管理人電話": "02-27204005#832", "室內": "是", "室外": "否" }, "geometry": { "type": "Point", "coordinates": [ 121.5632, 25.0318 ] } },
{ "type": "Feature", "properties": { "縣市及鄉鎮市區": "新北市雙溪區", "經度": 121.8661, "緯度": 25.0318, "避難收容處所名稱": "共和社區活動中心", "預計收容人數": 100, "適用災害類別": "水災,震災,土石流", "管理人姓名": "宋翔怡", "管理人電話": "02-24931111#124", "室內": "是", "室外": "否" }, "geometry": { "type": "Point", "coordinates": [ 121.8661, 25.0318 ] } },
{ "type": "Feature", "properties": { "縣市及鄉鎮市區": "臺北市大安區", "經度": 121.5432, "緯度": 25.0319, "避難收容處所名稱": "大安高工", "預計收容人數": 100, "適用災害類別": "水災,震災", "管理人姓名": "劉家豪", "管理人電話": "02-27091630#1401", "室內": "是", "室外": "否" }, "geometry": { "type": "Point", "coordinates": [ 121.5432, 25.0319 ] } },
{ "type": "Feature", "properties": { "縣市及鄉鎮市區": "臺北市大安區", "經度": 121.5277, "緯度": 25.0322, "避難收容處所名稱": "金華國小", "預計收容人數": 56, "適用災害類別": "水災,震災", "管理人姓名": "游秀靜", "管理人電話": "02-23917402#830", "室內": "是", "室外": "否" }, "geometry": { "type": "Point", "coordinates": [ 121.5277, 25.0322 ] } },
{ "type": "Feature", "properties": { "縣市及鄉鎮市區": "臺北市中正區", "經度": 121.5221, "緯度": 25.0323, "避難收容處所名稱": "中正國中", "預計收容人數": 300, "適用災害類別": "水災,震災", "管理人姓名": "朱文源", "管理人電話": "02-23916697#501", "室內": "是", "室外": "否" }, "geometry": { "type": "Point", "coordinates": [ 121.5221, 25.0323 ] } },
{ "type": "Feature", "properties": { "縣市及鄉鎮市區": "新北市板橋區", "經度": 121.4742, "緯度": 25.0324, "避難收容處所名稱": "江翠國小", "預計收容人數": 784, "適用災害類別": "震災,土石流,海嘯", "管理人姓名": "蔡瓊如組長", "管理人電話": "22526880231", "室內": "是", "室外": "是" }, "geometry": { "type": "Point", "coordinates": [ 121.4742, 25.0324 ] } },
{ "type": "Feature", "properties": { "縣市及鄉鎮市區": "臺北市信義區", "經度": 121.5786, "緯度": 25.0327, "避難收容處所名稱": "永春高中", "預計收容人數": 300, "適用災害類別": "水災,震災", "管理人姓名": "劉育成", "管理人電話": "27272983#501", "室內": "是", "室外": "否" }, "geometry": { "type": "Point", "coordinates": [ 121.5786, 25.0327 ] } },
{ "type": "Feature", "properties": { "縣市及鄉鎮市區": "新北市新莊區", "經度": 121.4341, "緯度": 25.0329, "避難收容處所名稱": "輔仁大學", "預計收容人數": 705, "適用災害類別": "震災,土石流,海嘯", "管理人姓名": "邱雋弘", "管理人電話": "02-29929891", "室內": "是", "室外": "是" }, "geometry": { "type": "Point", "coordinates": [ 121.4341, 25.0329 ] } },
{ "type": "Feature", "properties": { "縣市及鄉鎮市區": "基隆市中正區", "經度": 121.56234, "緯度": 25.033152, "避難收容處所名稱": "台北世貿一館", "預計收容人數": 4245, "適用災害類別": null, "管理人姓名": "張聞松", "管理人電話": "27255200分機2247", "室內": "否", "室外": "否" }, "geometry": { "type": "Point", "coordinates": [ 121.56234, 25.033152 ] } },
{ "type": "Feature", "properties": { "縣市及鄉鎮市區": "新北市雙溪區", "經度": 121.8672, "緯度": 25.0334, "避難收容處所名稱": "雙溪國小", "預計收容人數": 1013, "適用災害類別": "震災,土石流", "管理人姓名": "宋翔怡", "管理人電話": "02-24931111-124", "室內": "是", "室外": "是" }, "geometry": { "type": "Point", "coordinates": [ 121.8672, 25.0334 ] } },
{ "type": "Feature", "properties": { "縣市及鄉鎮市區": "臺北市萬華區", "經度": 121.4912, "緯度": 25.0341, "避難收容處所名稱": "華江國小", "預計收容人數": 37, "適用災害類別": "水災,震災", "管理人姓名": "吳瓊慧", "管理人電話": "02-23064352#14", "室內": "是", "室外": "否" }, "geometry": { "type": "Point", "coordinates": [ 121.4912, 25.0341 ] } },
{ "type": "Feature", "properties": { "縣市及鄉鎮市區": "新北市新莊區", "經度": 121.4417, "緯度": 25.0342, "避難收容處所名稱": "新莊國小", "預計收容人數": 1029, "適用災害類別": "水災,震災,土石流,海嘯", "管理人姓名": "邱雋弘", "管理人電話": "02-29929891", "室內": "是", "室外": "是" }, "geometry": { "type": "Point", "coordinates": [ 121.4417, 25.0342 ] } },
{ "type": "Feature", "properties": { "縣市及鄉鎮市區": "臺北市信義區", "經度": 121.5801, "緯度": 25.0348, "避難收容處所名稱": "松山家商", "預計收容人數": 116, "適用災害類別": "水災,震災", "管理人姓名": "唐培培", "管理人電話": "02-27261118#411", "室內": "是", "室外": "否" }, "geometry": { "type": "Point", "coordinates": [ 121.5801, 25.0348 ] } },
{ "type": "Feature", "properties": { "縣市及鄉鎮市區": "新北市雙溪區", "經度": 121.8632, "緯度": 25.0349, "避難收容處所名稱": "雙溪高中", "預計收容人數": 1376, "適用災害類別": "水災,震災,土石流", "管理人姓名": "宋翔怡", "管理人電話": "02-24931111-124", "室內": "是", "室外": "是" }, "geometry": { "type": "Point", "coordinates": [ 121.8632, 25.0349 ] } },
{ "type": "Feature", "properties": { "縣市及鄉鎮市區": "臺北市中正區", "經度": 121.5091, "緯度": 25.0352, "避難收容處所名稱": "南門國小", "預計收容人數": 30, "適用災害類別": "水災,震災", "管理人姓名": "林育農", "管理人電話": "02-23715052#401", "室內": "是", "室外": "否" }, "geometry": { "type": "Point", "coordinates": [ 121.5091, 25.0352 ] } },
{ "type": "Feature", "properties": { "縣市及鄉鎮市區": "臺北市中正區", "經度": 121.5091, "緯度": 25.0352, "避難收容處所名稱": "南門國中", "預計收容人數": 151, "適用災害類別": "水災,震災", "管理人姓名": "楊啟明", "管理人電話": "02-23142775#61", "室內": "是", "室外": "否" }, "geometry": { "type": "Point", "coordinates": [ 121.5091, 25.0352 ] } },
{ "type": "Feature", "properties": { "縣市及鄉鎮市區": "新北市雙溪區", "經度": 121.849136, "緯度": 25.035598, "避難收容處所名稱": "平林市民活動中心", "預計收容人數": 79, "適用災害類別": "水災,震災,土石流", "管理人姓名": "宋翔怡", "管理人電話": "02-24931111#124", "室內": "否", "室外": "否" }, "geometry": { "type": "Point", "coordinates": [ 121.849136, 25.035598 ] } },
{ "type": "Feature", "properties": { "縣市及鄉鎮市區": "臺北市萬華區", "經度": 121.4962, "緯度": 25.0356, "避難收容處所名稱": "龍山國小", "預計收容人數": 50, "適用災害類別": "水災,震災", "管理人姓名": "李志強", "管理人電話": "02-23082977#730", "室內": "是", "室外": "否" }, "geometry": { "type": "Point", "coordinates": [ 121.4962, 25.0356 ] } },
{ "type": "Feature", "properties": { "縣市及鄉鎮市區": "臺北市信義區", "經度": 121.5733, "緯度": 25.0356, "避難收容處所名稱": "臺北市信義運動中心", "預計收容人數": 200, "適用災害類別": "震災", "管理人姓名": "莊耘", "管理人電話": "2570-2330轉6429", "室內": "是", "室外": "否" }, "geometry": { "type": "Point", "coordinates": [ 121.5733, 25.0356 ] } },
{ "type": "Feature", "properties": { "縣市及鄉鎮市區": "臺北市信義區", "經度": 121.5733, "緯度": 25.0356, "避難收容處所名稱": "松德公園", "預計收容人數": 1346, "適用災害類別": "震災", "管理人姓名": "高奕翔", "管理人電話": "02-27884255", "室內": "否", "室外": "是" }, "geometry": { "type": "Point", "coordinates": [ 121.5733, 25.0356 ] } },
{ "type": "Feature", "properties": { "縣市及鄉鎮市區": "基隆市中正區", "經度": 121.563833, "緯度": 25.035701, "避難收容處所名稱": "台北市世貿三館", "預計收容人數": 1000, "適用災害類別": null, "管理人姓名": "紀家鈺", "管理人電話": "02-277181211分機1336", "室內": "是", "室外": "否" }, "geometry": { "type": "Point", "coordinates": [ 121.563833, 25.035701 ] } },
{ "type": "Feature", "properties": { "縣市及鄉鎮市區": "新北市新莊區", "經度": 121.4505, "緯度": 25.0358, "避難收容處所名稱": "中信國小", "預計收容人數": 1084, "適用災害類別": "水災,震災,土石流,海嘯", "管理人姓名": "邱雋弘", "管理人電話": "02-29929891", "室內": "是", "室外": "否" }, "geometry": { "type": "Point", "coordinates": [ 121.4505, 25.0358 ] } },
{ "type": "Feature", "properties": { "縣市及鄉鎮市區": "臺北市大安區", "經度": 121.5524, "緯度": 25.0358, "避難收容處所名稱": "仁愛國小", "預計收容人數": 53, "適用災害類別": "水災,震災", "管理人姓名": "林宜靜", "管理人電話": "02-27095010#401", "室內": "是", "室外": "否" }, "geometry": { "type": "Point", "coordinates": [ 121.5524, 25.0358 ] } },
{ "type": "Feature", "properties": { "縣市及鄉鎮市區": "新北市新莊區", "經度": 121.450558, "緯度": 25.035834, "避難收容處所名稱": "新莊區公所", "預計收容人數": 200, "適用災害類別": "水災,震災", "管理人姓名": "邱雋弘", "管理人電話": "02-29929891#135", "室內": "是", "室外": "否" }, "geometry": { "type": "Point", "coordinates": [ 121.450558, 25.035834 ] } },
{ "type": "Feature", "properties": { "縣市及鄉鎮市區": "新北市新莊區", "經度": 121.4525, "緯度": 25.0359, "避難收容處所名稱": "新莊高中", "預計收容人數": 933, "適用災害類別": "水災,震災,土石流,海嘯", "管理人姓名": "邱雋弘", "管理人電話": "02-29929891", "室內": "是", "室外": "是" }, "geometry": { "type": "Point", "coordinates": [ 121.4525, 25.0359 ] } },
{ "type": "Feature", "properties": { "縣市及鄉鎮市區": "臺北市萬華區", "經度": 121.5046, "緯度": 25.036, "避難收容處所名稱": "龍山國中", "預計收容人數": 367, "適用災害類別": "水災", "管理人姓名": "楊炳煌", "管理人電話": "23362789#500", "室內": "是", "室外": "否" }, "geometry": { "type": "Point", "coordinates": [ 121.5046, 25.036 ] } },
{ "type": "Feature", "properties": { "縣市及鄉鎮市區": "臺北市信義區", "經度": 121.5711, "緯度": 25.0364, "避難收容處所名稱": "博愛國小", "預計收容人數": 80, "適用災害類別": "震災", "管理人姓名": "朱榮富", "管理人電話": "23450616#400", "室內": "是", "室外": "否" }, "geometry": { "type": "Point", "coordinates": [ 121.5711, 25.0364 ] } },
{ "type": "Feature", "properties": { "縣市及鄉鎮市區": "臺北市信義區", "經度": 121.5723, "緯度": 25.0364, "避難收容處所名稱": "興雅國中", "預計收容人數": 151, "適用災害類別": "震災", "管理人姓名": "柯景煌", "管理人電話": "02-27232771#500", "室內": "是", "室外": "否" }, "geometry": { "type": "Point", "coordinates": [ 121.5723, 25.0364 ] } },
{ "type": "Feature", "properties": { "縣市及鄉鎮市區": "新北市新莊區", "經度": 121.453731, "緯度": 25.036593, "避難收容處所名稱": "私立恆毅高級中學", "預計收容人數": 604, "適用災害類別": "水災,震災,土石流,海嘯", "管理人姓名": "邱雋弘", "管理人電話": "02-29929891", "室內": "是", "室外": "是" }, "geometry": { "type": "Point", "coordinates": [ 121.453731, 25.036593 ] } },
{ "type": "Feature", "properties": { "縣市及鄉鎮市區": "新北市新莊區", "經度": 121.4451, "緯度": 25.0369, "避難收容處所名稱": "新泰市民活動中心", "預計收容人數": 250, "適用災害類別": "水災,震災", "管理人姓名": "邱雋弘", "管理人電話": "02-29929891#135", "室內": "是", "室外": "否" }, "geometry": { "type": "Point", "coordinates": [ 121.4451, 25.0369 ] } },
{ "type": "Feature", "properties": { "縣市及鄉鎮市區": "新北市新莊區", "經度": 121.4564, "緯度": 25.037, "避難收容處所名稱": "頭前國中", "預計收容人數": 2352, "適用災害類別": "水災,震災,土石流,海嘯", "管理人姓名": "邱雋弘", "管理人電話": "02-29929891", "室內": "是", "室外": "是" }, "geometry": { "type": "Point", "coordinates": [ 121.4564, 25.037 ] } },
{ "type": "Feature", "properties": { "縣市及鄉鎮市區": "臺北市信義區", "經度": 121.5853, "緯度": 25.0371, "避難收容處所名稱": "?公國中", "預計收容人數": 30, "適用災害類別": "水災,震災", "管理人姓名": "黃福全", "管理人電話": "02-27261481#400", "室內": "是", "室外": "否" }, "geometry": { "type": "Point", "coordinates": [ 121.5853, 25.0371 ] } },
{ "type": "Feature", "properties": { "縣市及鄉鎮市區": "臺北市中正區", "經度": 121.5153, "緯度": 25.0375, "避難收容處所名稱": "弘道國中", "預計收容人數": 87, "適用災害類別": "震災", "管理人姓名": "林鴻儒", "管理人電話": "02-23715520#500", "室內": "是", "室外": "否" }, "geometry": { "type": "Point", "coordinates": [ 121.5153, 25.0375 ] } },
{ "type": "Feature", "properties": { "縣市及鄉鎮市區": "臺北市大安區", "經度": 121.5507, "緯度": 25.0375, "避難收容處所名稱": "仁愛國中", "預計收容人數": 125, "適用災害類別": "水災,震災", "管理人姓名": "廖志偉", "管理人電話": "02-23255823#168", "室內": "是", "室外": "否" }, "geometry": { "type": "Point", "coordinates": [ 121.5507, 25.0375 ] } },
{ "type": "Feature", "properties": { "縣市及鄉鎮市區": "臺北市大安區", "經度": 121.535, "緯度": 25.0376, "避難收容處所名稱": "幸安國小", "預計收容人數": 200, "適用災害類別": "震災", "管理人姓名": "林冠廷", "管理人電話": "02-27074191#3300", "室內": "是", "室外": "否" }, "geometry": { "type": "Point", "coordinates": [ 121.535, 25.0376 ] } },
{ "type": "Feature", "properties": { "縣市及鄉鎮市區": "新北市新莊區", "經度": 121.4438, "緯度": 25.0378, "避難收容處所名稱": "光華國小", "預計收容人數": 963, "適用災害類別": "水災,震災,土石流,海嘯", "管理人姓名": "邱雋弘", "管理人電話": "02-29929891", "室內": "是", "室外": "是" }, "geometry": { "type": "Point", "coordinates": [ 121.4438, 25.0378 ] } },
{ "type": "Feature", "properties": { "縣市及鄉鎮市區": "臺北市萬華區", "經度": 121.5027, "緯度": 25.038, "避難收容處所名稱": "老松國小", "預計收容人數": 50, "適用災害類別": "水災,震災", "管理人姓名": "湯順禎", "管理人電話": "02-23361266#130", "室內": "是", "室外": "否" }, "geometry": { "type": "Point", "coordinates": [ 121.5027, 25.038 ] } },
{ "type": "Feature", "properties": { "縣市及鄉鎮市區": "臺北市中正區", "經度": 121.513, "緯度": 25.0386, "避難收容處所名稱": "北一女中", "預計收容人數": 60, "適用災害類別": "水災,震災", "管理人姓名": "鄭鈺樺", "管理人電話": "23820484#600", "室內": "是", "室外": "否" }, "geometry": { "type": "Point", "coordinates": [ 121.513, 25.0386 ] } },
{ "type": "Feature", "properties": { "縣市及鄉鎮市區": "臺北市中正區", "經度": 121.5209, "緯度": 25.0387, "避難收容處所名稱": "東門國小", "預計收容人數": 100, "適用災害類別": "水災,震災", "管理人姓名": "林郁玲", "管理人電話": "02-23413542#23", "室內": "是", "室外": "否" }, "geometry": { "type": "Point", "coordinates": [ 121.5209, 25.0387 ] } },
{ "type": "Feature", "properties": { "縣市及鄉鎮市區": "臺北市信義區", "經度": 121.5865, "緯度": 25.0389, "避難收容處所名稱": "福德國小", "預計收容人數": 105, "適用災害類別": "水災,震災", "管理人姓名": "林君豪", "管理人電話": "02-27277992#21", "室內": "是", "室外": "否" }, "geometry": { "type": "Point", "coordinates": [ 121.5865, 25.0389 ] } },
{ "type": "Feature", "properties": { "縣市及鄉鎮市區": "新北市泰山區", "經度": 121.4266, "緯度": 25.0394, "避難收容處所名稱": "貴和市民活動中心", "預計收容人數": 76, "適用災害類別": "水災,土石流,海嘯,核子事故", "管理人姓名": "詹淑美", "管理人電話": "02-29099551#1402", "室內": "是", "室外": "否" }, "geometry": { "type": "Point", "coordinates": [ 121.4266, 25.0394 ] } },
{ "type": "Feature", "properties": { "縣市及鄉鎮市區": "臺北市中正區", "經度": 121.5225, "緯度": 25.0394, "避難收容處所名稱": "財團法人臺北市東和禪寺", "預計收容人數": 30, "適用災害類別": "水災,震災", "管理人姓名": "釋修慧", "管理人電話": "23934598", "室內": "是", "室外": "否" }, "geometry": { "type": "Point", "coordinates": [ 121.5225, 25.0394 ] } },
{ "type": "Feature", "properties": { "縣市及鄉鎮市區": "臺北市信義區", "經度": 121.572, "緯度": 25.0398, "避難收容處所名稱": "松山工農", "預計收容人數": 50, "適用災害類別": "水災,震災", "管理人姓名": "鄭才新", "管理人電話": "27226616#601", "室內": "是", "室外": "否" }, "geometry": { "type": "Point", "coordinates": [ 121.572, 25.0398 ] } },
{ "type": "Feature", "properties": { "縣市及鄉鎮市區": "臺北市信義區", "經度": 121.5578, "緯度": 25.0402, "避難收容處所名稱": "光復國小", "預計收容人數": 40, "適用災害類別": "水災,震災", "管理人姓名": "吳建億", "管理人電話": "27585076#830", "室內": "是", "室外": "否" }, "geometry": { "type": "Point", "coordinates": [ 121.5578, 25.0402 ] } },
{ "type": "Feature", "properties": { "縣市及鄉鎮市區": "臺北市南港區", "經度": 121.61735, "緯度": 25.040245, "避難收容處所名稱": "舊庄國小", "預計收容人數": 92, "適用災害類別": null, "管理人姓名": "林思瀅", "管理人電話": "922424372", "室內": "否", "室外": "否" }, "geometry": { "type": "Point", "coordinates": [ 121.61735, 25.040245 ] } },
{ "type": "Feature", "properties": { "縣市及鄉鎮市區": "臺北市中正區", "經度": 121.5156, "緯度": 25.0403, "避難收容處所名稱": "二二八和平公園", "預計收容人數": 7909, "適用災害類別": "震災", "管理人姓名": "呂芳金", "管理人電話": "2303-2451", "室內": "否", "室外": "是" }, "geometry": { "type": "Point", "coordinates": [ 121.5156, 25.0403 ] } },
{ "type": "Feature", "properties": { "縣市及鄉鎮市區": "臺北市大安區", "經度": 121.5412, "緯度": 25.0403, "避難收容處所名稱": "懷生國中", "預計收容人數": 300, "適用災害類別": "水災,震災", "管理人姓名": "謝淑慧", "管理人電話": "02-27215078#330", "室內": "是", "室外": "否" }, "geometry": { "type": "Point", "coordinates": [ 121.5412, 25.0403 ] } },
{ "type": "Feature", "properties": { "縣市及鄉鎮市區": "新北市泰山區", "經度": 121.4206, "緯度": 25.0417, "避難收容處所名稱": "明志科技大學", "預計收容人數": 1803, "適用災害類別": "水災,震災,土石流,海嘯,核子事故", "管理人姓名": "詹淑美", "管理人電話": "02-29099551#1402", "室內": "是", "室外": "是" }, "geometry": { "type": "Point", "coordinates": [ 121.4206, 25.0417 ] } },
{ "type": "Feature", "properties": { "縣市及鄉鎮市區": "新北市新莊區", "經度": 121.455157, "緯度": 25.041825, "避難收容處所名稱": "中港第一市民活動中心", "預計收容人數": 75, "適用災害類別": "水災,震災", "管理人姓名": "邱雋弘", "管理人電話": "02-29929891#135", "室內": "是", "室外": "否" }, "geometry": { "type": "Point", "coordinates": [ 121.455157, 25.041825 ] } },
{ "type": "Feature", "properties": { "縣市及鄉鎮市區": "新北市平溪區", "經度": 121.775807, "緯度": 25.04193, "避難收容處所名稱": "老人文康活動中心", "預計收容人數": 127, "適用災害類別": "水災,震災,土石流", "管理人姓名": "李元裕", "管理人電話": "02-24951510#151", "室內": "是", "室外": "否" }, "geometry": { "type": "Point", "coordinates": [ 121.775807, 25.04193 ] } },
{ "type": "Feature", "properties": { "縣市及鄉鎮市區": "新北市新莊區", "經度": 121.4565, "緯度": 25.0423, "避難收容處所名稱": "全安市民活動中心", "預計收容人數": 200, "適用災害類別": "水災,震災", "管理人姓名": "邱雋弘", "管理人電話": "02-29929891#135", "室內": "是", "室外": "否" }, "geometry": { "type": "Point", "coordinates": [ 121.4565, 25.0423 ] } },
{ "type": "Feature", "properties": { "縣市及鄉鎮市區": "苗栗縣三義鄉", "經度": 121.533012, "緯度": 25.042385, "避難收容處所名稱": "龍騰活動中心", "預計收容人數": 20, "適用災害類別": "水災,震災,土石流", "管理人姓名": "吳陳貞蓉.李明華", "管理人電話": "037-881418", "室內": "是", "室外": "否" }, "geometry": { "type": "Point", "coordinates": [ 121.533012, 25.042385 ] } },
{ "type": "Feature", "properties": { "縣市及鄉鎮市區": "苗栗縣三義鄉", "經度": 121.533012, "緯度": 25.042385, "避難收容處所名稱": "雙潭活動中心", "預計收容人數": 20, "適用災害類別": "水災,震災,土石流", "管理人姓名": "魏勝男.吳建宣", "管理人電話": "037-871023", "室內": "是", "室外": "否" }, "geometry": { "type": "Point", "coordinates": [ 121.533012, 25.042385 ] } },
{ "type": "Feature", "properties": { "縣市及鄉鎮市區": "苗栗縣三義鄉", "經度": 121.533012, "緯度": 25.042385, "避難收容處所名稱": "鯉魚潭活動中心室內", "預計收容人數": 50, "適用災害類別": "水災,震災,土石流", "管理人姓名": "李明華", "管理人電話": "037-881002", "室內": "是", "室外": "否" }, "geometry": { "type": "Point", "coordinates": [ 121.533012, 25.042385 ] } },
{ "type": "Feature", "properties": { "縣市及鄉鎮市區": "苗栗縣三義鄉", "經度": 121.533012, "緯度": 25.042385, "避難收容處所名稱": "建中國民小學活動中心室內", "預計收容人數": 50, "適用災害類別": "水災,震災,土石流,海嘯", "管理人姓名": "林芳玉", "管理人電話": "037-872007", "室內": "是", "室外": "否" }, "geometry": { "type": "Point", "coordinates": [ 121.533012, 25.042385 ] } },
{ "type": "Feature", "properties": { "縣市及鄉鎮市區": "苗栗縣三義鄉", "經度": 121.533012, "緯度": 25.042385, "避難收容處所名稱": "西湖村活動中心室內", "預計收容人數": 50, "適用災害類別": "水災,土石流,海嘯", "管理人姓名": "賴水木", "管理人電話": "037-874307", "室內": "是", "室外": "否" }, "geometry": { "type": "Point", "coordinates": [ 121.533012, 25.042385 ] } },
{ "type": "Feature", "properties": { "縣市及鄉鎮市區": "苗栗縣苑裡鎮", "經度": 121.533012, "緯度": 25.042385, "避難收容處所名稱": "上?里民眾活動中心", "預計收容人數": 50, "適用災害類別": "水災,震災,土石流", "管理人姓名": "解振昌", "管理人電話": "037-743028", "室內": "是", "室外": "否" }, "geometry": { "type": "Point", "coordinates": [ 121.533012, 25.042385 ] } },
{ "type": "Feature", "properties": { "縣市及鄉鎮市區": "苗栗縣三灣鄉", "經度": 121.533012, "緯度": 25.042385, "避難收容處所名稱": "銅鏡社區活動中心", "預計收容人數": 50, "適用災害類別": "水災,土石流,海嘯", "管理人姓名": "徐盛發", "管理人電話": "037-831653", "室內": "是", "室外": "否" }, "geometry": { "type": "Point", "coordinates": [ 121.533012, 25.042385 ] } },
{ "type": "Feature", "properties": { "縣市及鄉鎮市區": "苗栗縣三義鄉", "經度": 121.533012, "緯度": 25.042385, "避難收容處所名稱": "西湖村活動中心室外", "預計收容人數": 150, "適用災害類別": "震災,海嘯", "管理人姓名": "賴水木", "管理人電話": "037-874307", "室內": "否", "室外": "是" }, "geometry": { "type": "Point", "coordinates": [ 121.533012, 25.042385 ] } },
{ "type": "Feature", "properties": { "縣市及鄉鎮市區": "苗栗縣三義鄉", "經度": 121.533012, "緯度": 25.042385, "避難收容處所名稱": "鯉魚潭村活動中心室外", "預計收容人數": 150, "適用災害類別": "震災", "管理人姓名": "李明華", "管理人電話": "037-881002", "室內": "否", "室外": "是" }, "geometry": { "type": "Point", "coordinates": [ 121.533012, 25.042385 ] } },
{ "type": "Feature", "properties": { "縣市及鄉鎮市區": "苗栗縣三義鄉", "經度": 121.533012, "緯度": 25.042385, "避難收容處所名稱": "建中國民小學操場室外", "預計收容人數": 300, "適用災害類別": "震災", "管理人姓名": "林芳玉", "管理人電話": "037-872007#132", "室內": "否", "室外": "是" }, "geometry": { "type": "Point", "coordinates": [ 121.533012, 25.042385 ] } },
{ "type": "Feature", "properties": { "縣市及鄉鎮市區": "苗栗縣苑裡鎮", "經度": 121.533012, "緯度": 25.042385, "避難收容處所名稱": "苑裡鎮立托兒所", "預計收容人數": 300, "適用災害類別": "水災,震災", "管理人姓名": "陳海琪", "管理人電話": "037-744224", "室內": "是", "室外": "否" }, "geometry": { "type": "Point", "coordinates": [ 121.533012, 25.042385 ] } },
{ "type": "Feature", "properties": { "縣市及鄉鎮市區": "苗栗縣苑裡鎮", "經度": 121.533012, "緯度": 25.042385, "避難收容處所名稱": "苑裡鎮老人文康中心", "預計收容人數": 300, "適用災害類別": "水災,震災,海嘯", "管理人姓名": "傅金鳳", "管理人電話": "869599", "室內": "是", "室外": "否" }, "geometry": { "type": "Point", "coordinates": [ 121.533012, 25.042385 ] } },
{ "type": "Feature", "properties": { "縣市及鄉鎮市區": "苗栗縣苑裡鎮", "經度": 121.533012, "緯度": 25.042385, "避難收容處所名稱": "苑裡鎮苑東苑南苑北社區聯合活動中", "預計收容人數": 500, "適用災害類別": "水災,震災,海嘯", "管理人姓名": "何宜臻", "管理人電話": "037-854073", "室內": "是", "室外": "否" }, "geometry": { "type": "Point", "coordinates": [ 121.533012, 25.042385 ] } },
{ "type": "Feature", "properties": { "縣市及鄉鎮市區": "苗栗縣苑裡鎮", "經度": 121.533012, "緯度": 25.042385, "避難收容處所名稱": "苗栗縣立苑裡高中操場", "預計收容人數": 1000, "適用災害類別": "震災", "管理人姓名": "洪溫惠", "管理人電話": "037-861042-623", "室內": "否", "室外": "是" }, "geometry": { "type": "Point", "coordinates": [ 121.533012, 25.042385 ] } },
{ "type": "Feature", "properties": { "縣市及鄉鎮市區": "苗栗縣苑裡鎮", "經度": 121.533012, "緯度": 25.042385, "避難收容處所名稱": "山腳國小田徑場", "預計收容人數": 1000, "適用災害類別": "震災", "管理人姓名": "陳明助", "管理人電話": "037-745024", "室內": "否", "室外": "是" }, "geometry": { "type": "Point", "coordinates": [ 121.533012, 25.042385 ] } },
{ "type": "Feature", "properties": { "縣市及鄉鎮市區": "苗栗縣苑裡鎮", "經度": 121.533012, "緯度": 25.042385, "避難收容處所名稱": "苑裡鎮中山國小操場", "預計收容人數": 1000, "適用災害類別": "震災", "管理人姓名": "鍾國鼎", "管理人電話": "037-743564", "室內": "否", "室外": "是" }, "geometry": { "type": "Point", "coordinates": [ 121.533012, 25.042385 ] } },
{ "type": "Feature", "properties": { "縣市及鄉鎮市區": "苗栗縣苑裡鎮", "經度": 121.533012, "緯度": 25.042385, "避難收容處所名稱": "苑裡鎮立體育場", "預計收容人數": 2000, "適用災害類別": "震災", "管理人姓名": "陳梅如", "管理人電話": "869299", "室內": "否", "室外": "是" }, "geometry": { "type": "Point", "coordinates": [ 121.533012, 25.042385 ] } },
{ "type": "Feature", "properties": { "縣市及鄉鎮市區": "雲林縣土庫鎮", "經度": 121.533012, "緯度": 25.042385, "避難收容處所名稱": "綺湖社區活動中心", "預計收容人數": 78, "適用災害類別": "水災,震災", "管理人姓名": "吳義正", "管理人電話": "05-6623430", "室內": "是", "室外": "否" }, "geometry": { "type": "Point", "coordinates": [ 121.533012, 25.042385 ] } },
{ "type": "Feature", "properties": { "縣市及鄉鎮市區": "新北市三峽區", "經度": 121.533012, "緯度": 25.042385, "避難收容處所名稱": "大有市民活動中心", "預計收容人數": 148, "適用災害類別": "水災,震災,土石流", "管理人姓名": "吳香其", "管理人電話": "02-26711017分機207", "室內": "是", "室外": "否" }, "geometry": { "type": "Point", "coordinates": [ 121.533012, 25.042385 ] } },
{ "type": "Feature", "properties": { "縣市及鄉鎮市區": "新北市貢寮區", "經度": 121.533012, "緯度": 25.042385, "避難收容處所名稱": "豐珠國中小活動中心", "預計收容人數": 369, "適用災害類別": "水災,海嘯", "管理人姓名": "黃士綺", "管理人電話": "02-24903727", "室內": "是", "室外": "是" }, "geometry": { "type": "Point", "coordinates": [ 121.533012, 25.042385 ] } },
{ "type": "Feature", "properties": { "縣市及鄉鎮市區": "嘉義縣大林鎮", "經度": 121.533012, "緯度": 25.042385, "避難收容處所名稱": "大林鎮公所", "預計收容人數": 50, "適用災害類別": "水災", "管理人姓名": "吳淑芸", "管理人電話": "05-2653211", "室內": "是", "室外": "否" }, "geometry": { "type": "Point", "coordinates": [ 121.533012, 25.042385 ] } },
{ "type": "Feature", "properties": { "縣市及鄉鎮市區": "嘉義縣大埔鄉", "經度": 121.533012, "緯度": 25.042385, "避難收容處所名稱": "西興村活動中心前廣場", "預計收容人數": 50, "適用災害類別": "水災,震災", "管理人姓名": "茄苳村幹事", "管理人電話": "05-2521310-28", "室內": "否", "室外": "是" }, "geometry": { "type": "Point", "coordinates": [ 121.533012, 25.042385 ] } },
{ "type": "Feature", "properties": { "縣市及鄉鎮市區": "嘉義縣大埔鄉", "經度": 121.533012, "緯度": 25.042385, "避難收容處所名稱": "大埔鄉公所", "預計收容人數": 50, "適用災害類別": "水災", "管理人姓名": "黃國明", "管理人電話": "05-2521310-29", "室內": "是", "室外": "否" }, "geometry": { "type": "Point", "coordinates": [ 121.533012, 25.042385 ] } },
{ "type": "Feature", "properties": { "縣市及鄉鎮市區": "嘉義縣竹崎鄉", "經度": 121.533012, "緯度": 25.042385, "避難收容處所名稱": "文光國際英語村[室內]", "預計收容人數": 80, "適用災害類別": "水災,土石流", "管理人姓名": "翁俊忠", "管理人電話": "05-2630537", "室內": "否", "室外": "否" }, "geometry": { "type": "Point", "coordinates": [ 121.533012, 25.042385 ] } },
{ "type": "Feature", "properties": { "縣市及鄉鎮市區": "嘉義縣竹崎鄉", "經度": 121.533012, "緯度": 25.042385, "避難收容處所名稱": "嘉義縣竹崎鄉灣橋村朴子埔收容所暨防災物資整備所", "預計收容人數": 90, "適用災害類別": null, "管理人姓名": "林印筒", "管理人電話": "05-2790392", "室內": "否", "室外": "否" }, "geometry": { "type": "Point", "coordinates": [ 121.533012, 25.042385 ] } },
{ "type": "Feature", "properties": { "縣市及鄉鎮市區": "嘉義縣溪口鄉", "經度": 121.533012, "緯度": 25.042385, "避難收容處所名稱": "溪口國中室外", "預計收容人數": 300, "適用災害類別": "震災", "管理人姓名": "簡淑玲校長", "管理人電話": "2691050#112", "室內": "否", "室外": "是" }, "geometry": { "type": "Point", "coordinates": [ 121.533012, 25.042385 ] } },
{ "type": "Feature", "properties": { "縣市及鄉鎮市區": "嘉義縣鹿草鄉", "經度": 121.533012, "緯度": 25.042385, "避難收容處所名稱": "竹園國小室外", "預計收容人數": 400, "適用災害類別": "震災", "管理人姓名": "涂慶波", "管理人電話": "05-3650524-12", "室內": "否", "室外": "是" }, "geometry": { "type": "Point", "coordinates": [ 121.533012, 25.042385 ] } },
{ "type": "Feature", "properties": { "縣市及鄉鎮市區": "嘉義縣鹿草鄉", "經度": 121.533012, "緯度": 25.042385, "避難收容處所名稱": "後塘國小室外", "預計收容人數": 500, "適用災害類別": "震災", "管理人姓名": "何雪鳳", "管理人電話": "05-375254812", "室內": "否", "室外": "是" }, "geometry": { "type": "Point", "coordinates": [ 121.533012, 25.042385 ] } },
{ "type": "Feature", "properties": { "縣市及鄉鎮市區": "彰化縣永靖鄉", "經度": 121.533012, "緯度": 25.042385, "避難收容處所名稱": "老人文康活動中心", "預計收容人數": 50, "適用災害類別": "水災,震災,土石流,海嘯", "管理人姓名": "呂美玲", "管理人電話": "048-8221191-21", "室內": "是", "室外": "否" }, "geometry": { "type": "Point", "coordinates": [ 121.533012, 25.042385 ] } },
{ "type": "Feature", "properties": { "縣市及鄉鎮市區": "彰化縣永靖鄉", "經度": 121.533012, "緯度": 25.042385, "避難收容處所名稱": "永靖鄉立托兒所", "預計收容人數": 200, "適用災害類別": "水災,震災,土石流,海嘯", "管理人姓名": "林宗憶", "管理人電話": "048-8238746", "室內": "是", "室外": "否" }, "geometry": { "type": "Point", "coordinates": [ 121.533012, 25.042385 ] } },
{ "type": "Feature", "properties": { "縣市及鄉鎮市區": "臺中市梧棲區", "經度": 121.533012, "緯度": 25.042385, "避難收容處所名稱": "梧棲國小活動中心", "預計收容人數": 200, "適用災害類別": "水災,震災,土石流", "管理人姓名": "蔡宗名", "管理人電話": "04-26562834#1731", "室內": "是", "室外": "是" }, "geometry": { "type": "Point", "coordinates": [ 121.533012, 25.042385 ] } },
{ "type": "Feature", "properties": { "縣市及鄉鎮市區": "臺東縣長濱鄉", "經度": 121.533012, "緯度": 25.042385, "避難收容處所名稱": "樟原社區活動中心", "預計收容人數": 40, "適用災害類別": "水災,震災,土石流,海嘯", "管理人姓名": "江金安", "管理人電話": "089-881069", "室內": "是", "室外": "是" }, "geometry": { "type": "Point", "coordinates": [ 121.533012, 25.042385 ] } },
{ "type": "Feature", "properties": { "縣市及鄉鎮市區": "臺東縣長濱鄉", "經度": 121.533012, "緯度": 25.042385, "避難收容處所名稱": "三間社區活動中心", "預計收容人數": 80, "適用災害類別": "水災,震災,土石流,海嘯", "管理人姓名": "王蘊萍", "管理人電話": "089-831640", "室內": "是", "室外": "是" }, "geometry": { "type": "Point", "coordinates": [ 121.533012, 25.042385 ] } },
{ "type": "Feature", "properties": { "縣市及鄉鎮市區": "臺東縣長濱鄉", "經度": 121.533012, "緯度": 25.042385, "避難收容處所名稱": "三間村南溪國小", "預計收容人數": 180, "適用災害類別": "水災,震災,土石流", "管理人姓名": "高蓮妹", "管理人電話": "089-881253", "室內": "是", "室外": "是" }, "geometry": { "type": "Point", "coordinates": [ 121.533012, 25.042385 ] } },
{ "type": "Feature", "properties": { "縣市及鄉鎮市區": "臺南市新化區", "經度": 121.533012, "緯度": 25.042385, "避難收容處所名稱": "同義宮", "預計收容人數": 150, "適用災害類別": "水災", "管理人姓名": "黃育彥", "管理人電話": "06-5903219", "室內": "是", "室外": "否" }, "geometry": { "type": "Point", "coordinates": [ 121.533012, 25.042385 ] } },
{ "type": "Feature", "properties": { "縣市及鄉鎮市區": "臺南市新化區", "經度": 121.533012, "緯度": 25.042385, "避難收容處所名稱": "新化區聯合活動中心", "預計收容人數": 490, "適用災害類別": "水災,震災", "管理人姓名": "林景昌", "管理人電話": "06-5905356", "室內": "否", "室外": "否" }, "geometry": { "type": "Point", "coordinates": [ 121.533012, 25.042385 ] } },
{ "type": "Feature", "properties": { "縣市及鄉鎮市區": "臺北市中正區", "經度": 121.5238, "緯度": 25.0424, "避難收容處所名稱": "成功高中", "預計收容人數": 30, "適用災害類別": "水災,震災", "管理人姓名": "鄭隆傑", "管理人電話": "23216256#231", "室內": "是", "室外": "否" }, "geometry": { "type": "Point", "coordinates": [ 121.5238, 25.0424 ] } },
{ "type": "Feature", "properties": { "縣市及鄉鎮市區": "臺北市南港區", "經度": 121.6172, "緯度": 25.0424, "避難收容處所名稱": "胡適國小", "預計收容人數": 30, "適用災害類別": "水災,震災", "管理人姓名": "陳谷易", "管理人電話": "02-27824949#930", "室內": "是", "室外": "否" }, "geometry": { "type": "Point", "coordinates": [ 121.6172, 25.0424 ] } },
{ "type": "Feature", "properties": { "縣市及鄉鎮市區": "新北市新莊區", "經度": 121.4444, "緯度": 25.0426, "避難收容處所名稱": "丹鳳高中", "預計收容人數": 1337, "適用災害類別": "水災,震災,土石流,海嘯", "管理人姓名": "邱雋弘", "管理人電話": "02-29929891", "室內": "是", "室外": "是" }, "geometry": { "type": "Point", "coordinates": [ 121.4444, 25.0426 ] } },
{ "type": "Feature", "properties": { "縣市及鄉鎮市區": "臺北市中正區", "經度": 121.5317, "緯度": 25.0428, "避難收容處所名稱": "忠孝國小", "預計收容人數": 30, "適用災害類別": "水災,震災", "管理人姓名": "林瑞慧", "管理人電話": "02-23918170#832", "室內": "是", "室外": "否" }, "geometry": { "type": "Point", "coordinates": [ 121.5317, 25.0428 ] } },
{ "type": "Feature", "properties": { "縣市及鄉鎮市區": "新北市泰山區", "經度": 121.4317, "緯度": 25.043, "避難收容處所名稱": "明志國小", "預計收容人數": 1024, "適用災害類別": "土石流,海嘯,核子事故", "管理人姓名": "詹淑美", "管理人電話": "02-29099551#1402", "室內": "是", "室外": "是" }, "geometry": { "type": "Point", "coordinates": [ 121.4317, 25.043 ] } },
{ "type": "Feature", "properties": { "縣市及鄉鎮市區": "臺北市信義區", "經度": 121.5791, "緯度": 25.043, "避難收容處所名稱": "永吉國小", "預計收容人數": 53, "適用災害類別": "水災,震災", "管理人姓名": "宋宏毅", "管理人電話": "87858111#700", "室內": "是", "室外": "否" }, "geometry": { "type": "Point", "coordinates": [ 121.5791, 25.043 ] } },
{ "type": "Feature", "properties": { "縣市及鄉鎮市區": "新北市三重區", "經度": 121.467, "緯度": 25.0431, "避難收容處所名稱": "私立金陵女中", "預計收容人數": 913, "適用災害類別": "水災,震災,土石流,海嘯", "管理人姓名": "許明枝", "管理人電話": "02-29862345#493", "室內": "是", "室外": "是" }, "geometry": { "type": "Point", "coordinates": [ 121.467, 25.0431 ] } },
{ "type": "Feature", "properties": { "縣市及鄉鎮市區": "臺北市萬華區", "經度": 121.5035, "緯度": 25.0432, "避難收容處所名稱": "西門國小", "預計收容人數": 95, "適用災害類別": "水災,震災", "管理人姓名": "籃玉君", "管理人電話": "02-23113519#1131", "室內": "是", "室外": "否" }, "geometry": { "type": "Point", "coordinates": [ 121.5035, 25.0432 ] } },
{ "type": "Feature", "properties": { "縣市及鄉鎮市區": "臺北市信義區", "經度": 121.5658, "緯度": 25.0439, "避難收容處所名稱": "松山高中", "預計收容人數": 300, "適用災害類別": "水災,震災", "管理人姓名": "莊明煌", "管理人電話": "27535968-268", "室內": "是", "室外": "否" }, "geometry": { "type": "Point", "coordinates": [ 121.5658, 25.0439 ] } },
{ "type": "Feature", "properties": { "縣市及鄉鎮市區": "新北市平溪區", "經度": 121.7774, "緯度": 25.0439, "避難收容處所名稱": "十分國小", "預計收容人數": 175, "適用災害類別": "水災,震災,土石流", "管理人姓名": "李元裕", "管理人電話": "02-24951510#151", "室內": "是", "室外": "是" }, "geometry": { "type": "Point", "coordinates": [ 121.7774, 25.0439 ] } },
{ "type": "Feature", "properties": { "縣市及鄉鎮市區": "臺北市信義區", "經度": 121.5789, "緯度": 25.0447, "避難收容處所名稱": "永春國小", "預計收容人數": 115, "適用災害類別": "水災,震災", "管理人姓名": "朱榮富", "管理人電話": "02-27641314#630", "室內": "是", "室外": "否" }, "geometry": { "type": "Point", "coordinates": [ 121.5789, 25.0447 ] } },
{ "type": "Feature", "properties": { "縣市及鄉鎮市區": "臺北市松山區", "經度": 121.5509, "緯度": 25.0449, "避難收容處所名稱": "臺北田徑場", "預計收容人數": 440, "適用災害類別": "水災,震災", "管理人姓名": "陳亭孜", "管理人電話": "02-25702330#6513", "室內": "否", "室外": "是" }, "geometry": { "type": "Point", "coordinates": [ 121.5509, 25.0449 ] } },
{ "type": "Feature", "properties": { "縣市及鄉鎮市區": "臺北市南港區", "經度": 121.587751, "緯度": 25.045069, "避難收容處所名稱": "成德國中", "預計收容人數": 300, "適用災害類別": null, "管理人姓名": "陳章玄", "管理人電話": "02-26515636#401", "室內": "否", "室外": "否" }, "geometry": { "type": "Point", "coordinates": [ 121.587751, 25.045069 ] } },
{ "type": "Feature", "properties": { "縣市及鄉鎮市區": "新北市新莊區", "經度": 121.4472, "緯度": 25.0451, "避難收容處所名稱": "國泰國小", "預計收容人數": 1036, "適用災害類別": "水災,震災,土石流,海嘯", "管理人姓名": "邱雋弘", "管理人電話": "02-29929891", "室內": "是", "室外": "是" }, "geometry": { "type": "Point", "coordinates": [ 121.4472, 25.0451 ] } },
{ "type": "Feature", "properties": { "縣市及鄉鎮市區": "臺北市中山區", "經度": 121.5417, "緯度": 25.0453, "避難收容處所名稱": "懷生國小", "預計收容人數": 30, "適用災害類別": "水災,震災", "管理人姓名": "曾韻任", "管理人電話": "02-27710846#510", "室內": "是", "室外": "否" }, "geometry": { "type": "Point", "coordinates": [ 121.5417, 25.0453 ] } },
{ "type": "Feature", "properties": { "縣市及鄉鎮市區": "臺北市南港區", "經度": 121.5896, "緯度": 25.0455, "避難收容處所名稱": "修德國小", "預計收容人數": 95, "適用災害類別": "水災,震災", "管理人姓名": "張雅祺", "管理人電話": "02-27880500#151", "室內": "是", "室外": "否" }, "geometry": { "type": "Point", "coordinates": [ 121.5896, 25.0455 ] } },
{ "type": "Feature", "properties": { "縣市及鄉鎮市區": "新北市新莊區", "經度": 121.4566, "緯度": 25.0456, "避難收容處所名稱": "頭前國小", "預計收容人數": 610, "適用災害類別": "震災,土石流,海嘯", "管理人姓名": "邱雋弘", "管理人電話": "02-29929891", "室內": "是", "室外": "是" }, "geometry": { "type": "Point", "coordinates": [ 121.4566, 25.0456 ] } },
{ "type": "Feature", "properties": { "縣市及鄉鎮市區": "臺北市南港區", "經度": 121.5912, "緯度": 25.0458, "避難收容處所名稱": "南港公園", "預計收容人數": 8661, "適用災害類別": "震災", "管理人姓名": "高奕翔", "管理人電話": "02-27884255", "室內": "否", "室外": "是" }, "geometry": { "type": "Point", "coordinates": [ 121.5912, 25.0458 ] } },
{ "type": "Feature", "properties": { "縣市及鄉鎮市區": "高雄市林園區", "經度": 121.517414, "緯度": 25.046238, "避難收容處所名稱": "高雄市林園區汕尾國民小學", "預計收容人數": 400, "適用災害類別": "水災,震災", "管理人姓名": "陳谷庭", "管理人電話": "07-3719971", "室內": "否", "室外": "否" }, "geometry": { "type": "Point", "coordinates": [ 121.517414, 25.046238 ] } },
{ "type": "Feature", "properties": { "縣市及鄉鎮市區": "臺北市萬華區", "經度": 121.5089, "緯度": 25.0463, "避難收容處所名稱": "福星國小", "預計收容人數": 50, "適用災害類別": "水災,震災", "管理人姓名": "蘇鈺琇", "管理人電話": "02-23144668#106", "室內": "是", "室外": "否" }, "geometry": { "type": "Point", "coordinates": [ 121.5089, 25.0463 ] } },
{ "type": "Feature", "properties": { "縣市及鄉鎮市區": "臺北市南港區", "經度": 121.5822, "緯度": 25.0466, "避難收容處所名稱": "臺北市南港運動中心", "預計收容人數": 240, "適用災害類別": "水災,震災", "管理人姓名": "林美如", "管理人電話": "25702330#6425", "室內": "是", "室外": "否" }, "geometry": { "type": "Point", "coordinates": [ 121.5822, 25.0466 ] } },
{ "type": "Feature", "properties": { "縣市及鄉鎮市區": "臺北市信義區", "經度": 121.5701, "緯度": 25.0467, "避難收容處所名稱": "興雅國小", "預計收容人數": 198, "適用災害類別": "水災,震災", "管理人姓名": "吳杏惠", "管理人電話": "02-27618156~611", "室內": "是", "室外": "否" }, "geometry": { "type": "Point", "coordinates": [ 121.5701, 25.0467 ] } },
{ "type": "Feature", "properties": { "縣市及鄉鎮市區": "臺北市南港區", "經度": 121.5869, "緯度": 25.0469, "避難收容處所名稱": "成德國小", "預計收容人數": 200, "適用災害類別": "水災,震災", "管理人姓名": "吳錫賓", "管理人電話": "02-27851376#151", "室內": "是", "室外": "否" }, "geometry": { "type": "Point", "coordinates": [ 121.5869, 25.0469 ] } },
{ "type": "Feature", "properties": { "縣市及鄉鎮市區": "新北市泰山區", "經度": 121.4347, "緯度": 25.0472, "避難收容處所名稱": "義學國中", "預計收容人數": 606, "適用災害類別": "震災,土石流,海嘯", "管理人姓名": "詹淑美", "管理人電話": "02-29099551#1402", "室內": "是", "室外": "是" }, "geometry": { "type": "Point", "coordinates": [ 121.4347, 25.0472 ] } },
{ "type": "Feature", "properties": { "縣市及鄉鎮市區": "新北市泰山區", "經度": 121.4347, "緯度": 25.0472, "避難收容處所名稱": "義學國小", "預計收容人數": 952, "適用災害類別": "水災,土石流,海嘯,核子事故", "管理人姓名": "詹淑美", "管理人電話": "02-29099551#1402", "室內": "是", "室外": "是" }, "geometry": { "type": "Point", "coordinates": [ 121.4347, 25.0472 ] } },
{ "type": "Feature", "properties": { "縣市及鄉鎮市區": "新北市汐止區", "經度": 121.618882, "緯度": 25.047641, "避難收容處所名稱": "白雲國小", "預計收容人數": 96, "適用災害類別": "水災,震災,土石流,海嘯", "管理人姓名": "宋怡穎", "管理人電話": "02-26411111#120", "室內": "是", "室外": "是" }, "geometry": { "type": "Point", "coordinates": [ 121.618882, 25.047641 ] } },
{ "type": "Feature", "properties": { "縣市及鄉鎮市區": "新北市新莊區", "經度": 121.4447, "緯度": 25.0482, "避難收容處所名稱": "福營行政大樓", "預計收容人數": 200, "適用災害類別": "水災,震災", "管理人姓名": "邱雋弘", "管理人電話": "02-29929891#135", "室內": "是", "室外": "是" }, "geometry": { "type": "Point", "coordinates": [ 121.4447, 25.0482 ] } },
{ "type": "Feature", "properties": { "縣市及鄉鎮市區": "臺北市信義區", "經度": 121.5741, "緯度": 25.0483, "避難收容處所名稱": "永吉國中", "預計收容人數": 97, "適用災害類別": "水災,震災", "管理人姓名": "黃獻司", "管理人電話": "02-27649066#120", "室內": "是", "室外": "否" }, "geometry": { "type": "Point", "coordinates": [ 121.5741, 25.0483 ] } },
{ "type": "Feature", "properties": { "縣市及鄉鎮市區": "臺北市中山區", "經度": 121.5371, "緯度": 25.0485, "避難收容處所名稱": "中山女中", "預計收容人數": 135, "適用災害類別": "水災,震災", "管理人姓名": "陳倉翊", "管理人電話": "2507-3148#241", "室內": "是", "室外": "否" }, "geometry": { "type": "Point", "coordinates": [ 121.5371, 25.0485 ] } },
{ "type": "Feature", "properties": { "縣市及鄉鎮市區": "新北市泰山區", "經度": 121.4273, "緯度": 25.0487, "避難收容處所名稱": "義仁市民活動中心", "預計收容人數": 55, "適用災害類別": "水災,震災,土石流,海嘯,核子事故", "管理人姓名": "詹淑美", "管理人電話": "02-29099551#1402", "室內": "是", "室外": "否" }, "geometry": { "type": "Point", "coordinates": [ 121.4273, 25.0487 ] } },
{ "type": "Feature", "properties": { "縣市及鄉鎮市區": "臺北市松山區", "經度": 121.5611, "緯度": 25.0487, "避難收容處所名稱": "中崙高中", "預計收容人數": 300, "適用災害類別": "水災,震災", "管理人姓名": "呂虹毅", "管理人電話": "02-27535316#400", "室內": "是", "室外": "否" }, "geometry": { "type": "Point", "coordinates": [ 121.5611, 25.0487 ] } },
{ "type": "Feature", "properties": { "縣市及鄉鎮市區": "臺北市松山區", "經度": 121.5501, "緯度": 25.049, "避難收容處所名稱": "臺北市松山運動中心", "預計收容人數": 180, "適用災害類別": "水災,震災", "管理人姓名": "劉宜庭", "管理人電話": "02-25702330#6423", "室內": "是", "室外": "否" }, "geometry": { "type": "Point", "coordinates": [ 121.5501, 25.049 ] } },
{ "type": "Feature", "properties": { "縣市及鄉鎮市區": "臺北市松山區", "經度": 121.5485, "緯度": 25.0491, "避難收容處所名稱": "敦化國小", "預計收容人數": 56, "適用災害類別": "水災,震災", "管理人姓名": "王培成", "管理人電話": "2741-4065#130", "室內": "是", "室外": "否" }, "geometry": { "type": "Point", "coordinates": [ 121.5485, 25.0491 ] } },
{ "type": "Feature", "properties": { "縣市及鄉鎮市區": "臺北市中山區", "經度": 121.5319, "緯度": 25.0494, "避難收容處所名稱": "長安國中", "預計收容人數": 41, "適用災害類別": "水災,震災", "管理人姓名": "張吉元", "管理人電話": "02-25112382#106", "室內": "是", "室外": "否" }, "geometry": { "type": "Point", "coordinates": [ 121.5319, 25.0494 ] } },
{ "type": "Feature", "properties": { "縣市及鄉鎮市區": "臺北市中山區", "經度": 121.5302, "緯度": 25.0497, "避難收容處所名稱": "長安國小", "預計收容人數": 300, "適用災害類別": "水災,震災", "管理人姓名": "?泰安", "管理人電話": "25617600#130", "室內": "是", "室外": "否" }, "geometry": { "type": "Point", "coordinates": [ 121.5302, 25.0497 ] } },
{ "type": "Feature", "properties": { "縣市及鄉鎮市區": "臺北市大同區", "經度": 121.5077, "緯度": 25.0498, "避難收容處所名稱": "玉泉公園", "預計收容人數": 2183, "適用災害類別": "震災", "管理人姓名": "林瑞清", "管理人電話": "25850192#222", "室內": "否", "室外": "是" }, "geometry": { "type": "Point", "coordinates": [ 121.5077, 25.0498 ] } },
{ "type": "Feature", "properties": { "縣市及鄉鎮市區": "新北市三重區", "經度": 121.4755, "緯度": 25.0502, "避難收容處所名稱": "興穀國民小學", "預計收容人數": 299, "適用災害類別": "水災,震災,土石流,海嘯", "管理人姓名": "許明枝", "管理人電話": "02-29862345#493", "室內": "是", "室外": "是" }, "geometry": { "type": "Point", "coordinates": [ 121.4755, 25.0502 ] } },
{ "type": "Feature", "properties": { "縣市及鄉鎮市區": "臺北市大同區", "經度": 121.5197, "緯度": 25.0503, "避難收容處所名稱": "建成國中", "預計收容人數": 55, "適用災害類別": "水災,震災", "管理人姓名": "鄭惠文", "管理人電話": "25587042#650", "室內": "是", "室外": "否" }, "geometry": { "type": "Point", "coordinates": [ 121.5197, 25.0503 ] } },
{ "type": "Feature", "properties": { "縣市及鄉鎮市區": "新北市汐止區", "經度": 121.620181, "緯度": 25.05045, "避難收容處所名稱": "橫科里活動中心", "預計收容人數": 74, "適用災害類別": "水災,震災,土石流,海嘯", "管理人姓名": "宋怡穎", "管理人電話": "02-26411111#120", "室內": "是", "室外": "否" }, "geometry": { "type": "Point", "coordinates": [ 121.620181, 25.05045 ] } },
{ "type": "Feature", "properties": { "縣市及鄉鎮市區": "臺北市中山區", "經度": 121.5402, "緯度": 25.0506, "避難收容處所名稱": "中正國小", "預計收容人數": 76, "適用災害類別": "水災,震災", "管理人姓名": "鄭博仁", "管理人電話": "02-25070932#105", "室內": "是", "室外": "否" }, "geometry": { "type": "Point", "coordinates": [ 121.5402, 25.0506 ] } },
{ "type": "Feature", "properties": { "縣市及鄉鎮市區": "臺北市大同區", "經度": 121.5082, "緯度": 25.0512, "避難收容處所名稱": "忠孝國中", "預計收容人數": 131, "適用災害類別": "水災,震災", "管理人姓名": "虞慧欣", "管理人電話": "02-25524890#71", "室內": "是", "室外": "否" }, "geometry": { "type": "Point", "coordinates": [ 121.5082, 25.0512 ] } },
{ "type": "Feature", "properties": { "縣市及鄉鎮市區": "臺北市松山區", "經度": 121.5793, "緯度": 25.0512, "避難收容處所名稱": "松山國小", "預計收容人數": 95, "適用災害類別": "水災,震災", "管理人姓名": "蔡任哲", "管理人電話": "02-27672907#632", "室內": "是", "室外": "否" }, "geometry": { "type": "Point", "coordinates": [ 121.5793, 25.0512 ] } },
{ "type": "Feature", "properties": { "縣市及鄉鎮市區": "新北市新莊區", "經度": 121.4474, "緯度": 25.0514, "避難收容處所名稱": "豐年國小", "預計收容人數": 1128, "適用災害類別": "水災,震災,土石流,海嘯", "管理人姓名": "邱雋弘", "管理人電話": "02-29929891", "室內": "是", "室外": "是" }, "geometry": { "type": "Point", "coordinates": [ 121.4474, 25.0514 ] } },
{ "type": "Feature", "properties": { "縣市及鄉鎮市區": "新北市新莊區", "經度": 121.4554, "緯度": 25.0514, "避難收容處所名稱": "新泰國小", "預計收容人數": 106, "適用災害類別": "震災,土石流,海嘯", "管理人姓名": "邱雋弘", "管理人電話": "02-29929891", "室內": "是", "室外": "是" }, "geometry": { "type": "Point", "coordinates": [ 121.4554, 25.0514 ] } },
{ "type": "Feature", "properties": { "縣市及鄉鎮市區": "新北市貢寮區", "經度": 121.92262, "緯度": 25.051427, "避難收容處所名稱": "仁和宮", "預計收容人數": 125, "適用災害類別": "海嘯", "管理人姓名": "周鴻鏗、王阿城", "管理人電話": "02-24901480、02-24901845", "室內": "是", "室外": "否" }, "geometry": { "type": "Point", "coordinates": [ 121.92262, 25.051427 ] } },
{ "type": "Feature", "properties": { "縣市及鄉鎮市區": "臺北市松山區", "經度": 121.5468, "緯度": 25.0515, "避難收容處所名稱": "敦化國中", "預計收容人數": 389, "適用災害類別": "水災", "管理人姓名": "詹琦斌", "管理人電話": "02-87717890#50", "室內": "是", "室外": "否" }, "geometry": { "type": "Point", "coordinates": [ 121.5468, 25.0515 ] } },
{ "type": "Feature", "properties": { "縣市及鄉鎮市區": "臺北市松山區", "經度": 121.5446, "緯度": 25.0517, "避難收容處所名稱": "臺北體育館", "預計收容人數": 1000, "適用災害類別": "水災,震災", "管理人姓名": "江丹桂", "管理人電話": "02-25702330#6512", "室內": "是", "室外": "否" }, "geometry": { "type": "Point", "coordinates": [ 121.5446, 25.0517 ] } },
{ "type": "Feature", "properties": { "縣市及鄉鎮市區": "臺北市南港區", "經度": 121.6073, "緯度": 25.0519, "避難收容處所名稱": "臺北市極限運動訓練中心", "預計收容人數": 50, "適用災害類別": "震災", "管理人姓名": "余可文", "管理人電話": "02-25702330#6511", "室內": "是", "室外": "否" }, "geometry": { "type": "Point", "coordinates": [ 121.6073, 25.0519 ] } },
{ "type": "Feature", "properties": { "縣市及鄉鎮市區": "新北市三重區", "經度": 121.4769, "緯度": 25.052, "避難收容處所名稱": "私立清傳商職", "預計收容人數": 294, "適用災害類別": "水災,震災,土石流,海嘯", "管理人姓名": "許明枝", "管理人電話": "02-29862345#493", "室內": "是", "室外": "是" }, "geometry": { "type": "Point", "coordinates": [ 121.4769, 25.052 ] } },
{ "type": "Feature", "properties": { "縣市及鄉鎮市區": "新北市新莊區", "經度": 121.4576, "緯度": 25.0522, "避難收容處所名稱": "福壽市民活動中心", "預計收容人數": 120, "適用災害類別": "水災,震災", "管理人姓名": "邱雋弘", "管理人電話": "02-29929891#135", "室內": "是", "室外": "否" }, "geometry": { "type": "Point", "coordinates": [ 121.4576, 25.0522 ] } },
{ "type": "Feature", "properties": { "縣市及鄉鎮市區": "臺北市松山區", "經度": 121.5636, "緯度": 25.0522, "避難收容處所名稱": "西松國小", "預計收容人數": 50, "適用災害類別": "水災,震災", "管理人姓名": "羅文琪", "管理人電話": "27609221#203", "室內": "是", "室外": "否" }, "geometry": { "type": "Point", "coordinates": [ 121.5636, 25.0522 ] } },
{ "type": "Feature", "properties": { "縣市及鄉鎮市區": "臺北市南港區", "經度": 121.595, "緯度": 25.0525, "避難收容處所名稱": "南港高中", "預計收容人數": 435, "適用災害類別": "水災,震災", "管理人姓名": "陳政翊", "管理人電話": "02-27837863#241", "室內": "是", "室外": "否" }, "geometry": { "type": "Point", "coordinates": [ 121.595, 25.0525 ] } },
{ "type": "Feature", "properties": { "縣市及鄉鎮市區": "新北市新莊區", "經度": 121.4661, "緯度": 25.0529, "避難收容處所名稱": "民安國小", "預計收容人數": 1184, "適用災害類別": "水災,震災,土石流,海嘯", "管理人姓名": "邱雋弘", "管理人電話": "02-29929891", "室內": "是", "室外": "是" }, "geometry": { "type": "Point", "coordinates": [ 121.4661, 25.0529 ] } },
{ "type": "Feature", "properties": { "縣市及鄉鎮市區": "新北市雙溪區", "經度": 121.878, "緯度": 25.053, "避難收容處所名稱": "三港集會所", "預計收容人數": 63, "適用災害類別": "水災,震災,土石流", "管理人姓名": "宋翔怡", "管理人電話": "02-24931111#124", "室內": "是", "室外": "否" }, "geometry": { "type": "Point", "coordinates": [ 121.878, 25.053 ] } },
{ "type": "Feature", "properties": { "縣市及鄉鎮市區": "臺北市南港區", "經度": 121.594769, "緯度": 25.05364, "避難收容處所名稱": "玉成國小", "預計收容人數": 30, "適用災害類別": null, "管理人姓名": "李奇在", "管理人電話": "02-27836049#150", "室內": "否", "室外": "否" }, "geometry": { "type": "Point", "coordinates": [ 121.594769, 25.05364 ] } },
{ "type": "Feature", "properties": { "縣市及鄉鎮市區": "新北市新莊區", "經度": 121.4445, "緯度": 25.0538, "避難收容處所名稱": "福營國中", "預計收容人數": 319, "適用災害類別": "水災,震災,土石流,海嘯", "管理人姓名": "邱雋弘", "管理人電話": "02-29929891", "室內": "是", "室外": "是" }, "geometry": { "type": "Point", "coordinates": [ 121.4445, 25.0538 ] } },
{ "type": "Feature", "properties": { "縣市及鄉鎮市區": "臺北市南港區", "經度": 121.6187, "緯度": 25.0541, "避難收容處所名稱": "誠正國中", "預計收容人數": 143, "適用災害類別": "水災,震災", "管理人姓名": "蔡銘坤", "管理人電話": "27828094#1500", "室內": "是", "室外": "否" }, "geometry": { "type": "Point", "coordinates": [ 121.6187, 25.0541 ] } },
{ "type": "Feature", "properties": { "縣市及鄉鎮市區": "新北市泰山區", "經度": 121.4282, "緯度": 25.0546, "避難收容處所名稱": "同榮國小", "預計收容人數": 931, "適用災害類別": "水災,震災,土石流,海嘯,核子事故", "管理人姓名": "詹淑美", "管理人電話": "02-29099551#1402", "室內": "是", "室外": "是" }, "geometry": { "type": "Point", "coordinates": [ 121.4282, 25.0546 ] } },
{ "type": "Feature", "properties": { "縣市及鄉鎮市區": "新北市三重區", "經度": 121.4915, "緯度": 25.0547, "避難收容處所名稱": "新北市立三重高中", "預計收容人數": 897, "適用災害類別": "水災,震災,土石流,海嘯", "管理人姓名": "許明枝", "管理人電話": "02-29862345#493", "室內": "是", "室外": "是" }, "geometry": { "type": "Point", "coordinates": [ 121.4915, 25.0547 ] } },
{ "type": "Feature", "properties": { "縣市及鄉鎮市區": "臺北市中山區", "經度": 121.5296, "緯度": 25.0547, "避難收容處所名稱": "吉林國小", "預計收容人數": 117, "適用災害類別": "水災,震災", "管理人姓名": "蕭錦玲", "管理人電話": "02-25219196#850", "室內": "是", "室外": "否" }, "geometry": { "type": "Point", "coordinates": [ 121.5296, 25.0547 ] } },
{ "type": "Feature", "properties": { "縣市及鄉鎮市區": "新北市貢寮區", "經度": 121.926916, "緯度": 25.054775, "避難收容處所名稱": "澳底圖書館", "預計收容人數": 157, "適用災害類別": "海嘯", "管理人姓名": "楊俊生、吳淑華", "管理人電話": "02-24903203", "室內": "是", "室外": "否" }, "geometry": { "type": "Point", "coordinates": [ 121.926916, 25.054775 ] } },
{ "type": "Feature", "properties": { "縣市及鄉鎮市區": "臺北市中山區", "經度": 121.5339, "緯度": 25.0549, "避難收容處所名稱": "長春國小", "預計收容人數": 47, "適用災害類別": "水災,震災", "管理人姓名": "陳瑞呈", "管理人電話": "02-25024366#151", "室內": "是", "室外": "否" }, "geometry": { "type": "Point", "coordinates": [ 121.5339, 25.0549 ] } },
{ "type": "Feature", "properties": { "縣市及鄉鎮市區": "新北市貢寮區", "經度": 121.9246, "緯度": 25.0549, "避難收容處所名稱": "澳底國小大禮堂", "預計收容人數": 479, "適用災害類別": "水災,震災,土石流", "管理人姓名": "葉勁輝", "管理人電話": "02-24901432#212", "室內": "是", "室外": "是" }, "geometry": { "type": "Point", "coordinates": [ 121.9246, 25.0549 ] } },
{ "type": "Feature", "properties": { "縣市及鄉鎮市區": "新北市貢寮區", "經度": 121.923804, "緯度": 25.054921, "避難收容處所名稱": "慶安宮", "預計收容人數": 12, "適用災害類別": "海嘯", "管理人姓名": "許吳?、蔡錦金", "管理人電話": "02-24901418、02-24902616", "室內": "是", "室外": "否" }, "geometry": { "type": "Point", "coordinates": [ 121.923804, 25.054921 ] } },
{ "type": "Feature", "properties": { "縣市及鄉鎮市區": "臺北市中山區", "經度": 121.5351, "緯度": 25.055, "避難收容處所名稱": "大同高中", "預計收容人數": 300, "適用災害類別": "水災,震災", "管理人姓名": "吳榮達", "管理人電話": "02-25054269#130", "室內": "是", "室外": "否" }, "geometry": { "type": "Point", "coordinates": [ 121.5351, 25.055 ] } },
{ "type": "Feature", "properties": { "縣市及鄉鎮市區": "新北市新莊區", "經度": 121.4594, "緯度": 25.0551, "避難收容處所名稱": "新泰國中", "預計收容人數": 743, "適用災害類別": "震災,土石流,海嘯", "管理人姓名": "邱雋弘", "管理人電話": "02-29929891", "室內": "是", "室外": "是" }, "geometry": { "type": "Point", "coordinates": [ 121.4594, 25.0551 ] } },
{ "type": "Feature", "properties": { "縣市及鄉鎮市區": "臺北市大同區", "經度": 121.5167, "緯度": 25.0553, "避難收容處所名稱": "日新國小", "預計收容人數": 137, "適用災害類別": "水災,震災", "管理人姓名": "王勝威", "管理人電話": "02-25584819#312", "室內": "是", "室外": "否" }, "geometry": { "type": "Point", "coordinates": [ 121.5167, 25.0553 ] } },
{ "type": "Feature", "properties": { "縣市及鄉鎮市區": "新北市汐止區", "經度": 121.656768, "緯度": 25.05542, "避難收容處所名稱": "白雲里活動中心", "預計收容人數": 37, "適用災害類別": "水災,震災,土石流,海嘯", "管理人姓名": "宋怡穎", "管理人電話": "02-26411111#120", "室內": "是", "室外": "否" }, "geometry": { "type": "Point", "coordinates": [ 121.656768, 25.05542 ] } },
{ "type": "Feature", "properties": { "縣市及鄉鎮市區": "新北市泰山區", "經度": 121.4263, "緯度": 25.0556, "避難收容處所名稱": "泰山體育館", "預計收容人數": 1280, "適用災害類別": "水災,震災,土石流,海嘯", "管理人姓名": "詹淑美", "管理人電話": "02-29099551#1402", "室內": "是", "室外": "是" }, "geometry": { "type": "Point", "coordinates": [ 121.4263, 25.0556 ] } },
{ "type": "Feature", "properties": { "縣市及鄉鎮市區": "臺北市松山區", "經度": 121.5671, "緯度": 25.0556, "避難收容處所名稱": "西松高中", "預計收容人數": 255, "適用災害類別": "水災,震災", "管理人姓名": "林成嶽", "管理人電話": "25286618#111", "室內": "是", "室外": "否" }, "geometry": { "type": "Point", "coordinates": [ 121.5671, 25.0556 ] } },
{ "type": "Feature", "properties": { "縣市及鄉鎮市區": "新北市三重區", "經度": 121.4968, "緯度": 25.0561, "避難收容處所名稱": "三光國民小學", "預計收容人數": 1502, "適用災害類別": "水災,震災,土石流,海嘯", "管理人姓名": "許明枝", "管理人電話": "02-29862345#493", "室內": "是", "室外": "是" }, "geometry": { "type": "Point", "coordinates": [ 121.4968, 25.0561 ] } },
{ "type": "Feature", "properties": { "縣市及鄉鎮市區": "臺北市南港區", "經度": 121.602, "緯度": 25.0562, "避難收容處所名稱": "東新國小", "預計收容人數": 30, "適用災害類別": "水災,震災", "管理人姓名": "王詩棠", "管理人電話": "02-27837577#31", "室內": "是", "室外": "否" }, "geometry": { "type": "Point", "coordinates": [ 121.602, 25.0562 ] } },
{ "type": "Feature", "properties": { "縣市及鄉鎮市區": "新北市新莊區", "經度": 121.448, "緯度": 25.0563, "避難收容處所名稱": "昌隆國小", "預計收容人數": 509, "適用災害類別": "震災,土石流,海嘯", "管理人姓名": "邱雋弘", "管理人電話": "02-29929891", "室內": "是", "室外": "是" }, "geometry": { "type": "Point", "coordinates": [ 121.448, 25.0563 ] } },
{ "type": "Feature", "properties": { "縣市及鄉鎮市區": "臺北市南港區", "經度": 121.6072, "緯度": 25.0563, "避難收容處所名稱": "南港高工", "預計收容人數": 160, "適用災害類別": "水災,震災", "管理人姓名": "林淑美", "管理人電話": "02-27825432#1501", "室內": "是", "室外": "否" }, "geometry": { "type": "Point", "coordinates": [ 121.6072, 25.0563 ] } },
{ "type": "Feature", "properties": { "縣市及鄉鎮市區": "基隆市中正區", "經度": 121.617345, "緯度": 25.056376, "避難收容處所名稱": "南港展覽館", "預計收容人數": 7370, "適用災害類別": null, "管理人姓名": "張世昌", "管理人電話": "27255200分機5517", "室內": "是", "室外": "否" }, "geometry": { "type": "Point", "coordinates": [ 121.617345, 25.056376 ] } },
{ "type": "Feature", "properties": { "縣市及鄉鎮市區": "新北市新莊區", "經度": 121.4556, "緯度": 25.0564, "避難收容處所名稱": "興化國小", "預計收容人數": 599, "適用災害類別": "水災,震災,土石流,海嘯", "管理人姓名": "邱雋弘", "管理人電話": "02-29929891", "室內": "是", "室外": "是" }, "geometry": { "type": "Point", "coordinates": [ 121.4556, 25.0564 ] } },
{ "type": "Feature", "properties": { "縣市及鄉鎮市區": "臺北市松山區", "經度": 121.5565, "緯度": 25.0564, "避難收容處所名稱": "介壽國中", "預計收容人數": 70, "適用災害類別": "水災,震災", "管理人姓名": "鄭富珍", "管理人電話": "02-27664496#500", "室內": "是", "室外": "否" }, "geometry": { "type": "Point", "coordinates": [ 121.5565, 25.0564 ] } },
{ "type": "Feature", "properties": { "縣市及鄉鎮市區": "新北市三重區", "經度": 121.4879, "緯度": 25.0565, "避難收容處所名稱": "集美國民小學", "預計收容人數": 104, "適用災害類別": "震災,土石流,海嘯", "管理人姓名": "許明枝", "管理人電話": "02-29862345#493", "室內": "是", "室外": "是" }, "geometry": { "type": "Point", "coordinates": [ 121.4879, 25.0565 ] } },
{ "type": "Feature", "properties": { "縣市及鄉鎮市區": "臺北市大同區", "經度": 121.5155, "緯度": 25.0565, "避難收容處所名稱": "蓬萊國小", "預計收容人數": 104, "適用災害類別": "水災,震災", "管理人姓名": "張沛森", "管理人電話": "02-25569835#500", "室內": "是", "室外": "否" }, "geometry": { "type": "Point", "coordinates": [ 121.5155, 25.0565 ] } },
{ "type": "Feature", "properties": { "縣市及鄉鎮市區": "臺北市松山區", "經度": 121.552, "緯度": 25.0565, "避難收容處所名稱": "民生國小", "預計收容人數": 70, "適用災害類別": "水災", "管理人姓名": "陳嘉瑜", "管理人電話": "02-27122452#830", "室內": "是", "室外": "否" }, "geometry": { "type": "Point", "coordinates": [ 121.552, 25.0565 ] } },
{ "type": "Feature", "properties": { "縣市及鄉鎮市區": "臺北市松山區", "經度": 121.5629, "緯度": 25.0566, "避難收容處所名稱": "健康國小", "預計收容人數": 84, "適用災害類別": "水災,震災", "管理人姓名": "江艾謙", "管理人電話": "02-25282814#131", "室內": "是", "室外": "否" }, "geometry": { "type": "Point", "coordinates": [ 121.5629, 25.0566 ] } },
{ "type": "Feature", "properties": { "縣市及鄉鎮市區": "新北市泰山區", "經度": 121.4285, "緯度": 25.0573, "避難收容處所名稱": "泰山高中", "預計收容人數": 650, "適用災害類別": "水災,震災,土石流,海嘯,核子事故", "管理人姓名": "詹淑美", "管理人電話": "02-29099551#1402", "室內": "是", "室外": "是" }, "geometry": { "type": "Point", "coordinates": [ 121.4285, 25.0573 ] } },
{ "type": "Feature", "properties": { "縣市及鄉鎮市區": "臺北市南港區", "經度": 121.6104, "緯度": 25.0575, "避難收容處所名稱": "南港國小", "預計收容人數": 50, "適用災害類別": "水災,震災", "管理人姓名": "鄭孝存", "管理人電話": "02-27834678#2301", "室內": "是", "室外": "否" }, "geometry": { "type": "Point", "coordinates": [ 121.6104, 25.0575 ] } },
{ "type": "Feature", "properties": { "縣市及鄉鎮市區": "新北市泰山區", "經度": 121.4299, "緯度": 25.0577, "避難收容處所名稱": "明志市民活動中心", "預計收容人數": 20, "適用災害類別": "水災,震災,海嘯", "管理人姓名": "詹淑美", "管理人電話": "02-29099551#1402", "室內": "是", "室外": "否" }, "geometry": { "type": "Point", "coordinates": [ 121.4299, 25.0577 ] } },
{ "type": "Feature", "properties": { "縣市及鄉鎮市區": "新北市三重區", "經度": 121.4928, "緯度": 25.0578, "避難收容處所名稱": "菜寮市民活動中心", "預計收容人數": 100, "適用災害類別": "水災,震災,土石流,海嘯", "管理人姓名": "許明枝", "管理人電話": "02-29862345493", "室內": "是", "室外": "否" }, "geometry": { "type": "Point", "coordinates": [ 121.4928, 25.0578 ] } },
{ "type": "Feature", "properties": { "縣市及鄉鎮市區": "臺北市南港區", "經度": 121.6092, "緯度": 25.0587, "避難收容處所名稱": "育成高中", "預計收容人數": 375, "適用災害類別": "水災,震災", "管理人姓名": "李健輝", "管理人電話": "26530475#551", "室內": "是", "室外": "否" }, "geometry": { "type": "Point", "coordinates": [ 121.6092, 25.0587 ] } },
{ "type": "Feature", "properties": { "縣市及鄉鎮市區": "新北市三重區", "經度": 121.4988, "緯度": 25.0589, "避難收容處所名稱": "光興國民小學", "預計收容人數": 600, "適用災害類別": "水災,震災,土石流,海嘯", "管理人姓名": "許明枝", "管理人電話": "02-29862345#493", "室內": "是", "室外": "是" }, "geometry": { "type": "Point", "coordinates": [ 121.4988, 25.0589 ] } },
{ "type": "Feature", "properties": { "縣市及鄉鎮市區": "臺北市松山區", "經度": 121.5519, "緯度": 25.0589, "避難收容處所名稱": "民族國小", "預計收容人數": 40, "適用災害類別": "水災,震災", "管理人姓名": "蔡貞瀅", "管理人電話": "02-27124872#935", "室內": "是", "室外": "否" }, "geometry": { "type": "Point", "coordinates": [ 121.5519, 25.0589 ] } },
{ "type": "Feature", "properties": { "縣市及鄉鎮市區": "新北市汐止區", "經度": 121.629106, "緯度": 25.058956, "避難收容處所名稱": "北峰國小", "預計收容人數": 1067, "適用災害類別": "震災,土石流,海嘯", "管理人姓名": "宋怡穎", "管理人電話": "02-26411111#120", "室內": "是", "室外": "是" }, "geometry": { "type": "Point", "coordinates": [ 121.629106, 25.058956 ] } },
{ "type": "Feature", "properties": { "縣市及鄉鎮市區": "新北市泰山區", "經度": 121.4314, "緯度": 25.0592, "避難收容處所名稱": "泰山區公所", "預計收容人數": 53, "適用災害類別": "水災,土石流,海嘯,核子事故", "管理人姓名": "詹淑美", "管理人電話": "02-29099551#1402", "室內": "是", "室外": "否" }, "geometry": { "type": "Point", "coordinates": [ 121.4314, 25.0592 ] } },
{ "type": "Feature", "properties": { "縣市及鄉鎮市區": "新北市汐止區", "經度": 121.699553, "緯度": 25.059723, "避難收容處所名稱": "東山國小", "預計收容人數": 118, "適用災害類別": "水災,震災,土石流,海嘯", "管理人姓名": "涂志賢總務主任", "管理人電話": "26416170分機13", "室內": "是", "室外": "是" }, "geometry": { "type": "Point", "coordinates": [ 121.699553, 25.059723 ] } },
{ "type": "Feature", "properties": { "縣市及鄉鎮市區": "臺北市松山區", "經度": 121.5673, "緯度": 25.0598, "避難收容處所名稱": "民生國中", "預計收容人數": 100, "適用災害類別": "水災,震災", "管理人姓名": "王譽書", "管理人電話": "02-27653433#300", "室內": "是", "室外": "否" }, "geometry": { "type": "Point", "coordinates": [ 121.5673, 25.0598 ] } },
{ "type": "Feature", "properties": { "縣市及鄉鎮市區": "新北市三重區", "經度": 121.4881, "緯度": 25.0601, "避難收容處所名稱": "過圳市民活動中心", "預計收容人數": 50, "適用災害類別": "震災,土石流,海嘯", "管理人姓名": "許明枝", "管理人電話": "02-29862345493", "室內": "是", "室外": "否" }, "geometry": { "type": "Point", "coordinates": [ 121.4881, 25.0601 ] } },
{ "type": "Feature", "properties": { "縣市及鄉鎮市區": "臺北市大同區", "經度": 121.5167, "緯度": 25.0601, "避難收容處所名稱": "雙蓮國小", "預計收容人數": 300, "適用災害類別": "水災,震災", "管理人姓名": "吳希哲", "管理人電話": "02-25570309#1031", "室內": "是", "室外": "否" }, "geometry": { "type": "Point", "coordinates": [ 121.5167, 25.0601 ] } },
{ "type": "Feature", "properties": { "縣市及鄉鎮市區": "新北市汐止區", "經度": 121.64793, "緯度": 25.060367, "避難收容處所名稱": "東方科學園區", "預計收容人數": 500, "適用災害類別": "水災,震災,土石流,海嘯", "管理人姓名": "宋怡穎", "管理人電話": "02-26411111#120", "室內": "是", "室外": "否" }, "geometry": { "type": "Point", "coordinates": [ 121.64793, 25.060367 ] } },
{ "type": "Feature", "properties": { "縣市及鄉鎮市區": "臺北市松山區", "經度": 121.5455, "緯度": 25.0605, "避難收容處所名稱": "中山國中", "預計收容人數": 111, "適用災害類別": "水災,震災", "管理人姓名": "蔡戊己", "管理人電話": "02-27126701#501", "室內": "是", "室外": "否" }, "geometry": { "type": "Point", "coordinates": [ 121.5455, 25.0605 ] } },
{ "type": "Feature", "properties": { "縣市及鄉鎮市區": "臺北市內湖區", "經度": 121.5908, "緯度": 25.0609, "避難收容處所名稱": "潭美國小", "預計收容人數": 81, "適用災害類別": "水災,震災", "管理人姓名": "吳秉儒", "管理人電話": "27917334#231", "室內": "是", "室外": "否" }, "geometry": { "type": "Point", "coordinates": [ 121.5908, 25.0609 ] } },
{ "type": "Feature", "properties": { "縣市及鄉鎮市區": "新北市雙溪區", "經度": 121.8515, "緯度": 25.061, "避難收容處所名稱": "中正社區活動中心", "預計收容人數": 76, "適用災害類別": "水災,震災,土石流", "管理人姓名": "宋翔怡", "管理人電話": "02-24931111#124", "室內": "是", "室外": "否" }, "geometry": { "type": "Point", "coordinates": [ 121.8515, 25.061 ] } },
{ "type": "Feature", "properties": { "縣市及鄉鎮市區": "新北市三重區", "經度": 121.4885, "緯度": 25.0611, "避難收容處所名稱": "三重區公所", "預計收容人數": 136, "適用災害類別": "震災,土石流,海嘯", "管理人姓名": "許明枝", "管理人電話": "02-29862345493", "室內": "是", "室外": "否" }, "geometry": { "type": "Point", "coordinates": [ 121.4885, 25.0611 ] } },
{ "type": "Feature", "properties": { "縣市及鄉鎮市區": "新北市汐止區", "經度": 121.656653, "緯度": 25.061158, "避難收容處所名稱": "青山國中小", "預計收容人數": 970, "適用災害類別": "水災,震災,土石流,海嘯", "管理人姓名": "宋怡穎", "管理人電話": "02-2641111#120", "室內": "是", "室外": "是" }, "geometry": { "type": "Point", "coordinates": [ 121.656653, 25.061158 ] } },
{ "type": "Feature", "properties": { "縣市及鄉鎮市區": "臺北市大同區", "經度": 121.5185, "緯度": 25.0613, "避難收容處所名稱": "成淵高中", "預計收容人數": 75, "適用災害類別": "水災,震災", "管理人姓名": "歐建榮", "管理人電話": "02-25531969#150", "室內": "是", "室外": "否" }, "geometry": { "type": "Point", "coordinates": [ 121.5185, 25.0613 ] } },
{ "type": "Feature", "properties": { "縣市及鄉鎮市區": "臺北市大同區", "經度": 121.5114, "緯度": 25.0614, "避難收容處所名稱": "太平國小", "預計收容人數": 50, "適用災害類別": "水災,震災", "管理人姓名": "林世浩", "管理人電話": "02-25532229#830", "室內": "是", "室外": "否" }, "geometry": { "type": "Point", "coordinates": [ 121.5114, 25.0614 ] } },
{ "type": "Feature", "properties": { "縣市及鄉鎮市區": "臺北市大同區", "經度": 121.5111, "緯度": 25.0617, "避難收容處所名稱": "永樂國小", "預計收容人數": 50, "適用災害類別": "水災,震災", "管理人姓名": "林淑菁", "管理人電話": "02-25534882#132", "室內": "是", "室外": "否" }, "geometry": { "type": "Point", "coordinates": [ 121.5111, 25.0617 ] } },
{ "type": "Feature", "properties": { "縣市及鄉鎮市區": "臺北市松山區", "經度": 121.5575, "緯度": 25.0619, "避難收容處所名稱": "民權公園", "預計收容人數": 2786, "適用災害類別": "震災", "管理人姓名": "林瑞清", "管理人電話": "25850192#222", "室內": "否", "室外": "是" }, "geometry": { "type": "Point", "coordinates": [ 121.5575, 25.0619 ] } },
{ "type": "Feature", "properties": { "縣市及鄉鎮市區": "新北市泰山區", "經度": 121.4345, "緯度": 25.062, "避難收容處所名稱": "楓樹福泰市民活動中心", "預計收容人數": 201, "適用災害類別": "水災,震災,土石流,海嘯,核子事故", "管理人姓名": "詹淑美", "管理人電話": "02-29099551#1402", "室內": "是", "室外": "否" }, "geometry": { "type": "Point", "coordinates": [ 121.4345, 25.062 ] } },
{ "type": "Feature", "properties": { "縣市及鄉鎮市區": "臺北市中山區", "經度": 121.5258, "緯度": 25.062, "避難收容處所名稱": "新生公園棒球場", "預計收容人數": 60, "適用災害類別": "震災", "管理人姓名": "龍欣", "管理人電話": "02-25702330#6524", "室內": "是", "室外": "否" }, "geometry": { "type": "Point", "coordinates": [ 121.5258, 25.062 ] } },
{ "type": "Feature", "properties": { "縣市及鄉鎮市區": "臺北市中山區", "經度": 121.5258, "緯度": 25.062, "避難收容處所名稱": "新興國中", "預計收容人數": 175, "適用災害類別": "水災,震災", "管理人姓名": "陳國良", "管理人電話": "02-25714211#501", "室內": "是", "室外": "否" }, "geometry": { "type": "Point", "coordinates": [ 121.5258, 25.062 ] } },
{ "type": "Feature", "properties": { "縣市及鄉鎮市區": "臺北市中山區", "經度": 121.5258, "緯度": 25.062, "避難收容處所名稱": "臺北市中山運動中心", "預計收容人數": 184, "適用災害類別": "震災", "管理人姓名": "紀孟祺", "管理人電話": "2570-2330轉6427", "室內": "是", "室外": "否" }, "geometry": { "type": "Point", "coordinates": [ 121.5258, 25.062 ] } },
{ "type": "Feature", "properties": { "縣市及鄉鎮市區": "新北市泰山區", "經度": 121.4313, "緯度": 25.0623, "避難收容處所名稱": "泰山國小", "預計收容人數": 1283, "適用災害類別": "水災,震災,土石流,海嘯,核子事故", "管理人姓名": "詹淑美", "管理人電話": "02-2909-9551#1402", "室內": "是", "室外": "是" }, "geometry": { "type": "Point", "coordinates": [ 121.4313, 25.0623 ] } },
{ "type": "Feature", "properties": { "縣市及鄉鎮市區": "臺北市松山區", "經度": 121.5623, "緯度": 25.0625, "避難收容處所名稱": "民權國小", "預計收容人數": 80, "適用災害類別": "震災", "管理人姓名": "董欣樂", "管理人電話": "02-27652327#31", "室內": "是", "室外": "否" }, "geometry": { "type": "Point", "coordinates": [ 121.5623, 25.0625 ] } },
{ "type": "Feature", "properties": { "縣市及鄉鎮市區": "新北市三重區", "經度": 121.4903, "緯度": 25.0626, "避難收容處所名稱": "碧華國民中學", "預計收容人數": 969, "適用災害類別": "水災,震災,土石流,海嘯", "管理人姓名": "許明枝", "管理人電話": "02-29862345#493", "室內": "是", "室外": "是" }, "geometry": { "type": "Point", "coordinates": [ 121.4903, 25.0626 ] } },
{ "type": "Feature", "properties": { "縣市及鄉鎮市區": "臺北市中山區", "經度": 121.5402, "緯度": 25.0626, "避難收容處所名稱": "榮星花園公園", "預計收容人數": 2432, "適用災害類別": "震災", "管理人姓名": "林瑞清", "管理人電話": "02-25850192", "室內": "否", "室外": "是" }, "geometry": { "type": "Point", "coordinates": [ 121.5402, 25.0626 ] } },
{ "type": "Feature", "properties": { "縣市及鄉鎮市區": "新北市泰山區", "經度": 121.421, "緯度": 25.0627, "避難收容處所名稱": "黎明市民活動中心", "預計收容人數": 21, "適用災害類別": "水災,土石流,海嘯", "管理人姓名": "詹淑美", "管理人電話": "02-29099551#1402", "室內": "是", "室外": "否" }, "geometry": { "type": "Point", "coordinates": [ 121.421, 25.0627 ] } },
{ "type": "Feature", "properties": { "縣市及鄉鎮市區": "新北市雙溪區", "經度": 121.8517, "緯度": 25.0627, "避難收容處所名稱": "牡丹國小", "預計收容人數": 320, "適用災害類別": "水災,震災,土石流", "管理人姓名": "宋翔怡", "管理人電話": "02-24931111轉124", "室內": "是", "室外": "是" }, "geometry": { "type": "Point", "coordinates": [ 121.8517, 25.0627 ] } },
{ "type": "Feature", "properties": { "縣市及鄉鎮市區": "新北市汐止區", "經度": 121.661377, "緯度": 25.062874, "避難收容處所名稱": "秀峰國小", "預計收容人數": 1185, "適用災害類別": "水災,震災,土石流,海嘯", "管理人姓名": "宋怡穎", "管理人電話": "02-26411111#120", "室內": "是", "室外": "是" }, "geometry": { "type": "Point", "coordinates": [ 121.661377, 25.062874 ] } },
{ "type": "Feature", "properties": { "縣市及鄉鎮市區": "臺北市中山區", "經度": 121.5263, "緯度": 25.0629, "避難收容處所名稱": "中山國小", "預計收容人數": 290, "適用災害類別": "水災", "管理人姓名": "謝慶順", "管理人電話": "02-25914085#36", "室內": "是", "室外": "否" }, "geometry": { "type": "Point", "coordinates": [ 121.5263, 25.0629 ] } },
{ "type": "Feature", "properties": { "縣市及鄉鎮市區": "新北市三重區", "經度": 121.489253, "緯度": 25.063033, "避難收容處所名稱": "三重區綜合運動場", "預計收容人數": 2200, "適用災害類別": null, "管理人姓名": "吳春慈", "管理人電話": "02-29867046", "室內": "否", "室外": "是" }, "geometry": { "type": "Point", "coordinates": [ 121.489253, 25.063033 ] } },
{ "type": "Feature", "properties": { "縣市及鄉鎮市區": "臺北市松山區", "經度": 121.5643, "緯度": 25.0633, "避難收容處所名稱": "三民國小", "預計收容人數": 100, "適用災害類別": "震災", "管理人姓名": "陳培棕", "管理人電話": "02-27646080#231", "室內": "是", "室外": "否" }, "geometry": { "type": "Point", "coordinates": [ 121.5643, 25.0633 ] } },
{ "type": "Feature", "properties": { "縣市及鄉鎮市區": "新北市三重區", "經度": 121.4892, "緯度": 25.0634, "避難收容處所名稱": "明志國民中學", "預計收容人數": 437, "適用災害類別": "水災,震災,土石流,海嘯", "管理人姓名": "許明枝", "管理人電話": "02-29862345#493", "室內": "是", "室外": "是" }, "geometry": { "type": "Point", "coordinates": [ 121.4892, 25.0634 ] } },
{ "type": "Feature", "properties": { "縣市及鄉鎮市區": "臺北市大同區", "經度": 121.5139, "緯度": 25.0635, "避難收容處所名稱": "民權國中", "預計收容人數": 30, "適用災害類別": "水災,震災", "管理人姓名": "洪素真", "管理人電話": "02-25931951#130", "室內": "是", "室外": "否" }, "geometry": { "type": "Point", "coordinates": [ 121.5139, 25.0635 ] } },
{ "type": "Feature", "properties": { "縣市及鄉鎮市區": "臺北市中山區", "經度": 121.5431, "緯度": 25.0635, "避難收容處所名稱": "五常國中", "預計收容人數": 250, "適用災害類別": "震災", "管理人姓名": "黃文盛", "管理人電話": "02-25014320#102", "室內": "是", "室外": "否" }, "geometry": { "type": "Point", "coordinates": [ 121.5431, 25.0635 ] } },
{ "type": "Feature", "properties": { "縣市及鄉鎮市區": "新北市汐止區", "經度": 121.658894, "緯度": 25.063774, "避難收容處所名稱": "汐止區公所行政中心", "預計收容人數": 158, "適用災害類別": "水災,震災,土石流,海嘯", "管理人姓名": "宋怡穎", "管理人電話": "02-26411111#120", "室內": "是", "室外": "否" }, "geometry": { "type": "Point", "coordinates": [ 121.658894, 25.063774 ] } },
{ "type": "Feature", "properties": { "縣市及鄉鎮市區": "臺北市中山區", "經度": 121.5422, "緯度": 25.0642, "避難收容處所名稱": "五常國小", "預計收容人數": 97, "適用災害類別": "水災,震災", "管理人姓名": "龔詩為", "管理人電話": "02-25023416#831", "室內": "是", "室外": "否" }, "geometry": { "type": "Point", "coordinates": [ 121.5422, 25.0642 ] } },
{ "type": "Feature", "properties": { "縣市及鄉鎮市區": "臺北市大同區", "經度": 121.5134, "緯度": 25.0643, "避難收容處所名稱": "大橋國小", "預計收容人數": 86, "適用災害類別": "水災,震災", "管理人姓名": "楊博仁", "管理人電話": "02-25944413#145", "室內": "是", "室外": "否" }, "geometry": { "type": "Point", "coordinates": [ 121.5134, 25.0643 ] } },
{ "type": "Feature", "properties": { "縣市及鄉鎮市區": "新北市三重區", "經度": 121.4961, "緯度": 25.0644, "避難收容處所名稱": "正義國民小學", "預計收容人數": 929, "適用災害類別": "水災,震災,土石流,海嘯", "管理人姓名": "許明枝", "管理人電話": "02-29862345#493", "室內": "是", "室外": "是" }, "geometry": { "type": "Point", "coordinates": [ 121.4961, 25.0644 ] } },
{ "type": "Feature", "properties": { "縣市及鄉鎮市區": "臺北市中山區", "經度": 121.5335, "緯度": 25.0644, "避難收容處所名稱": "行政區民活動中心", "預計收容人數": 72, "適用災害類別": "水災,震災", "管理人姓名": "黃崇一", "管理人電話": "02-25031369#520", "室內": "是", "室外": "否" }, "geometry": { "type": "Point", "coordinates": [ 121.5335, 25.0644 ] } },
{ "type": "Feature", "properties": { "縣市及鄉鎮市區": "新北市三重區", "經度": 121.4787, "緯度": 25.0648, "避難收容處所名稱": "私立東海高中", "預計收容人數": 408, "適用災害類別": "水災,震災,土石流,海嘯", "管理人姓名": "許明枝", "管理人電話": "02-29862345#493", "室內": "是", "室外": "是" }, "geometry": { "type": "Point", "coordinates": [ 121.4787, 25.0648 ] } },
{ "type": "Feature", "properties": { "縣市及鄉鎮市區": "臺北市大同區", "經度": 121.5161, "緯度": 25.0648, "避難收容處所名稱": "大同國小", "預計收容人數": 183, "適用災害類別": "水災,震災", "管理人姓名": "魏子仁", "管理人電話": "02-25965407#351", "室內": "是", "室外": "否" }, "geometry": { "type": "Point", "coordinates": [ 121.5161, 25.0648 ] } },
{ "type": "Feature", "properties": { "縣市及鄉鎮市區": "新北市泰山區", "經度": 121.426, "緯度": 25.0652, "避難收容處所名稱": "泰山國中", "預計收容人數": 1388, "適用災害類別": "水災,震災,土石流,海嘯,核子事故", "管理人姓名": "詹淑美", "管理人電話": "02-29099551#1402", "室內": "是", "室外": "是" }, "geometry": { "type": "Point", "coordinates": [ 121.426, 25.0652 ] } },
{ "type": "Feature", "properties": { "縣市及鄉鎮市區": "新北市三重區", "經度": 121.478, "緯度": 25.0652, "避難收容處所名稱": "二重國民小學", "預計收容人數": 4404, "適用災害類別": "水災,震災,土石流,海嘯", "管理人姓名": "許明枝", "管理人電話": "02-29862345#493", "室內": "是", "室外": "是" }, "geometry": { "type": "Point", "coordinates": [ 121.478, 25.0652 ] } },
{ "type": "Feature", "properties": { "縣市及鄉鎮市區": "新北市貢寮區", "經度": 121.8952, "緯度": 25.0655, "避難收容處所名稱": "福安廟", "預計收容人數": 40, "適用災害類別": "水災,震災,土石流,海嘯", "管理人姓名": "陳哲雄", "管理人電話": "02-24901660", "室內": "是", "室外": "否" }, "geometry": { "type": "Point", "coordinates": [ 121.8952, 25.0655 ] } },
{ "type": "Feature", "properties": { "縣市及鄉鎮市區": "新北市三重區", "經度": 121.4805, "緯度": 25.0657, "避難收容處所名稱": "二重國民中學", "預計收容人數": 845, "適用災害類別": "水災,震災,土石流,海嘯", "管理人姓名": "許明枝", "管理人電話": "02-29862345#493", "室內": "是", "室外": "是" }, "geometry": { "type": "Point", "coordinates": [ 121.4805, 25.0657 ] } },
{ "type": "Feature", "properties": { "縣市及鄉鎮市區": "新北市泰山區", "經度": 121.4199, "緯度": 25.0658, "避難收容處所名稱": "黎明技術學院", "預計收容人數": 1081, "適用災害類別": "水災,震災,土石流,海嘯,核子事故", "管理人姓名": "詹淑美", "管理人電話": "02-29099551#1402", "室內": "是", "室外": "是" }, "geometry": { "type": "Point", "coordinates": [ 121.4199, 25.0658 ] } },
{ "type": "Feature", "properties": { "縣市及鄉鎮市區": "新北市新莊區", "經度": 121.4616, "緯度": 25.0659, "避難收容處所名稱": "裕民國小", "預計收容人數": 1127, "適用災害類別": "水災,震災,土石流,海嘯", "管理人姓名": "邱雋弘", "管理人電話": "02-29929891", "室內": "是", "室外": "是" }, "geometry": { "type": "Point", "coordinates": [ 121.4616, 25.0659 ] } },
{ "type": "Feature", "properties": { "縣市及鄉鎮市區": "新北市汐止區", "經度": 121.639893, "緯度": 25.06594, "避難收容處所名稱": "樟樹國中", "預計收容人數": 2481, "適用災害類別": "水災,震災,土石流,海嘯", "管理人姓名": "宋怡穎", "管理人電話": "02-26411111#120", "室內": "是", "室外": "是" }, "geometry": { "type": "Point", "coordinates": [ 121.639893, 25.06594 ] } },
{ "type": "Feature", "properties": { "縣市及鄉鎮市區": "臺北市大同區", "經度": 121.5124, "緯度": 25.066, "避難收容處所名稱": "延平國小", "預計收容人數": 88, "適用災害類別": "水災,震災", "管理人姓名": "葉尚旻", "管理人電話": "02-25942439#230", "室內": "是", "室外": "否" }, "geometry": { "type": "Point", "coordinates": [ 121.5124, 25.066 ] } },
{ "type": "Feature", "properties": { "縣市及鄉鎮市區": "新北市三重區", "經度": 121.489, "緯度": 25.0661, "避難收容處所名稱": "修德國民小學", "預計收容人數": 962, "適用災害類別": "水災,震災,土石流,海嘯", "管理人姓名": "許明枝", "管理人電話": "02-29862345#493", "室內": "是", "室外": "是" }, "geometry": { "type": "Point", "coordinates": [ 121.489, 25.0661 ] } },
{ "type": "Feature", "properties": { "縣市及鄉鎮市區": "新北市三重區", "經度": 121.4845, "緯度": 25.0663, "避難收容處所名稱": "重陽國民小學", "預計收容人數": 608, "適用災害類別": "水災,震災,土石流,海嘯", "管理人姓名": "許明枝", "管理人電話": "02-29862345轉493", "室內": "是", "室外": "是" }, "geometry": { "type": "Point", "coordinates": [ 121.4845, 25.0663 ] } },
{ "type": "Feature", "properties": { "縣市及鄉鎮市區": "新北市汐止區", "經度": 121.661912, "緯度": 25.066456, "避難收容處所名稱": "秀峰高中", "預計收容人數": 1190, "適用災害類別": "水災,震災,土石流,海嘯", "管理人姓名": "宋怡穎", "管理人電話": "02-26411111#120", "室內": "是", "室外": "是" }, "geometry": { "type": "Point", "coordinates": [ 121.661912, 25.066456 ] } },
{ "type": "Feature", "properties": { "縣市及鄉鎮市區": "新北市汐止區", "經度": 121.641767, "緯度": 25.066498, "避難收容處所名稱": "樟樹國小", "預計收容人數": 1292, "適用災害類別": "水災,震災,土石流,海嘯", "管理人姓名": "宋怡穎", "管理人電話": "02-26411111#120", "室內": "是", "室外": "是" }, "geometry": { "type": "Point", "coordinates": [ 121.641767, 25.066498 ] } },
{ "type": "Feature", "properties": { "縣市及鄉鎮市區": "新北市汐止區", "經度": 121.654876, "緯度": 25.066688, "避難收容處所名稱": "汐止國小", "預計收容人數": 810, "適用災害類別": "震災,土石流,海嘯", "管理人姓名": "宋怡穎", "管理人電話": "02-26411111#120", "室內": "是", "室外": "是" }, "geometry": { "type": "Point", "coordinates": [ 121.654876, 25.066688 ] } },
{ "type": "Feature", "properties": { "縣市及鄉鎮市區": "臺北市內湖區", "經度": 121.6111, "緯度": 25.0669, "避難收容處所名稱": "南湖高中", "預計收容人數": 300, "適用災害類別": "水災,震災", "管理人姓名": "王駿騏", "管理人電話": "26308889#111", "室內": "是", "室外": "否" }, "geometry": { "type": "Point", "coordinates": [ 121.6111, 25.0669 ] } },
{ "type": "Feature", "properties": { "縣市及鄉鎮市區": "新北市汐止區", "經度": 121.658337, "緯度": 25.066957, "避難收容處所名稱": "汐止國中", "預計收容人數": 1384, "適用災害類別": "震災,土石流,海嘯", "管理人姓名": "宋怡穎", "管理人電話": "02-26411111#120", "室內": "是", "室外": "是" }, "geometry": { "type": "Point", "coordinates": [ 121.658337, 25.066957 ] } },
{ "type": "Feature", "properties": { "縣市及鄉鎮市區": "新北市林口區", "經度": 121.397844, "緯度": 25.067902, "避難收容處所名稱": "師範大學林口校區體育館", "預計收容人數": 4587, "適用災害類別": "水災,海嘯", "管理人姓名": "吳忠信", "管理人電話": "77148301", "室內": "是", "室外": "是" }, "geometry": { "type": "Point", "coordinates": [ 121.397844, 25.067902 ] } },
{ "type": "Feature", "properties": { "縣市及鄉鎮市區": "新北市林口區", "經度": 121.3717, "緯度": 25.068, "避難收容處所名稱": "林口市民活動中心", "預計收容人數": 63, "適用災害類別": "水災,震災,土石流,海嘯", "管理人姓名": "黃德源", "管理人電話": "02-26033111#608", "室內": "是", "室外": "否" }, "geometry": { "type": "Point", "coordinates": [ 121.3717, 25.068 ] } },
{ "type": "Feature", "properties": { "縣市及鄉鎮市區": "新北市林口區", "經度": 121.3703, "緯度": 25.0681, "避難收容處所名稱": "崇林國中", "預計收容人數": 1312, "適用災害類別": "水災,土石流,海嘯", "管理人姓名": "林煌展", "管理人電話": "26095829#130", "室內": "是", "室外": "是" }, "geometry": { "type": "Point", "coordinates": [ 121.3703, 25.0681 ] } },
{ "type": "Feature", "properties": { "縣市及鄉鎮市區": "新北市三重區", "經度": 121.4975, "緯度": 25.0682, "避難收容處所名稱": "正義市民活動中心", "預計收容人數": 100, "適用災害類別": "水災,震災,土石流,海嘯", "管理人姓名": "許明枝", "管理人電話": "02-29862345493", "室內": "是", "室外": "否" }, "geometry": { "type": "Point", "coordinates": [ 121.4975, 25.0682 ] } },
{ "type": "Feature", "properties": { "縣市及鄉鎮市區": "臺北市內湖區", "經度": 121.6158, "緯度": 25.0685, "避難收容處所名稱": "東湖國小", "預計收容人數": 155, "適用災害類別": "水災,震災", "管理人姓名": "鄧善明", "管理人電話": "26339984#125", "室內": "是", "室外": "否" }, "geometry": { "type": "Point", "coordinates": [ 121.6158, 25.0685 ] } },
{ "type": "Feature", "properties": { "縣市及鄉鎮市區": "新北市林口區", "經度": 121.3762, "緯度": 25.0686, "避難收容處所名稱": "麗園國小", "預計收容人數": 945, "適用災害類別": "水災,震災,土石流,海嘯", "管理人姓名": "吳嘉麟", "管理人電話": "26091061#752", "室內": "是", "室外": "是" }, "geometry": { "type": "Point", "coordinates": [ 121.3762, 25.0686 ] } },
{ "type": "Feature", "properties": { "縣市及鄉鎮市區": "新北市林口區", "經度": 121.3679, "緯度": 25.0687, "避難收容處所名稱": "麗林國小", "預計收容人數": 1790, "適用災害類別": "水災,震災,土石流,海嘯", "管理人姓名": "許修豪", "管理人電話": "26008457#111", "室內": "是", "室外": "是" }, "geometry": { "type": "Point", "coordinates": [ 121.3679, 25.0687 ] } },
{ "type": "Feature", "properties": { "縣市及鄉鎮市區": "新北市林口區", "經度": 121.377252, "緯度": 25.068777, "避難收容處所名稱": "東勢市民活動中心", "預計收容人數": 247, "適用災害類別": "水災,震災,土石流,海嘯", "管理人姓名": "黃德源", "管理人電話": "26033111#608", "室內": "是", "室外": "否" }, "geometry": { "type": "Point", "coordinates": [ 121.377252, 25.068777 ] } },
{ "type": "Feature", "properties": { "縣市及鄉鎮市區": "臺北市內湖區", "經度": 121.5887, "緯度": 25.0688, "避難收容處所名稱": "新湖國小", "預計收容人數": 40, "適用災害類別": "水災,震災", "管理人姓名": "李之法", "管理人電話": "27963721#120", "室內": "是", "室外": "否" }, "geometry": { "type": "Point", "coordinates": [ 121.5887, 25.0688 ] } },
{ "type": "Feature", "properties": { "縣市及鄉鎮市區": "新北市汐止區", "經度": 121.627046, "緯度": 25.068806, "避難收容處所名稱": "金龍國小", "預計收容人數": 600, "適用災害類別": "水災,震災,土石流,海嘯", "管理人姓名": "宋怡穎", "管理人電話": "02-26411111#120", "室內": "是", "室外": "是" }, "geometry": { "type": "Point", "coordinates": [ 121.627046, 25.068806 ] } },
{ "type": "Feature", "properties": { "縣市及鄉鎮市區": "新北市林口區", "經度": 121.373756, "緯度": 25.068979, "避難收容處所名稱": "麗園市民活動中心", "預計收容人數": 75, "適用災害類別": "水災,震災,土石流,海嘯", "管理人姓名": "黃德源", "管理人電話": "26033111#608", "室內": "是", "室外": "否" }, "geometry": { "type": "Point", "coordinates": [ 121.373756, 25.068979 ] } },
{ "type": "Feature", "properties": { "縣市及鄉鎮市區": "臺北市內湖區", "經度": 121.5862, "緯度": 25.0691, "避難收容處所名稱": "三民國中", "預計收容人數": 300, "適用災害類別": "水災,震災", "管理人姓名": "涂詩珮", "管理人電話": "27944772#250", "室內": "是", "室外": "否" }, "geometry": { "type": "Point", "coordinates": [ 121.5862, 25.0691 ] } },
{ "type": "Feature", "properties": { "縣市及鄉鎮市區": "新北市汐止區", "經度": 121.672058, "緯度": 25.069255, "避難收容處所名稱": "茄苳里活動中心", "預計收容人數": 53, "適用災害類別": "水災,震災,土石流,海嘯", "管理人姓名": "宋怡穎", "管理人電話": "02-26411111#120", "室內": "是", "室外": "否" }, "geometry": { "type": "Point", "coordinates": [ 121.672058, 25.069255 ] } },
{ "type": "Feature", "properties": { "縣市及鄉鎮市區": "臺北市大同區", "經度": 121.5167, "緯度": 25.0693, "避難收容處所名稱": "蘭州國中", "預計收容人數": 30, "適用災害類別": "水災,震災", "管理人姓名": "金惠琳", "管理人電話": "25918269#500", "室內": "是", "室外": "否" }, "geometry": { "type": "Point", "coordinates": [ 121.5167, 25.0693 ] } },
{ "type": "Feature", "properties": { "縣市及鄉鎮市區": "臺北市內湖區", "經度": 121.586898, "緯度": 25.069324, "避難收容處所名稱": "內湖區行政大樓", "預計收容人數": 170, "適用災害類別": null, "管理人姓名": "盧青華", "管理人電話": "935578581", "室內": "否", "室外": "否" }, "geometry": { "type": "Point", "coordinates": [ 121.586898, 25.069324 ] } },
{ "type": "Feature", "properties": { "縣市及鄉鎮市區": "新北市汐止區", "經度": 121.669187, "緯度": 25.069578, "避難收容處所名稱": "崇德國小", "預計收容人數": 1275, "適用災害類別": "水災,震災,土石流,海嘯", "管理人姓名": "宋怡穎", "管理人電話": "02-26411111#120", "室內": "是", "室外": "是" }, "geometry": { "type": "Point", "coordinates": [ 121.669187, 25.069578 ] } },
{ "type": "Feature", "properties": { "縣市及鄉鎮市區": "新北市三重區", "經度": 121.4801, "緯度": 25.0696, "避難收容處所名稱": "新北市立三重商工", "預計收容人數": 1586, "適用災害類別": "震災,土石流,海嘯", "管理人姓名": "許明枝", "管理人電話": "02-29862345#493", "室內": "是", "室外": "是" }, "geometry": { "type": "Point", "coordinates": [ 121.4801, 25.0696 ] } },
{ "type": "Feature", "properties": { "縣市及鄉鎮市區": "新北市三重區", "經度": 121.4711, "緯度": 25.0697, "避難收容處所名稱": "私立穀保家商", "預計收容人數": 1674, "適用災害類別": "水災,震災,土石流,海嘯", "管理人姓名": "許明枝", "管理人電話": "02-29862345#493", "室內": "是", "室外": "是" }, "geometry": { "type": "Point", "coordinates": [ 121.4711, 25.0697 ] } },
{ "type": "Feature", "properties": { "縣市及鄉鎮市區": "新北市五股區", "經度": 121.4677, "緯度": 25.0698, "避難收容處所名稱": "更寮國民小學", "預計收容人數": 453, "適用災害類別": "水災,土石流,海嘯", "管理人姓名": "黃駿逸", "管理人電話": "02-22916051#113", "室內": "是", "室外": "是" }, "geometry": { "type": "Point", "coordinates": [ 121.4677, 25.0698 ] } },
{ "type": "Feature", "properties": { "縣市及鄉鎮市區": "新北市三重區", "經度": 121.4938, "緯度": 25.0702, "避難收容處所名稱": "六張市民活動中心", "預計收容人數": 100, "適用災害類別": "水災,震災,土石流,海嘯", "管理人姓名": "許明枝", "管理人電話": "02-29862345493", "室內": "是", "室外": "否" }, "geometry": { "type": "Point", "coordinates": [ 121.4938, 25.0702 ] } },
{ "type": "Feature", "properties": { "縣市及鄉鎮市區": "新北市三重區", "經度": 121.4973, "緯度": 25.0704, "避難收容處所名稱": "三重國民小學", "預計收容人數": 709, "適用災害類別": "水災,震災,土石流,海嘯", "管理人姓名": "許明枝", "管理人電話": "02-29862345#493", "室內": "是", "室外": "是" }, "geometry": { "type": "Point", "coordinates": [ 121.4973, 25.0704 ] } },
{ "type": "Feature", "properties": { "縣市及鄉鎮市區": "新北市三重區", "經度": 121.4999, "緯度": 25.0705, "避難收容處所名稱": "光榮國民中學", "預計收容人數": 1031, "適用災害類別": "水災,震災,土石流,海嘯", "管理人姓名": "許明枝", "管理人電話": "02-29862345#493", "室內": "是", "室外": "是" }, "geometry": { "type": "Point", "coordinates": [ 121.4999, 25.0705 ] } },
{ "type": "Feature", "properties": { "縣市及鄉鎮市區": "新北市汐止區", "經度": 121.666953, "緯度": 25.070551, "避難收容處所名稱": "崇德橋東市民活動中心", "預計收容人數": 100, "適用災害類別": "水災,震災,土石流,海嘯", "管理人姓名": "宋怡穎", "管理人電話": "02-24611111#120", "室內": "是", "室外": "否" }, "geometry": { "type": "Point", "coordinates": [ 121.666953, 25.070551 ] } },
{ "type": "Feature", "properties": { "縣市及鄉鎮市區": "臺北市內湖區", "經度": 121.6107, "緯度": 25.0706, "避難收容處所名稱": "南湖國小", "預計收容人數": 50, "適用災害類別": "水災,震災", "管理人姓名": "溫博安", "管理人電話": "26321296#51", "室內": "是", "室外": "否" }, "geometry": { "type": "Point", "coordinates": [ 121.6107, 25.0706 ] } },
{ "type": "Feature", "properties": { "縣市及鄉鎮市區": "臺北市內湖區", "經度": 121.6107, "緯度": 25.0706, "避難收容處所名稱": "明湖國中", "預計收容人數": 251, "適用災害類別": "水災,震災", "管理人姓名": "洪陸麒", "管理人電話": "26320616#510", "室內": "是", "室外": "否" }, "geometry": { "type": "Point", "coordinates": [ 121.6107, 25.0706 ] } },
{ "type": "Feature", "properties": { "縣市及鄉鎮市區": "新北市三重區", "經度": 121.4874, "緯度": 25.0707, "避難收容處所名稱": "和平市民活動中心", "預計收容人數": 100, "適用災害類別": "水災,震災,土石流,海嘯", "管理人姓名": "許明枝", "管理人電話": "02-29862345493", "室內": "是", "室外": "否" }, "geometry": { "type": "Point", "coordinates": [ 121.4874, 25.0707 ] } },
{ "type": "Feature", "properties": { "縣市及鄉鎮市區": "新北市三重區", "經度": 121.4874, "緯度": 25.0707, "避難收容處所名稱": "厚德國民小學", "預計收容人數": 505, "適用災害類別": "水災,震災,土石流,海嘯", "管理人姓名": "許明枝", "管理人電話": "02-29862345#493", "室內": "是", "室外": "是" }, "geometry": { "type": "Point", "coordinates": [ 121.4874, 25.0707 ] } },
{ "type": "Feature", "properties": { "縣市及鄉鎮市區": "新北市三重區", "經度": 121.4884, "緯度": 25.0707, "避難收容處所名稱": "老人文康活動中心禮堂", "預計收容人數": 100, "適用災害類別": "水災,震災,土石流,海嘯", "管理人姓名": "許明枝", "管理人電話": "02-29862345493", "室內": "是", "室外": "否" }, "geometry": { "type": "Point", "coordinates": [ 121.4884, 25.0707 ] } },
{ "type": "Feature", "properties": { "縣市及鄉鎮市區": "新北市三重區", "經度": 121.5013, "緯度": 25.0709, "避難收容處所名稱": "光榮國民小學", "預計收容人數": 195, "適用災害類別": "水災,震災,土石流,海嘯", "管理人姓名": "許明枝", "管理人電話": "02-29862345#493", "室內": "是", "室外": "是" }, "geometry": { "type": "Point", "coordinates": [ 121.5013, 25.0709 ] } },
{ "type": "Feature", "properties": { "縣市及鄉鎮市區": "臺北市內湖區", "經度": 121.6106, "緯度": 25.0711, "避難收容處所名稱": "明湖國小", "預計收容人數": 137, "適用災害類別": "水災,震災", "管理人姓名": "向芳誼", "管理人電話": "26323477#41", "室內": "是", "室外": "否" }, "geometry": { "type": "Point", "coordinates": [ 121.6106, 25.0711 ] } },
{ "type": "Feature", "properties": { "縣市及鄉鎮市區": "嘉義縣六腳鄉", "經度": 121.467216, "緯度": 25.071216, "避難收容處所名稱": "更寮國小-室內", "預計收容人數": 20, "適用災害類別": "水災", "管理人姓名": "賴慶源總務主任", "管理人電話": "05-3796309", "室內": "是", "室外": "否" }, "geometry": { "type": "Point", "coordinates": [ 121.467216, 25.071216 ] } },
{ "type": "Feature", "properties": { "縣市及鄉鎮市區": "新北市汐止區", "經度": 121.679316, "緯度": 25.071337, "避難收容處所名稱": "保長坑訓練中心", "預計收容人數": 1075, "適用災害類別": "水災,震災,土石流,海嘯", "管理人姓名": "宋怡穎", "管理人電話": "02-26411111#120", "室內": "是", "室外": "是" }, "geometry": { "type": "Point", "coordinates": [ 121.679316, 25.071337 ] } },
{ "type": "Feature", "properties": { "縣市及鄉鎮市區": "新北市五股區", "經度": 121.4345, "緯度": 25.0714, "避難收容處所名稱": "德音國民小學", "預計收容人數": 146, "適用災害類別": "水災,土石流,海嘯", "管理人姓名": "黃駿逸", "管理人電話": "02-22916051#113", "室內": "是", "室外": "是" }, "geometry": { "type": "Point", "coordinates": [ 121.4345, 25.0714 ] } },
{ "type": "Feature", "properties": { "縣市及鄉鎮市區": "新北市汐止區", "經度": 121.680851, "緯度": 25.071773, "避難收容處所名稱": "保長國小", "預計收容人數": 470, "適用災害類別": "水災,震災,土石流,海嘯", "管理人姓名": "宋怡穎", "管理人電話": "02-26411111#120", "室內": "是", "室外": "是" }, "geometry": { "type": "Point", "coordinates": [ 121.680851, 25.071773 ] } },
{ "type": "Feature", "properties": { "縣市及鄉鎮市區": "新北市林口區", "經度": 121.37391, "緯度": 25.071966, "避難收容處所名稱": "仁愛市民活動中心", "預計收容人數": 194, "適用災害類別": "水災,震災,土石流,海嘯", "管理人姓名": "黃德源", "管理人電話": "26033111#608", "室內": "是", "室外": "否" }, "geometry": { "type": "Point", "coordinates": [ 121.37391, 25.071966 ] } },
{ "type": "Feature", "properties": { "縣市及鄉鎮市區": "臺北市內湖區", "經度": 121.6195, "緯度": 25.0723, "避難收容處所名稱": "東湖國中", "預計收容人數": 138, "適用災害類別": "水災,震災", "管理人姓名": "唐廷俊", "管理人電話": "26330373#651", "室內": "是", "室外": "否" }, "geometry": { "type": "Point", "coordinates": [ 121.6195, 25.0723 ] } },
{ "type": "Feature", "properties": { "縣市及鄉鎮市區": "臺北市內湖區", "經度": 121.6013, "緯度": 25.0731, "避難收容處所名稱": "麗湖國小", "預計收容人數": 315, "適用災害類別": "水災,震災", "管理人姓名": "劉松育", "管理人電話": "26343888＃130", "室內": "是", "室外": "否" }, "geometry": { "type": "Point", "coordinates": [ 121.6013, 25.0731 ] } },
{ "type": "Feature", "properties": { "縣市及鄉鎮市區": "臺北市中山區", "經度": 121.5359, "緯度": 25.0733, "避難收容處所名稱": "大佳國小", "預計收容人數": 30, "適用災害類別": "水災,震災", "管理人姓名": "賴佩莉", "管理人電話": "02-25035816#110", "室內": "是", "室外": "否" }, "geometry": { "type": "Point", "coordinates": [ 121.5359, 25.0733 ] } },
{ "type": "Feature", "properties": { "縣市及鄉鎮市區": "臺北市大同區", "經度": 121.5167, "緯度": 25.0734, "避難收容處所名稱": "大龍國小", "預計收容人數": 30, "適用災害類別": "水災,震災", "管理人姓名": "鍾燕玲", "管理人電話": "02-25942635#838", "室內": "是", "室外": "否" }, "geometry": { "type": "Point", "coordinates": [ 121.5167, 25.0734 ] } },
{ "type": "Feature", "properties": { "縣市及鄉鎮市區": "新北市林口區", "經度": 121.381, "緯度": 25.0736, "避難收容處所名稱": "林口高中", "預計收容人數": 3099, "適用災害類別": "水災,震災,土石流,海嘯", "管理人姓名": "宋永豐", "管理人電話": "26009482#600", "室內": "是", "室外": "是" }, "geometry": { "type": "Point", "coordinates": [ 121.381, 25.0736 ] } },
{ "type": "Feature", "properties": { "縣市及鄉鎮市區": "新北市三重區", "經度": 121.4887, "緯度": 25.0738, "避難收容處所名稱": "格致高級中學", "預計收容人數": 1000, "適用災害類別": "震災,土石流,海嘯", "管理人姓名": "許明枝", "管理人電話": "02-29862345#493", "室內": "是", "室外": "是" }, "geometry": { "type": "Point", "coordinates": [ 121.4887, 25.0738 ] } },
{ "type": "Feature", "properties": { "縣市及鄉鎮市區": "新北市林口區", "經度": 121.359019, "緯度": 25.073835, "避難收容處所名稱": "南勢市民活動中心", "預計收容人數": 106, "適用災害類別": "水災,震災,土石流,海嘯", "管理人姓名": "黃德源", "管理人電話": "02-26033111#608", "室內": "是", "室外": "否" }, "geometry": { "type": "Point", "coordinates": [ 121.359019, 25.073835 ] } },
{ "type": "Feature", "properties": { "縣市及鄉鎮市區": "新北市林口區", "經度": 121.3588, "緯度": 25.075, "避難收容處所名稱": "南勢國小", "預計收容人數": 534, "適用災害類別": "水災,震災,土石流,海嘯", "管理人姓名": "蕭麗娟", "管理人電話": "26091020#830", "室內": "是", "室外": "是" }, "geometry": { "type": "Point", "coordinates": [ 121.3588, 25.075 ] } },
{ "type": "Feature", "properties": { "縣市及鄉鎮市區": "臺北市大同區", "經度": 121.5199, "緯度": 25.0755, "避難收容處所名稱": "明倫高中", "預計收容人數": 70, "適用災害類別": "水災,震災", "管理人姓名": "徐榮濱", "管理人電話": "02-25961567#151", "室內": "是", "室外": "否" }, "geometry": { "type": "Point", "coordinates": [ 121.5199, 25.0755 ] } },
{ "type": "Feature", "properties": { "縣市及鄉鎮市區": "新北市五股區", "經度": 121.4349, "緯度": 25.0758, "避難收容處所名稱": "憲訓中心", "預計收容人數": 686, "適用災害類別": "水災,土石流,海嘯", "管理人姓名": "黃駿逸", "管理人電話": "02-22916051#113", "室內": "是", "室外": "否" }, "geometry": { "type": "Point", "coordinates": [ 121.4349, 25.0758 ] } },
{ "type": "Feature", "properties": { "縣市及鄉鎮市區": "臺北市大同區", "經度": 121.5179, "緯度": 25.0759, "避難收容處所名稱": "重慶國中", "預計收容人數": 0, "適用災害類別": "水災,震災", "管理人姓名": "邱貿瑞", "管理人電話": "02-25948631#240", "室內": "是", "室外": "否" }, "geometry": { "type": "Point", "coordinates": [ 121.5179, 25.0759 ] } },
{ "type": "Feature", "properties": { "縣市及鄉鎮市區": "臺北市大同區", "經度": 121.5179, "緯度": 25.0759, "避難收容處所名稱": "臺北市大同運動中心", "預計收容人數": 300, "適用災害類別": "震災", "管理人姓名": "鄭景中", "管理人電話": "0225702330-6424", "室內": "是", "室外": "否" }, "geometry": { "type": "Point", "coordinates": [ 121.5179, 25.0759 ] } },
{ "type": "Feature", "properties": { "縣市及鄉鎮市區": "新北市三重區", "經度": 121.4846, "緯度": 25.0764, "避難收容處所名稱": "永盛市民活動中心", "預計收容人數": 100, "適用災害類別": "水災,震災,土石流,海嘯", "管理人姓名": "許明枝", "管理人電話": "02-29862345493", "室內": "是", "室外": "否" }, "geometry": { "type": "Point", "coordinates": [ 121.4846, 25.0764 ] } },
{ "type": "Feature", "properties": { "縣市及鄉鎮市區": "新北市三重區", "經度": 121.4865, "緯度": 25.0766, "避難收容處所名稱": "三和國民中學", "預計收容人數": 653, "適用災害類別": "水災,震災,土石流,海嘯", "管理人姓名": "許明枝", "管理人電話": "02-29862345#493", "室內": "是", "室外": "是" }, "geometry": { "type": "Point", "coordinates": [ 121.4865, 25.0766 ] } },
{ "type": "Feature", "properties": { "縣市及鄉鎮市區": "新北市林口區", "經度": 121.3885, "緯度": 25.0767, "避難收容處所名稱": "林口區公所", "預計收容人數": 120, "適用災害類別": "水災,土石流,海嘯", "管理人姓名": "劉艾如", "管理人電話": "02-26033111-216", "室內": "是", "室外": "否" }, "geometry": { "type": "Point", "coordinates": [ 121.3885, 25.0767 ] } },
{ "type": "Feature", "properties": { "縣市及鄉鎮市區": "新北市蘆洲區", "經度": 121.469, "緯度": 25.0767, "避難收容處所名稱": "得仁市民活動中心", "預計收容人數": 52, "適用災害類別": "土石流", "管理人姓名": "沈明輝", "管理人電話": "22811484-119", "室內": "是", "室外": "否" }, "geometry": { "type": "Point", "coordinates": [ 121.469, 25.0767 ] } },
{ "type": "Feature", "properties": { "縣市及鄉鎮市區": "新北市林口區", "經度": 121.3769, "緯度": 25.0769, "避難收容處所名稱": "林口國中活動中心", "預計收容人數": 1736, "適用災害類別": "水災,震災,土石流,海嘯", "管理人姓名": "陳建全", "管理人電話": "2601-1014#31", "室內": "是", "室外": "否" }, "geometry": { "type": "Point", "coordinates": [ 121.3769, 25.0769 ] } },
{ "type": "Feature", "properties": { "縣市及鄉鎮市區": "新北市三重區", "經度": 121.4806, "緯度": 25.077, "避難收容處所名稱": "永福國民小學", "預計收容人數": 706, "適用災害類別": "震災,土石流,海嘯", "管理人姓名": "許明枝", "管理人電話": "02-29862345#493", "室內": "是", "室外": "是" }, "geometry": { "type": "Point", "coordinates": [ 121.4806, 25.077 ] } },
{ "type": "Feature", "properties": { "縣市及鄉鎮市區": "臺北市內湖區", "經度": 121.5887, "緯度": 25.077, "避難收容處所名稱": "內湖國中", "預計收容人數": 233, "適用災害類別": "水災,震災", "管理人姓名": "林慧靜", "管理人電話": "27900843#230", "室內": "是", "室外": "否" }, "geometry": { "type": "Point", "coordinates": [ 121.5887, 25.077 ] } },
{ "type": "Feature", "properties": { "縣市及鄉鎮市區": "臺北市中山區", "經度": 121.5617, "緯度": 25.0773, "避難收容處所名稱": "濱江國小", "預計收容人數": 114, "適用災害類別": "水災,震災", "管理人姓名": "卓家意", "管理人電話": "02-85021571#1400", "室內": "是", "室外": "否" }, "geometry": { "type": "Point", "coordinates": [ 121.5617, 25.0773 ] } },
{ "type": "Feature", "properties": { "縣市及鄉鎮市區": "新北市林口區", "經度": 121.394, "緯度": 25.0774, "避難收容處所名稱": "麗林市民活動中心", "預計收容人數": 236, "適用災害類別": "水災,震災,土石流,海嘯", "管理人姓名": "黃德源", "管理人電話": "26033111#608", "室內": "是", "室外": "否" }, "geometry": { "type": "Point", "coordinates": [ 121.394, 25.0774 ] } },
{ "type": "Feature", "properties": { "縣市及鄉鎮市區": "臺北市中山區", "經度": 121.5416, "緯度": 25.0778, "避難收容處所名稱": "北安國中", "預計收容人數": 30, "適用災害類別": "水災,震災", "管理人姓名": "余賢桄", "管理人電話": "25333888-240", "室內": "是", "室外": "否" }, "geometry": { "type": "Point", "coordinates": [ 121.5416, 25.0778 ] } },
{ "type": "Feature", "properties": { "縣市及鄉鎮市區": "臺北市內湖區", "經度": 121.5865, "緯度": 25.0784, "避難收容處所名稱": "內湖高中", "預計收容人數": 110, "適用災害類別": "水災,震災", "管理人姓名": "韓國瑾", "管理人電話": "27977035#309", "室內": "是", "室外": "否" }, "geometry": { "type": "Point", "coordinates": [ 121.5865, 25.0784 ] } },
{ "type": "Feature", "properties": { "縣市及鄉鎮市區": "臺北市內湖區", "經度": 121.5865, "緯度": 25.0784, "避難收容處所名稱": "臺北市內湖運動中心", "預計收容人數": 219, "適用災害類別": "震災", "管理人姓名": "林美如", "管理人電話": "02-25702330#6425", "室內": "是", "室外": "否" }, "geometry": { "type": "Point", "coordinates": [ 121.5865, 25.0784 ] } },
{ "type": "Feature", "properties": { "縣市及鄉鎮市區": "新北市林口區", "經度": 121.365938, "緯度": 25.078446, "避難收容處所名稱": "新北特殊教育學校", "預計收容人數": 1383, "適用災害類別": "水災,震災,土石流,海嘯", "管理人姓名": "陳素惠", "管理人電話": "02-2600-6768#8001", "室內": "否", "室外": "否" }, "geometry": { "type": "Point", "coordinates": [ 121.365938, 25.078446 ] } },
{ "type": "Feature", "properties": { "縣市及鄉鎮市區": "新北市蘆洲區", "經度": 121.4728, "緯度": 25.0785, "避難收容處所名稱": "民生市民活動中心", "預計收容人數": 20, "適用災害類別": "水災,震災,土石流,海嘯", "管理人姓名": "沈明輝", "管理人電話": "02-22811484-119", "室內": "是", "室外": "否" }, "geometry": { "type": "Point", "coordinates": [ 121.4728, 25.0785 ] } },
{ "type": "Feature", "properties": { "縣市及鄉鎮市區": "臺北市中山區", "經度": 121.5494, "緯度": 25.0787, "避難收容處所名稱": "永安國小", "預計收容人數": 60, "適用災害類別": "水災,震災", "管理人姓名": "梁志恒", "管理人電話": "25335672#230", "室內": "是", "室外": "否" }, "geometry": { "type": "Point", "coordinates": [ 121.5494, 25.0787 ] } },
{ "type": "Feature", "properties": { "縣市及鄉鎮市區": "新北市汐止區", "經度": 121.670529, "緯度": 25.079073, "避難收容處所名稱": "長安市民活動中心", "預計收容人數": 89, "適用災害類別": "水災,震災,土石流,海嘯", "管理人姓名": "宋怡穎", "管理人電話": "02-26411111#120", "室內": "是", "室外": "否" }, "geometry": { "type": "Point", "coordinates": [ 121.670529, 25.079073 ] } },
{ "type": "Feature", "properties": { "縣市及鄉鎮市區": "臺北市內湖區", "經度": 121.5802, "緯度": 25.0791, "避難收容處所名稱": "內湖國小", "預計收容人數": 150, "適用災害類別": "水災,震災", "管理人姓名": "黎季昊", "管理人電話": "27998085#311", "室內": "是", "室外": "否" }, "geometry": { "type": "Point", "coordinates": [ 121.5802, 25.0791 ] } },
{ "type": "Feature", "properties": { "縣市及鄉鎮市區": "新北市汐止區", "經度": 121.670789, "緯度": 25.079315, "避難收容處所名稱": "長安國小", "預計收容人數": 807, "適用災害類別": "震災,土石流,海嘯", "管理人姓名": "宋怡穎", "管理人電話": "02-26411111#120", "室內": "是", "室外": "是" }, "geometry": { "type": "Point", "coordinates": [ 121.670789, 25.079315 ] } },
{ "type": "Feature", "properties": { "縣市及鄉鎮市區": "新北市五股區", "經度": 121.4573, "緯度": 25.0794, "避難收容處所名稱": "更新市民活動中心", "預計收容人數": 65, "適用災害類別": "水災,震災,土石流,海嘯", "管理人姓名": "黃駿逸", "管理人電話": "02-22916051#113", "室內": "是", "室外": "否" }, "geometry": { "type": "Point", "coordinates": [ 121.4573, 25.0794 ] } },
{ "type": "Feature", "properties": { "縣市及鄉鎮市區": "臺北市中山區", "經度": 121.5428, "緯度": 25.0794, "避難收容處所名稱": "大直高中", "預計收容人數": 300, "適用災害類別": "水災,震災", "管理人姓名": "楊雯仙", "管理人電話": "02-25334017#141", "室內": "是", "室外": "否" }, "geometry": { "type": "Point", "coordinates": [ 121.5428, 25.0794 ] } },
{ "type": "Feature", "properties": { "縣市及鄉鎮市區": "新北市林口區", "經度": 121.395779, "緯度": 25.07957, "避難收容處所名稱": "醒吾高中", "預計收容人數": 1243, "適用災害類別": "水災,震災,土石流", "管理人姓名": "吳昭瑾", "管理人電話": "26012644#1902", "室內": "是", "室外": "是" }, "geometry": { "type": "Point", "coordinates": [ 121.395779, 25.07957 ] } },
{ "type": "Feature", "properties": { "縣市及鄉鎮市區": "新北市蘆洲區", "經度": 121.476051, "緯度": 25.079572, "避難收容處所名稱": "溪墘湧蓮市民活動中心", "預計收容人數": 50, "適用災害類別": "水災,震災,土石流,海嘯", "管理人姓名": "沈明輝", "管理人電話": "02-22811484-119", "室內": "是", "室外": "否" }, "geometry": { "type": "Point", "coordinates": [ 121.476051, 25.079572 ] } },
{ "type": "Feature", "properties": { "縣市及鄉鎮市區": "新北市林口區", "經度": 121.3958, "緯度": 25.0796, "避難收容處所名稱": "竹林山觀音寺活動中心", "預計收容人數": 500, "適用災害類別": "水災,震災,土石流,海嘯", "管理人姓名": "李子昌", "管理人電話": "26011412#18", "室內": "是", "室外": "是" }, "geometry": { "type": "Point", "coordinates": [ 121.3958, 25.0796 ] } },
{ "type": "Feature", "properties": { "縣市及鄉鎮市區": "臺北市中山區", "經度": 121.5607, "緯度": 25.0796, "避難收容處所名稱": "濱江國中", "預計收容人數": 86, "適用災害類別": "水災,震災", "管理人姓名": "黃秀森", "管理人電話": "02-8502-0126", "室內": "是", "室外": "否" }, "geometry": { "type": "Point", "coordinates": [ 121.5607, 25.0796 ] } },
{ "type": "Feature", "properties": { "縣市及鄉鎮市區": "臺北市內湖區", "經度": 121.5754, "緯度": 25.0797, "避難收容處所名稱": "內湖高工", "預計收容人數": 245, "適用災害類別": "水災,震災", "管理人姓名": "韓東賢", "管理人電話": "26574874#121", "室內": "是", "室外": "否" }, "geometry": { "type": "Point", "coordinates": [ 121.5754, 25.0797 ] } },
{ "type": "Feature", "properties": { "縣市及鄉鎮市區": "臺北市士林區", "經度": 121.5229, "緯度": 25.0799, "避難收容處所名稱": "劍潭國小", "預計收容人數": 30, "適用災害類別": "水災,震災", "管理人姓名": "李孟柔", "管理人電話": "02-28855491#830", "室內": "是", "室外": "否" }, "geometry": { "type": "Point", "coordinates": [ 121.5229, 25.0799 ] } },
{ "type": "Feature", "properties": { "縣市及鄉鎮市區": "臺北市內湖區", "經度": 121.5949, "緯度": 25.08, "避難收容處所名稱": "康寧國小", "預計收容人數": 247, "適用災害類別": "水災,震災", "管理人姓名": "黃聰欽", "管理人電話": "27917755", "室內": "是", "室外": "否" }, "geometry": { "type": "Point", "coordinates": [ 121.5949, 25.08 ] } },
{ "type": "Feature", "properties": { "縣市及鄉鎮市區": "新北市林口區", "經度": 121.3842, "緯度": 25.0803, "避難收容處所名稱": "佳林國中", "預計收容人數": 747, "適用災害類別": "水災,震災,土石流,海嘯", "管理人姓名": "馮維寧", "管理人電話": "26028555#600", "室內": "是", "室外": "是" }, "geometry": { "type": "Point", "coordinates": [ 121.3842, 25.0803 ] } },
{ "type": "Feature", "properties": { "縣市及鄉鎮市區": "新北市蘆洲區", "經度": 121.48, "緯度": 25.0803, "避難收容處所名稱": "徐匯中學", "預計收容人數": 784, "適用災害類別": "水災,震災,土石流,海嘯", "管理人姓名": "沈明輝", "管理人電話": "02-22811484-119", "室內": "是", "室外": "是" }, "geometry": { "type": "Point", "coordinates": [ 121.48, 25.0803 ] } },
{ "type": "Feature", "properties": { "縣市及鄉鎮市區": "臺北市中山區", "經度": 121.5464, "緯度": 25.0805, "避難收容處所名稱": "大直國小", "預計收容人數": 104, "適用災害類別": "水災,震災", "管理人姓名": "林秀勤", "管理人電話": "02-85098286", "室內": "是", "室外": "否" }, "geometry": { "type": "Point", "coordinates": [ 121.5464, 25.0805 ] } },
{ "type": "Feature", "properties": { "縣市及鄉鎮市區": "新北市蘆洲區", "經度": 121.4619, "緯度": 25.0807, "避難收容處所名稱": "長安市民活動中心", "預計收容人數": 123, "適用災害類別": "水災,震災,土石流,海嘯", "管理人姓名": "沈明輝", "管理人電話": "02-22811484-119", "室內": "是", "室外": "否" }, "geometry": { "type": "Point", "coordinates": [ 121.4619, 25.0807 ] } },
{ "type": "Feature", "properties": { "縣市及鄉鎮市區": "新北市林口區", "經度": 121.3899, "緯度": 25.0808, "避難收容處所名稱": "林口國小", "預計收容人數": 1009, "適用災害類別": "水災,震災,土石流,海嘯", "管理人姓名": "張憲庭", "管理人電話": "26011010#831", "室內": "是", "室外": "是" }, "geometry": { "type": "Point", "coordinates": [ 121.3899, 25.0808 ] } },
{ "type": "Feature", "properties": { "縣市及鄉鎮市區": "新北市蘆洲區", "經度": 121.481944, "緯度": 25.081635, "避難收容處所名稱": "永安兒童公園市民活動中心", "預計收容人數": 87, "適用災害類別": "水災,震災,土石流,海嘯", "管理人姓名": "沈明輝", "管理人電話": "02-22811484-119", "室內": "是", "室外": "否" }, "geometry": { "type": "Point", "coordinates": [ 121.481944, 25.081635 ] } },
{ "type": "Feature", "properties": { "縣市及鄉鎮市區": "臺北市內湖區", "經度": 121.5752, "緯度": 25.0817, "避難收容處所名稱": "麗山國中", "預計收容人數": 82, "適用災害類別": "水災,震災", "管理人姓名": "徐秀婕", "管理人電話": "27991867#401", "室內": "是", "室外": "否" }, "geometry": { "type": "Point", "coordinates": [ 121.5752, 25.0817 ] } },
{ "type": "Feature", "properties": { "縣市及鄉鎮市區": "新北市蘆洲區", "經度": 121.4675, "緯度": 25.0821, "避難收容處所名稱": "中路市民活動中心", "預計收容人數": 27, "適用災害類別": "水災,震災,土石流,海嘯", "管理人姓名": "沈明輝", "管理人電話": "02-22811484-119", "室內": "是", "室外": "否" }, "geometry": { "type": "Point", "coordinates": [ 121.4675, 25.0821 ] } },
{ "type": "Feature", "properties": { "縣市及鄉鎮市區": "新北市林口區", "經度": 121.3729, "緯度": 25.0827, "避難收容處所名稱": "頭湖國小", "預計收容人數": 819, "適用災害類別": "水災,震災,土石流,海嘯", "管理人姓名": "謝素君", "管理人電話": "26080766#830", "室內": "是", "室外": "是" }, "geometry": { "type": "Point", "coordinates": [ 121.3729, 25.0827 ] } },
{ "type": "Feature", "properties": { "縣市及鄉鎮市區": "臺北市內湖區", "經度": 121.603982, "緯度": 25.082835, "避難收容處所名稱": "大湖公園", "預計收容人數": 4950, "適用災害類別": "震災", "管理人姓名": "陳美雅", "管理人電話": "26586601#216", "室內": "否", "室外": "是" }, "geometry": { "type": "Point", "coordinates": [ 121.603982, 25.082835 ] } },
{ "type": "Feature", "properties": { "縣市及鄉鎮市區": "新北市五股區", "經度": 121.4393, "緯度": 25.083, "避難收容處所名稱": "立體停車場", "預計收容人數": 550, "適用災害類別": "水災,土石流,海嘯", "管理人姓名": "黃駿逸", "管理人電話": "02-22916051#113", "室內": "是", "室外": "否" }, "geometry": { "type": "Point", "coordinates": [ 121.4393, 25.083 ] } },
{ "type": "Feature", "properties": { "縣市及鄉鎮市區": "新北市五股區", "經度": 121.4357, "緯度": 25.0833, "避難收容處所名稱": "五股國民中學", "預計收容人數": 230, "適用災害類別": "水災,海嘯", "管理人姓名": "黃駿逸", "管理人電話": "02-22916051#113", "室內": "是", "室外": "是" }, "geometry": { "type": "Point", "coordinates": [ 121.4357, 25.0833 ] } },
{ "type": "Feature", "properties": { "縣市及鄉鎮市區": "新北市五股區", "經度": 121.4377, "緯度": 25.0834, "避難收容處所名稱": "五股國民小學", "預計收容人數": 2532, "適用災害類別": "水災,土石流,海嘯", "管理人姓名": "黃駿逸", "管理人電話": "02-22916051#113", "室內": "是", "室外": "是" }, "geometry": { "type": "Point", "coordinates": [ 121.4377, 25.0834 ] } },
{ "type": "Feature", "properties": { "縣市及鄉鎮市區": "新北市蘆洲區", "經度": 121.4786, "緯度": 25.0835, "避難收容處所名稱": "財團法人臺灣省臺北縣基督教徒蘆洲", "預計收容人數": 75, "適用災害類別": "震災,土石流,海嘯", "管理人姓名": "沈明輝", "管理人電話": "02-22811484-119", "室內": "是", "室外": "否" }, "geometry": { "type": "Point", "coordinates": [ 121.4786, 25.0835 ] } },
{ "type": "Feature", "properties": { "縣市及鄉鎮市區": "臺北市內湖區", "經度": 121.5725, "緯度": 25.0836, "避難收容處所名稱": "麗山國小", "預計收容人數": 193, "適用災害類別": "水災,震災,土石流", "管理人姓名": "陳弘偉", "管理人電話": "26574158#511", "室內": "是", "室外": "否" }, "geometry": { "type": "Point", "coordinates": [ 121.5725, 25.0836 ] } },
{ "type": "Feature", "properties": { "縣市及鄉鎮市區": "臺北市士林區", "經度": 121.507, "緯度": 25.0837, "避難收容處所名稱": "葫蘆國小", "預計收容人數": 35, "適用災害類別": "水災,震災", "管理人姓名": "許興國", "管理人電話": "02-28129586#831", "室內": "是", "室外": "否" }, "geometry": { "type": "Point", "coordinates": [ 121.507, 25.0837 ] } },
{ "type": "Feature", "properties": { "縣市及鄉鎮市區": "臺北市內湖區", "經度": 121.5657, "緯度": 25.0838, "避難收容處所名稱": "西湖國小", "預計收容人數": 76, "適用災害類別": "水災,震災", "管理人姓名": "葉蓁燕", "管理人電話": "27971267#151", "室內": "是", "室外": "否" }, "geometry": { "type": "Point", "coordinates": [ 121.5657, 25.0838 ] } },
{ "type": "Feature", "properties": { "縣市及鄉鎮市區": "新北市蘆洲區", "經度": 121.47, "緯度": 25.0841, "避難收容處所名稱": "蘆洲國小", "預計收容人數": 2139, "適用災害類別": "水災,震災,土石流,海嘯", "管理人姓名": "沈明輝", "管理人電話": "02-22811484-119", "室內": "是", "室外": "是" }, "geometry": { "type": "Point", "coordinates": [ 121.47, 25.0841 ] } },
{ "type": "Feature", "properties": { "縣市及鄉鎮市區": "臺北市內湖區", "經度": 121.5779, "緯度": 25.0841, "避難收容處所名稱": "麗山高中", "預計收容人數": 60, "適用災害類別": "水災,震災", "管理人姓名": "林永發", "管理人電話": "26570435#400", "室內": "是", "室外": "否" }, "geometry": { "type": "Point", "coordinates": [ 121.5779, 25.0841 ] } },
{ "type": "Feature", "properties": { "縣市及鄉鎮市區": "新北市林口區", "經度": 121.3742, "緯度": 25.0844, "避難收容處所名稱": "湖南市民活動中心", "預計收容人數": 86, "適用災害類別": "水災,震災,土石流,海嘯", "管理人姓名": "黃德源", "管理人電話": "26033111#608", "室內": "是", "室外": "是" }, "geometry": { "type": "Point", "coordinates": [ 121.3742, 25.0844 ] } },
{ "type": "Feature", "properties": { "縣市及鄉鎮市區": "新北市蘆洲區", "經度": 121.4739, "緯度": 25.0847, "避難收容處所名稱": "蘆洲區公所", "預計收容人數": 185, "適用災害類別": "水災,震災,土石流,海嘯", "管理人姓名": "沈明輝", "管理人電話": "02-22811484-119", "室內": "是", "室外": "否" }, "geometry": { "type": "Point", "coordinates": [ 121.4739, 25.0847 ] } },
{ "type": "Feature", "properties": { "縣市及鄉鎮市區": "新北市三重區", "經度": 121.490369, "緯度": 25.085115, "避難收容處所名稱": "碧華國民小學", "預計收容人數": 0, "適用災害類別": null, "管理人姓名": "許明枝", "管理人電話": "02-29862345#493", "室內": "否", "室外": "否" }, "geometry": { "type": "Point", "coordinates": [ 121.490369, 25.085115 ] } },
{ "type": "Feature", "properties": { "縣市及鄉鎮市區": "新北市蘆洲區", "經度": 121.4769, "緯度": 25.0853, "避難收容處所名稱": "鷺江國小", "預計收容人數": 1002, "適用災害類別": "水災,震災,土石流,海嘯", "管理人姓名": "沈明輝", "管理人電話": "02-22811484-119", "室內": "是", "室外": "是" }, "geometry": { "type": "Point", "coordinates": [ 121.4769, 25.0853 ] } },
{ "type": "Feature", "properties": { "縣市及鄉鎮市區": "臺北市內湖區", "經度": 121.5911, "緯度": 25.0853, "避難收容處所名稱": "碧湖國小", "預計收容人數": 134, "適用災害類別": "水災,震災,土石流", "管理人姓名": "陳詩添", "管理人電話": "27907161#151", "室內": "是", "室外": "否" }, "geometry": { "type": "Point", "coordinates": [ 121.5911, 25.0853 ] } },
{ "type": "Feature", "properties": { "縣市及鄉鎮市區": "新北市蘆洲區", "經度": 121.4575, "緯度": 25.0857, "避難收容處所名稱": "成功國小", "預計收容人數": 495, "適用災害類別": "水災,震災,土石流,海嘯", "管理人姓名": "沈明輝", "管理人電話": "02-22811484-119", "室內": "是", "室外": "是" }, "geometry": { "type": "Point", "coordinates": [ 121.4575, 25.0857 ] } },
{ "type": "Feature", "properties": { "縣市及鄉鎮市區": "新北市蘆洲區", "經度": 121.4837, "緯度": 25.0857, "避難收容處所名稱": "重陽市民活動中心", "預計收容人數": 58, "適用災害類別": "水災,震災,土石流,海嘯", "管理人姓名": "沈明輝", "管理人電話": "22811484-119", "室內": "是", "室外": "否" }, "geometry": { "type": "Point", "coordinates": [ 121.4837, 25.0857 ] } },
{ "type": "Feature", "properties": { "縣市及鄉鎮市區": "臺北市內湖區", "經度": 121.5601, "緯度": 25.0858, "避難收容處所名稱": "文湖國小", "預計收容人數": 30, "適用災害類別": "水災,震災", "管理人姓名": "盧俊吉", "管理人電話": "26583515#1071", "室內": "是", "室外": "否" }, "geometry": { "type": "Point", "coordinates": [ 121.5601, 25.0858 ] } },
{ "type": "Feature", "properties": { "縣市及鄉鎮市區": "臺北市內湖區", "經度": 121.5657, "緯度": 25.0858, "避難收容處所名稱": "西湖國中", "預計收容人數": 106, "適用災害類別": "水災,震災", "管理人姓名": "藍瑋煥", "管理人電話": "27991817#310", "室內": "是", "室外": "否" }, "geometry": { "type": "Point", "coordinates": [ 121.5657, 25.0858 ] } },
{ "type": "Feature", "properties": { "縣市及鄉鎮市區": "臺北市士林區", "經度": 121.5178, "緯度": 25.0862, "避難收容處所名稱": "百齡國小", "預計收容人數": 137, "適用災害類別": "水災,震災", "管理人姓名": "王正通", "管理人電話": "02-28817683#850", "室內": "是", "室外": "否" }, "geometry": { "type": "Point", "coordinates": [ 121.5178, 25.0862 ] } },
{ "type": "Feature", "properties": { "縣市及鄉鎮市區": "新北市三重區", "經度": 121.4931, "緯度": 25.0865, "避難收容處所名稱": "五華國民小學", "預計收容人數": 327, "適用災害類別": "水災,震災,土石流,海嘯", "管理人姓名": "許明枝", "管理人電話": "02-29862345#493", "室內": "是", "室外": "是" }, "geometry": { "type": "Point", "coordinates": [ 121.4931, 25.0865 ] } },
{ "type": "Feature", "properties": { "縣市及鄉鎮市區": "新北市蘆洲區", "經度": 121.4723, "緯度": 25.0866, "避難收容處所名稱": "三民高中", "預計收容人數": 5011, "適用災害類別": "水災,震災,土石流,海嘯", "管理人姓名": "沈明輝", "管理人電話": "02-22811484-119", "室內": "是", "室外": "是" }, "geometry": { "type": "Point", "coordinates": [ 121.4723, 25.0866 ] } },
{ "type": "Feature", "properties": { "縣市及鄉鎮市區": "臺北市士林區", "經度": 121.523, "緯度": 25.087, "避難收容處所名稱": "百齡高中", "預計收容人數": 300, "適用災害類別": "水災,震災", "管理人姓名": "邱彩君", "管理人電話": "28831568#307", "室內": "是", "室外": "否" }, "geometry": { "type": "Point", "coordinates": [ 121.523, 25.087 ] } },
{ "type": "Feature", "properties": { "縣市及鄉鎮市區": "新北市蘆洲區", "經度": 121.4664, "緯度": 25.0871, "避難收容處所名稱": "蘆洲國中", "預計收容人數": 2520, "適用災害類別": "土石流", "管理人姓名": "沈明輝", "管理人電話": "02-22811484-119", "室內": "是", "室外": "是" }, "geometry": { "type": "Point", "coordinates": [ 121.4664, 25.0871 ] } },
{ "type": "Feature", "properties": { "縣市及鄉鎮市區": "新北市三重區", "經度": 121.4899, "緯度": 25.0874, "避難收容處所名稱": "新北市立新北高中", "預計收容人數": 4475, "適用災害類別": "水災,震災,土石流,海嘯", "管理人姓名": "許明枝", "管理人電話": "02-29862345#493", "室內": "是", "室外": "是" }, "geometry": { "type": "Point", "coordinates": [ 121.4899, 25.0874 ] } },
{ "type": "Feature", "properties": { "縣市及鄉鎮市區": "臺北市內湖區", "經度": 121.6003, "緯度": 25.0881, "避難收容處所名稱": "大湖國小", "預計收容人數": 175, "適用災害類別": "水災,震災", "管理人姓名": "余文玲", "管理人電話": "27915870#51", "室內": "是", "室外": "否" }, "geometry": { "type": "Point", "coordinates": [ 121.6003, 25.0881 ] } },
{ "type": "Feature", "properties": { "縣市及鄉鎮市區": "新北市瑞芳區", "經度": 121.8296, "緯度": 25.0889, "避難收容處所名稱": "猴硐國小", "預計收容人數": 101, "適用災害類別": "水災,震災,土石流,海嘯", "管理人姓名": "賴佩珊", "管理人電話": "24960450-102", "室內": "是", "室外": "是" }, "geometry": { "type": "Point", "coordinates": [ 121.8296, 25.0889 ] } },
{ "type": "Feature", "properties": { "縣市及鄉鎮市區": "新北市蘆洲區", "經度": 121.4639, "緯度": 25.0893, "避難收容處所名稱": "忠義國小", "預計收容人數": 1106, "適用災害類別": "震災,土石流,海嘯", "管理人姓名": "沈明輝", "管理人電話": "02-22811484-119", "室內": "是", "室外": "是" }, "geometry": { "type": "Point", "coordinates": [ 121.4639, 25.0893 ] } },
{ "type": "Feature", "properties": { "縣市及鄉鎮市區": "新北市汐止區", "經度": 121.645595, "緯度": 25.089404, "避難收容處所名稱": "北港國小", "預計收容人數": 1307, "適用災害類別": "水災,震災,土石流,海嘯", "管理人姓名": "宋怡穎", "管理人電話": "02-26411111#120", "室內": "是", "室外": "是" }, "geometry": { "type": "Point", "coordinates": [ 121.645595, 25.089404 ] } },
{ "type": "Feature", "properties": { "縣市及鄉鎮市區": "臺北市士林區", "經度": 121.5029, "緯度": 25.0898, "避難收容處所名稱": "天母棒球場", "預計收容人數": 150, "適用災害類別": "震災", "管理人姓名": "盧春安", "管理人電話": "02-25702330#6534", "室內": "是", "室外": "否" }, "geometry": { "type": "Point", "coordinates": [ 121.5029, 25.0898 ] } },
{ "type": "Feature", "properties": { "縣市及鄉鎮市區": "臺北市士林區", "經度": 121.5029, "緯度": 25.0898, "避難收容處所名稱": "臺北市士林運動中心", "預計收容人數": 171, "適用災害類別": "震災", "管理人姓名": "田佳泓", "管理人電話": "2570-2330轉6428", "室內": "是", "室外": "否" }, "geometry": { "type": "Point", "coordinates": [ 121.5029, 25.0898 ] } },
{ "type": "Feature", "properties": { "縣市及鄉鎮市區": "臺北市士林區", "經度": 121.5029, "緯度": 25.0898, "避難收容處所名稱": "社子國小", "預計收容人數": 192, "適用災害類別": "水災,震災", "管理人姓名": "羅泰興", "管理人電話": "28126195#830", "室內": "是", "室外": "否" }, "geometry": { "type": "Point", "coordinates": [ 121.5029, 25.0898 ] } },
{ "type": "Feature", "properties": { "縣市及鄉鎮市區": "新北市蘆洲區", "經度": 121.4618, "緯度": 25.0903, "避難收容處所名稱": "鷺江國中", "預計收容人數": 659, "適用災害類別": "水災,震災,土石流,海嘯", "管理人姓名": "沈明輝", "管理人電話": "02-22811484-119", "室內": "是", "室外": "是" }, "geometry": { "type": "Point", "coordinates": [ 121.4618, 25.0903 ] } },
{ "type": "Feature", "properties": { "縣市及鄉鎮市區": "新北市五股區", "經度": 121.440224, "緯度": 25.090383, "避難收容處所名稱": "公民會館", "預計收容人數": 182, "適用災害類別": "水災,震災,土石流,海嘯", "管理人姓名": "黃駿逸", "管理人電話": "02-22916051#113", "室內": "是", "室外": "否" }, "geometry": { "type": "Point", "coordinates": [ 121.440224, 25.090383 ] } },
{ "type": "Feature", "properties": { "縣市及鄉鎮市區": "新北市蘆洲區", "經度": 121.4592, "緯度": 25.0904, "避難收容處所名稱": "永平市民活動中心", "預計收容人數": 151, "適用災害類別": "水災,震災,土石流,海嘯", "管理人姓名": "沈明輝", "管理人電話": "02-22811484-119", "室內": "是", "室外": "否" }, "geometry": { "type": "Point", "coordinates": [ 121.4592, 25.0904 ] } },
{ "type": "Feature", "properties": { "縣市及鄉鎮市區": "新北市蘆洲區", "經度": 121.471, "緯度": 25.0915, "避難收容處所名稱": "仁愛國小", "預計收容人數": 584, "適用災害類別": "土石流", "管理人姓名": "沈明輝", "管理人電話": "02-22811484-119", "室內": "是", "室外": "是" }, "geometry": { "type": "Point", "coordinates": [ 121.471, 25.0915 ] } },
{ "type": "Feature", "properties": { "縣市及鄉鎮市區": "臺北市士林區", "經度": 121.5172, "緯度": 25.0918, "避難收容處所名稱": "陽明高中", "預計收容人數": 110, "適用災害類別": "水災,震災", "管理人姓名": "陳佑昌", "管理人電話": "02-28316675#140", "室內": "是", "室外": "否" }, "geometry": { "type": "Point", "coordinates": [ 121.5172, 25.0918 ] } },
{ "type": "Feature", "properties": { "縣市及鄉鎮市區": "新北市蘆洲區", "經度": 121.4731, "緯度": 25.0927, "避難收容處所名稱": "水湳市民活動中心", "預計收容人數": 34, "適用災害類別": "水災,震災,土石流,海嘯", "管理人姓名": "沈明輝", "管理人電話": "02-22811484-119", "室內": "是", "室外": "否" }, "geometry": { "type": "Point", "coordinates": [ 121.4731, 25.0927 ] } },
{ "type": "Feature", "properties": { "縣市及鄉鎮市區": "臺北市士林區", "經度": 121.5251, "緯度": 25.0928, "避難收容處所名稱": "士林國小", "預計收容人數": 225, "適用災害類別": "水災,震災", "管理人姓名": "何志宏", "管理人電話": "02-28812231#231", "室內": "是", "室外": "否" }, "geometry": { "type": "Point", "coordinates": [ 121.5251, 25.0928 ] } },
{ "type": "Feature", "properties": { "縣市及鄉鎮市區": "臺北市士林區", "經度": 121.5226, "緯度": 25.0943, "避難收容處所名稱": "士林國中", "預計收容人數": 39, "適用災害類別": "水災,震災", "管理人姓名": "姚興南", "管理人電話": "02-88613411#500", "室內": "是", "室外": "否" }, "geometry": { "type": "Point", "coordinates": [ 121.5226, 25.0943 ] } },
{ "type": "Feature", "properties": { "縣市及鄉鎮市區": "新北市五股區", "經度": 121.4461, "緯度": 25.0944, "避難收容處所名稱": "成功市民活動中心", "預計收容人數": 100, "適用災害類別": "水災,震災,土石流,海嘯", "管理人姓名": "黃駿逸", "管理人電話": "02-22916051分#113", "室內": "是", "室外": "否" }, "geometry": { "type": "Point", "coordinates": [ 121.4461, 25.0944 ] } },
{ "type": "Feature", "properties": { "縣市及鄉鎮市區": "臺北市士林區", "經度": 121.5163, "緯度": 25.095, "避難收容處所名稱": "士林高商", "預計收容人數": 54, "適用災害類別": "水災,震災", "管理人姓名": "何杉友", "管理人電話": "02-28313114#401", "室內": "是", "室外": "否" }, "geometry": { "type": "Point", "coordinates": [ 121.5163, 25.095 ] } },
{ "type": "Feature", "properties": { "縣市及鄉鎮市區": "臺北市士林區", "經度": 121.5303, "緯度": 25.0951, "避難收容處所名稱": "士林官邸公園", "預計收容人數": 1362, "適用災害類別": "震災", "管理人姓名": "陳昆陽", "管理人電話": "28812512#21", "室內": "否", "室外": "是" }, "geometry": { "type": "Point", "coordinates": [ 121.5303, 25.0951 ] } },
{ "type": "Feature", "properties": { "縣市及鄉鎮市區": "新北市五股區", "經度": 121.4494, "緯度": 25.0981, "避難收容處所名稱": "成州市民活動中心", "預計收容人數": 75, "適用災害類別": "水災,震災,土石流,海嘯", "管理人姓名": "黃駿逸", "管理人電話": "02-22916051#113", "室內": "是", "室外": "否" }, "geometry": { "type": "Point", "coordinates": [ 121.4494, 25.0981 ] } },
{ "type": "Feature", "properties": { "縣市及鄉鎮市區": "臺北市士林區", "經度": 121.5297, "緯度": 25.0987, "避難收容處所名稱": "福林國小", "預計收容人數": 142, "適用災害類別": "水災,震災", "管理人姓名": "劉順海", "管理人電話": "02-28316293#204", "室內": "是", "室外": "否" }, "geometry": { "type": "Point", "coordinates": [ 121.5297, 25.0987 ] } },
{ "type": "Feature", "properties": { "縣市及鄉鎮市區": "臺北市士林區", "經度": 121.5209, "緯度": 25.0996, "避難收容處所名稱": "文昌國小", "預計收容人數": 75, "適用災害類別": "水災,震災", "管理人姓名": "陳佩雯", "管理人電話": "02-28365411#130", "室內": "是", "室外": "否" }, "geometry": { "type": "Point", "coordinates": [ 121.5209, 25.0996 ] } },
{ "type": "Feature", "properties": { "縣市及鄉鎮市區": "臺北市士林區", "經度": 121.491108, "緯度": 25.099607, "避難收容處所名稱": "地藏禪寺", "預計收容人數": 100, "適用災害類別": null, "管理人姓名": "釋覺光師父", "管理人電話": "02-28100237", "室內": "是", "室外": "否" }, "geometry": { "type": "Point", "coordinates": [ 121.491108, 25.099607 ] } },
{ "type": "Feature", "properties": { "縣市及鄉鎮市區": "新北市五股區", "經度": 121.4505, "緯度": 25.0998, "避難收容處所名稱": "成州國民小學", "預計收容人數": 398, "適用災害類別": "水災,震災,土石流,海嘯", "管理人姓名": "黃駿逸", "管理人電話": "02-22916051#113", "室內": "是", "室外": "是" }, "geometry": { "type": "Point", "coordinates": [ 121.4505, 25.0998 ] } },
{ "type": "Feature", "properties": { "縣市及鄉鎮市區": "新北市林口區", "經度": 121.3847, "緯度": 25.1013, "避難收容處所名稱": "湖北市民活動中心", "預計收容人數": 73, "適用災害類別": "水災,震災,土石流,海嘯", "管理人姓名": "黃德源", "管理人電話": "02-26033111#608", "室內": "是", "室外": "是" }, "geometry": { "type": "Point", "coordinates": [ 121.3847, 25.1013 ] } },
{ "type": "Feature", "properties": { "縣市及鄉鎮市區": "臺北市士林區", "經度": 121.5352, "緯度": 25.1027, "避難收容處所名稱": "雨聲國小", "預計收容人數": 46, "適用災害類別": "水災,震災", "管理人姓名": "徐慧娟", "管理人電話": "28311004轉231", "室內": "是", "室外": "否" }, "geometry": { "type": "Point", "coordinates": [ 121.5352, 25.1027 ] } },
{ "type": "Feature", "properties": { "縣市及鄉鎮市區": "臺北市士林區", "經度": 121.4874, "緯度": 25.1033, "避難收容處所名稱": "福安國中", "預計收容人數": 30, "適用災害類別": "水災,震災", "管理人姓名": "胡智為", "管理人電話": "02-28108766#140", "室內": "是", "室外": "否" }, "geometry": { "type": "Point", "coordinates": [ 121.4874, 25.1033 ] } },
{ "type": "Feature", "properties": { "縣市及鄉鎮市區": "臺北市士林區", "經度": 121.5555, "緯度": 25.1035, "避難收容處所名稱": "至善國中", "預計收容人數": 170, "適用災害類別": "水災,震災", "管理人姓名": "林威鎮", "管理人電話": "02-2841#1350#40", "室內": "是", "室外": "否" }, "geometry": { "type": "Point", "coordinates": [ 121.5555, 25.1035 ] } },
{ "type": "Feature", "properties": { "縣市及鄉鎮市區": "新北市瑞芳區", "經度": 121.7628, "緯度": 25.1037, "避難收容處所名稱": "吉慶國小", "預計收容人數": 403, "適用災害類別": "水災,震災,土石流,海嘯", "管理人姓名": "張賢順", "管理人電話": "24576405-614", "室內": "是", "室外": "是" }, "geometry": { "type": "Point", "coordinates": [ 121.7628, 25.1037 ] } },
{ "type": "Feature", "properties": { "縣市及鄉鎮市區": "臺北市北投區", "經度": 121.5165, "緯度": 25.1045, "避難收容處所名稱": "中正高中", "預計收容人數": 109, "適用災害類別": "水災,震災", "管理人姓名": "杜慶進", "管理人電話": "02-28234811#500", "室內": "是", "室外": "否" }, "geometry": { "type": "Point", "coordinates": [ 121.5165, 25.1045 ] } },
{ "type": "Feature", "properties": { "縣市及鄉鎮市區": "新北市貢寮區", "經度": 121.921149, "緯度": 25.105105, "避難收容處所名稱": "佛祖廟西靈岩寺", "預計收容人數": 62, "適用災害類別": "海嘯", "管理人姓名": "吳金發、吳珮羽", "管理人電話": "02-24903410、02-24991601#255", "室內": "否", "室外": "是" }, "geometry": { "type": "Point", "coordinates": [ 121.921149, 25.105105 ] } },
{ "type": "Feature", "properties": { "縣市及鄉鎮市區": "臺北市士林區", "經度": 121.5299, "緯度": 25.1053, "避難收容處所名稱": "雨農國小", "預計收容人數": 124, "適用災害類別": "水災,震災", "管理人姓名": "鄭銘毅", "管理人電話": "2832-9700#101", "室內": "是", "室外": "否" }, "geometry": { "type": "Point", "coordinates": [ 121.5299, 25.1053 ] } },
{ "type": "Feature", "properties": { "縣市及鄉鎮市區": "新北市瑞芳區", "經度": 121.8135, "緯度": 25.1056, "避難收容處所名稱": "爪峰里活動中心", "預計收容人數": 162, "適用災害類別": "水災,震災,土石流,海嘯", "管理人姓名": "黃茂峻", "管理人電話": "24977059", "室內": "否", "室外": "否" }, "geometry": { "type": "Point", "coordinates": [ 121.8135, 25.1056 ] } },
{ "type": "Feature", "properties": { "縣市及鄉鎮市區": "臺北市士林區", "經度": 121.4824, "緯度": 25.1058, "避難收容處所名稱": "富安國小", "預計收容人數": 50, "適用災害類別": "水災,震災", "管理人姓名": "張凱惠", "管理人電話": "02-28103192#631", "室內": "是", "室外": "否" }, "geometry": { "type": "Point", "coordinates": [ 121.4824, 25.1058 ] } },
{ "type": "Feature", "properties": { "縣市及鄉鎮市區": "臺北市北投區", "經度": 121.5147, "緯度": 25.1059, "避難收容處所名稱": "文林國小", "預計收容人數": 300, "適用災害類別": "水災,震災", "管理人姓名": "范揚紹", "管理人電話": "02-28234212#400", "室內": "是", "室外": "否" }, "geometry": { "type": "Point", "coordinates": [ 121.5147, 25.1059 ] } },
{ "type": "Feature", "properties": { "縣市及鄉鎮市區": "臺北市士林區", "經度": 121.5638, "緯度": 25.1061, "避難收容處所名稱": "雙溪國小", "預計收容人數": 30, "適用災害類別": "水災,震災", "管理人姓名": "陳淑惠", "管理人電話": "02-28411038#25", "室內": "是", "室外": "否" }, "geometry": { "type": "Point", "coordinates": [ 121.5638, 25.1061 ] } },
{ "type": "Feature", "properties": { "縣市及鄉鎮市區": "新北市瑞芳區", "經度": 121.788, "緯度": 25.1065, "避難收容處所名稱": "傑魚市民活動中心", "預計收容人數": 231, "適用災害類別": "水災,震災,土石流", "管理人姓名": "潘天賜", "管理人電話": "24975222", "室內": "否", "室外": "否" }, "geometry": { "type": "Point", "coordinates": [ 121.788, 25.1065 ] } },
{ "type": "Feature", "properties": { "縣市及鄉鎮市區": "新北市瑞芳區", "經度": 121.841768, "緯度": 25.106736, "避難收容處所名稱": "福住市民活動中心", "預計收容人數": 53, "適用災害類別": "水災,土石流", "管理人姓名": "劉建男", "管理人電話": "24972250-1104", "室內": "是", "室外": "否" }, "geometry": { "type": "Point", "coordinates": [ 121.841768, 25.106736 ] } },
{ "type": "Feature", "properties": { "縣市及鄉鎮市區": "新北市瑞芳區", "經度": 121.8515, "緯度": 25.107, "避難收容處所名稱": "新山里活動中心", "預計收容人數": 41, "適用災害類別": "土石流", "管理人姓名": "李仁林", "管理人電話": "24961399", "室內": "否", "室外": "否" }, "geometry": { "type": "Point", "coordinates": [ 121.8515, 25.107 ] } },
{ "type": "Feature", "properties": { "縣市及鄉鎮市區": "新北市瑞芳區", "經度": 121.8434, "緯度": 25.1071, "避難收容處所名稱": "九份國小", "預計收容人數": 172, "適用災害類別": "水災,震災,土石流,海嘯", "管理人姓名": "盧瑩甄", "管理人電話": "24972263-22", "室內": "是", "室外": "是" }, "geometry": { "type": "Point", "coordinates": [ 121.8434, 25.1071 ] } },
{ "type": "Feature", "properties": { "縣市及鄉鎮市區": "臺北市北投區", "經度": 121.5183, "緯度": 25.1075, "避難收容處所名稱": "明德國中", "預計收容人數": 88, "適用災害類別": "水災,震災", "管理人姓名": "林麗枝", "管理人電話": "28232539-601", "室內": "是", "室外": "否" }, "geometry": { "type": "Point", "coordinates": [ 121.5183, 25.1075 ] } },
{ "type": "Feature", "properties": { "縣市及鄉鎮市區": "新北市瑞芳區", "經度": 121.8145, "緯度": 25.1075, "避難收容處所名稱": "瑞芳國中", "預計收容人數": 1826, "適用災害類別": "水災,震災,土石流,海嘯", "管理人姓名": "吳紹洪", "管理人電話": "24972145-230", "室內": "是", "室外": "是" }, "geometry": { "type": "Point", "coordinates": [ 121.8145, 25.1075 ] } },
{ "type": "Feature", "properties": { "縣市及鄉鎮市區": "新北市瑞芳區", "經度": 121.809092, "緯度": 25.107577, "避難收容處所名稱": "瑞龍市民活動中心", "預計收容人數": 580, "適用災害類別": "水災,土石流", "管理人姓名": "潘信秀", "管理人電話": "24972250-1202", "室內": "是", "室外": "否" }, "geometry": { "type": "Point", "coordinates": [ 121.809092, 25.107577 ] } },
{ "type": "Feature", "properties": { "縣市及鄉鎮市區": "新北市五股區", "經度": 121.43072, "緯度": 25.107778, "避難收容處所名稱": "觀音市民活動中心", "預計收容人數": 149, "適用災害類別": "水災,震災,土石流,海嘯", "管理人姓名": "黃駿逸", "管理人電話": "02-22916051#113", "室內": "是", "室外": "否" }, "geometry": { "type": "Point", "coordinates": [ 121.43072, 25.107778 ] } },
{ "type": "Feature", "properties": { "縣市及鄉鎮市區": "新北市瑞芳區", "經度": 121.8039, "緯度": 25.1079, "避難收容處所名稱": "瑞芳國小", "預計收容人數": 447, "適用災害類別": "水災,震災,土石流,海嘯", "管理人姓名": "將明淵", "管理人電話": "2491-2508", "室內": "是", "室外": "是" }, "geometry": { "type": "Point", "coordinates": [ 121.8039, 25.1079 ] } },
{ "type": "Feature", "properties": { "縣市及鄉鎮市區": "新北市林口區", "經度": 121.3393, "緯度": 25.1083, "避難收容處所名稱": "嘉寶國小", "預計收容人數": 425, "適用災害類別": "水災,震災,海嘯", "管理人姓名": "呂新立", "管理人電話": "26052716#830", "室內": "是", "室外": "是" }, "geometry": { "type": "Point", "coordinates": [ 121.3393, 25.1083 ] } },
{ "type": "Feature", "properties": { "縣市及鄉鎮市區": "臺北市士林區", "經度": 121.5231, "緯度": 25.1084, "避難收容處所名稱": "蘭雅國小", "預計收容人數": 30, "適用災害類別": "水災,震災", "管理人姓名": "邱建華", "管理人電話": "02-28366052#206", "室內": "是", "室外": "否" }, "geometry": { "type": "Point", "coordinates": [ 121.5231, 25.1084 ] } },
{ "type": "Feature", "properties": { "縣市及鄉鎮市區": "新北市瑞芳區", "經度": 121.8095, "緯度": 25.1088, "避難收容處所名稱": "瑞芳區公所", "預計收容人數": 115, "適用災害類別": "水災,震災,土石流,海嘯", "管理人姓名": "張宗慈", "管理人電話": "02-24972250-1206", "室內": "是", "室外": "否" }, "geometry": { "type": "Point", "coordinates": [ 121.8095, 25.1088 ] } },
{ "type": "Feature", "properties": { "縣市及鄉鎮市區": "臺北市士林區", "經度": 121.5364, "緯度": 25.1104, "避難收容處所名稱": "芝山國小", "預計收容人數": 40, "適用災害類別": "水災,震災", "管理人姓名": "董建成", "管理人電話": "02-28316115#240", "室內": "是", "室外": "否" }, "geometry": { "type": "Point", "coordinates": [ 121.5364, 25.1104 ] } },
{ "type": "Feature", "properties": { "縣市及鄉鎮市區": "新北市瑞芳區", "經度": 121.8036, "緯度": 25.1104, "避難收容處所名稱": "瑞芳高工", "預計收容人數": 1360, "適用災害類別": "水災,震災,土石流,海嘯", "管理人姓名": "陳政典", "管理人電話": "24972516-201", "室內": "是", "室外": "是" }, "geometry": { "type": "Point", "coordinates": [ 121.8036, 25.1104 ] } },
{ "type": "Feature", "properties": { "縣市及鄉鎮市區": "臺北市士林區", "經度": 121.531, "緯度": 25.1106, "避難收容處所名稱": "蘭雅國中", "預計收容人數": 130, "適用災害類別": "水災,震災", "管理人姓名": "徐安國", "管理人電話": "02-28329377#500", "室內": "是", "室外": "否" }, "geometry": { "type": "Point", "coordinates": [ 121.531, 25.1106 ] } },
{ "type": "Feature", "properties": { "縣市及鄉鎮市區": "新北市瑞芳區", "經度": 121.86, "緯度": 25.1107, "避難收容處所名稱": "勸濟堂", "預計收容人數": 50, "適用災害類別": "水災,震災,土石流,海嘯", "管理人姓名": "陳嶽生", "管理人電話": "24961273", "室內": "是", "室外": "否" }, "geometry": { "type": "Point", "coordinates": [ 121.86, 25.1107 ] } },
{ "type": "Feature", "properties": { "縣市及鄉鎮市區": "新北市瑞芳區", "經度": 121.8569, "緯度": 25.1111, "避難收容處所名稱": "瓜山國小", "預計收容人數": 232, "適用災害類別": "水災,震災,土石流,海嘯", "管理人姓名": "黃裕斌", "管理人電話": "24962036-168", "室內": "是", "室外": "是" }, "geometry": { "type": "Point", "coordinates": [ 121.8569, 25.1111 ] } },
{ "type": "Feature", "properties": { "縣市及鄉鎮市區": "臺北市北投區", "經度": 121.5218, "緯度": 25.1121, "避難收容處所名稱": "明德國小", "預計收容人數": 109, "適用災害類別": "水災,震災", "管理人姓名": "陳勝福", "管理人電話": "02-28229651#1122", "室內": "是", "室外": "否" }, "geometry": { "type": "Point", "coordinates": [ 121.5218, 25.1121 ] } },
{ "type": "Feature", "properties": { "縣市及鄉鎮市區": "新北市貢寮區", "經度": 121.9193, "緯度": 25.1123, "避難收容處所名稱": "和美國小", "預計收容人數": 117, "適用災害類別": "水災,震災,土石流,海嘯", "管理人姓名": "黃家裕", "管理人電話": "02-24909431#18", "室內": "是", "室外": "是" }, "geometry": { "type": "Point", "coordinates": [ 121.9193, 25.1123 ] } },
{ "type": "Feature", "properties": { "縣市及鄉鎮市區": "新北市貢寮區", "經度": 121.919336, "緯度": 25.112326, "避難收容處所名稱": "佛祖廟西側高地", "預計收容人數": 62, "適用災害類別": "海嘯", "管理人姓名": "吳金發、吳珮羽", "管理人電話": "02-24903410、02-24941601#255", "室內": "否", "室外": "是" }, "geometry": { "type": "Point", "coordinates": [ 121.919336, 25.112326 ] } },
{ "type": "Feature", "properties": { "縣市及鄉鎮市區": "新北市林口區", "經度": 121.3126, "緯度": 25.1124, "避難收容處所名稱": "興福國小", "預計收容人數": 735, "適用災害類別": "水災,震災,土石流,海嘯", "管理人姓名": "廖淑珍", "管理人電話": "2606-2895#200", "室內": "是", "室外": "是" }, "geometry": { "type": "Point", "coordinates": [ 121.3126, 25.1124 ] } },
{ "type": "Feature", "properties": { "縣市及鄉鎮市區": "新北市汐止區", "經度": 121.603216, "緯度": 25.112499, "避難收容處所名稱": "翠柏新村安養中心-服務大樓", "預計收容人數": 203, "適用災害類別": "水災,震災,土石流,海嘯", "管理人姓名": "宋怡穎", "管理人電話": "02-26411111#120", "室內": "是", "室外": "否" }, "geometry": { "type": "Point", "coordinates": [ 121.603216, 25.112499 ] } },
{ "type": "Feature", "properties": { "縣市及鄉鎮市區": "臺北市北投區", "經度": 121.5142, "緯度": 25.1149, "避難收容處所名稱": "石牌國中", "預計收容人數": 100, "適用災害類別": "水災,震災", "管理人姓名": "林豐戊", "管理人電話": "02-28224682#250", "室內": "是", "室外": "否" }, "geometry": { "type": "Point", "coordinates": [ 121.5142, 25.1149 ] } },
{ "type": "Feature", "properties": { "縣市及鄉鎮市區": "臺北市北投區", "經度": 121.5117, "緯度": 25.1157, "避難收容處所名稱": "石牌國小", "預計收容人數": 112, "適用災害類別": "水災,震災", "管理人姓名": "高禎禧", "管理人電話": "02-28227484#331", "室內": "是", "室外": "否" }, "geometry": { "type": "Point", "coordinates": [ 121.5117, 25.1157 ] } },
{ "type": "Feature", "properties": { "縣市及鄉鎮市區": "臺北市士林區", "經度": 121.5373, "緯度": 25.118, "避難收容處所名稱": "三玉國小", "預計收容人數": 30, "適用災害類別": "水災,震災", "管理人姓名": "黃瑟雅", "管理人電話": "02-28751369#717", "室內": "是", "室外": "否" }, "geometry": { "type": "Point", "coordinates": [ 121.5373, 25.118 ] } },
{ "type": "Feature", "properties": { "縣市及鄉鎮市區": "臺北市士林區", "經度": 121.5381, "緯度": 25.118, "避難收容處所名稱": "天母國中", "預計收容人數": 99, "適用災害類別": "水災,震災", "管理人姓名": "顏靜虹", "管理人電話": "02-28754864#243", "室內": "是", "室外": "否" }, "geometry": { "type": "Point", "coordinates": [ 121.5381, 25.118 ] } },
{ "type": "Feature", "properties": { "縣市及鄉鎮市區": "臺北市北投區", "經度": 121.5053, "緯度": 25.1195, "避難收容處所名稱": "立農國小", "預計收容人數": 30, "適用災害類別": "水災,震災", "管理人姓名": "楊紹齊", "管理人電話": "02-28210702#300", "室內": "是", "室外": "否" }, "geometry": { "type": "Point", "coordinates": [ 121.5053, 25.1195 ] } },
{ "type": "Feature", "properties": { "縣市及鄉鎮市區": "臺北市士林區", "經度": 121.5274, "緯度": 25.1197, "避難收容處所名稱": "天母國小", "預計收容人數": 100, "適用災害類別": "水災,震災", "管理人姓名": "黃偉國", "管理人電話": "02-28740889", "室內": "是", "室外": "否" }, "geometry": { "type": "Point", "coordinates": [ 121.5274, 25.1197 ] } },
{ "type": "Feature", "properties": { "縣市及鄉鎮市區": "臺北市士林區", "經度": 121.5529, "緯度": 25.1198, "避難收容處所名稱": "陽明山國小", "預計收容人數": 50, "適用災害類別": "水災,震災,土石流", "管理人姓名": "吳正男", "管理人電話": "28614832#131", "室內": "是", "室外": "否" }, "geometry": { "type": "Point", "coordinates": [ 121.5529, 25.1198 ] } },
{ "type": "Feature", "properties": { "縣市及鄉鎮市區": "臺北市士林區", "經度": 121.5796, "緯度": 25.1198, "避難收容處所名稱": "溪山國小", "預計收容人數": 50, "適用災害類別": "水災,震災,土石流", "管理人姓名": "李世中", "管理人電話": "02-28411010#17", "室內": "是", "室外": "否" }, "geometry": { "type": "Point", "coordinates": [ 121.5796, 25.1198 ] } },
{ "type": "Feature", "properties": { "縣市及鄉鎮市區": "臺北市北投區", "經度": 121.4673, "緯度": 25.1199, "避難收容處所名稱": "關渡國中", "預計收容人數": 30, "適用災害類別": "水災,震災", "管理人姓名": "楊孝偉", "管理人電話": "02-28581770#50", "室內": "是", "室外": "否" }, "geometry": { "type": "Point", "coordinates": [ 121.4673, 25.1199 ] } },
{ "type": "Feature", "properties": { "縣市及鄉鎮市區": "新北市瑞芳區", "經度": 121.8879, "緯度": 25.1204, "避難收容處所名稱": "東和市民活動中心", "預計收容人數": 95, "適用災害類別": "水災,土石流", "管理人姓名": "周樹木", "管理人電話": "24972704", "室內": "否", "室外": "否" }, "geometry": { "type": "Point", "coordinates": [ 121.8879, 25.1204 ] } },
{ "type": "Feature", "properties": { "縣市及鄉鎮市區": "新北市瑞芳區", "經度": 121.868114, "緯度": 25.120447, "避難收容處所名稱": "威遠廟", "預計收容人數": 82, "適用災害類別": "土石流", "管理人姓名": "黃瑞德", "管理人電話": "24961757", "室內": "是", "室外": "否" }, "geometry": { "type": "Point", "coordinates": [ 121.868114, 25.120447 ] } },
{ "type": "Feature", "properties": { "縣市及鄉鎮市區": "新北市瑞芳區", "經度": 121.820317, "緯度": 25.120495, "避難收容處所名稱": "瑞濱國小", "預計收容人數": 877, "適用災害類別": "水災,震災,土石流,海嘯", "管理人姓名": "王喬木", "管理人電話": "24978184", "室內": "否", "室外": "否" }, "geometry": { "type": "Point", "coordinates": [ 121.820317, 25.120495 ] } },
{ "type": "Feature", "properties": { "縣市及鄉鎮市區": "新北市瑞芳區", "經度": 121.9194, "緯度": 25.1208, "避難收容處所名稱": "鼻頭國小", "預計收容人數": 251, "適用災害類別": "水災,震災,土石流,海嘯", "管理人姓名": "李琇貞", "管理人電話": "24911571-13", "室內": "是", "室外": "是" }, "geometry": { "type": "Point", "coordinates": [ 121.9194, 25.1208 ] } },
{ "type": "Feature", "properties": { "縣市及鄉鎮市區": "新北市瑞芳區", "經度": 121.8205, "緯度": 25.1212, "避難收容處所名稱": "瑞濱市民活動中心", "預計收容人數": 115, "適用災害類別": "水災,震災,土石流", "管理人姓名": "胡長安", "管理人電話": "24976599", "室內": "是", "室外": "否" }, "geometry": { "type": "Point", "coordinates": [ 121.8205, 25.1212 ] } },
{ "type": "Feature", "properties": { "縣市及鄉鎮市區": "臺北市士林區", "經度": 121.5773, "緯度": 25.1214, "避難收容處所名稱": "普宜苑", "預計收容人數": 0, "適用災害類別": "水災,震災", "管理人姓名": "釋照印師父", "管理人電話": "2841-3393", "室內": "是", "室外": "否" }, "geometry": { "type": "Point", "coordinates": [ 121.5773, 25.1214 ] } },
{ "type": "Feature", "properties": { "縣市及鄉鎮市區": "新北市瑞芳區", "經度": 121.8598, "緯度": 25.1223, "避難收容處所名稱": "濂洞國小", "預計收容人數": 228, "適用災害類別": "水災,震災,土石流,海嘯", "管理人姓名": "王佩君", "管理人電話": "24961330-12", "室內": "是", "室外": "是" }, "geometry": { "type": "Point", "coordinates": [ 121.8598, 25.1223 ] } },
{ "type": "Feature", "properties": { "縣市及鄉鎮市區": "臺北市士林區", "經度": 121.553582, "緯度": 25.124093, "避難收容處所名稱": "新安里臨時聚會場所", "預計收容人數": 45, "適用災害類別": "土石流", "管理人姓名": "何明欽里長", "管理人電話": "02-28623615", "室內": "是", "室外": "否" }, "geometry": { "type": "Point", "coordinates": [ 121.553582, 25.124093 ] } },
{ "type": "Feature", "properties": { "縣市及鄉鎮市區": "新北市八里區", "經度": 121.3883, "緯度": 25.1257, "避難收容處所名稱": "長坑市民活動中心", "預計收容人數": 100, "適用災害類別": "水災,震災,土石流", "管理人姓名": "黃暐家", "管理人電話": "02-26102621117", "室內": "是", "室外": "否" }, "geometry": { "type": "Point", "coordinates": [ 121.3883, 25.1257 ] } },
{ "type": "Feature", "properties": { "縣市及鄉鎮市區": "新北市八里區", "經度": 121.3905, "緯度": 25.1257, "避難收容處所名稱": "長坑國小", "預計收容人數": 224, "適用災害類別": "水災,震災,土石流,海嘯", "管理人姓名": "賴介仁", "管理人電話": "26102237113", "室內": "是", "室外": "是" }, "geometry": { "type": "Point", "coordinates": [ 121.3905, 25.1257 ] } },
{ "type": "Feature", "properties": { "縣市及鄉鎮市區": "新北市淡水區", "經度": 121.464, "緯度": 25.1257, "避難收容處所名稱": "竹圍國小自強分校", "預計收容人數": 207, "適用災害類別": "土石流,海嘯", "管理人姓名": "陳碧雲", "管理人電話": "02-28093245", "室內": "是", "室外": "是" }, "geometry": { "type": "Point", "coordinates": [ 121.464, 25.1257 ] } },
{ "type": "Feature", "properties": { "縣市及鄉鎮市區": "臺北市北投區", "經度": 121.4668, "緯度": 25.1268, "避難收容處所名稱": "關渡國小", "預計收容人數": 110, "適用災害類別": "水災,震災", "管理人姓名": "林莉珊", "管理人電話": "02-28912847#241", "室內": "是", "室外": "否" }, "geometry": { "type": "Point", "coordinates": [ 121.4668, 25.1268 ] } },
{ "type": "Feature", "properties": { "縣市及鄉鎮市區": "臺北市北投區", "經度": 121.5076, "緯度": 25.1269, "避難收容處所名稱": "清江國小", "預計收容人數": 30, "適用災害類別": "水災,震災", "管理人姓名": "高美莉", "管理人電話": "02-28912764#300", "室內": "是", "室外": "否" }, "geometry": { "type": "Point", "coordinates": [ 121.5076, 25.1269 ] } },
{ "type": "Feature", "properties": { "縣市及鄉鎮市區": "新北市林口區", "經度": 121.3493, "緯度": 25.1284, "避難收容處所名稱": "瑞平國小", "預計收容人數": 219, "適用災害類別": "水災,震災,土石流", "管理人姓名": "黃信源", "管理人電話": "26052779#13", "室內": "是", "室外": "否" }, "geometry": { "type": "Point", "coordinates": [ 121.3493, 25.1284 ] } },
{ "type": "Feature", "properties": { "縣市及鄉鎮市區": "臺北市士林區", "經度": 121.5763, "緯度": 25.1291, "避難收容處所名稱": "平等國小", "預計收容人數": 20, "適用災害類別": "水災,震災", "管理人姓名": "李公元", "管理人電話": "02-28610503#12", "室內": "是", "室外": "否" }, "geometry": { "type": "Point", "coordinates": [ 121.5763, 25.1291 ] } },
{ "type": "Feature", "properties": { "縣市及鄉鎮市區": "新北市瑞芳區", "經度": 121.817974, "緯度": 25.129623, "避難收容處所名稱": "深澳里市民活動中心", "預計收容人數": 113, "適用災害類別": "水災,土石流", "管理人姓名": "賴信秀", "管理人電話": "24972250-1202", "室內": "是", "室外": "否" }, "geometry": { "type": "Point", "coordinates": [ 121.817974, 25.129623 ] } },
{ "type": "Feature", "properties": { "縣市及鄉鎮市區": "臺北市士林區", "經度": 121.5468, "緯度": 25.1311, "避難收容處所名稱": "格致國中", "預計收容人數": 47, "適用災害類別": "水災,震災", "管理人姓名": "高毓璇", "管理人電話": "02-28610079#107", "室內": "是", "室外": "否" }, "geometry": { "type": "Point", "coordinates": [ 121.5468, 25.1311 ] } },
{ "type": "Feature", "properties": { "縣市及鄉鎮市區": "新北市八里區", "經度": 121.4511, "緯度": 25.132, "避難收容處所名稱": "龍米市民活動中心", "預計收容人數": 125, "適用災害類別": "水災,震災,土石流", "管理人姓名": "徐玉蘭", "管理人電話": "02-26181246", "室內": "是", "室外": "否" }, "geometry": { "type": "Point", "coordinates": [ 121.4511, 25.132 ] } },
{ "type": "Feature", "properties": { "縣市及鄉鎮市區": "臺北市北投區", "經度": 121.5024, "緯度": 25.1325, "避難收容處所名稱": "北投區區民活動中心", "預計收容人數": 90, "適用災害類別": "水災,震災", "管理人姓名": "尤湘禎", "管理人電話": "2891-2105#221", "室內": "是", "室外": "否" }, "geometry": { "type": "Point", "coordinates": [ 121.5024, 25.1325 ] } },
{ "type": "Feature", "properties": { "縣市及鄉鎮市區": "臺北市北投區", "經度": 121.5003, "緯度": 25.1342, "避難收容處所名稱": "北投國小", "預計收容人數": 195, "適用災害類別": "水災,震災", "管理人姓名": "沈俊志", "管理人電話": "02-28912052#131", "室內": "是", "室外": "否" }, "geometry": { "type": "Point", "coordinates": [ 121.5003, 25.1342 ] } },
{ "type": "Feature", "properties": { "縣市及鄉鎮市區": "臺北市北投區", "經度": 121.5042, "緯度": 25.1345, "避難收容處所名稱": "北投國中", "預計收容人數": 30, "適用災害類別": "水災,震災", "管理人姓名": "張淑美", "管理人電話": "02-28912091#400", "室內": "是", "室外": "否" }, "geometry": { "type": "Point", "coordinates": [ 121.5042, 25.1345 ] } },
{ "type": "Feature", "properties": { "縣市及鄉鎮市區": "臺北市北投區", "經度": 121.4773, "緯度": 25.1347, "避難收容處所名稱": "桃源國中", "預計收容人數": 55, "適用災害類別": "水災,震災", "管理人姓名": "鄒優楊", "管理人電話": "02-28929633#241", "室內": "是", "室外": "否" }, "geometry": { "type": "Point", "coordinates": [ 121.4773, 25.1347 ] } },
{ "type": "Feature", "properties": { "縣市及鄉鎮市區": "新北市八里區", "經度": 121.4496, "緯度": 25.1348, "避難收容處所名稱": "私立聖心女中", "預計收容人數": 902, "適用災害類別": "水災,震災,土石流,海嘯", "管理人姓名": "陳瑞璋", "管理人電話": "26182287115", "室內": "是", "室外": "是" }, "geometry": { "type": "Point", "coordinates": [ 121.4496, 25.1348 ] } },
{ "type": "Feature", "properties": { "縣市及鄉鎮市區": "新北市林口區", "經度": 121.366375, "緯度": 25.135255, "避難收容處所名稱": "太平市民活動中心", "預計收容人數": 82, "適用災害類別": "水災,震災,土石流,海嘯", "管理人姓名": "黃德源", "管理人電話": "2603-3111#608", "室內": "是", "室外": "是" }, "geometry": { "type": "Point", "coordinates": [ 121.366375, 25.135255 ] } },
{ "type": "Feature", "properties": { "縣市及鄉鎮市區": "臺北市北投區", "經度": 121.4967, "緯度": 25.1371, "避難收容處所名稱": "文化國小", "預計收容人數": 30, "適用災害類別": "水災,震災", "管理人姓名": "蔡雅芬", "管理人電話": "02-28933828#131", "室內": "是", "室外": "否" }, "geometry": { "type": "Point", "coordinates": [ 121.4967, 25.1371 ] } },
{ "type": "Feature", "properties": { "縣市及鄉鎮市區": "新北市淡水區", "經度": 121.4613, "緯度": 25.138, "避難收容處所名稱": "民生活動中心", "預計收容人數": 72, "適用災害類別": "水災,震災,土石流", "管理人姓名": "蘇惠珊", "管理人電話": "02-26221020#7710", "室內": "是", "室外": "否" }, "geometry": { "type": "Point", "coordinates": [ 121.4613, 25.138 ] } },
{ "type": "Feature", "properties": { "縣市及鄉鎮市區": "臺北市北投區", "經度": 121.4929, "緯度": 25.1381, "避難收容處所名稱": "復興崗營區", "預計收容人數": 200, "適用災害類別": "水災,震災", "管理人姓名": "李裕欽少校", "管理人電話": "02-28925125", "室內": "是", "室外": "否" }, "geometry": { "type": "Point", "coordinates": [ 121.4929, 25.1381 ] } },
{ "type": "Feature", "properties": { "縣市及鄉鎮市區": "基隆市中正區", "經度": 121.492879, "緯度": 25.138105, "避難收容處所名稱": "復興崗營區", "預計收容人數": 361, "適用災害類別": null, "管理人姓名": "李裕欽少校", "管理人電話": "23116117分機604380", "室內": "是", "室外": "否" }, "geometry": { "type": "Point", "coordinates": [ 121.492879, 25.138105 ] } },
{ "type": "Feature", "properties": { "縣市及鄉鎮市區": "臺北市北投區", "經度": 121.5052, "緯度": 25.1383, "避難收容處所名稱": "逸仙國小", "預計收容人數": 164, "適用災害類別": "水災,震災,土石流", "管理人姓名": "林功寅", "管理人電話": "02-28914537#34", "室內": "是", "室外": "否" }, "geometry": { "type": "Point", "coordinates": [ 121.5052, 25.1383 ] } },
{ "type": "Feature", "properties": { "縣市及鄉鎮市區": "臺北市北投區", "經度": 121.5065, "緯度": 25.1389, "避難收容處所名稱": "新民國中", "預計收容人數": 207, "適用災害類別": "水災,震災,土石流", "管理人姓名": "吳佳鴻", "管理人電話": "02-28979001#500", "室內": "是", "室外": "否" }, "geometry": { "type": "Point", "coordinates": [ 121.5065, 25.1389 ] } },
{ "type": "Feature", "properties": { "縣市及鄉鎮市區": "臺北市北投區", "經度": 121.5065, "緯度": 25.1389, "避難收容處所名稱": "臺北市北投運動中心", "預計收容人數": 384, "適用災害類別": "震災", "管理人姓名": "田佳泓", "管理人電話": "2570-2330轉6428", "室內": "是", "室外": "否" }, "geometry": { "type": "Point", "coordinates": [ 121.5065, 25.1389 ] } },
{ "type": "Feature", "properties": { "縣市及鄉鎮市區": "臺北市北投區", "經度": 121.5024, "緯度": 25.139, "避難收容處所名稱": "復興公園", "預計收容人數": 3623, "適用災害類別": "震災", "管理人姓名": "楊進興", "管理人電話": "28832130#111", "室內": "否", "室外": "是" }, "geometry": { "type": "Point", "coordinates": [ 121.5024, 25.139 ] } },
{ "type": "Feature", "properties": { "縣市及鄉鎮市區": "臺北市北投區", "經度": 121.4845, "緯度": 25.1396, "避難收容處所名稱": "桃源國小", "預計收容人數": 30, "適用災害類別": "水災,震災", "管理人姓名": "潘同泰", "管理人電話": "02-28941208#108", "室內": "是", "室外": "否" }, "geometry": { "type": "Point", "coordinates": [ 121.4845, 25.1396 ] } },
{ "type": "Feature", "properties": { "縣市及鄉鎮市區": "新北市八里區", "經度": 121.4013, "緯度": 25.1399, "避難收容處所名稱": "八里國中", "預計收容人數": 2360, "適用災害類別": "水災,震災,土石流,海嘯", "管理人姓名": "林真真", "管理人電話": "26102016101", "室內": "是", "室外": "是" }, "geometry": { "type": "Point", "coordinates": [ 121.4013, 25.1399 ] } },
{ "type": "Feature", "properties": { "縣市及鄉鎮市區": "臺北市北投區", "經度": 121.5093, "緯度": 25.142, "避難收容處所名稱": "義方國小", "預計收容人數": 120, "適用災害類別": "水災,震災", "管理人姓名": "魏早成", "管理人電話": "28917433#131", "室內": "是", "室外": "否" }, "geometry": { "type": "Point", "coordinates": [ 121.5093, 25.142 ] } },
{ "type": "Feature", "properties": { "縣市及鄉鎮市區": "臺北市北投區", "經度": 121.5018, "緯度": 25.1437, "避難收容處所名稱": "復興高中", "預計收容人數": 300, "適用災害類別": "水災,震災", "管理人姓名": "趙乃興", "管理人電話": "02-28914131", "室內": "是", "室外": "否" }, "geometry": { "type": "Point", "coordinates": [ 121.5018, 25.1437 ] } },
{ "type": "Feature", "properties": { "縣市及鄉鎮市區": "新北市淡水區", "經度": 121.4617, "緯度": 25.146, "避難收容處所名稱": "竹圍高中", "預計收容人數": 612, "適用災害類別": "土石流,海嘯", "管理人姓名": "陳麗晶", "管理人電話": "02-28091557#131", "室內": "是", "室外": "是" }, "geometry": { "type": "Point", "coordinates": [ 121.4617, 25.146 ] } },
{ "type": "Feature", "properties": { "縣市及鄉鎮市區": "新北市八里區", "經度": 121.4454, "緯度": 25.1468, "避難收容處所名稱": "米倉國小", "預計收容人數": 688, "適用災害類別": "水災,震災,土石流,海嘯", "管理人姓名": "林愛玲校長", "管理人電話": "26182202201", "室內": "是", "室外": "是" }, "geometry": { "type": "Point", "coordinates": [ 121.4454, 25.1468 ] } },
{ "type": "Feature", "properties": { "縣市及鄉鎮市區": "新北市淡水區", "經度": 121.4602, "緯度": 25.1475, "避難收容處所名稱": "竹圍國小", "預計收容人數": 580, "適用災害類別": "水災,震災,土石流,海嘯", "管理人姓名": "黃博亭", "管理人電話": "02-28091475#215", "室內": "是", "室外": "是" }, "geometry": { "type": "Point", "coordinates": [ 121.4602, 25.1475 ] } },
{ "type": "Feature", "properties": { "縣市及鄉鎮市區": "新北市八里區", "經度": 121.4029, "緯度": 25.1487, "避難收容處所名稱": "文化活動中心", "預計收容人數": 50, "適用災害類別": "水災,震災,土石流", "管理人姓名": "鄭鳳英", "管理人電話": "02-86303264", "室內": "是", "室外": "否" }, "geometry": { "type": "Point", "coordinates": [ 121.4029, 25.1487 ] } },
{ "type": "Feature", "properties": { "縣市及鄉鎮市區": "臺北市北投區", "經度": 121.5243, "緯度": 25.1492, "避難收容處所名稱": "泉源國小", "預計收容人數": 30, "適用災害類別": "水災,震災", "管理人姓名": "劉得劦", "管理人電話": "28951258#141", "室內": "是", "室外": "否" }, "geometry": { "type": "Point", "coordinates": [ 121.5243, 25.1492 ] } },
{ "type": "Feature", "properties": { "縣市及鄉鎮市區": "新北市八里區", "經度": 121.403, "緯度": 25.1495, "避難收容處所名稱": "八里國小", "預計收容人數": 1243, "適用災害類別": "水災,震災,土石流", "管理人姓名": "蔡國臣", "管理人電話": "2.61E+11", "室內": "是", "室外": "是" }, "geometry": { "type": "Point", "coordinates": [ 121.403, 25.1495 ] } },
{ "type": "Feature", "properties": { "縣市及鄉鎮市區": "臺北市北投區", "經度": 121.5355, "緯度": 25.15, "避難收容處所名稱": "湖山國小", "預計收容人數": 20, "適用災害類別": "水災,震災", "管理人姓名": "陳立偉", "管理人電話": "28610148#130", "室內": "是", "室外": "否" }, "geometry": { "type": "Point", "coordinates": [ 121.5355, 25.15 ] } },
{ "type": "Feature", "properties": { "縣市及鄉鎮市區": "臺北市北投區", "經度": 121.5043, "緯度": 25.1547, "避難收容處所名稱": "大屯國小", "預計收容人數": 20, "適用災害類別": "水災,震災", "管理人姓名": "黃騏堯", "管理人電話": "02-28914353#13", "室內": "是", "室外": "否" }, "geometry": { "type": "Point", "coordinates": [ 121.5043, 25.1547 ] } },
{ "type": "Feature", "properties": { "縣市及鄉鎮市區": "新北市淡水區", "經度": 121.4839, "緯度": 25.1583, "避難收容處所名稱": "坪頂國小", "預計收容人數": 395, "適用災害類別": "水災,震災,土石流", "管理人姓名": "吳龍財", "管理人電話": "02-86263105#12", "室內": "是", "室外": "是" }, "geometry": { "type": "Point", "coordinates": [ 121.4839, 25.1583 ] } },
{ "type": "Feature", "properties": { "縣市及鄉鎮市區": "新北市八里區", "經度": 121.4221, "緯度": 25.1589, "避難收容處所名稱": "大崁老人活動中心", "預計收容人數": 100, "適用災害類別": "水災,震災,土石流", "管理人姓名": "林淑芳", "管理人電話": "26102621#231", "室內": "是", "室外": "否" }, "geometry": { "type": "Point", "coordinates": [ 121.4221, 25.1589 ] } },
{ "type": "Feature", "properties": { "縣市及鄉鎮市區": "新北市八里區", "經度": 121.4344, "緯度": 25.1589, "避難收容處所名稱": "渡船頭市民活動中心", "預計收容人數": 50, "適用災害類別": "水災,震災,土石流", "管理人姓名": "陳守延", "管理人電話": "02-86301527", "室內": "是", "室外": "否" }, "geometry": { "type": "Point", "coordinates": [ 121.4344, 25.1589 ] } },
{ "type": "Feature", "properties": { "縣市及鄉鎮市區": "新北市八里區", "經度": 121.4152, "緯度": 25.1591, "避難收容處所名稱": "大埤頂市民活動中心", "預計收容人數": 70, "適用災害類別": "水災,震災,土石流", "管理人姓名": "黃淑慧", "管理人電話": "02-86305857", "室內": "是", "室外": "否" }, "geometry": { "type": "Point", "coordinates": [ 121.4152, 25.1591 ] } },
{ "type": "Feature", "properties": { "縣市及鄉鎮市區": "新北市萬里區", "經度": 121.6486, "緯度": 25.1599, "避難收容處所名稱": "崁腳國小", "預計收容人數": 251, "適用災害類別": "震災,土石流,海嘯", "管理人姓名": "曾怡琄", "管理人電話": "02-24922064#332", "室內": "是", "室外": "是" }, "geometry": { "type": "Point", "coordinates": [ 121.6486, 25.1599 ] } },
{ "type": "Feature", "properties": { "縣市及鄉鎮市區": "新北市八里區", "經度": 121.4194, "緯度": 25.1603, "避難收容處所名稱": "大崁國小", "預計收容人數": 1193, "適用災害類別": "水災,震災,土石流,海嘯", "管理人姓名": "黃家業", "管理人電話": "86305678", "室內": "是", "室外": "是" }, "geometry": { "type": "Point", "coordinates": [ 121.4194, 25.1603 ] } },
{ "type": "Feature", "properties": { "縣市及鄉鎮市區": "新北市萬里區", "經度": 121.6497, "緯度": 25.1605, "避難收容處所名稱": "崁腳活動中心", "預計收容人數": 30, "適用災害類別": "震災,土石流,海嘯", "管理人姓名": "曾怡琄", "管理人電話": "02-24922064#332", "室內": "是", "室外": "否" }, "geometry": { "type": "Point", "coordinates": [ 121.6497, 25.1605 ] } },
{ "type": "Feature", "properties": { "縣市及鄉鎮市區": "新北市淡水區", "經度": 121.451437, "緯度": 25.163513, "避難收容處所名稱": "竿蓁活動中心", "預計收容人數": 193, "適用災害類別": "水災,震災,土石流,海嘯", "管理人姓名": "蘇惠珊", "管理人電話": "02-26221020", "室內": "是", "室外": "否" }, "geometry": { "type": "Point", "coordinates": [ 121.451437, 25.163513 ] } },
{ "type": "Feature", "properties": { "縣市及鄉鎮市區": "新北市淡水區", "經度": 121.48835, "緯度": 25.163997, "避難收容處所名稱": "興音寺", "預計收容人數": 150, "適用災害類別": "水災,震災,土石流,海嘯", "管理人姓名": "惟宏師父", "管理人電話": "02-86260140", "室內": "是", "室外": "否" }, "geometry": { "type": "Point", "coordinates": [ 121.48835, 25.163997 ] } },
{ "type": "Feature", "properties": { "縣市及鄉鎮市區": "新北市萬里區", "經度": 121.6364, "緯度": 25.1642, "避難收容處所名稱": "大坪國小", "預計收容人數": 240, "適用災害類別": "震災,土石流,海嘯", "管理人姓名": "曾怡琄", "管理人電話": "02-24922064#332", "室內": "是", "室外": "是" }, "geometry": { "type": "Point", "coordinates": [ 121.6364, 25.1642 ] } },
{ "type": "Feature", "properties": { "縣市及鄉鎮市區": "新北市淡水區", "經度": 121.492159, "緯度": 25.165487, "避難收容處所名稱": "真聖宮", "預計收容人數": 50, "適用災害類別": "水災,震災,土石流,海嘯", "管理人姓名": "洪沂瑩", "管理人電話": "02-26221020", "室內": "是", "室外": "否" }, "geometry": { "type": "Point", "coordinates": [ 121.492159, 25.165487 ] } },
{ "type": "Feature", "properties": { "縣市及鄉鎮市區": "臺北市北投區", "經度": 121.5387, "緯度": 25.1684, "避難收容處所名稱": "湖田國小", "預計收容人數": 20, "適用災害類別": "水災,震災", "管理人姓名": "張正宇", "管理人電話": "28616963#10", "室內": "是", "室外": "否" }, "geometry": { "type": "Point", "coordinates": [ 121.5387, 25.1684 ] } },
{ "type": "Feature", "properties": { "縣市及鄉鎮市區": "新北市淡水區", "經度": 121.476943, "緯度": 25.168467, "避難收容處所名稱": "樹興里活動中心", "預計收容人數": 30, "適用災害類別": "水災,震災,土石流,海嘯", "管理人姓名": "許秋芳", "管理人電話": "02-26232496", "室內": "是", "室外": "否" }, "geometry": { "type": "Point", "coordinates": [ 121.476943, 25.168467 ] } },
{ "type": "Feature", "properties": { "縣市及鄉鎮市區": "新北市淡水區", "經度": 121.482713, "緯度": 25.171075, "避難收容處所名稱": "長青醫院", "預計收容人數": 100, "適用災害類別": "水災,震災,土石流,海嘯", "管理人姓名": "陳相墏", "管理人電話": "02-262221020#7508", "室內": "是", "室外": "否" }, "geometry": { "type": "Point", "coordinates": [ 121.482713, 25.171075 ] } },
{ "type": "Feature", "properties": { "縣市及鄉鎮市區": "新北市淡水區", "經度": 121.4432, "緯度": 25.1711, "避難收容處所名稱": "長庚活動中心", "預計收容人數": 74, "適用災害類別": "水災,震災,土石流", "管理人姓名": "蘇惠珊", "管理人電話": "02-26221020#7710", "室內": "是", "室外": "否" }, "geometry": { "type": "Point", "coordinates": [ 121.4432, 25.1711 ] } },
{ "type": "Feature", "properties": { "縣市及鄉鎮市區": "新北市淡水區", "經度": 121.4493, "緯度": 25.1713, "避難收容處所名稱": "鄧公國小", "預計收容人數": 1066, "適用災害類別": "水災,震災,土石流,海嘯", "管理人姓名": "吳建中", "管理人電話": "02-26297121#150", "室內": "是", "室外": "是" }, "geometry": { "type": "Point", "coordinates": [ 121.4493, 25.1713 ] } },
{ "type": "Feature", "properties": { "縣市及鄉鎮市區": "新北市淡水區", "經度": 121.4432, "緯度": 25.1723, "避難收容處所名稱": "中興活動中心", "預計收容人數": 57, "適用災害類別": "水災,震災,土石流", "管理人姓名": "蘇惠珊", "管理人電話": "02-26221020#7710", "室內": "是", "室外": "否" }, "geometry": { "type": "Point", "coordinates": [ 121.4432, 25.1723 ] } },
{ "type": "Feature", "properties": { "縣市及鄉鎮市區": "新北市淡水區", "經度": 121.4414, "緯度": 25.1734, "避難收容處所名稱": "淡水國小", "預計收容人數": 665, "適用災害類別": "水災,震災,土石流,海嘯", "管理人姓名": "許維凌", "管理人電話": "02-26212755", "室內": "是", "室外": "是" }, "geometry": { "type": "Point", "coordinates": [ 121.4414, 25.1734 ] } },
{ "type": "Feature", "properties": { "縣市及鄉鎮市區": "新北市淡水區", "經度": 121.4374, "緯度": 25.174, "避難收容處所名稱": "文化國小", "預計收容人數": 436, "適用災害類別": "水災,震災,土石流", "管理人姓名": "宋宏懋", "管理人電話": "02-26212031#851", "室內": "是", "室外": "是" }, "geometry": { "type": "Point", "coordinates": [ 121.4374, 25.174 ] } },
{ "type": "Feature", "properties": { "縣市及鄉鎮市區": "新北市淡水區", "經度": 121.4367, "緯度": 25.1747, "避難收容處所名稱": "淡水國中", "預計收容人數": 1608, "適用災害類別": "震災,土石流,海嘯", "管理人姓名": "蕭淑雲", "管理人電話": "02-26212758#23", "室內": "是", "室外": "是" }, "geometry": { "type": "Point", "coordinates": [ 121.4367, 25.1747 ] } },
{ "type": "Feature", "properties": { "縣市及鄉鎮市區": "新北市萬里區", "經度": 121.689132, "緯度": 25.176187, "避難收容處所名稱": "萬里國小", "預計收容人數": 897, "適用災害類別": "水災,震災,土石流", "管理人姓名": "曾怡琄", "管理人電話": "02-24922064#332", "室內": "是", "室外": "是" }, "geometry": { "type": "Point", "coordinates": [ 121.689132, 25.176187 ] } },
{ "type": "Feature", "properties": { "縣市及鄉鎮市區": "新北市萬里區", "經度": 121.694414, "緯度": 25.177791, "避難收容處所名稱": "萬里國中", "預計收容人數": 475, "適用災害類別": "水災,震災,土石流,海嘯", "管理人姓名": "曾怡琄", "管理人電話": "02-24922064#332", "室內": "是", "室外": "否" }, "geometry": { "type": "Point", "coordinates": [ 121.694414, 25.177791 ] } },
{ "type": "Feature", "properties": { "縣市及鄉鎮市區": "新北市萬里區", "經度": 121.6854, "緯度": 25.1778, "避難收容處所名稱": "萬里區行政大樓", "預計收容人數": 214, "適用災害類別": "水災,震災,土石流,海嘯", "管理人姓名": "楊慧茸", "管理人電話": "02-24922064332", "室內": "是", "室外": "否" }, "geometry": { "type": "Point", "coordinates": [ 121.6854, 25.1778 ] } },
{ "type": "Feature", "properties": { "縣市及鄉鎮市區": "新北市萬里區", "經度": 121.685353, "緯度": 25.177827, "避難收容處所名稱": "中華商業海事職業學校", "預計收容人數": 125, "適用災害類別": "震災,土石流,海嘯", "管理人姓名": "曾怡琄", "管理人電話": "02-24922064#332", "室內": "是", "室外": "是" }, "geometry": { "type": "Point", "coordinates": [ 121.685353, 25.177827 ] } },
{ "type": "Feature", "properties": { "縣市及鄉鎮市區": "新北市萬里區", "經度": 121.691926, "緯度": 25.177832, "避難收容處所名稱": "獅頭路瑪鋉公園", "預計收容人數": 225, "適用災害類別": "水災,震災,土石流", "管理人姓名": "曾怡琄", "管理人電話": "02-24922064#332", "室內": "否", "室外": "是" }, "geometry": { "type": "Point", "coordinates": [ 121.691926, 25.177832 ] } },
{ "type": "Feature", "properties": { "縣市及鄉鎮市區": "新北市淡水區", "經度": 121.4442, "緯度": 25.178, "避難收容處所名稱": "水碓活動中心", "預計收容人數": 102, "適用災害類別": "水災,震災,土石流", "管理人姓名": "蘇惠珊", "管理人電話": "02-26221020#7710", "室內": "是", "室外": "否" }, "geometry": { "type": "Point", "coordinates": [ 121.4442, 25.178 ] } },
{ "type": "Feature", "properties": { "縣市及鄉鎮市區": "新北市萬里區", "經度": 121.689623, "緯度": 25.178167, "避難收容處所名稱": "萬里區行政大樓", "預計收容人數": 214, "適用災害類別": "水災,震災,土石流", "管理人姓名": "曾怡琄", "管理人電話": "02-24922064#332", "室內": "是", "室外": "否" }, "geometry": { "type": "Point", "coordinates": [ 121.689623, 25.178167 ] } },
{ "type": "Feature", "properties": { "縣市及鄉鎮市區": "新北市淡水區", "經度": 121.443054, "緯度": 25.178396, "避難收容處所名稱": "新興活動中心", "預計收容人數": 446, "適用災害類別": "水災,震災,土石流", "管理人姓名": "蘇惠珊", "管理人電話": "02-26221020#7710", "室內": "是", "室外": "否" }, "geometry": { "type": "Point", "coordinates": [ 121.443054, 25.178396 ] } },
{ "type": "Feature", "properties": { "縣市及鄉鎮市區": "新北市淡水區", "經度": 121.4476, "緯度": 25.179, "避難收容處所名稱": "正德國中", "預計收容人數": 2005, "適用災害類別": "震災,土石流,海嘯", "管理人姓名": "張淑玲", "管理人電話": "02-26205136#142", "室內": "是", "室外": "是" }, "geometry": { "type": "Point", "coordinates": [ 121.4476, 25.179 ] } },
{ "type": "Feature", "properties": { "縣市及鄉鎮市區": "新北市淡水區", "經度": 121.44, "緯度": 25.1797, "避難收容處所名稱": "新興國小", "預計收容人數": 663, "適用災害類別": "震災,土石流,海嘯", "管理人姓名": "張瓊烽", "管理人電話": "02-26203646#198", "室內": "是", "室外": "是" }, "geometry": { "type": "Point", "coordinates": [ 121.44, 25.1797 ] } },
{ "type": "Feature", "properties": { "縣市及鄉鎮市區": "新北市淡水區", "經度": 121.4243, "緯度": 25.1816, "避難收容處所名稱": "天生國小", "預計收容人數": 798, "適用災害類別": "震災,土石流,海嘯", "管理人姓名": "曾獻輝", "管理人電話": "02-28052695#23", "室內": "是", "室外": "是" }, "geometry": { "type": "Point", "coordinates": [ 121.4243, 25.1816 ] } },
{ "type": "Feature", "properties": { "縣市及鄉鎮市區": "新北市淡水區", "經度": 121.422969, "緯度": 25.181789, "避難收容處所名稱": "淡海活動中心", "預計收容人數": 148, "適用災害類別": "水災,震災,土石流,海嘯", "管理人姓名": "蘇惠珊", "管理人電話": "02-26221020#7710", "室內": "是", "室外": "否" }, "geometry": { "type": "Point", "coordinates": [ 121.422969, 25.181789 ] } },
{ "type": "Feature", "properties": { "縣市及鄉鎮市區": "新北市萬里區", "經度": 121.680262, "緯度": 25.183902, "避難收容處所名稱": "鎮北宮", "預計收容人數": 175, "適用災害類別": "水災,震災,土石流,海嘯", "管理人姓名": "曾怡琄", "管理人電話": "02-24922064#332", "室內": "否", "室外": "是" }, "geometry": { "type": "Point", "coordinates": [ 121.680262, 25.183902 ] } },
{ "type": "Feature", "properties": { "縣市及鄉鎮市區": "新北市淡水區", "經度": 121.4765, "緯度": 25.1858, "避難收容處所名稱": "水源國小", "預計收容人數": 614, "適用災害類別": "水災,土石流,海嘯", "管理人姓名": "黃建書", "管理人電話": "02-26211347#12", "室內": "是", "室外": "是" }, "geometry": { "type": "Point", "coordinates": [ 121.4765, 25.1858 ] } },
{ "type": "Feature", "properties": { "縣市及鄉鎮市區": "新北市淡水區", "經度": 121.476527, "緯度": 25.185817, "避難收容處所名稱": "水源里活動中心", "預計收容人數": 85, "適用災害類別": "水災,震災,土石流,海嘯", "管理人姓名": "徐榮樹", "管理人電話": "02-26213059", "室內": "是", "室外": "否" }, "geometry": { "type": "Point", "coordinates": [ 121.476527, 25.185817 ] } },
{ "type": "Feature", "properties": { "縣市及鄉鎮市區": "新北市淡水區", "經度": 121.44451, "緯度": 25.186023, "避難收容處所名稱": "新市國小", "預計收容人數": 1490, "適用災害類別": "水災,震災,土石流", "管理人姓名": "高林瑋", "管理人電話": "02-2626-2141#831", "室內": "否", "室外": "否" }, "geometry": { "type": "Point", "coordinates": [ 121.44451, 25.186023 ] } },
{ "type": "Feature", "properties": { "縣市及鄉鎮市區": "新北市淡水區", "經度": 121.454, "緯度": 25.1868, "避難收容處所名稱": "淡水商工", "預計收容人數": 1264, "適用災害類別": "水災,震災,土石流,海嘯", "管理人姓名": "陳俊良", "管理人電話": "02-26203930#205", "室內": "是", "室外": "是" }, "geometry": { "type": "Point", "coordinates": [ 121.454, 25.1868 ] } },
{ "type": "Feature", "properties": { "縣市及鄉鎮市區": "新北市萬里區", "經度": 121.678967, "緯度": 25.191878, "避難收容處所名稱": "基督教芥菜種營地", "預計收容人數": 200, "適用災害類別": "水災,震災,土石流,海嘯", "管理人姓名": "曾怡琄", "管理人電話": "02-24922064#332", "室內": "否", "室外": "是" }, "geometry": { "type": "Point", "coordinates": [ 121.678967, 25.191878 ] } },
{ "type": "Feature", "properties": { "縣市及鄉鎮市區": "新北市淡水區", "經度": 121.4449, "緯度": 25.197, "避難收容處所名稱": "育英國小", "預計收容人數": 261, "適用災害類別": "水災,震災,土石流,海嘯", "管理人姓名": "陳建男", "管理人電話": "02-26214390#102", "室內": "是", "室外": "是" }, "geometry": { "type": "Point", "coordinates": [ 121.4449, 25.197 ] } },
{ "type": "Feature", "properties": { "縣市及鄉鎮市區": "新北市萬里區", "經度": 121.6841, "緯度": 25.1978, "避難收容處所名稱": "仁愛之家", "預計收容人數": 269, "適用災害類別": "震災,土石流,海嘯", "管理人姓名": "曾怡琄", "管理人電話": "02-24922064#332", "室內": "是", "室外": "否" }, "geometry": { "type": "Point", "coordinates": [ 121.6841, 25.1978 ] } },
{ "type": "Feature", "properties": { "縣市及鄉鎮市區": "新北市淡水區", "經度": 121.48, "緯度": 25.2011, "避難收容處所名稱": "忠山國小", "預計收容人數": 213, "適用災害類別": "水災,土石流,海嘯", "管理人姓名": "翁韻淇", "管理人電話": "02-26216139#12", "室內": "是", "室外": "是" }, "geometry": { "type": "Point", "coordinates": [ 121.48, 25.2011 ] } },
{ "type": "Feature", "properties": { "縣市及鄉鎮市區": "新北市萬里區", "經度": 121.646291, "緯度": 25.202226, "避難收容處所名稱": "磺潭社區親水公園", "預計收容人數": 225, "適用災害類別": "水災,震災,土石流,海嘯", "管理人姓名": "曾怡琄", "管理人電話": "02-24922064#332", "室內": "否", "室外": "是" }, "geometry": { "type": "Point", "coordinates": [ 121.646291, 25.202226 ] } },
{ "type": "Feature", "properties": { "縣市及鄉鎮市區": "新北市萬里區", "經度": 121.6861, "緯度": 25.2029, "避難收容處所名稱": "野柳活動中心", "預計收容人數": 216, "適用災害類別": "水災,震災,土石流", "管理人姓名": "曾怡琄", "管理人電話": "02-24922064#332", "室內": "是", "室外": "否" }, "geometry": { "type": "Point", "coordinates": [ 121.6861, 25.2029 ] } },
{ "type": "Feature", "properties": { "縣市及鄉鎮市區": "新北市三芝區", "經度": 121.501531, "緯度": 25.203711, "避難收容處所名稱": "新北市三芝區興華國民小學", "預計收容人數": 408, "適用災害類別": "水災,震災,土石流", "管理人姓名": "吳秉樺", "管理人電話": "26371366-205", "室內": "是", "室外": "是" }, "geometry": { "type": "Point", "coordinates": [ 121.501531, 25.203711 ] } },
{ "type": "Feature", "properties": { "縣市及鄉鎮市區": "新北市萬里區", "經度": 121.689442, "緯度": 25.205606, "避難收容處所名稱": "野柳國小", "預計收容人數": 658, "適用災害類別": "水災,震災,土石流", "管理人姓名": "曾怡琄", "管理人電話": "02-24922064#332", "室內": "是", "室外": "是" }, "geometry": { "type": "Point", "coordinates": [ 121.689442, 25.205606 ] } },
{ "type": "Feature", "properties": { "縣市及鄉鎮市區": "新北市萬里區", "經度": 121.650866, "緯度": 25.208821, "避難收容處所名稱": "大鵬國小", "預計收容人數": 1306, "適用災害類別": "水災,震災,土石流", "管理人姓名": "曾怡琄", "管理人電話": "02-24922064#332", "室內": "是", "室外": "是" }, "geometry": { "type": "Point", "coordinates": [ 121.650866, 25.208821 ] } },
{ "type": "Feature", "properties": { "縣市及鄉鎮市區": "新北市萬里區", "經度": 121.655728, "緯度": 25.210529, "避難收容處所名稱": "頂寮活動中心", "預計收容人數": 69, "適用災害類別": "水災,震災,土石流", "管理人姓名": "曾怡琄", "管理人電話": "02-24922064#332", "室內": "是", "室外": "否" }, "geometry": { "type": "Point", "coordinates": [ 121.655728, 25.210529 ] } },
{ "type": "Feature", "properties": { "縣市及鄉鎮市區": "新北市金山區", "經度": 121.631809, "緯度": 25.213216, "避難收容處所名稱": "公館崙公園", "預計收容人數": 500, "適用災害類別": null, "管理人姓名": "范雅鈞", "管理人電話": "24985966轉173", "室內": "否", "室外": "否" }, "geometry": { "type": "Point", "coordinates": [ 121.631809, 25.213216 ] } },
{ "type": "Feature", "properties": { "縣市及鄉鎮市區": "新北市淡水區", "經度": 121.4511, "緯度": 25.2175, "避難收容處所名稱": "興仁國小", "預計收容人數": 450, "適用災害類別": "水災,震災,土石流", "管理人姓名": "陳曉音", "管理人電話": "02-2621378#33", "室內": "是", "室外": "是" }, "geometry": { "type": "Point", "coordinates": [ 121.4511, 25.2175 ] } },
{ "type": "Feature", "properties": { "縣市及鄉鎮市區": "新北市金山區", "經度": 121.602476, "緯度": 25.218034, "避難收容處所名稱": "金山朝天宮", "預計收容人數": 75, "適用災害類別": "海嘯", "管理人姓名": "范雅鈞", "管理人電話": "2408-0664", "室內": "是", "室外": "否" }, "geometry": { "type": "Point", "coordinates": [ 121.602476, 25.218034 ] } },
{ "type": "Feature", "properties": { "縣市及鄉鎮市區": "新北市金山區", "經度": 121.6029, "緯度": 25.2189, "避難收容處所名稱": "三和國小", "預計收容人數": 156, "適用災害類別": "水災,土石流,海嘯", "管理人姓名": "范雅鈞", "管理人電話": "02-24985965轉188", "室內": "是", "室外": "是" }, "geometry": { "type": "Point", "coordinates": [ 121.6029, 25.2189 ] } },
{ "type": "Feature", "properties": { "縣市及鄉鎮市區": "新北市金山區", "經度": 121.6283, "緯度": 25.221, "避難收容處所名稱": "金山區運動休閒廣場", "預計收容人數": 702, "適用災害類別": "水災,震災,土石流,海嘯", "管理人姓名": "范雅鈞", "管理人電話": "02-24985965#173", "室內": "是", "室外": "否" }, "geometry": { "type": "Point", "coordinates": [ 121.6283, 25.221 ] } },
{ "type": "Feature", "properties": { "縣市及鄉鎮市區": "新北市三芝區", "經度": 121.5295, "緯度": 25.221698, "避難收容處所名稱": "新北市三芝區圓山里活動中心", "預計收容人數": 24, "適用災害類別": "水災,震災,土石流", "管理人姓名": "江美樺", "管理人電話": "02-26362111-293", "室內": "是", "室外": "是" }, "geometry": { "type": "Point", "coordinates": [ 121.5295, 25.221698 ] } },
{ "type": "Feature", "properties": { "縣市及鄉鎮市區": "新北市金山區", "經度": 121.6327, "緯度": 25.2217, "避難收容處所名稱": "金美國小", "預計收容人數": 892, "適用災害類別": "水災,震災,土石流,海嘯", "管理人姓名": "范雅鈞", "管理人電話": "24986503", "室內": "是", "室外": "是" }, "geometry": { "type": "Point", "coordinates": [ 121.6327, 25.2217 ] } },
{ "type": "Feature", "properties": { "縣市及鄉鎮市區": "新北市金山區", "經度": 121.6408, "緯度": 25.2217, "避難收容處所名稱": "中山堂〈1樓禮堂〉", "預計收容人數": 501, "適用災害類別": "水災,震災,土石流,海嘯", "管理人姓名": "范雅鈞", "管理人電話": "02-24985965", "室內": "是", "室外": "否" }, "geometry": { "type": "Point", "coordinates": [ 121.6408, 25.2217 ] } },
{ "type": "Feature", "properties": { "縣市及鄉鎮市區": "新北市金山區", "經度": 121.6367, "緯度": 25.2237, "避難收容處所名稱": "金山國小", "預計收容人數": 503, "適用災害類別": "水災,震災,土石流", "管理人姓名": "范雅鈞", "管理人電話": "02-24985966", "室內": "是", "室外": "是" }, "geometry": { "type": "Point", "coordinates": [ 121.6367, 25.2237 ] } },
{ "type": "Feature", "properties": { "縣市及鄉鎮市區": "新北市淡水區", "經度": 121.4847, "緯度": 25.2241, "避難收容處所名稱": "中泰國小", "預計收容人數": 915, "適用災害類別": "水災,土石流,海嘯", "管理人姓名": "林文安", "管理人電話": "02-28012033#113", "室內": "是", "室外": "是" }, "geometry": { "type": "Point", "coordinates": [ 121.4847, 25.2241 ] } },
{ "type": "Feature", "properties": { "縣市及鄉鎮市區": "新北市金山區", "經度": 121.6372, "緯度": 25.2246, "避難收容處所名稱": "金山高中", "預計收容人數": 520, "適用災害類別": "水災,震災,土石流", "管理人姓名": "范雅鈞", "管理人電話": "02-24985966轉188", "室內": "是", "室外": "是" }, "geometry": { "type": "Point", "coordinates": [ 121.6372, 25.2246 ] } },
{ "type": "Feature", "properties": { "縣市及鄉鎮市區": "新北市金山區", "經度": 121.6411, "緯度": 25.2259, "避難收容處所名稱": "金山青年活動中心", "預計收容人數": 23369, "適用災害類別": "水災,震災,土石流,海嘯", "管理人姓名": "范雅鈞", "管理人電話": "02-24985965", "室內": "是", "室外": "否" }, "geometry": { "type": "Point", "coordinates": [ 121.6411, 25.2259 ] } },
{ "type": "Feature", "properties": { "縣市及鄉鎮市區": "新北市金山區", "經度": 121.620711, "緯度": 25.230093, "避難收容處所名稱": "六三社區活動中心", "預計收容人數": 45, "適用災害類別": "水災,震災,海嘯", "管理人姓名": "范雅鈞", "管理人電話": "02-24985966轉188", "室內": "是", "室外": "否" }, "geometry": { "type": "Point", "coordinates": [ 121.620711, 25.230093 ] } },
{ "type": "Feature", "properties": { "縣市及鄉鎮市區": "新北市金山區", "經度": 121.649304, "緯度": 25.231103, "避難收容處所名稱": "金山區獅頭山公園", "預計收容人數": 500, "適用災害類別": null, "管理人姓名": "范雅鈞", "管理人電話": "02-24985966", "室內": "否", "室外": "否" }, "geometry": { "type": "Point", "coordinates": [ 121.649304, 25.231103 ] } },
{ "type": "Feature", "properties": { "縣市及鄉鎮市區": "新北市金山區", "經度": 121.619908, "緯度": 25.231106, "避難收容處所名稱": "聖德宮", "預計收容人數": 187, "適用災害類別": "海嘯", "管理人姓名": "范雅鈞", "管理人電話": "02-24985966", "室內": "否", "室外": "否" }, "geometry": { "type": "Point", "coordinates": [ 121.619908, 25.231106 ] } },
{ "type": "Feature", "properties": { "縣市及鄉鎮市區": "新北市三芝區", "經度": 121.513105, "緯度": 25.237065, "避難收容處所名稱": "新北市三芝區八賢里活動中心", "預計收容人數": 45, "適用災害類別": "水災,震災,土石流", "管理人姓名": "余美華", "管理人電話": "02-26362111-299", "室內": "否", "室外": "否" }, "geometry": { "type": "Point", "coordinates": [ 121.513105, 25.237065 ] } },
{ "type": "Feature", "properties": { "縣市及鄉鎮市區": "新北市淡水區", "經度": 121.4564, "緯度": 25.2373, "避難收容處所名稱": "屯山國小", "預計收容人數": 251, "適用災害類別": "水災,震災,土石流", "管理人姓名": "林玟漣", "管理人電話": "02-28012591#810", "室內": "是", "室外": "是" }, "geometry": { "type": "Point", "coordinates": [ 121.4564, 25.2373 ] } },
{ "type": "Feature", "properties": { "縣市及鄉鎮市區": "新北市金山區", "經度": 121.6306, "緯度": 25.2398, "避難收容處所名稱": "中角國小", "預計收容人數": 249, "適用災害類別": "水災,震災,土石流,海嘯", "管理人姓名": "范雅鈞", "管理人電話": "02-24985965轉188", "室內": "是", "室外": "是" }, "geometry": { "type": "Point", "coordinates": [ 121.6306, 25.2398 ] } },
{ "type": "Feature", "properties": { "縣市及鄉鎮市區": "新北市金山區", "經度": 121.631354, "緯度": 25.2405, "避難收容處所名稱": "萬壽活動中心", "預計收容人數": 73, "適用災害類別": "土石流", "管理人姓名": "范雅鈞", "管理人電話": "02-24985966轉188", "室內": "是", "室外": "否" }, "geometry": { "type": "Point", "coordinates": [ 121.631354, 25.2405 ] } },
{ "type": "Feature", "properties": { "縣市及鄉鎮市區": "新北市石門區", "經度": 121.592343, "緯度": 25.254077, "避難收容處所名稱": "妙濟寺", "預計收容人數": 62, "適用災害類別": "水災,震災,土石流,海嘯", "管理人姓名": "釋淨惠", "管理人電話": "02-2638-3591", "室內": "否", "室外": "是" }, "geometry": { "type": "Point", "coordinates": [ 121.592343, 25.254077 ] } },
{ "type": "Feature", "properties": { "縣市及鄉鎮市區": "新北市三芝區", "經度": 121.5036, "緯度": 25.2564, "避難收容處所名稱": "新北市三芝區公有市場", "預計收容人數": 90, "適用災害類別": "水災,震災,土石流,海嘯", "管理人姓名": "張福生", "管理人電話": "02-26362111", "室內": "是", "室外": "否" }, "geometry": { "type": "Point", "coordinates": [ 121.5036, 25.2564 ] } },
{ "type": "Feature", "properties": { "縣市及鄉鎮市區": "新北市三芝區", "經度": 121.5011, "緯度": 25.2578, "避難收容處所名稱": "三芝區公所", "預計收容人數": 60, "適用災害類別": "水災,震災,土石流,海嘯", "管理人姓名": "江雅芳", "管理人電話": "02-26362111251", "室內": "是", "室外": "否" }, "geometry": { "type": "Point", "coordinates": [ 121.5011, 25.2578 ] } },
{ "type": "Feature", "properties": { "縣市及鄉鎮市區": "新北市三芝區", "經度": 121.5016, "緯度": 25.2579, "避難收容處所名稱": "新北市三芝區三芝國民小學", "預計收容人數": 956, "適用災害類別": "水災,震災,土石流,海嘯", "管理人姓名": "陳文龍主任李明珊組長", "管理人電話": "26362005", "室內": "是", "室外": "是" }, "geometry": { "type": "Point", "coordinates": [ 121.5016, 25.2579 ] } },
{ "type": "Feature", "properties": { "縣市及鄉鎮市區": "新北市三芝區", "經度": 121.5011, "緯度": 25.2585, "避難收容處所名稱": "三芝農會", "預計收容人數": 63, "適用災害類別": "水災,震災,土石流,海嘯", "管理人姓名": "吳思緯股長郭錦炎總幹事", "管理人電話": "26363111", "室內": "是", "室外": "否" }, "geometry": { "type": "Point", "coordinates": [ 121.5011, 25.2585 ] } },
{ "type": "Feature", "properties": { "縣市及鄉鎮市區": "新北市三芝區", "經度": 121.529765, "緯度": 25.258894, "避難收容處所名稱": "新北市三芝區橫山國民小學", "預計收容人數": 319, "適用災害類別": null, "管理人姓名": "陳志哲", "管理人電話": "02-26362473-13", "室內": "是", "室外": "是" }, "geometry": { "type": "Point", "coordinates": [ 121.529765, 25.258894 ] } },
{ "type": "Feature", "properties": { "縣市及鄉鎮市區": "新北市三芝區", "經度": 121.5028, "緯度": 25.26, "避難收容處所名稱": "新北市立三芝國民中學", "預計收容人數": 1182, "適用災害類別": "水災,震災,土石流,海嘯", "管理人姓名": "彝育成組長陳永隆主任", "管理人電話": "26362004-19", "室內": "是", "室外": "是" }, "geometry": { "type": "Point", "coordinates": [ 121.5028, 25.26 ] } },
{ "type": "Feature", "properties": { "縣市及鄉鎮市區": "新北市石門區", "經度": 121.5923, "緯度": 25.2693, "避難收容處所名稱": "乾華國小禮堂", "預計收容人數": 671, "適用災害類別": "水災,震災,土石流,海嘯", "管理人姓名": "王光平", "管理人電話": "02-26381269", "室內": "是", "室外": "是" }, "geometry": { "type": "Point", "coordinates": [ 121.5923, 25.2693 ] } },
{ "type": "Feature", "properties": { "縣市及鄉鎮市區": "新北市石門區", "經度": 121.591831, "緯度": 25.27188, "避難收容處所名稱": "茂林里活動中心", "預計收容人數": 110, "適用災害類別": "水災,震災,土石流,海嘯", "管理人姓名": "鍾國勳", "管理人電話": "2638-1721#301", "室內": "是", "室外": "是" }, "geometry": { "type": "Point", "coordinates": [ 121.591831, 25.27188 ] } },
{ "type": "Feature", "properties": { "縣市及鄉鎮市區": "新北市石門區", "經度": 121.606719, "緯度": 25.28074, "避難收容處所名稱": "草里里活動中心", "預計收容人數": 78, "適用災害類別": "水災,震災,土石流", "管理人姓名": "鍾國勳", "管理人電話": "2638-1721#301", "室內": "是", "室外": "否" }, "geometry": { "type": "Point", "coordinates": [ 121.606719, 25.28074 ] } },
{ "type": "Feature", "properties": { "縣市及鄉鎮市區": "新北市石門區", "經度": 121.519157, "緯度": 25.283263, "避難收容處所名稱": "北海岸風景管理處德茂里活動中心", "預計收容人數": 25, "適用災害類別": "水災,土石流", "管理人姓名": "鍾小姐", "管理人電話": "8635-5100#2137", "室內": "是", "室外": "否" }, "geometry": { "type": "Point", "coordinates": [ 121.519157, 25.283263 ] } },
{ "type": "Feature", "properties": { "縣市及鄉鎮市區": "新北市石門區", "經度": 121.545, "緯度": 25.2889, "避難收容處所名稱": "老梅國小教室", "預計收容人數": 426, "適用災害類別": "震災,土石流", "管理人姓名": "張雅俐", "管理人電話": "02-26381721605", "室內": "是", "室外": "是" }, "geometry": { "type": "Point", "coordinates": [ 121.545, 25.2889 ] } },
{ "type": "Feature", "properties": { "縣市及鄉鎮市區": "新北市石門區", "經度": 121.540628, "緯度": 25.289023, "避難收容處所名稱": "富基里活動中心", "預計收容人數": 69, "適用災害類別": "水災,震災,土石流,海嘯", "管理人姓名": "鐘國勳", "管理人電話": "2638-1721#301", "室內": "是", "室外": "是" }, "geometry": { "type": "Point", "coordinates": [ 121.540628, 25.289023 ] } },
{ "type": "Feature", "properties": { "縣市及鄉鎮市區": "新北市石門區", "經度": 121.545195, "緯度": 25.289433, "避難收容處所名稱": "老梅里活動中心", "預計收容人數": 54, "適用災害類別": "水災,土石流", "管理人姓名": "鍾國勳", "管理人電話": "2638-1721#301", "室內": "是", "室外": "否" }, "geometry": { "type": "Point", "coordinates": [ 121.545195, 25.289433 ] } },
{ "type": "Feature", "properties": { "縣市及鄉鎮市區": "新北市石門區", "經度": 121.55172, "緯度": 25.290889, "避難收容處所名稱": "山溪里活動中心", "預計收容人數": 275, "適用災害類別": "土石流", "管理人姓名": "鐘國勳", "管理人電話": "2638-1721#301", "室內": "是", "室外": "否" }, "geometry": { "type": "Point", "coordinates": [ 121.55172, 25.290889 ] } },
{ "type": "Feature", "properties": { "縣市及鄉鎮市區": "新北市石門區", "經度": 121.565885, "緯度": 25.291194, "避難收容處所名稱": "石門里活動中心", "預計收容人數": 52, "適用災害類別": "土石流", "管理人姓名": "鍾國勳", "管理人電話": "2638-1721#301", "室內": "是", "室外": "否" }, "geometry": { "type": "Point", "coordinates": [ 121.565885, 25.291194 ] } },
{ "type": "Feature", "properties": { "縣市及鄉鎮市區": "新北市石門區", "經度": 121.5645, "緯度": 25.2912, "避難收容處所名稱": "石門區體育館", "預計收容人數": 325, "適用災害類別": "水災,震災,土石流", "管理人姓名": "花家郎", "管理人電話": "02-2638-1273轉134", "室內": "是", "室外": "是" }, "geometry": { "type": "Point", "coordinates": [ 121.5645, 25.2912 ] } },
{ "type": "Feature", "properties": { "縣市及鄉鎮市區": "新北市石門區", "經度": 121.5679, "緯度": 25.2912, "避難收容處所名稱": "石門區公所", "預計收容人數": 312, "適用災害類別": "水災,震災,土石流", "管理人姓名": "練書瑋", "管理人電話": "02-26381721702", "室內": "是", "室外": "否" }, "geometry": { "type": "Point", "coordinates": [ 121.5679, 25.2912 ] } },
{ "type": "Feature", "properties": { "縣市及鄉鎮市區": "新北市石門區", "經度": 121.5646, "緯度": 25.2913, "避難收容處所名稱": "石門國民中學", "預計收容人數": 435, "適用災害類別": "土石流", "管理人姓名": "花家郎", "管理人電話": "2638-1273轉134", "室內": "是", "室外": "是" }, "geometry": { "type": "Point", "coordinates": [ 121.5646, 25.2913 ] } },
{ "type": "Feature", "properties": { "縣市及鄉鎮市區": "新北市石門區", "經度": 121.56704, "緯度": 25.291855, "避難收容處所名稱": "石門國小", "預計收容人數": 695, "適用災害類別": "水災,震災,土石流", "管理人姓名": "黃朝傳主任", "管理人電話": "963061365", "室內": "是", "室外": "是" }, "geometry": { "type": "Point", "coordinates": [ 121.56704, 25.291855 ] } },
{ "type": "Feature", "properties": { "縣市及鄉鎮市區": "新北市石門區", "經度": 121.566842, "緯度": 25.292022, "避難收容處所名稱": "尖鹿里活動中心", "預計收容人數": 25, "適用災害類別": "土石流", "管理人姓名": "鐘國勳", "管理人電話": "2638-1721#301", "室內": "是", "室外": "否" }, "geometry": { "type": "Point", "coordinates": [ 121.566842, 25.292022 ] } }
]
}
